CVEGEO,idx_resources,idx_energy,idx_logistics,idx_market,idx_security
20557,0.7431424963768973,0.6464190652867182,0.7997179681956013,0.48178286999907716,0.8514307429854822
20441,0.7610748932934641,0.548407441183246,0.6290250916084059,0.5792138936199301,1.0
20124,0.722929671462113,0.49101769560327585,0.8367956582031013,0.6114287604622419,0.7171720540196672
20014,0.6694741102331814,0.6351926891992046,0.8443495440695156,0.5347826365561643,0.5896842520574764
31101,0.7810380552785474,0.5392789575330439,0.6396822198465201,0.6816423113216639,0.6046625485289482
29043,0.6901435142797196,0.7121292361575648,0.603378450196542,0.5431314914168941,0.668732778856004
29038,0.6761409369705327,0.5809426424515434,0.6062665653152447,0.5708939424279293,0.7645232988719857
29005,0.6948777497321554,0.6306266630907807,0.6053494406174643,0.7272372352709053,0.5086287365465932
30059,0.6434883558167378,0.5132683527155611,0.7543557952225373,0.583167245276096,0.6639688805647354
29060,0.5105361324221104,0.6757363847911121,0.6006732121404423,0.49968857521307886,0.9257153714927412
29048,0.5127892803242935,0.7246283119814458,0.6013380902693555,0.5854968218721299,0.725114210224383
29039,0.6534520901601943,0.5102641908585416,0.6086263434458314,0.6165311818856329,0.7532318055434659
31050,0.7797509935336244,0.7513387485851962,0.6491867270407361,0.8644601957776232,0.2727881299240646
29059,0.5024296738281891,0.6687643876218485,0.6000767122206667,0.5616643155264192,0.7914566825269261
31032,0.7605805752947548,0.37222696702141894,0.5826891935150211,0.534707685771933,1.0
31099,0.7636043009782544,0.49473600432070064,0.5849081251052254,0.39857832396292403,1.0
31102,0.7568501921143413,0.5701178871349207,0.5771099757745592,0.6493590740047741,0.5431683198140091
31093,0.5758977398392242,0.45657887826030313,0.6362367007962528,0.5220928311244308,1.0
29031,0.5850125974937697,0.5147280842430259,0.6077454769798539,0.6788988535964653,0.7028614859709643
20087,0.5900949316090193,0.8519775236412612,0.4611671422326419,0.473472033409441,0.7771461144782232
31091,0.7612919036059462,0.41088820328785786,0.5908430788196734,0.46026236936419884,1.0
29010,0.6438576115112271,0.6425912665223155,0.6036763394455031,0.6350065541152676,0.5238807753512185
31041,0.5838907220002905,0.5491316305500713,0.6411844203803775,0.694614427761175,0.5807482395941909
7071,0.5899429131588583,0.5850552615977133,0.7086985705196118,0.4318191159256437,0.7771461144782232
20409,0.5909263009046062,0.6091770030375213,0.6649546415199781,0.47223754096753523,0.725114210224383
20030,0.5450320356008773,0.6503574388567342,0.8365086273052071,0.3936707350440011,0.6963643413004936
29028,0.5700382348449105,0.5531612388052497,0.6030991032672668,0.638997575204297,0.668732778856004
20305,0.5182785634038729,0.5655944897672976,0.8367361715156576,0.3974755045160514,0.8275164340507248
29018,0.4815604398905587,0.6585851753310668,0.6038498371035848,0.6325399754632877,0.6639688805647354
20043,0.5038655352473466,0.5593329390994533,0.8180908748388221,0.7139812454322034,0.4878210238274196
30048,0.6382463642515663,0.5550449756518842,0.7696197265959265,0.7288596403352834,0.4028318892804721
15010,0.6597524462079143,0.6081440776367029,0.590478695675686,0.6283787420321241,0.5372945175374426
20010,0.58921876399581,0.4385034979263809,0.7893652977139013,0.5107247867900919,0.7645232988719857
20079,0.6664179887302268,0.3781993945288461,0.8763406190645074,0.7809665353178508,0.45410245906211
31013,0.8003334278803926,0.5096715528234982,0.4536785863456402,0.4542081601055743,0.9257153714927412
30026,0.5726585725098094,0.785317110755142,0.6386448238747302,0.503152034141469,0.5358750257235614
16105,0.5654349840435495,0.6044656494831154,0.5637759026431686,0.5861147519782837,0.6844442827380792
30120,0.6487384304583359,0.5240595938530327,0.7559632682047223,0.4218886320918831,0.7097780834867178
20005,0.5896818219802544,0.4851110971642156,0.8091878019842106,0.4459133048644388,0.7430174073632629
29041,0.4689735529196737,0.5967054361605313,0.5998395891529948,0.6914863967116025,0.6391266864816243
7040,0.5481507276074531,0.4931891335049908,0.7077442754535993,0.6073337817525075,0.6319793675308782
30082,0.6361183214281289,0.4349951432469378,0.775626452596662,0.5096949507574401,0.668732778856004
20045,0.604736495798064,0.47615684273112446,0.6498135731997615,0.5220810628347566,0.7430174073632629
29001,0.4816597894821916,0.6875467154878373,0.6027124290960058,0.3919461032546997,0.9257153714927412
29002,0.49257911625580303,0.7278351212724267,0.6022368840247844,0.52335238323032,0.6391266864816243
20550,0.5595129847099622,0.5016514872803319,0.6701999985893812,0.44996843862845703,0.8514307429854822
7012,0.5758600638063783,0.48334922166662087,0.5144064011569226,0.6458159007503508,0.7771461144782232
19046,0.47933033980736767,0.7867866198555127,0.6269877995903004,0.8345825304875037,0.3633914597742862
20553,0.5051651349733425,0.6176806208073914,0.6638478217100505,0.5333963239920076,0.6467849483079785
20145,0.6057875027714797,0.5588058980296322,0.6670636545408797,0.4293876062288355,0.725114210224383
31030,0.7618145829173331,0.38203695408311655,0.5912728119888385,0.4018249779284519,1.0
29004,0.6195000761158156,0.366684739614886,0.6143654959264537,0.4951723590126698,1.0
29014,0.6667640914382806,0.47916599908843466,0.5997257693609046,0.4608456701782073,0.7771461144782232
29015,0.446372694870091,0.5404006761782673,0.5972991536815224,0.6269378672177337,0.7532318055434659
30208,0.6055167926486689,0.4252624066881677,0.6840305261634669,0.5806034771953554,0.6550328681014498
31004,0.7900259785676915,0.47754647606066447,0.4460136550664336,0.480920380465583,0.8275164340507248
30207,0.5836780885786633,0.5077027716471954,0.6771904080677739,0.6494700998681219,0.513094802135306
13005,0.6138050904932455,0.4898229970420992,0.5956868030461665,0.5136577603935882,0.725114210224383
31002,0.5703223295919284,0.43848192304162337,0.6324144683745743,0.4772531005195811,0.8822616494359928
31019,0.7635202431395226,0.3688614228782874,0.5669346240542785,0.4891707291933143,0.8514307429854822
31052,0.7838870007091563,0.56331611047087,0.434009964678601,0.5220692766741217,0.6639688805647354
29026,0.4878025839839298,0.6410948326585456,0.6045114863067875,0.47866996221862246,0.7336923924214751
20248,0.5519405202421817,0.4150803201586394,0.6330087391610012,0.45208298699279603,1.0
31100,0.7724531737770978,0.5448944917890045,0.45657166380855074,0.34107366179335485,1.0
7091,0.6578992157074566,0.5681308354618476,0.512834814791669,0.3991833887351338,0.8514307429854822
29037,0.5138430661893397,0.41587427579587805,0.6090537612563114,0.5381635626313429,0.9257153714927412
16107,0.5808223168040879,0.5262424652469134,0.5677439735847173,0.7033216064367224,0.5290465977439713
29053,0.510449145965468,0.6896814412519199,0.3987579863188525,0.5358525384983076,0.8514307429854822
7001,0.5717880736565712,0.4952432368985788,0.709574784357619,0.41630874750159497,0.7645232988719857
7009,0.6354736376431662,0.35267729694298644,0.7362426817118347,0.5733346528497498,0.668732778856004
29058,0.5135271408957632,0.6567610461920693,0.5994636720569735,0.3868977217469012,0.8079770209287339
20141,0.7580711237645249,0.31965145294767494,0.7645594567152065,0.3989859243500977,0.8514307429854822
30105,0.6744610801096144,0.4892730737252023,0.7166520013078268,0.5761304979604617,0.4608876401724793
30206,0.6556935908140484,0.4285991750754064,0.7936377822775347,0.5055272083096538,0.5559799813989118
21153,0.671055490587319,0.41087171493058416,0.6029429899706157,0.6596600186487405,0.566705932174072
20308,0.7452558701634056,0.4188332711252365,0.6541582722197615,0.3287068196646616,0.9257153714927412
7003,0.42695212286002765,0.5315534264425354,0.7098978519926005,0.5130791962199571,0.7336923924214751
30122,0.6391656891785994,0.4334503968409892,0.5536066558555459,0.47349165149183514,0.8275164340507248
20130,0.4924454903460876,0.45661764848159003,0.7909887509767024,0.3648062728901016,0.9257153714927412
31095,0.5873048417723084,0.4875996653662529,0.640873273347734,0.32482558397860034,1.0
7037,0.5339134184124998,0.5019298495794696,0.7059241427109942,0.43426388524050186,0.725114210224383
19006,0.506846775210564,0.6613485494452691,0.6285084638880102,0.8822161973311047,0.3203144342922324
7097,0.5730134223680486,0.4261765840201688,0.7274572252588072,0.5715250302279129,0.5851231354069573
20427,0.6238881832467152,0.38594037591107255,0.7748016669318085,0.3825970997071737,0.8275164340507248
31033,0.7858862362011514,0.2766684394817216,0.6246416331147228,0.5771715946062999,0.7532318055434659
27012,0.714316447931045,0.38460347977901416,0.7062643712618752,0.7008847450062772,0.4337987121286063
20053,0.6236082150338084,0.5193416783233011,0.6219765131283331,0.2927593049187797,1.0
27014,0.7757294481142789,0.5423476131108074,0.600370398996726,0.511095817757131,0.4521479356160076
29035,0.6390817169198777,0.5035975754998284,0.608699608701347,0.34970625786714526,0.8514307429854822
30199,0.6420223465848903,0.5066642067556801,0.5575134539404176,0.3978799391797614,0.8079770209287339
31038,0.779436192320606,0.40648736836864224,0.44455706154830726,0.6086631590886176,0.6789471770362071
30169,0.5946956299195494,0.3746798071604941,0.6823926537844047,0.4977417314376471,0.7645232988719857
29040,0.6551812745010669,0.5973568228694708,0.601781085479457,0.31534932942275085,0.7771461144782232
29055,0.6840096763545414,0.5239695617702393,0.6019992591484323,0.30300031591955623,0.8822616494359928
30097,0.6796169142501062,0.5105084068326663,0.48727398702885233,0.5426099985432151,0.6285768574637054
7032,0.5644647369339906,0.5137699489700543,0.7086177893786197,0.41202517810080563,0.6789471770362071
13013,0.5302238933311721,0.6683003269516407,0.5884189627226619,0.6469265723588105,0.4249280008139817
20143,0.6204471187589566,0.35187176634312944,0.7681634317571124,0.40061808999382176,0.8514307429854822
30123,0.6050148302628497,0.47338159999431306,0.6962506510460809,0.6478812884118017,0.4399563884596121
31023,0.7783797604659812,0.4151013188542849,0.6331171425834631,0.35019719198373517,0.7914566825269261
31076,0.5660929312988432,0.3751443910220813,0.6262106725229659,0.4236472233687275,1.0
20044,0.5818511864635592,0.43936095716567686,0.6789256942967448,0.5413611071998369,0.59943370345566
13010,0.44873387737883413,0.6707024107960363,0.5908888069764346,0.728180565099438,0.4348922937111008
29016,0.6225205135230305,0.4155663571082787,0.6100219104522671,0.41890144361234993,0.8514307429854822
26058,0.5236659641346371,0.5741146012653923,0.6421999667325057,0.48171566612808925,0.6020162396286254
20066,0.5998367910186505,0.39137392350017436,0.77366726537394,0.3807876770418674,0.8079770209287339
24040,0.5768866232100186,0.4397422631053223,0.6648326855604005,0.6395718475839807,0.5177551044154516
31007,0.5748245921695527,0.4441868928757019,0.6281447843162631,0.374728159603887,0.9257153714927412
21035,0.5425996451713759,0.4726540427287991,0.6399521890085575,0.47210664878791053,0.7171720540196672
31039,0.7954737711220375,0.4152907413138604,0.4615102675433844,0.3932568179299216,0.9257153714927412
31085,0.75905880141704,0.4338225437401228,0.3732096675340059,0.5570405399247331,0.8079770209287339
30093,0.5656914152994872,0.672281678401845,0.639273381761434,0.3384708485225799,0.668732778856004
20505,0.6712816213771257,0.4580079427357455,0.5856634589636075,0.3583073668308753,0.8514307429854822
7074,0.6856982320093671,0.40177504813503395,0.5287669461840899,0.669453727196385,0.5630100464373469
19019,0.3772758207902443,0.7418298625275206,0.625085025394737,0.6879198978275598,0.4560932915144303
31089,0.7714107794743064,0.28478009687059225,0.6203916346641319,0.6018748420069849,0.668732778856004
21013,0.654055232196965,0.36726992355985877,0.6319215804956185,0.5962586024444998,0.6046625485289482
30100,0.4965209921838401,0.5081255487903595,0.7103545566260865,0.4714515786390958,0.6467849483079785
7073,0.6441421943485066,0.4860270057493153,0.5123008672210483,0.3662498628237889,0.9257153714927412
29007,0.6649321515505272,0.3233852910834113,0.6163072430509986,0.48173296482624023,0.8514307429854822
29012,0.6483568694759057,0.45565295533933925,0.5974492836998095,0.3323753327189405,0.9257153714927412
20197,0.4170608044589894,0.4683980788874609,0.6722452569603027,0.41240114535977457,1.0
20565,0.5637264117876609,0.5290495252332573,0.6599578082917976,0.5415736052390578,0.5075407062352487
20157,0.40719936523559463,0.7118334878802008,0.6564439145074509,0.4862365249242498,0.5807482395941909
29042,0.498824625630105,0.6121500046206398,0.39834935418761236,0.6188587224990061,0.7097780834867178
30194,0.5315055797341472,0.5331413400485807,0.6283860951813948,0.46657472376362497,0.6428874255124083
14109,0.5519808386121705,0.44822562258342297,0.5691460606292119,0.5169468687848959,0.7336923924214751
30016,0.5441611541679297,0.4676970370275767,0.7103748457597268,0.5669346075519559,0.5189525477686241
31096,0.7571082395905149,0.2893918918737016,0.5607484588920609,0.6090267815572308,0.7097780834867178
29023,0.4851135157029499,0.605347554541156,0.5965826127546452,0.4627307306644372,0.6550328681014498
29013,0.4656728687311288,0.4413582993852132,0.610411771315476,0.7280764547100889,0.5807482395941909
31008,0.7655457583651676,0.38490597737227794,0.5738976342317945,0.31324634757793857,1.0
7108,0.5648736298953373,0.46767556228574503,0.5200631910504872,0.673338658516428,0.5725003198007196
31104,0.7574501217298676,0.29537701785150017,0.6000814487759583,0.42436557609649894,0.9257153714927412
19021,0.45337263490077073,0.641745894894279,0.6248049580092389,0.8458233348714724,0.3424511108189231
7111,0.5118067173015111,0.46679243827809025,0.5084465474168998,0.536064109907291,0.8079770209287339
20390,0.3894117321226144,0.7694397278764361,0.6609511347172744,0.5610600646661401,0.4704038595631332
20293,0.4811230203504506,0.6063595249746001,0.6560977428151393,0.4433296791459035,0.6159540418574678
20508,0.6928258300946661,0.5861404428165847,0.6264298090162488,0.24122270935617762,0.8514307429854822
30172,0.6293237769549929,0.4363663909322343,0.7407964680718647,0.3909904625422874,0.6550328681014498
7106,0.5423182191521303,0.3147576816131008,0.5066743757585561,0.6813181792814726,0.8822616494359928
29029,0.5144234385716595,0.6939289274020786,0.5998817485854964,0.34503876476681666,0.7028614859709643
20295,0.5731968869100363,0.4160813691550327,0.6611290663927913,0.44305626023550815,0.7430174073632629
30011,0.6835022325484957,0.35688215478678564,0.6966332291076832,0.5714872288329556,0.5344740898901891
30132,0.5406548291786898,0.5637181558971607,0.6315705169390247,0.435622944113937,0.6189731165776511
7101,0.519611776500879,0.7294512064917974,0.5126602476761345,0.7797571424077072,0.3424511108189231
7087,0.6361703617232897,0.41715737843824824,0.6989581209664605,0.4237437060480889,0.6594077639142162
20227,0.4131578629990279,0.5872960718161608,0.6533048094511144,0.4811811625678382,0.6789471770362071
29021,0.5650100227387903,0.39070328201562005,0.5948364979897229,0.523431327807766,0.7532318055434659
20198,0.5911539952456943,0.31727508757455636,0.7509257803514046,0.45456124443140855,0.8079770209287339
20033,0.4270139876904291,0.543530040180849,0.6520231873604405,0.4130053986235599,0.8275164340507248
20051,0.5488611789607201,0.4399096561035293,0.4733667065924735,0.5297474560987001,0.8514307429854822
7048,0.7082523254973044,0.35540569595538735,0.7226603064864443,0.38592967154471874,0.7336923924214751
15085,0.5062368455643025,0.6339920712824271,0.5742481775875726,0.5900365891301842,0.4735104557787167
29027,0.4780992854615068,0.585373654748226,0.5996561055373594,0.42254338814355485,0.725114210224383
29025,0.6438050647694884,0.5473760940103607,0.4014426684716703,0.6490822306367467,0.5594373801050112
15100,0.5839127795780934,0.5842268890891836,0.5854892376258298,0.5610385651175802,0.4581218075672427
7079,0.531899607414641,0.5354921330146811,0.5133938371147201,0.4506274019538014,0.7771461144782232
14063,0.5359448754448168,0.46531379969669207,0.5653790994896838,0.7405118352497936,0.4896375090963688
20546,0.4845052158440448,0.4891705919863124,0.4704814902143718,0.5382967205957262,0.8514307429854822
21214,0.5842792659220221,0.4025413741183757,0.6354199064590981,0.5138330038878121,0.6639688805647354
31078,0.5746153977198827,0.3888546420376406,0.6191154905311604,0.3977672975193304,0.9257153714927412
30094,0.5782605645345911,0.4948893579783642,0.7029083082653943,0.4436535324784205,0.5705338414139879
19001,0.43478848717621843,0.47745063481644795,0.6249885764849649,0.3922477147082083,1.0
14066,0.5329221950538536,0.4594807184233548,0.5656850400144972,0.6205570589239564,0.5920397329227105
31067,0.5709186044450647,0.4051996751230049,0.6298451731624315,0.3768232119740038,0.9257153714927412
21128,0.668113664304762,0.3374686996126969,0.6143740349836807,0.6618052856192005,0.5542922289564466
21052,0.7035678545477739,0.4465289247589386,0.39693431108135024,0.40723049144419354,1.0
7051,0.5349221982807184,0.3908029607132857,0.7115872264235005,0.5457262578223837,0.6252790567992559
15096,0.5413520050012086,0.5372016067272134,0.5881986098902356,0.5533519355365402,0.5358750257235614
30112,0.5617152994704165,0.5794951950474825,0.4424997611335554,0.5406844041939436,0.6508295817171241
29034,0.472886717292471,0.4440314072932753,0.6058565304894303,0.6030383127242428,0.6594077639142162
30039,0.6498102303870493,0.4119912223846468,0.8263568560540971,0.811046323721974,0.2816188931128348
11044,0.6013532488010581,0.5319486079331681,0.5730289583524046,0.6910664159257869,0.3984406950774132
20519,0.5290275457510306,0.5748921057420908,0.46587666361802915,0.38478079807697635,0.9257153714927412
31020,0.7969123405038445,0.4755123400071962,0.4626930997802467,0.31009384771645615,0.9257153714927412
14018,0.5513150070946014,0.48329024162840684,0.5645716226462021,0.5920007629475115,0.5648420579743655
31051,0.7997204735269012,0.45662525061705656,0.45204339348038014,0.3450161192619238,0.8822616494359928
7086,0.5336099273813972,0.4849507358125962,0.5129793160490329,0.4441879441727641,0.8514307429854822
31105,0.791886588039056,0.46677774091604995,0.445638009413738,0.3042967256424993,1.0
30038,0.3465908242607865,0.6913525508583973,0.6441148253355248,0.7100753693508008,0.45410245906211
20021,0.5038657406067418,0.3798723258502338,0.6653658970767318,0.5015694524147202,0.7771461144782232
27001,0.7270026912083374,0.3373130373639201,0.6659673657055187,0.47913177682142744,0.6319793675308782
19010,0.4466000012764133,0.526134163550878,0.6253710418248128,0.6459471242268883,0.5201635218414863
29019,0.48327727997521275,0.5974348065886936,0.396391285828794,0.6013259078471014,0.7171720540196672
7054,0.6244420997970036,0.5650499581087509,0.5054841004392341,0.4303453779436027,0.6428874255124083
30017,0.41868416814272646,0.40818891875235186,0.6667030511858798,0.467724893799785,0.9257153714927412
27015,0.6265471979297419,0.3890362536158448,0.7111886248480025,0.45815679605756554,0.6159540418574678
20184,0.525184811785899,0.4951840578525569,0.675322411651058,0.7192159650400829,0.3862533537199375
21174,0.44244807467681535,0.5183121891387512,0.6237883474229916,0.7038425398550121,0.4842778890646183
13074,0.4797396736327712,0.6224305520111072,0.5919257538592431,0.5878301110222554,0.4666431205323492
28040,0.4239813467473521,0.5315414293220377,0.6657387072879659,0.6197176098730791,0.5213883359176172
21074,0.5635013404882119,0.5517210897200088,0.5933986362798527,0.7752657058894472,0.3372443603885668
31048,0.7789924753665789,0.31890632999744484,0.6273541584036678,0.42945248228120136,0.7171720540196672
20472,0.5984085134637269,0.503958845415928,0.6085585922449337,0.3149065576955063,0.8275164340507248
20002,0.46429184162043025,0.3842926057450955,0.6683592831296001,0.5634166073171425,0.7097780834867178
29011,0.6859975984588389,0.518847917191974,0.6027472171745071,0.29061662071315253,0.7645232988719857
29050,0.6121137161361195,0.5493921669255863,0.40478467900107074,0.4109807858646505,0.8514307429854822
4008,0.7732471483960404,0.3000670196968939,0.6196905226089287,0.4261884547307926,0.7771461144782232
29032,0.5042855752071503,0.621997575393609,0.39762044577035727,0.46123011920506984,0.8275164340507248
28003,0.6218419648516157,0.42218255449196435,0.7315038065277388,0.8002310641497157,0.3093820333088574
30089,0.40448787086664195,0.471602583726791,0.7483468348679299,0.5690504262783205,0.5851231354069573
30142,0.6586156137777925,0.3418179858878735,0.7197977521844992,0.41133586559394963,0.7097780834867178
13066,0.5564242518806555,0.48269728508555765,0.5949859997164797,0.5385912197456137,0.5493828179949455
29003,0.48152397145990117,0.4882802989982854,0.6048500459642565,0.41027863165043016,0.8079770209287339
7089,0.34092712517733087,0.6796848597813061,0.7053455694723112,0.7224996407870992,0.398832542187302
27007,0.7112025063710486,0.3597950288892109,0.6799361733371602,0.4769739109855111,0.566705932174072
7062,0.593758221523419,0.3731844825608861,0.518385860182075,0.4624144271617252,0.8822616494359928
16090,0.6049752349210389,0.42113007470450003,0.5694573353363463,0.5125432578455409,0.6285768574637054
31063,0.7847765202050705,0.43480120594237925,0.4367514252860927,0.3135095149426319,1.0
21205,0.5810496138887076,0.3510276555522419,0.6136007543549257,0.5871480146310935,0.6354934549794589
31060,0.7619618037378073,0.3422201153202792,0.5955023913749597,0.3004602675799288,1.0
21177,0.669351379647621,0.33947932336121256,0.6162291385151727,0.6297932917268054,0.5290465977439713
29006,0.5729010441390909,0.363053700729853,0.5944379107520963,0.646614596351829,0.5829133650538523
7113,0.6119529756176646,0.41985229758566445,0.5070941034406726,0.3854145511769584,0.9257153714927412
15002,0.5504599940225261,0.5629016206452511,0.5862259304764218,0.7234181529337989,0.3529209800740028
29020,0.6450267281382018,0.40750687356155635,0.5981871388634536,0.3726108484986458,0.7914566825269261
20452,0.43255408575741483,0.41087216998825704,0.6661839052602905,0.42300749907903834,0.9257153714927412
7035,0.628533239397464,0.49841620573952905,0.5016951646325983,0.31806370394593925,0.9257153714927412
16069,0.6580819928023592,0.4792262901037193,0.5645963725241998,0.6856160394084791,0.3788361131694909
30073,0.5600093573606486,0.34837833663311357,0.7119117909644729,0.5313293835319224,0.6252790567992559
31043,0.7638401259968391,0.4433351483877148,0.38858640207024087,0.3786957795547478,0.9257153714927412
31040,0.5603247715530479,0.32909003288224775,0.6117562446910517,0.6106022582384669,0.668732778856004
29036,0.465948550319324,0.7601375026977083,0.4002099431359275,0.44621555739034735,0.725114210224383
30045,0.5891143875676448,0.40015178443117827,0.6809343908705097,0.5802061159966476,0.4924213036668131
31054,0.7870522350525699,0.5037943009184841,0.43557926197144925,0.2655050054861138,1.0
7068,0.627878019384477,0.3509905120076474,0.7188275584511568,0.41097021366200037,0.7028614859709643
14047,0.5597565982953568,0.4501182741127593,0.5648032687283333,0.4964404158656501,0.6467849483079785
20219,0.5180674838319762,0.45698016931147456,0.4707387044338893,0.40867281452352644,1.0
16079,0.5535699006611878,0.49705323591996575,0.5712899605877071,0.5949791912310898,0.4825493021521746
10038,0.5706181676019183,0.5212247907207197,0.582931298571783,0.5066603168414597,0.513094802135306
7103,0.5013976377444884,0.4495842532017162,0.7074785371727288,0.3696609861638588,0.7645232988719857
24050,0.4904275584528588,0.45748433595953136,0.5925710740134547,0.7604733547031991,0.4452716958733398
21104,0.5466271858922999,0.3687984044412595,0.6109458288283318,0.6399011340778515,0.5705338414139879
20356,0.5664706350215029,0.44152612033300676,0.4747897407173555,0.4290343068036543,0.8822616494359928
21117,0.585722502164081,0.36985458970835106,0.6120962888732006,0.5910224346759976,0.5725003198007196
21129,0.5627721889080937,0.3871428282779531,0.6319796235119048,0.5356593740405293,0.607375859660376
7085,0.6069315427228212,0.49947157663864905,0.5109732134998358,0.33959409012356995,0.8514307429854822
30116,0.41242575650435065,0.549068390549415,0.736446464239841,0.4322008277569922,0.6189731165776511
5028,0.4886651379438147,0.603331617154076,0.6192217840767957,0.6398196973306172,0.3808086240385727
21161,0.6310698572349005,0.32589602626053954,0.620679628703776,0.5989343065236938,0.5807482395941909
20497,0.4891098726244538,0.45612912622264623,0.4432197855420652,0.48488010960111316,0.9257153714927412
21010,0.4269158647314364,0.41541201182177356,0.6407288445561766,0.6767507824677672,0.5765449532098653
30133,0.420183445319592,0.5294744357687128,0.7541341916883889,0.48849431027156076,0.5401911821184902
15079,0.6499849670306022,0.4769470432605601,0.5849932784069548,0.4448994961902385,0.5477950842859758
26036,0.5411259722232684,0.45641313236057995,0.6432609738320931,0.5331530162191939,0.5213883359176172
7102,0.5412727196903633,0.6783468857422306,0.5048796779235305,0.39543686530489663,0.6020162396286254
15023,0.5337678230636057,0.704341531328506,0.5835705969596696,0.4931644313539138,0.4078368484653325
21017,0.5130174272501276,0.46347783473711845,0.6223306792558043,0.461657220659328,0.6391266864816243
29054,0.5187244180114582,0.6775309473599006,0.39823783012207453,0.3937924331921184,0.7914566825269261
15048,0.5211794514769865,0.4863657621953431,0.5735654777101905,0.6788683787760947,0.441699029541004
30193,0.5470132409691578,0.6526807722903787,0.7450593957684063,0.8265785152557321,0.1982011879154589
7094,0.5501660038676758,0.38733827041442304,0.5055001243197801,0.5441045149232198,0.7430174073632629
29033,0.47472891349008367,0.798956371279989,0.4004609802666058,0.6265022546765577,0.4560932915144303
11025,0.5428086493421872,0.4824187321023055,0.5676592455692265,0.7333822673710341,0.3980502754647127
31037,0.5616140033895046,0.3173212505316429,0.615906145921395,0.4774293419217539,0.8275164340507248
16087,0.5901749503530858,0.46194551403862394,0.5709149115836707,0.45076627565697747,0.6159540418574678
31034,0.5704384358130636,0.37087564991434496,0.6230672384943764,0.3277594068309503,1.0
20545,0.521605989473127,0.5219278347371987,0.6392662727175343,0.3679265899217917,0.673718331962919
7055,0.6362904735034356,0.572435937804126,0.503477358251889,0.25385497137142304,0.9257153714927412
19025,0.5170235979146379,0.49329832774199855,0.42912602262910815,0.7173070864600011,0.544688488070392
20023,0.5930157759955771,0.568398444554739,0.4566469705018603,0.41524104107650767,0.668732778856004
15012,0.5557304188561318,0.6314734283598229,0.3697979182341223,0.5391475961975128,0.6101596542308203
7023,0.5293849367944433,0.47607544433135524,0.5071255000090874,0.3784972561208939,0.8822616494359928
31053,0.7778660415250265,0.31326979487977913,0.4242184426980592,0.48487528461860574,0.8514307429854822
7077,0.6453374037593356,0.2763669639050742,0.6982381744132513,0.3697191144984934,0.9257153714927412
16016,0.4821361454640971,0.47010073231573307,0.569188810826615,0.5068196156081934,0.6508295817171241
20350,0.37805998679075137,0.6976499063211068,0.6619891897493397,0.42067170411972515,0.5786259907364864
31005,0.5744567016343712,0.42329227603742325,0.623610737270788,0.2799665352922963,1.0
20385,0.40147867193184683,0.6415181148622007,0.6593329212691368,0.591744730397711,0.422452831554483
17030,0.5220009389726741,0.4825155638269387,0.5768786024240937,0.6688063054801185,0.4365538783924394
20134,0.42053771459272465,0.6149071982213026,0.4638080997302705,0.41534660738872287,0.8514307429854822
15084,0.558871645669208,0.5181903196758861,0.5907975902539435,0.5010349165949535,0.4943181684978905
31082,0.7882198294927306,0.4532625891363217,0.43254713949222606,0.3102932845004649,0.8822616494359928
7078,0.5309559258117409,0.5274710507338365,0.5061882359867933,0.7286115470209127,0.4095584929624623
15006,0.5485618919397505,0.622521001827696,0.3696486561338554,0.5158605017349631,0.6467849483079785
16100,0.48572895535339794,0.4956876033627674,0.5703753485249473,0.5199704246067027,0.5896842520574764
8062,0.544169857502592,0.5691685924474901,0.6159608575840048,0.4744742305378749,0.4651750144898451
19026,0.3916562176002879,0.6370827892124178,0.6285644709041619,0.8688143340606753,0.3081959493351182
24016,0.6183218528501256,0.3816649250167406,0.6810025983582693,0.5096786034108735,0.5119607167888041
27009,0.7502870583302017,0.3907612450572667,0.51611699745083,0.4669910125114457,0.5920397329227105
7013,0.5699652970624901,0.44638745383239975,0.5108672369414351,0.42037807484674994,0.7645232988719857
30001,0.4894536212389319,0.5556910963511286,0.6338569312112792,0.3722461543445136,0.6508295817171241
30173,0.44279919854817895,0.4095674856144703,0.6596202264435496,0.5664977204020856,0.6159540418574678
29017,0.465037049446771,0.5869409514032413,0.4012474907038741,0.48120197503822154,0.7914566825269261
10007,0.5093586751240371,0.46462197841098507,0.5891971348015866,0.8074614211713224,0.3703832907541062
1011,0.5789235350000196,0.47036672608956587,0.5795058475209668,0.7018297161406613,0.3753115183367006
29008,0.4712878380097025,0.3557937837345007,0.6143792330287321,0.5622417603424996,0.7171720540196672
21084,0.4541356845971912,0.6079740089371926,0.41847485534145956,0.35919223200852957,1.0
24007,0.5561539187866354,0.4902261463351681,0.6240361203473015,0.42943621884885863,0.566705932174072
15075,0.5393301661199468,0.4788479578862276,0.5895142051015438,0.5746193231653391,0.4719459014934692
30091,0.6206314575119919,0.3173128426994722,0.7336074533523214,0.456894243701421,0.6252790567992559
20041,0.43483113258458467,0.5504530368981105,0.4535216582718437,0.48917581374478886,0.7771461144782232
26025,0.36629297756764967,0.5068090171888799,0.6953940486148166,0.612700583970772,0.5213883359176172
28038,0.44324818631865276,0.5867175166973866,0.7604122780934978,0.6753576435373594,0.3083645883394854
7072,0.5781267366609454,0.4058844168292251,0.5106256065977577,0.4145764988598094,0.8275164340507248
13051,0.5477249473784741,0.59940284663741,0.6007515342558858,0.699287346890829,0.297767302773941
16073,0.47821855986319983,0.4585316433719949,0.5699846008359185,0.6102197266196179,0.5372945175374426
20091,0.5265922571949363,0.6722780163364989,0.4603329982611683,0.31761884604817964,0.7914566825269261
1007,0.5380677269463162,0.540596577405553,0.5818923269606275,0.6094836574354912,0.3968874785404082
7018,0.593310351650463,0.4314795866421274,0.5131457405434483,0.3531514499852459,0.8822616494359928
13032,0.4620381837672033,0.4970885003571555,0.4393902544402374,0.49000671899727744,0.8275164340507248
16106,0.560763897000969,0.42549198351466144,0.5632408540504444,0.5100872617599443,0.5969119385149223
7029,0.5598576447042539,0.5452580976291092,0.5125181841849811,0.29635605150215444,0.8822616494359928
20309,0.4846178601273057,0.48022472824155765,0.4640303278070353,0.3780046939460622,1.0
7002,0.5829622149113,0.4075721104507523,0.5092374639611208,0.40749381055735423,0.8275164340507248
16066,0.5541828865928002,0.560844815785233,0.5708049783113482,0.6045082896883403,0.3798178305548511
16051,0.565617691094302,0.47878943004006225,0.3656897947418542,0.5533814676491826,0.7430174073632629
20531,0.5326649777792867,0.4707309326185029,0.44765833450355696,0.4108468547111956,0.8822616494359928
21131,0.7243725892971236,0.43740131264077875,0.3984654357031866,0.34799008500142614,0.9257153714927412
31080,0.562639768078944,0.30691469396625193,0.41843222273979885,0.6078444054753351,0.9257153714927412
7110,0.5627440424143619,0.4538846931936935,0.5080263693633643,0.31226538475103643,1.0
30087,0.5561047910500682,0.7160651048361253,0.6433670145787211,0.7255074484064742,0.2171025029378355
15092,0.5492244793953833,0.5003419395886195,0.5881844610655036,0.6577897160776076,0.3794895912012859
29052,0.6181395783284845,0.5268014149734539,0.4070512340060242,0.36750418690651043,0.8275164340507248
7069,0.5832413473013054,0.27128381188186523,0.7159212606221628,0.4787871877596265,0.7430174073632629
30108,0.516638719190087,0.37074643293333864,0.7496501123753561,0.7692071034957342,0.3645255451207881
29009,0.675850808375257,0.5859045988077408,0.40568498848322465,0.25049896720646825,1.0
20067,0.48808697503684373,0.7973646502803025,0.6580982215251023,0.6972477270657085,0.2252553946555323
19034,0.432485767134547,0.4641129969021367,0.43288023369055856,0.5237266366741573,0.8822616494359928
29049,0.5016192542216069,0.6540284713980111,0.39804722042313523,0.36027438825407043,0.8514307429854822
7044,0.5905993296622025,0.43802541479733903,0.509750135647005,0.35631393382413135,0.8514307429854822
21041,0.4958051909593557,0.5789417201799449,0.5969969942155271,0.8124831560799564,0.2872891610193887
21029,0.4405959423391467,0.6685188402006274,0.4189612053722308,0.3241209129777665,1.0
20555,0.6053342686781314,0.49901259849790613,0.6591000484764613,0.22754095589875795,0.8822616494359928
31058,0.6683678403591912,0.2282666952829501,0.5999540779943222,0.5269248964862081,0.8275164340507248
15035,0.5070051641744251,0.7049481109363455,0.5839531976722119,0.7009709690601322,0.2725462109383548
32040,0.5523316665141895,0.5532721616168803,0.5803549185329218,0.3310853002494529,0.6789471770362071
5017,0.5334997704244655,0.6057918994016251,0.5881045690895146,0.6586074432609457,0.3177049472665758
7028,0.6336565672602636,0.4141164189194112,0.5081631491295489,0.29804061054116704,1.0
21211,0.6075264418727081,0.4013614629120566,0.6199164057263771,0.42018070398669854,0.6252790567992559
9004,0.47875362469055743,0.6729858942241519,0.5720404825572386,0.6790599611031851,0.3164236502689574
31090,0.5725276176884988,0.4484285184625455,0.6323183608538381,0.2764992678827083,0.8822616494359928
7122,0.634799199745587,0.36947160877867646,0.5107096173114065,0.4316344873964296,0.7645232988719857
7047,0.6108240478161528,0.4007403178867516,0.5100196937712485,0.34183134431994006,0.9257153714927412
15062,0.4573307692509219,0.5368258173741115,0.570670101910442,0.6915263720243725,0.4074107243843939
13063,0.5086922302532376,0.5054389341804187,0.5838766111944487,0.7064001970547875,0.372204922121117
12074,0.5243761833642606,0.3587856418843187,0.36453247057481264,0.5754465289693705,1.0
11031,0.5705500346887058,0.49418467251502535,0.5681441791834316,0.7887230937502292,0.3119687252126786
27016,0.611102302303429,0.36541596221638223,0.7172913652247945,0.48668087437370755,0.5053972334810175
21134,0.45003532731302054,0.47831243719827554,0.594419343171617,0.5271590449242874,0.5829133650538523
20530,0.5366764693584093,0.4475255075590535,0.4692751891112682,0.3953568426102748,0.8822616494359928
20338,0.4120199083160839,0.5318258995156058,0.6520207215601042,0.41984370890954104,0.6550328681014498
21149,0.5765578864893645,0.3132828487723174,0.6262538182158528,0.5908828003500144,0.5873794306425648
31056,0.7606241729996657,0.2332751504183816,0.6162102421974913,0.5103245327407449,0.7028614859709643
20475,0.5844767076303734,0.36736155842944407,0.4830554228004916,0.5146584781290786,0.7336923924214751
14005,0.4586490164489542,0.44025751272649005,0.5753999755183743,0.5040441440797532,0.668732778856004
31044,0.781468902697504,0.37384468659549713,0.433735008063113,0.3500826933999782,0.8822616494359928
8004,0.5210268906380722,0.46550683611596133,0.6183699631802954,0.4043112879558202,0.6428874255124083
21046,0.5913511799494588,0.3013724385103364,0.6273843432492942,0.46262370563535243,0.7532318055434659
30181,0.631326884219328,0.35152960850043696,0.6938048515166113,0.41213335794298367,0.6130176920083639
28033,0.6132141933547002,0.3820774778345757,0.6641890413711805,0.6589406449208425,0.3791623541068486
31069,0.5548760152059329,0.27405058133474486,0.6090006240171736,0.45268662284003985,0.9257153714927412
30052,0.4873653324214665,0.325496806671539,0.6590168569204219,0.5228788798450654,0.7097780834867178
20070,0.6161365005770453,0.36625412114912537,0.4112113745470392,0.45123339380012406,0.9257153714927412
31026,0.7948809481110279,0.428387775029844,0.44188151160958966,0.27779323028270636,0.9257153714927412
20013,0.4245829194986608,0.4756913235657553,0.6614564863449022,0.3583621303114136,0.8079770209287339
7061,0.43415846339205194,0.38988978676940106,0.5166769905509794,0.6607034121494684,0.668732778856004
15051,0.4765343878219761,0.5429793814246238,0.5714357019155665,0.824397115096444,0.3169709028546709
27005,0.7616033907046215,0.4470786277686178,0.5589345887496061,0.6304149578846219,0.3220261487393054
16086,0.5508259484699525,0.5264766182462476,0.5633185426498294,0.3677093000078394,0.6428874255124083
20412,0.43763121882039246,0.4042625726923218,0.5797002648166559,0.376417800993628,1.0
20396,0.527073167877976,0.5508660759832689,0.45220802565253776,0.316912075596932,0.9257153714927412
16056,0.602021543136205,0.43841717635857624,0.3682788636530665,0.6234769485169996,0.6354934549794589
29024,0.45559937819166263,0.658434039256175,0.3992801606383174,0.461243680194676,0.6963643413004936
30077,0.571941178587271,0.3609479219951708,0.6891083204134262,0.5195583309117999,0.5201635218414863
14002,0.5021388005712487,0.41845619081763974,0.5676209385183812,0.5930685473304358,0.5431683198140091
13082,0.5523585335828758,0.4924676126715244,0.5961979549327638,0.505802269492747,0.4681316175876462
20551,0.5766558538163584,0.3583365194934858,0.6857408115649345,0.5145781809738664,0.5264325641232666
31022,0.6702791182538023,0.3126763007224868,0.39183766582416646,0.46736942535118653,1.0
20150,0.5117346002679847,0.37398637170538634,0.6425213825211623,0.41984084042092773,0.7430174073632629
7124,0.5828107848645636,0.5097405839004965,0.5197680616764814,0.3000335814428484,0.8275164340507248
30178,0.6195606679360696,0.3915981072424398,0.48681729004323104,0.4014891018196203,0.8079770209287339
7058,0.6219209647570536,0.356829319703324,0.5072529724359439,0.3398140517648635,1.0
20178,0.5039838568046887,0.5024983615790992,0.652678230348525,0.2853060560441915,0.8079770209287339
29044,0.4990344850914684,0.6434107651948346,0.397989313072607,0.5424195916643739,0.5477950842859758
30174,0.5628482208533735,0.34788959675979425,0.6805723245542236,0.622567975906305,0.456765206349636
21146,0.6933634885850611,0.43736201149143666,0.3963005606951724,0.3400685133071526,0.9257153714927412
25019,0.46734842159984447,0.348512098938019,0.5795326048873422,0.5241546526625656,0.7645232988719857
21072,0.41920778830495836,0.7489890960250248,0.4186938439442395,0.3762510624167754,0.7645232988719857
31068,0.7879211609963837,0.39966005846325037,0.4264997959762259,0.2810218070433612,1.0
16078,0.5543366334702986,0.5275941130661862,0.3715894668223523,0.4382584708754325,0.7914566825269261
20483,0.5030919288059312,0.43983763537592346,0.6456895192293205,0.37161038729795737,0.7097780834867178
20078,0.3892570646167738,0.5758829760381283,0.6656574221122129,0.27272624638157006,0.9257153714927412
31014,0.7613770657180967,0.5188557322620686,0.3852945940030906,0.2475060952350967,1.0
13075,0.5414401814503658,0.49321488426374266,0.593865654905575,0.4857415237706336,0.4887254179300879
21163,0.4691191131240395,0.4473889523021527,0.6060811973138135,0.44571546243968174,0.6639688805647354
20284,0.5697218222440643,0.38274412130612256,0.47606992764309497,0.4109829873957237,0.8822616494359928
21001,0.5377442210798753,0.411505914993419,0.6071691007421484,0.6239744391487667,0.4489675816100648
19047,0.4169171985435195,0.43614409445562796,0.624743140776879,0.47029171831303007,0.7028614859709643
31025,0.5662143509326113,0.28857619710833904,0.6191465048126168,0.42041075277893375,0.8822616494359928
31012,0.7658264081171664,0.3209283428517148,0.3920339798456343,0.3890838435078135,1.0
16104,0.5309467071278509,0.3746409272163804,0.5628042819379013,0.504185742749433,0.6639688805647354
20421,0.4900331803005538,0.4615993819591895,0.6233190409100786,0.3287808794453412,0.8079770209287339
20560,0.4621421919373552,0.3977481321642018,0.47825420275028196,0.5002833749366365,0.8514307429854822
19041,0.30480384018020434,0.5383162664133677,0.633260117878008,0.7505643283362966,0.4791735879509151
20310,0.5859638443982671,0.5738696749190564,0.45451816851371296,0.3540790760515766,0.6902386703647267
20131,0.5833209185293391,0.32028465215406615,0.4924389302739005,0.5022443679500387,0.8079770209287339
20057,0.596611557733377,0.2934751230743141,0.7409370947882495,0.475874974735145,0.6046625485289482
13065,0.4461917861522499,0.5420151314084971,0.5939822834842904,0.3661094155511979,0.7097780834867178
21034,0.5061938933671435,0.560368188693906,0.5960938679660609,0.6219395470601257,0.354726535310086
29056,0.4988612182219548,0.6083749570360255,0.3974397043088302,0.3631613793396208,0.8514307429854822
30119,0.6013311772329226,0.4372033788699972,0.4780553726097443,0.4092322596715938,0.725114210224383
13076,0.5194105177587229,0.6657831585650688,0.5880943929070612,0.5591244537087983,0.3279377611294707
15089,0.5870859292173197,0.47364592485628915,0.5811700157203387,0.3607913476770896,0.6391266864816243
10012,0.45646666134355307,0.4644513298170982,0.5880938428349609,0.6213787617285323,0.4808481542887606
13041,0.6199109347120754,0.6443155980822908,0.3965425233111119,0.5209159978005885,0.451504269626112
20540,0.5482554107118789,0.5582571766251376,0.41824588515640093,0.3803190420742356,0.7645232988719857
7075,0.6071020037933935,0.2904476290623639,0.5042441844332276,0.45197560065120423,0.9257153714927412
29030,0.6078997852534462,0.4241065240549501,0.41222415502257537,0.3496987057629535,1.0
16055,0.6217861206921773,0.39567503918468694,0.574853017032964,0.4897386344234245,0.5358750257235614
15068,0.5485574740039987,0.42382356138758537,0.5807025367355048,0.5098588437823686,0.538733063501105
21140,0.5039597310411159,0.5084048518856418,0.5939671198294459,0.7356259766990427,0.3310205258872818
31073,0.756249142917077,0.239649426200818,0.4029860934761432,0.5067742040815955,1.0
21148,0.5317270170743935,0.44803047491421594,0.5916528085336117,0.40592233209124606,0.6467849483079785
13016,0.5775496894179062,0.38128808647054224,0.6053299174333566,0.5371394988918176,0.5165708927513093
11009,0.5122472098666806,0.5760194262846993,0.5749761511523642,0.622372533511035,0.3491514215505454
28015,0.668648828660485,0.2812460672345976,0.6574403059073461,0.42296271650744566,0.7028614859709643
29022,0.45976201371581554,0.6160022392696852,0.6012546168130621,0.2604869510754606,0.8275164340507248
9011,0.5268915429537688,0.6207944618602317,0.5792110475113822,0.7391130766168119,0.2620794799908439
7015,0.39429514284351874,0.49916461940880896,0.5062908320637368,0.46522827402085654,0.7914566825269261
24048,0.5406884078857025,0.6364479461854551,0.42044685575250673,0.3062454192767332,0.8275164340507248
20068,0.44961933797488907,0.3917237725887647,0.6685704042750773,0.5165864258061955,0.6020162396286254
20103,0.43228541818677335,0.42085118388784,0.66781099837618,0.4156730931176682,0.725114210224383
13055,0.5980128202339249,0.42386273682948256,0.4062204808411954,0.5451827004462962,0.6508295817171241
7042,0.5769742141210243,0.46519581476720917,0.5129561948983217,0.3116125587608994,0.8514307429854822
30191,0.6158432143743874,0.3778526876322973,0.48650699472408815,0.5471203114488882,0.5896842520574764
15059,0.5671165559453921,0.5632097124885216,0.584792935052614,0.49053318222798464,0.3980502754647127
20561,0.625664070928444,0.3348473162699829,0.48537930493118137,0.35820527970284766,1.0
21143,0.5263587607370501,0.4625311729437541,0.5913228797130494,0.5380089127990029,0.4688836913067502
7065,0.6004937316039776,0.25762702851122943,0.686594524478755,0.6039720554405643,0.5648420579743655
20232,0.5079191994644288,0.47321214359932107,0.46867990155718714,0.4328605735095166,0.7430174073632629
8045,0.5539780224247225,0.4246649369782482,0.6194284361415172,0.6017444569716452,0.4130870442838176
13061,0.5660092743505091,0.35838951892494997,0.6000157188622468,0.7319562718432566,0.4065635257815017
21048,0.5655638748524732,0.4988663244674415,0.3919549538847786,0.4557454773421129,0.7171720540196672
31059,0.5981350167045022,0.2686117055826338,0.6344105150555024,0.5883002743529713,0.6020162396286254
12042,0.5347254552285035,0.3828347235937667,0.36182653344561466,0.48687336740349746,1.0
21054,0.39848417857978236,0.42494757513168546,0.6225862112952899,0.5437730850654472,0.6285768574637054
7067,0.5746572768775302,0.47700000371072326,0.5129041015368934,0.2901100833384759,0.8822616494359928
21038,0.6051155065412966,0.3711789314909888,0.6067515891862139,0.46553300942739495,0.566705932174072
31018,0.5654328709479186,0.3209306869310416,0.6220704976904919,0.31832537694436847,1.0
16064,0.5775373049602192,0.44547215461278206,0.5721386104528128,0.38368223385396066,0.6354934549794589
15014,0.5034733363135223,0.4758705131832448,0.5740427550394168,0.7326391144823323,0.3560350993716269
7049,0.5285317630839287,0.42294321846210137,0.5084054233640916,0.34074869171379923,0.9257153714927412
30136,0.3906957114055607,0.6491501741947154,0.6358152596885829,0.31287409937077526,0.7097780834867178
30144,0.41468811943797124,0.3906859260390865,0.732356440276844,0.49005916872458766,0.6130176920083639
31081,0.5477640948019271,0.42302157586802214,0.38748952432689754,0.39691037942690793,1.0
32009,0.5534723792344098,0.4751147114553063,0.5809341020552816,0.28869622475956525,0.8079770209287339
21125,0.5251494911550034,0.48695692802784213,0.3929259626188609,0.5666169906439595,0.6252790567992559
7063,0.4985139849096566,0.5922590285259596,0.511991164435569,0.23520882217962025,1.0
14074,0.5744148778839073,0.37268680166890805,0.3679128117159488,0.5453545238213463,0.8275164340507248
15076,0.3565391273840393,0.7244062423302915,0.5706039516221841,0.6873485005192195,0.3506433723067228
20135,0.4990504105677638,0.5042457955541473,0.4503225561414915,0.3551516154023826,0.8822616494359928
21075,0.3567393165636853,0.5418234553151223,0.4228121843015943,0.5249697892958298,0.8275164340507248
8021,0.5672919919749416,0.5636497677722514,0.6172268940430214,0.7060216727534224,0.2547732100071107
20194,0.5746292774502297,0.29970728382466993,0.4978802829696544,0.44670819773475856,0.9257153714927412
16058,0.5323968736563498,0.4418023025414719,0.36746085290018093,0.58868584790448,0.6963643413004936
21043,0.42217857683381166,0.6434120076908676,0.4206932589445854,0.5055804462540384,0.6130176920083639
30054,0.5982905531847459,0.40332730406637074,0.6819140912471587,0.2895988908782206,0.7430174073632629
4002,0.7632511637656245,0.2747297773811101,0.6194645966625625,0.6780089521906173,0.4020199909643681
16023,0.5392817307691264,0.36999073062301546,0.5622856448859437,0.461012458567408,0.6844442827380792
20534,0.58713973824623,0.29537000429321436,0.4654955109135033,0.4385172986241582,1.0
20525,0.48395635250925584,0.29562062385939836,0.7554405562318293,0.4345328311228295,0.7532318055434659
13052,0.5016259677737536,0.4456610206617553,0.597570424119658,0.5204593209668651,0.5086287365465932
22012,0.5073412294105974,0.4746048532357109,0.5817645497177846,0.6315909756031145,0.3996205609227289
13067,0.44354552896938065,0.5524328319036815,0.5929287882554538,0.5161391896464075,0.4711721070476671
30050,0.4985206119301497,0.5715592892871348,0.41935363332763487,0.34708947515513566,0.8514307429854822
31092,0.5462440541177854,0.3928771393941371,0.38555281110050305,0.425783050696823,1.0
17035,0.38367294068759167,0.4877309745184578,0.5651491770924489,0.5456336974648174,0.6101596542308203
30148,0.44985110130569433,0.4125199963364997,0.6927014756684777,0.41229888271820914,0.6639688805647354
15043,0.5999380940028749,0.5117365642769692,0.3699139346862695,0.49800497717781,0.6220797127932347
12017,0.5730331841792538,0.35969318507089754,0.5586736115612786,0.3461380926044417,0.8822616494359928
9016,0.5304584223186466,1.0,0.576089644566495,0.7984837202870987,0.1437582860315378
30205,0.6101442730299673,0.3425091856612727,0.46916143413760414,0.5460109478192683,0.6550328681014498
11012,0.5381840353325988,0.6040779307002789,0.36840208878058683,0.49841045293275965,0.5873794306425648
16003,0.5369977786229925,0.506305361869038,0.5715676860176462,0.4062620370455738,0.5542922289564466
15042,0.5309126933911644,0.44867294142465564,0.572739558492219,0.6776376304477354,0.3785108623427219
21147,0.6170951676161084,0.3699629406607501,0.3985387495297457,0.4514177812307416,0.8514307429854822
29045,0.4825706099358288,0.3992686841833871,0.5998938713642011,0.32554142004678877,0.9257153714927412
32039,0.5630581775096881,0.3418090675120121,0.5831437147865387,0.5614929395686103,0.550994428291997
15054,0.547805811300767,0.6968451694103144,0.5704020684355481,0.6663369430304329,0.239266620269992
7096,0.563813492241702,0.33300848265317623,0.504637345384549,0.43011144642812826,0.8514307429854822
21095,0.716790371987353,0.42654771666435887,0.3958493537370685,0.32461979321810674,0.8822616494359928
16061,0.47376941762760394,0.4073609761343119,0.5720752419833648,0.43765989163217234,0.7171720540196672
7123,0.6084070259511233,0.3839980065484194,0.5103854243182608,0.3291742709813239,0.8822616494359928
20107,0.35380331403556886,0.6538336530632844,0.462088595164432,0.5733394724872056,0.5648420579743655
27006,0.6868017011781865,0.45882740677793554,0.5413143459125564,0.5548512681842361,0.3648109515881675
19018,0.4066764371327031,0.4830988657323545,0.6208753162012486,0.7829754493859529,0.3614352373869079
19009,0.3664752731120092,0.40230511167349403,0.6357483900600032,0.7297059739472092,0.5043413622292275
4001,0.5731251483696471,0.2648049732860492,0.6223962355252788,0.5808673994206514,0.6285768574637054
5022,0.502600977599604,0.32903242363001806,0.6298516887683753,0.6884610459887271,0.4808481542887606
14125,0.5662951522103655,0.35089784467286345,0.3664847886435726,0.5855538614855882,0.8079770209287339
14119,0.47844367903441587,0.427447456509525,0.5688834525563383,0.49813088815020656,0.5944481503487452
16048,0.5027849635053114,0.40957021119031056,0.5709571266825257,0.41668697791313547,0.7028614859709643
20399,0.40356909733920054,0.6433214944529384,0.45519471242646625,0.5378865903649049,0.5416694133502089
19033,0.30690861442675066,0.5038134568745998,0.647629090242027,0.6358421897782186,0.5401911821184902
20303,0.5490615318871769,0.3428973755017844,0.4812502293311719,0.37948482416074647,1.0
20298,0.5288902653379541,0.35151489560994675,0.48620108233627424,0.5728231471867804,0.6639688805647354
30051,0.5065537778212151,0.4669857918804837,0.4176625902522475,0.43053573926662575,0.8079770209287339
30009,0.4932860392273182,0.5074957433308614,0.45130473537851207,0.44789286671943457,0.6789471770362071
14030,0.5153074690074274,0.43028991898606406,0.5671590492051065,0.57107288360451,0.4783460157678491
7046,0.5871528601587988,0.3475188712187528,0.526646030216575,0.4037767837845671,0.7914566825269261
16041,0.5267079718820689,0.3880068261056937,0.5723783218143877,0.4316975937335627,0.6789471770362071
32006,0.5923784112415805,0.33552905761875434,0.5805854398916366,0.36712909211421285,0.8079770209287339
20364,0.47919428511332085,0.4553334570355111,0.4396838985185359,0.46591866010145033,0.7645232988719857
7026,0.5593206781823796,0.386446274846698,0.5053497424667037,0.3672970155405967,0.8514307429854822
18001,0.45405767617946025,0.4191508692570559,0.5732943952391621,0.5457849385325118,0.5725003198007196
16065,0.5834475962156891,0.4226653753791022,0.36663277755799195,0.6147091068438605,0.6130176920083639
14036,0.4755468662646609,0.366853855010313,0.5815863913042366,0.47301795686794873,0.7097780834867178
16093,0.48427892221536906,0.632013837288857,0.373126620281708,0.431650197647843,0.6902386703647267
29057,0.4998657936788848,0.6012490482054116,0.39703849624858095,0.3069415828421821,0.9257153714927412
31084,0.7684754254278381,0.3029172582188431,0.40496495323669357,0.4070871602170868,0.8822616494359928
30104,0.5359389807590738,0.3824706156622559,0.5328486107331596,0.35134382720719964,0.8822616494359928
20418,0.5371924159550157,0.37362038506735074,0.5838025933183177,0.41807025378019647,0.6902386703647267
13035,0.4578538315290677,0.3772697160227404,0.611530970875438,0.4633504776816014,0.6902386703647267
20515,0.482340087355295,0.3410038934932687,0.8110345192232191,0.5762841347466798,0.4393817486637565
7043,0.5985199586432997,0.3864297118005915,0.5159197472909376,0.3418201827157341,0.8275164340507248
20206,0.5795579306853974,0.4648587472442292,0.6419476528400644,0.19512270957176384,1.0
24020,0.4468832441542374,0.48934335482511965,0.6225299319781133,0.6801515197130578,0.3642408967060074
15071,0.554797534699658,0.4164452669887023,0.5829121320744957,0.5187888424795221,0.4825493021521746
31003,0.5601486755335143,0.24751623846903364,0.614676336812653,0.5324051492606586,0.7430174073632629
21193,0.6577900257274628,0.42752628505781654,0.3994594778415353,0.3789493531568625,0.7914566825269261
20375,0.38506257848400605,0.7109513504336195,0.4615247210869752,0.4015268826955364,0.6639688805647354
13050,0.5977924477476387,0.5331474233483056,0.39919426701389976,0.5335389067474554,0.4952793414443567
7050,0.7311608203007413,0.30623582366142565,0.6833973630502447,0.23707105499745812,0.9257153714927412
16070,0.6268762884703873,0.38632062427301106,0.36614679954143814,0.5435031600877225,0.6963643413004936
1006,0.5664025903040396,0.49423628990797885,0.5802484315345443,0.5045820737495337,0.4086942135592595
20411,0.41314026528127545,0.5459535854120549,0.6670366516414671,0.22243650365712375,1.0
14014,0.47304289811440636,0.3755668333077365,0.5701359234296017,0.4320521981712946,0.7645232988719857
18002,0.4826880342747878,0.4371865309977226,0.5884714781181039,0.39963046451722595,0.673718331962919
21015,0.5724504647044456,0.4780365616309108,0.6026814888556318,0.7451095990973816,0.2718237133806441
25010,0.5756656339906209,0.3067037349718737,0.6209516238641944,0.6401868229391697,0.4759009652650052
20380,0.41169835233512786,0.4923312053606379,0.47002313776606897,0.39735339429747635,0.8822616494359928
21212,0.3914281058944148,0.3764222142108081,0.6177264013704244,0.5267951635078393,0.6963643413004936
11011,0.5687837365180388,0.44452041504129336,0.5729412942190192,0.6750058997312609,0.3412974929503528
18017,0.5431394224732241,0.4242433703633079,0.5740340596340706,0.7761317949677267,0.324941198764199
7092,0.5459000572939945,0.421329762276932,0.5157576005940406,0.34782643046857065,0.8079770209287339
15083,0.5875396680451633,0.5055511181748749,0.5812684777512425,0.3219158761062375,0.59943370345566
7066,0.6304898620318676,0.33507041353217765,0.5038887678834221,0.3781937645488672,0.8275164340507248
20243,0.3915294965730416,0.46384846384075284,0.46589867833986426,0.44621046610552384,0.8822616494359928
13072,0.5973621416559222,0.3885397313087421,0.5976936364308354,0.39104112838165705,0.6130176920083639
7070,0.5878347321891535,0.3504185387592294,0.5050188206071858,0.3452063428202632,0.9257153714927412
15061,0.5654481052525431,0.42734678952883365,0.5937706552624225,0.4678037630998902,0.4952793414443567
7021,0.5337712752756518,0.4173988431545585,0.5143277786247695,0.35894687573111045,0.8079770209287339
20249,0.5214566911713345,0.5964672921837728,0.4502406019439628,0.25631337373435614,0.9257153714927412
28009,0.4589547824978845,0.5605648859587556,0.5632035586446118,0.7481147620003561,0.3065239955313138
7081,0.5461531464632075,0.35525429850646817,0.5065206957819484,0.4712897607790042,0.7171720540196672
30128,0.4703011449700954,0.42846458244750474,0.6266476807507958,0.667134269623072,0.3942223662247969
21092,0.6797663028015632,0.376944552618272,0.41148352876976724,0.3562741721168553,0.8822616494359928
27008,0.5872602569252225,0.30724616058520404,0.7224117585742722,0.667545532845579,0.3804773407294536
7027,0.4122153746354331,0.4401037901236273,0.5109837978933347,0.6388254557066797,0.5576947390236193
15015,0.4996680545460089,0.3979359838482053,0.583606092099047,0.4891393461826779,0.5807482395941909
4013,0.5681490956850322,0.26195866192742423,0.6214678683781566,0.5320987986005964,0.668732778856004
4003,0.7720506463013365,0.3162026594543038,0.46048875064072387,0.6797706535796113,0.4305833690085505
31017,0.7607480110059551,0.3580941747819912,0.3931460679022837,0.3070854988255332,1.0
20299,0.5308277430913142,0.3287060272262984,0.48529726339487966,0.3881617528757134,1.0
16040,0.486041971548424,0.43823223197999406,0.5717540877850611,0.4440823771150719,0.607375859660376
8003,0.5582943847406243,0.37768507221712166,0.6063330984215878,0.3540783917670396,0.725114210224383
31027,0.7858170270341194,0.3342306530270338,0.41264732866007925,0.3659247776019044,0.8275164340507248
13029,0.5426664354950187,0.36977901247314365,0.5902350045818199,0.5898536250373771,0.4696410800785576
21070,0.6758064649243849,0.4392871828991199,0.39635450032154645,0.3449199096589114,0.8079770209287339
30003,0.6135637953325932,0.43236127990407625,0.5257151577344779,0.5593910220673148,0.4195561669734354
7109,0.5517476302695334,0.32163349013631753,0.5014036282670634,0.45485307352281645,0.8079770209287339
21181,0.5069385072313828,0.573039476108458,0.5952102271189859,0.284768500804094,0.6639688805647354
14083,0.5060773229278204,0.41149215679484097,0.5714517758877624,0.6376336910136732,0.4305833690085505
14035,0.5597807614970045,0.33487700111742225,0.5738973451660622,0.5494330044988749,0.5526306442751081
7080,0.4985144287486905,0.3552083411016749,0.5056032437866194,0.4283749501331661,0.8514307429854822
7025,0.5369835417815327,0.4234896015122511,0.5150899791999572,0.3006356739531099,0.9257153714927412
7098,0.5790170033186174,0.3958273466717285,0.5075025447609585,0.317435432149802,0.8822616494359928
11018,0.5380039694028185,0.4416532700194456,0.5720926397246127,0.5576345940450915,0.4295326736793502
20027,0.4862961612934671,0.4171333327755574,0.4539607379783144,0.35347306638618514,1.0
31062,0.7746439121721584,0.34150952275326374,0.4250592177189046,0.31238082780046184,0.9257153714927412
30192,0.5175429068074687,0.46785420976938114,0.43711332576706513,0.4684899134718653,0.6550328681014498
15037,0.48812937262922645,0.6446298590485315,0.5721181994655762,0.6259242921439964,0.2879846213779216
15070,0.5631076265930262,0.5698366846458198,0.5818733085715648,0.7584194874000962,0.2291327708084712
21124,0.5922895020128576,0.34235208945173656,0.4277371086168058,0.5551215713355786,0.673718331962919
13023,0.6381487861345535,0.5069581466910247,0.3989641048742493,0.4795867630021857,0.5238807753512185
31064,0.5704542651785647,0.3504197072102222,0.6203607405947118,0.2613582693550479,1.0
21033,0.5304416967108158,0.4631742105191447,0.37893669013604997,0.4684101366635869,0.7430174073632629
29051,0.5115613571217746,0.6582776872879742,0.3986942970276356,0.2733544218994812,0.8822616494359928
15045,0.49091972015228225,0.41846148767797,0.5824939830159449,0.7121291730746664,0.3798178305548511
21132,0.4741226089517949,0.5880833689566443,0.5954310793212705,0.7591771871910842,0.2566316970167711
11035,0.5737101690565829,0.6084053908654483,0.3734029128404388,0.6421893018812397,0.3855574417605966
4009,0.7332090118738739,0.1595487346031603,0.6274468001774794,0.5423158995270121,0.8079770209287339
13017,0.6111678738511119,0.426633832151627,0.5915063217487815,0.304287960412002,0.6844442827380792
21203,0.7051869214381749,0.40009064184405296,0.40928838792294836,0.343993753670424,0.8079770209287339
12028,0.541901893724788,0.4053768646288,0.36741003175734815,0.6480981514147399,0.6130176920083639
20077,0.43368529283478474,0.5032349910191185,0.6503743403415135,0.2852332124831227,0.7914566825269261
16020,0.5297306370663057,0.5551706157232762,0.3713860718629304,0.5454893603204555,0.5372945175374426
21136,0.5019691247624092,0.5901020351409416,0.39623771149065623,0.635486826806827,0.4290111638173448
31009,0.7838061256939606,0.3795172857881408,0.4175451255222729,0.3112212229464353,0.8275164340507248
30037,0.5074717187744613,0.4652285663471975,0.41727654409371284,0.32411453091075676,1.0
15094,0.5554636600503362,0.4319314481866018,0.5797253103957043,0.388908745078767,0.5896842520574764
20112,0.58824151090189,0.36731654896713617,0.47978468705870886,0.36079926505733606,0.8514307429854822
30182,0.526938900038237,0.6347178030288705,0.43791618393752907,0.32471610299728554,0.668732778856004
7017,0.5137393663808896,0.2900673267282754,0.5280050001738303,0.5502964217480799,0.7336923924214751
7093,0.504884758853603,0.3868134911783383,0.5042158425125021,0.3225786938199046,1.0
31049,0.5623652004746518,0.2767214253083855,0.41423082631153596,0.4920948181940055,1.0
7008,0.5649410440663774,0.3123896421322062,0.5093133612553197,0.4261817606347135,0.8275164340507248
13028,0.4322928644067514,0.557522207704966,0.44023113772911965,0.5894492245674569,0.5064636110869319
12046,0.6295490915901848,0.42462680027889743,0.394534158320323,0.6320847604465422,0.4750981894876865
21102,0.48235749448396237,0.46455114455522734,0.3919088826275745,0.5125342289231498,0.7028614859709643
14013,0.3388236407361636,0.42829902144254056,0.5654336186289426,0.6637431517284115,0.5807482395941909
21107,0.4228961768448885,0.6050011009062042,0.4179442973615684,0.3194273348092203,0.9257153714927412
18006,0.41944405713821725,0.41857259086498816,0.5834365522252233,0.5124806726446044,0.6020162396286254
19012,0.5161709651626033,0.4502471174605496,0.42787797018610413,0.6049986529458729,0.5251490749484011
31046,0.5657722318942786,0.30888337786924436,0.41986467813727524,0.4301299472425243,1.0
31045,0.5741895643390322,0.363744754940382,0.6296004710198609,0.23996368513078764,1.0
7007,0.37811477573891966,0.3325672105261638,0.5041870008032232,0.5373070188657977,0.9257153714927412
30134,0.4248264884958308,0.3750184304095572,0.677819185220664,0.4738138849469783,0.6159540418574678
30088,0.39613366446355136,0.4482393825062144,0.6596656786295698,0.3049662087354304,0.8822616494359928
22016,0.5206095276559489,0.5509623678698002,0.5829804672297566,0.8298834925305463,0.2265061171241892
30067,0.47940432927396565,0.4942021850845164,0.41744140809023966,0.3599099585399269,0.8822616494359928
20368,0.5419156453908209,0.3983779909095947,0.47277835818175873,0.33232602354713575,0.9257153714927412
20405,0.49200313622143715,0.42187253339429837,0.41589117644686996,0.36336804608298606,1.0
21173,0.5507526403597193,0.4885360748144672,0.4220886621069688,0.3487990344621775,0.7914566825269261
30065,0.4149933170103739,0.4845692697118739,0.657872109149942,0.5628362247012086,0.4209947129370978
8039,0.6004535860200954,0.45364742512150713,0.6039034653691697,0.2406473005200964,0.7914566825269261
29046,0.5095766359763692,0.41060157464471114,0.41281279328030085,0.39120331830183996,0.9257153714927412
7005,0.5749613337004185,0.3946067441350472,0.5119111860560948,0.2908601927724883,0.9257153714927412
13064,0.6267549015618787,0.5013777182715742,0.5911056712135018,0.24176442756586353,0.6963643413004936
15016,0.5811286580330717,0.41344379077735705,0.5930804306677329,0.5102839417811249,0.4300567337219686
21164,0.5518163809682934,0.37374584267988675,0.6071576327563244,0.6288157429582428,0.3965026664028639
20075,0.4410812899997455,0.3303609108424586,0.7629955644104778,0.3392426622268818,0.8275164340507248
17031,0.3802131004767717,0.4752971195152574,0.5649249262244661,0.5674562373590248,0.538733063501105
21097,0.6031918764451101,0.39009236362506317,0.6049524696787587,0.23674894649376482,0.9257153714927412
21005,0.4239889561117089,0.4283828528149664,0.38032748386042153,0.48738636584648504,0.9257153714927412
20036,0.4676831733282778,0.3577033095901502,0.5642905080173708,0.330042690180806,1.0
26016,0.5556006139484846,0.36472733435533033,0.640405920729075,0.3230792689818237,0.7430174073632629
11014,0.5107112383939483,0.6124944911049697,0.579759792534279,0.6568018447369439,0.2614240035428415
12051,0.5453130733902022,0.4102009685103295,0.3683610862222815,0.42782500799064177,0.8822616494359928
31006,0.7736337984112689,0.2763057120464497,0.3925384835208234,0.4001686673999646,0.9257153714927412
7039,0.5839247523486841,0.35333007267592415,0.5080921603420558,0.3199065751861726,0.9257153714927412
31072,0.7814958313178688,0.43428223936101723,0.4231318338237102,0.21590991073805288,1.0
10016,0.5244620066602542,0.3910899430176888,0.5823417555995359,0.4564959455590698,0.5686027970051493
13056,0.510857555705657,0.38135865667388236,0.6051937978265591,0.5169263770698921,0.5086287365465932
21082,0.7070225734430746,0.40422377011384447,0.4073928217167458,0.3478952661634213,0.7645232988719857
17019,0.4364113325605654,0.45069343778654114,0.5710141895808583,0.44523177044213436,0.6189731165776511
13046,0.43589933372108314,0.4727490389727539,0.4423011872216927,0.46157388706749525,0.7336923924214751
7031,0.5309268994353582,0.33491316267965127,0.49561471846734745,0.43343856508627066,0.8079770209287339
16111,0.6023866094221101,0.4592943252858313,0.5697354019165168,0.36727632904673546,0.5330912311531171
30121,0.6154167887956503,0.30804432617835986,0.6845195650509843,0.3605582066561287,0.6594077639142162
1005,0.546246463821225,0.44663638258841687,0.5785935687386206,0.7716026854533335,0.2826760663231517
19048,0.28351685151664335,0.5201649608489749,0.6229336412712645,0.8232918404818697,0.4069862879279984
23011,0.7519159015799071,0.34596277858144964,0.5446463086020368,0.5240800502421767,0.414440789422829
16005,0.44571599188445266,0.4458596556858791,0.5723085873416309,0.3346699028380934,0.8079770209287339
16030,0.5425371655361746,0.388317988388852,0.5630289885681721,0.4771833535728201,0.5431683198140091
19022,0.5852099571239879,0.28757947773211834,0.6481407571281474,0.38818342931578087,0.725114210224383
20384,0.5960505263552326,0.2821269400611413,0.4748814368175919,0.41432675588538814,0.9257153714927412
20526,0.48788293472832833,0.3727831046413528,0.4438894159122567,0.4300110651921164,0.8822616494359928
20025,0.42154489939704914,0.2794497107216235,0.7481648807672073,0.46136792102810786,0.7532318055434659
20118,0.577152825822019,0.42002621546855523,0.4764821292468069,0.2862266550457087,0.9257153714927412
15101,0.4649325102656816,0.590597769030567,0.3699141461091013,0.7575366945843404,0.3976612729862104
21138,0.5865127351747483,0.42076211208392583,0.38868080184159937,0.4347659312828088,0.7336923924214751
19044,0.4027715163588708,0.43523726827258924,0.43239324212862273,0.5845724772648582,0.6902386703647267
20439,0.5412724314282034,0.3691466084204088,0.46637290816975996,0.49075097918952315,0.668732778856004
21019,0.6512263812763806,0.3904717422489751,0.5891891323619958,0.6647635257112344,0.3068563060771436
13083,0.5338070522153711,0.4455904176120203,0.5975367953439416,0.4954696126640805,0.4337987121286063
16009,0.4275392605742159,0.5034211211892565,0.5735072310877745,0.45414072437474795,0.544688488070392
11037,0.7139869861606408,0.43259180208441433,0.5712280447510122,0.8442208964299703,0.2048644994691421
15125,0.5708259646902885,0.6467818309023512,0.3838392813558352,0.37580226777168857,0.5725003198007196
30166,0.5264506676715626,0.6655811545881973,0.44482807827816495,0.2363435418170829,0.8275164340507248
7014,0.5003917315031,0.3884282209970631,0.5081157683926703,0.33316806049746167,0.9257153714927412
14016,0.5490330184578841,0.40153365195377355,0.36487726379682894,0.5884078581559742,0.6428874255124083
24008,0.547451166576401,0.2652503038222251,0.6187403061675878,0.601148218922085,0.5630100464373469
21051,0.43494810720715515,0.36252543193021125,0.5773324032315289,0.5866789936036803,0.5686027970051493
7060,0.5016187206234979,0.42592057806889333,0.5145036290113109,0.276063439013459,1.0
9008,0.460197251062508,0.636491859940512,0.5723694342716746,0.6042992352871466,0.2989973887621747
20294,0.4758477765258622,0.4170496117929692,0.6451947801687833,0.33961835505192434,0.6963643413004936
30049,0.5990173183395531,0.37737448932731144,0.49126086423431337,0.43126430561513684,0.6319793675308782
21085,0.6207292393576664,0.3289392347997132,0.5822146639407904,0.5652589344346912,0.4502284204487662
15036,0.5473839943308259,0.48451779854572496,0.39186087157981614,0.5383172690322857,0.5401911821184902
20163,0.5186141986475253,0.5132978843213603,0.44780392579408146,0.253496420319278,1.0
15122,0.5428077653043472,0.6320188655811264,0.5806933718184786,0.6917961424076915,0.2192117884588112
7036,0.5483150346176835,0.3207932281619324,0.5035311896723023,0.3410507756685701,1.0
15030,0.3942860619338119,0.5264593864895586,0.5858621219571356,0.5412064942855993,0.4588066026458581
30203,0.4400676520709471,0.5986928273389239,0.4194405216410786,0.33809601977081766,0.8079770209287339
15091,0.37048234292637083,0.6845850280771728,0.5838634209047233,0.6195892308823313,0.3287512000643687
30030,0.56600145888564,0.2965795166288099,0.6400173691003651,0.4918642159361135,0.5705338414139879
21192,0.4178920423469351,0.6039745622755399,0.41995933919584233,0.28415501580920616,1.0
7112,0.611464653994572,0.3420535089751541,0.5026818345970557,0.3094191870717119,0.9257153714927412
30053,0.602905699560613,0.32575479374423855,0.46884495024067413,0.5565105941428938,0.5873794306425648
31024,0.5636158976931237,0.28549296036992994,0.41673706697990937,0.48480283315174527,0.9257153714927412
30141,0.5358192599577866,0.3221725662024931,0.6970835697260314,0.5862823714431442,0.4264410150991886
7118,0.6414228197217999,0.38961193311444164,0.5094443822411662,0.23611515304566325,1.0
14003,0.49487845106271416,0.382790621259213,0.5772355190019409,0.462203908005148,0.5944481503487452
30066,0.5004406402780169,0.558641544177607,0.41982412377353395,0.3827450927989711,0.668732778856004
20202,0.47158313562861864,0.3770373518575971,0.44932745467567514,0.3757088994007908,1.0
21090,0.5119729196836492,0.5376017018840382,0.39462182792009187,0.5562043885387159,0.4962492129067289
8054,0.542727176363595,0.32495324204217535,0.6095772485905578,0.3845654556996196,0.725114210224383
14041,0.6129209967767981,0.5266565163144031,0.37528864221190456,0.3409951305660005,0.725114210224383
1002,0.6419992680355686,0.39471693667026964,0.5805037793731931,0.4288235322871521,0.4743013823587033
30075,0.6777851545937532,0.34777256049721633,0.4915269665166376,0.3256210459683393,0.7914566825269261
7076,0.5805709744190806,0.34560621100144095,0.5070022440139126,0.3169396924693904,0.9257153714927412
21170,0.549378009429148,0.34515720555310225,0.6218470675586234,0.5115939222674905,0.4943181684978905
32024,0.6088216749930847,0.34442582468414873,0.5821372860958196,0.49221314536762023,0.4962492129067289
14082,0.4744563293042501,0.31654723137050694,0.5726495437601946,0.5946351761322957,0.5829133650538523
32055,0.5700475284591597,0.6528180481591289,0.3785756475368355,0.46169818957466635,0.4581218075672427
20389,0.43564680888486673,0.4150727799048877,0.6639762130432371,0.2479631059751145,1.0
15005,0.49139613404625454,0.48286817087758693,0.5714661312350476,0.6070388880201125,0.3614352373869079
21119,0.49366345691606484,0.5383802367580809,0.5945796333802702,0.6969302088055298,0.2699205323530032
7064,0.4963522580723735,0.35671648126364364,0.5014273673728195,0.36159831967135314,0.9257153714927412
21026,0.6159124261201716,0.4822741365516867,0.39173267411888785,0.4015399600383075,0.6354934549794589
31075,0.5582695281692844,0.2575189426787187,0.41339894710728603,0.5395574756511277,0.9257153714927412
20038,0.5216937429242582,0.3077327978374551,0.48642041579172857,0.3795735107901884,1.0
25020,0.45134050430586103,0.31847764709227583,0.6635822528451303,0.4639139038252327,0.668732778856004
15029,0.5198957606224508,0.49566707887741035,0.5844544869901338,0.6361017848086316,0.3085334931264755
15024,0.35567868206812947,0.6764493974038639,0.5825079036115739,0.7603555562039388,0.2773650428846076
14048,0.5635804990946531,0.370778481217084,0.3655167115209393,0.5268537536722583,0.7336923924214751
12058,0.558919420574877,0.3461104549147887,0.5621032260541508,0.4951343558535991,0.5477950842859758
14007,0.5089882940512837,0.4019495999951141,0.5800258781816138,0.36887195226197633,0.673718331962919
20278,0.5342085091456954,0.43848011824980493,0.4686459625777655,0.40436136807955214,0.6639688805647354
5019,0.5080193166159453,0.3802393900249772,0.6226171125925454,0.37650187142464714,0.6508295817171241
9002,0.5376832740367212,0.7886841570983992,0.3774956903248957,0.846578972121797,0.2171025029378355
17002,0.5031432461378966,0.46196003587009044,0.5771851789076432,0.42433231495801704,0.5165708927513093
14055,0.48956525461218375,0.4069287547830459,0.5805819875613543,0.42760378513361696,0.5944481503487452
7104,0.7198443011142783,0.2360363337794757,0.5023314296364765,0.4156711844452785,0.8275164340507248
1009,0.5736937391251528,0.45502751548750986,0.38160477637989143,0.5542553054267041,0.5317259889304533
13057,0.48587601214293685,0.4090607096232679,0.6027648134309553,0.44891061231799984,0.544688488070392
21025,0.4774302346770012,0.5110800757820586,0.42188404958004566,0.35208087982438796,0.8079770209287339
7107,0.5158819798509295,0.35271000372819145,0.5173516975185468,0.4129824920807402,0.7532318055434659
27011,0.7244225957670904,0.29099494710607254,0.49437449630236613,0.3873801608601088,0.725114210224383
18011,0.49221673267816324,0.3239145333586161,0.5683711042151328,0.46386074189975146,0.6963643413004936
15120,0.5525249253964349,0.5566253777177818,0.5870406053134782,0.6400891086613536,0.2531478508509464
20300,0.6379417760496817,0.28073667501302246,0.4050898204067012,0.48723973074610794,0.8275164340507248
20233,0.5759654738849675,0.3944955373060399,0.47982626556917946,0.268180449088985,1.0
31070,0.7695675991452098,0.30360561023467714,0.3807009571825321,0.3550771160569621,0.9257153714927412
16063,0.5159770571533138,0.4033884768530862,0.5676076105621369,0.409117393072314,0.6046625485289482
30152,0.6292022515315416,0.36216583060210533,0.7070911902721816,0.2649658620654715,0.6844442827380792
14044,0.3680469362140139,0.43566122846632627,0.5669377695527239,0.6075266230505934,0.5290465977439713
18008,0.416608096974753,0.39034525431126127,0.5807839568934842,0.5325970828451252,0.5807482395941909
27017,0.6108662712289703,0.24895031487678282,0.6696684585066237,0.49462516843881865,0.5786259907364864
20343,0.3963349127351079,0.5309735129837229,0.6677985153898358,0.2435444090166482,0.8514307429854822
21142,0.5198289304886017,0.29391244372667574,0.6160109996070638,0.5831077443034443,0.5303779200216894
11023,0.5129084903195025,0.4443749663195584,0.5669334753236239,0.6837869682675252,0.3293653568463511
10039,0.5907935070814441,0.2836909615754657,0.5940875921382861,0.5152557901858373,0.566705932174072
28012,0.5590233010167732,0.26141310129742484,0.6823933814923295,0.4959903818528516,0.5873794306425648
16021,0.47988034339425684,0.3724706851640691,0.3648262694878369,0.5509655276158325,0.8079770209287339
20285,0.617172820001915,0.3616474572463765,0.40532612243356,0.34652210788593063,0.9257153714927412
20324,0.5036723746731115,0.3712299129666883,0.4833477982338443,0.5568984048922156,0.5765449532098653
31098,0.6599754242624059,0.18524429633746503,0.6044423196829285,0.49606254186869125,0.7914566825269261
13059,0.5055018703015657,0.3404603346490829,0.5954155457003305,0.43732313560656755,0.6467849483079785
4005,0.5684968372399523,0.2763165649968937,0.6205153473108261,0.4704473131256586,0.6319793675308782
5003,0.5120423036298917,0.3866806850888986,0.6249639289356343,0.47252410183452886,0.4952793414443567
14114,0.5068042826735338,0.3749810100518267,0.5680759793799129,0.4310338989050855,0.6220797127932347
21110,0.5445367890821933,0.30264469592334015,0.6203603497907701,0.6489186244016749,0.4359971495292171
31061,0.7829141990679194,0.24574715948516965,0.36287015757519386,0.4139057906997853,1.0
20482,0.6113233666316767,0.38638245941005217,0.40468679570848803,0.5385199546954607,0.5612088264721999
30042,0.5635776594511026,0.4998954699032829,0.4368954386335481,0.26585424404158325,0.8822616494359928
26019,0.5952741598992565,0.2474368879654792,0.6379284239627662,0.5007356753660882,0.6130176920083639
17028,0.37460486800775533,0.6106993388640276,0.5660663140460114,0.5970779752250366,0.3728190789030994
24036,0.4941196316979537,0.29687046174863607,0.6365058477672787,0.5244894776080349,0.5873794306425648
24021,0.5006977781531579,0.43898467713962896,0.5958035742412195,0.48409370016335423,0.4534469826141075
20063,0.4454322705915338,0.5189024872975121,0.45059933902869426,0.3335077179889911,0.8275164340507248
12040,0.5371974346762196,0.3620370180538861,0.35998038246319697,0.5714443576073613,0.7171720540196672
26045,0.5637002879969301,0.29315583250222266,0.6429906169347779,0.3168810077825973,0.8514307429854822
20312,0.5980912807439125,0.34886619747788794,0.40787092770505884,0.3814815371308147,0.8822616494359928
11027,0.5669918916341481,0.5803075515440961,0.5721919105967762,0.8261513866815404,0.1840794658454211
14072,0.5576856997514905,0.44420642603406274,0.36791243496474035,0.3687472443958075,0.8514307429854822
20342,0.41870706331702734,0.5747424187539605,0.6597693817351857,0.23572766069748,0.7645232988719857
15011,0.5823821566930859,0.5914647223851872,0.38399946570882293,0.5334193167747906,0.4053051543945407
30004,0.5704456380487133,0.4603813313181421,0.4668641206677334,0.3710365843212584,0.6285768574637054
15064,0.3097848307616328,0.6800914117124407,0.5734510763554538,0.4370387759811763,0.5401911821184902
19045,0.3843081118400442,0.36208157696980237,0.6281802105528282,0.6853846335135605,0.4759009652650052
7090,0.5793208993370895,0.4506425760884916,0.5137651177192553,0.22961079765565162,0.9257153714927412
16080,0.4583747228465009,0.46555855153010006,0.5727581660119553,0.32521912845512263,0.7171720540196672
15095,0.5206131261508475,0.5957523972817159,0.38036889421586195,0.7283366212231734,0.3316478646454163
31088,0.5763162030322958,0.37980653909413015,0.41721650560885193,0.31195388191876683,1.0
16052,0.5324720620601227,0.39746236036299937,0.613559267958249,0.7892758327807314,0.2774914972534521
7088,0.6214203038376609,0.35849960242401957,0.5184757995033091,0.2461746960064114,1.0
32042,0.5596079861474792,0.391848792436109,0.582733062054763,0.4707360202872653,0.4719459014934692
30149,0.47512241219883733,0.3935563655475,0.52951118144528,0.3905341416624504,0.7336923924214751
30070,0.577809760193842,0.35455315752430355,0.5417482109868701,0.3162820087741946,0.8079770209287339
21169,0.6232293129065505,0.44912750295926407,0.40276080531962444,0.38878578023036836,0.6467849483079785
20235,0.599410756938266,0.26775491701995907,0.4871545702457599,0.3607899989130942,1.0
15028,0.376176525515157,0.5191917039425621,0.5863968315580964,0.5027571879078042,0.4896375090963688
20188,0.5389158241549733,0.3161200110246741,0.41317153760659914,0.4324570510316619,0.9257153714927412
15108,0.35872412014345667,0.6365289426239467,0.5824940789062965,0.71190151354774,0.2973096363197096
30164,0.37362249919704094,0.5595153965605487,0.4455393164857762,0.4340081569355337,0.6963643413004936
30111,0.39844440908153567,0.4383409355409602,0.7659685035463875,0.32323302442350443,0.6508295817171241
19029,0.3271043292373237,0.4657517312202334,0.6450993404282812,0.3798303852679288,0.7532318055434659
20084,0.42325516972308197,0.5535532250499196,0.45556902890152945,0.30915327741144266,0.8514307429854822
20403,0.4032896061970128,0.565763251112054,0.46249821539997243,0.37109750718573126,0.7171720540196672
21159,0.4601595307342897,0.39176219767402265,0.3908186449506738,0.4515598467244543,0.8822616494359928
30046,0.349854067252647,0.5062613412585868,0.44494206504788314,0.43003790145897264,0.8275164340507248
21020,0.47328857186250306,0.41473739368350715,0.40271962387564775,0.45635364095575237,0.7771461144782232
16033,0.42987240616873185,0.40814794024255985,0.5723694313979937,0.4200112836290724,0.6639688805647354
13080,0.46139087068694773,0.39076050968071724,0.4332946296578398,0.4610754331231257,0.7771461144782232
14094,0.3882973630005017,0.34882914501526646,0.5783907803547522,0.6521238904159825,0.5477950842859758
13044,0.5524326398230104,0.3799568943051055,0.5863892392841306,0.33482745013401455,0.6789471770362071
12050,0.5516060892238177,0.439536333027489,0.3668070994258321,0.5156457901362939,0.6101596542308203
17003,0.45313343476575696,0.41124850339169444,0.5741721838652933,0.49746855359169817,0.5251490749484011
5032,0.48972096537739884,0.3895734111425977,0.6169418608789105,0.5086812349439864,0.4666431205323492
20327,0.47457506806344085,0.2787005751066436,0.7487323002887687,0.3930666350006642,0.7171720540196672
16102,0.5323849934939134,0.5609562946016907,0.56799856709716,0.7699470800396004,0.2134908804820505
11005,0.558489151619787,0.43456950761553853,0.5751658792201632,0.7667580225954824,0.2604482450709282
31021,0.5445651317249743,0.4296430691710784,0.3808711874216842,0.3376210395956599,0.9257153714927412
20509,0.5219433375504268,0.37492986370832987,0.4704306078352971,0.3024205647256407,1.0
14006,0.5194254235928925,0.3136527369642912,0.5775356411920275,0.610968858135054,0.4842778890646183
14121,0.4733093006701243,0.2979710579952761,0.5703337604118647,0.602391043904779,0.5745035569136432
21069,0.446252204575797,0.38621548993007765,0.5851754757692869,0.3963517403994039,0.6963643413004936
16050,0.523287605858795,0.40581658901098616,0.5731003859909851,0.5351918770798629,0.426950137506385
30211,0.6150046799405489,0.3199204555933876,0.42820453037818745,0.5633020194633002,0.5851231354069573
7121,0.6217766361557802,0.4510614505212807,0.5115488348148244,0.1935232904989318,1.0
31042,0.559462814546355,0.3012035821514236,0.6104188692303072,0.31699226838928934,0.8514307429854822
19005,0.5107813621565657,0.206200704351924,0.6364871733611807,0.5570360952950317,0.7430174073632629
30130,0.5759650514453116,0.30773425533460813,0.491514008227631,0.4826067520160625,0.6594077639142162
12015,0.5113776097693256,0.33141199309380787,0.5624584284765584,0.480989754952983,0.6046625485289482
21040,0.695611428158632,0.4439659424055564,0.40180757447691623,0.3423857451023896,0.6508295817171241
21089,0.4165736559637575,0.4475331250872445,0.416436214842366,0.40357800215519124,0.8822616494359928
7105,0.3869392895100452,0.5002149299286499,0.5048832724308919,0.3321613026915315,0.8514307429854822
6005,0.48424084158436376,0.370324151025739,0.5777846632835137,0.5603141596806949,0.4759009652650052
30015,0.5885497158227047,0.3890942269744183,0.48600944374033467,0.40830749946465733,0.607375859660376
27010,0.4978044590589925,0.4415333178183384,0.5505266198054637,0.509909456926037,0.4471037074103583
30061,0.5424566427389508,0.33061742073100225,0.7338400670315913,0.4601225090699078,0.4554255630916615
10022,0.5663689601512152,0.37549412328694337,0.583261505851145,0.41253952244355063,0.538733063501105
13070,0.475539677956995,0.5784192839908783,0.39314882226615855,0.4767305630024385,0.5344740898901891
15098,0.5107127372162222,0.5729277202870445,0.3694588064750159,0.32190929232577536,0.7914566825269261
15072,0.35799217712998554,0.5617286294530042,0.36942446796647677,0.565134678746372,0.6550328681014498
21154,0.5557773948536608,0.3553977847585093,0.6105315817209921,0.652727901128779,0.3491514215505454
17001,0.5880236027388903,0.379525828200555,0.5640035977171147,0.3375561254521568,0.6467849483079785
7084,0.5644706468237943,0.4083636074900897,0.5141811025722646,0.2800910133829914,0.8275164340507248
27013,0.5077089447660887,0.4350240934544424,0.5380234854072132,0.5510579067754194,0.4190809109167064
20564,0.5689838120473865,0.29874763502179047,0.4312585345722743,0.3742361089944821,1.0
20568,0.5674512501043703,0.41504233781425814,0.4082307439720541,0.37294447641040945,0.7645232988719857
31011,0.781766329228659,0.29349660949276046,0.42678003766477746,0.32861405070131233,0.8514307429854822
15103,0.48903227690909323,0.43731747107242835,0.5857442175799112,0.4381098679467216,0.4992126293212406
20006,0.5019568854129559,0.31460830140338825,0.6336107950393343,0.47640855023733036,0.5745035569136432
31029,0.7742363589164573,0.2687388703346578,0.39447417487953135,0.33355567760562915,1.0
32032,0.42122056351152076,0.342357561675549,0.5792997972699803,0.5459563970064993,0.59943370345566
19031,0.3728727257825848,0.5190697225720765,0.6307237133981483,0.7069353929738442,0.3166057574753272
21076,0.4931262138174904,0.5325488302772163,0.4238753060838219,0.422070862772852,0.5807482395941909
26029,0.3638446908155104,0.4147627219941099,0.682170010028758,0.6892001252377659,0.3841790296374356
30183,0.5449166387127413,0.4613877787025255,0.4263651500559719,0.5140280471397547,0.4943181684978905
31047,0.5623616836367487,0.2764825376386148,0.417146530963718,0.45333638217438615,0.9257153714927412
26027,0.6105207551277688,0.24914610995757425,0.6422099146145126,0.30045687459454945,0.9257153714927412
20246,0.564006840166764,0.32080401986619084,0.4854207534137619,0.3092315436981376,1.0
32034,0.48094534138918754,0.50624272963321,0.374257838311027,0.4711373058872451,0.6319793675308782
26041,0.5334531092305596,0.1896618410658984,0.6406046387964924,0.634582165480209,0.6594077639142162
11002,0.4762906275153127,0.4344127441717138,0.5727334729377179,0.6384059505885116,0.3584315485062691
31087,0.7823590339712909,0.3796310594199699,0.43675487133732893,0.25159514543307565,0.8275164340507248
21189,0.39898317329012023,0.38729618765938767,0.60651967674646,0.5116693022517877,0.5630100464373469
14079,0.45757440475846134,0.3503249515659199,0.5704041602516978,0.469674131054836,0.6285768574637054
31086,0.573489581841444,0.3510342111748924,0.41317932657181655,0.3242034319886398,1.0
31079,0.6579946429258932,0.1869703364856996,0.6097392653875457,0.6042819981946551,0.5944481503487452
7006,0.5341703460185586,0.2854685542344513,0.4998557488783101,0.4372838406606411,0.8079770209287339
17004,0.31382388663662686,0.507422556459799,0.5711438230373316,0.7008713229537157,0.422452831554483
22005,0.47000835927436163,0.34410741362773645,0.5901197399643869,0.6794582262714676,0.4148958646932897
13008,0.4630725281416983,0.3514089865423923,0.6004435394260259,0.6811509780091776,0.4036499853536101
30007,0.4559863186547671,0.3545176414706598,0.6801457575127902,0.2765215050202837,0.8822616494359928
14050,0.5137320753799883,0.5546854184795713,0.36791508323228206,0.47333230173641005,0.5401911821184902
17013,0.3444501270603481,0.5900487473777938,0.5749252732293973,0.40834833818393157,0.5612088264721999
14053,0.519573315751334,0.33834595181291405,0.5729161271047072,0.7777522641956915,0.341068252081851
15073,0.35858421207404634,0.5915079494529814,0.36970474335217424,0.632329124791915,0.538733063501105
19016,0.4740151273284316,0.39349467030141116,0.4363919721872881,0.3965407440962603,0.8275164340507248
15018,0.5217680242693223,0.5720265935557511,0.36949767587376864,0.5085930734025482,0.4759009652650052
20153,0.5045566837395424,0.34612738186807523,0.4509789610841298,0.38414197793838767,0.8822616494359928
21202,0.37484446095321644,0.509390960760425,0.41835916565460723,0.44328405750515104,0.7532318055434659
20083,0.36603453290745336,0.5901394782980243,0.46330932284359055,0.4260182514883919,0.6252790567992559
26035,0.505273916393809,0.33259078264775066,0.6435187768517905,0.3658721477963175,0.673718331962919
16022,0.4684492174074594,0.45362350871539264,0.5714977928734113,0.39110530147289657,0.5612088264721999
31036,0.5621011821957597,0.3331502016203352,0.42023863967580316,0.36570020594453867,0.9257153714927412
24013,0.5306808229941808,0.3656504355934896,0.6509472309035627,0.6924567356492334,0.304551484662232
21094,0.5793812732436197,0.3213379401513332,0.6170414484066958,0.49291420546690984,0.4704038595631332
20363,0.4327694499752423,0.49106684262882805,0.4623514976504547,0.3275546500930082,0.8275164340507248
20346,0.498688531490335,0.3639733286052115,0.414451409358305,0.38199305536541334,0.9257153714927412
24059,0.3608522253055355,0.5948475353822178,0.4007463770138604,0.7258972532094854,0.425429969250002
30090,0.5116944028638111,0.4862121341923612,0.5119128201565502,0.2875763666247362,0.725114210224383
16042,0.5471313849119533,0.41120603291753477,0.3628014490391319,0.44296306927317214,0.7336923924214751
16017,0.5157095874746057,0.4908338103214321,0.573979330078083,0.305792758683915,0.5969119385149223
12067,0.5790088581930448,0.3632661982241067,0.3646412077911479,0.47633830692025814,0.725114210224383
20115,0.3697895383252173,0.5258379146075329,0.4641688353083211,0.4831704898727455,0.607375859660376
30126,0.4462508467302687,0.41827421147720556,0.6932410421764653,0.30828713064630087,0.6639688805647354
7004,0.544651159110157,0.28205753497207287,0.49282324755746865,0.42241354870472764,0.8275164340507248
23007,0.7552949976555785,0.32388625209294486,0.5497891378582903,0.3892252253649024,0.5053972334810175
30125,0.4010347360085079,0.3137526998972695,0.6712870428451254,0.5310502087999487,0.5896842520574764
20126,0.4213475447850996,0.2564427379995629,0.4945077475106753,0.4945412926534509,1.0
14105,0.3407358086862192,0.5494862949639897,0.36578889941408566,0.588616066456806,0.6550328681014498
12055,0.45941054877269166,0.34355521424947877,0.5631845104501654,0.66346536058567,0.4477214040204251
30002,0.3258159077140025,0.5514098015232376,0.4401389538103321,0.3920028158779788,0.8514307429854822
21204,0.390866088416135,0.52972480661716,0.42199068425455694,0.36441777276992054,0.8275164340507248
20513,0.5212338655569403,0.3932764738858085,0.3731351972917816,0.4037810657616187,0.8514307429854822
13069,0.3811300036745252,0.6017589571517321,0.5902582735787468,0.7481397048285763,0.2593743877378405
20226,0.5779851255107378,0.3219759175876301,0.4929872561362053,0.28625758411851443,1.0
31097,0.5549554338454692,0.3031243550926038,0.6003043123174485,0.2943393798229492,0.8822616494359928
21156,0.5367422317232778,0.32264945415588836,0.6252006472680406,0.8103517557413583,0.2985344503958405
15107,0.5837193336777288,0.5125767390679233,0.36611001597109183,0.3672507878113481,0.6508295817171241
11042,0.5291209101372649,0.44412201953479946,0.570832789534715,0.6406283500779311,0.304551484662232
17011,0.4861229682035111,0.5014742682414548,0.5689623979336419,0.7903607881075689,0.2387365116945257
12049,0.5718694952941175,0.4222666893151238,0.3653347239690999,0.42587403649566813,0.6963643413004936
20190,0.5253521799074111,0.24630431290512655,0.5130531710267237,0.5154350980102582,0.7645232988719857
11029,0.5229155675286103,0.3516858592577079,0.5876928464723952,0.5167482360400988,0.4681316175876462
20111,0.6470578956596359,0.3136917148211726,0.40722963612906493,0.31622290224077204,1.0
21077,0.4193430482323444,0.5651888690082478,0.4178009628387887,0.2639132422786006,1.0
21115,0.5168312529795613,0.3168213167194729,0.6146897365506755,0.5552324526371187,0.4673847848429501
13021,0.45019689404362695,0.3568599910665464,0.5953384211709274,0.5094554309535269,0.5358750257235614
31055,0.5717706212864886,0.33852201126110765,0.4270573450941644,0.3156382111435105,1.0
28021,0.589380025987025,0.276807544237455,0.668778130389709,0.6068601652510526,0.3938469890803873
7016,0.7264068789559929,0.2813163042153247,0.6918065908668177,0.2594533132210321,0.7097780834867178
21145,0.4291911668650371,0.5937074308667682,0.45544913304236856,0.2421946383873843,0.9257153714927412
20102,0.5296384318296894,0.46419922910502853,0.4472250665148293,0.29288387370202323,0.8079770209287339
32052,0.6522422946688681,0.34588375466934485,0.3805053482387953,0.3957867632105012,0.7645232988719857
31074,0.5717482092097523,0.4108896540334821,0.4274355437887157,0.2930745303353891,0.8822616494359928
24035,0.5318320182742857,0.5040995304409888,0.6028553048387078,0.7300503674167478,0.2199488619636471
20522,0.5285991041015223,0.3564963962104688,0.4809045928879481,0.2862294195190127,1.0
20330,0.4577655464577199,0.4303181809789346,0.4587281340423903,0.2870088581978033,1.0
14057,0.5302860385192597,0.48490076124490966,0.36677775691274317,0.31138667206018544,0.8822616494359928
31035,0.5692444046162332,0.37301793004258016,0.4202635462743354,0.340823029822536,0.8514307429854822
10036,0.49353315535007863,0.2351691242962079,0.5937769952505811,0.5734982281022591,0.6550328681014498
31057,0.7751294273098854,0.2678002903842551,0.37547251459939746,0.3587485993544781,0.9257153714927412
15001,0.518012104381705,0.4704800024282145,0.3756913001618815,0.5945451796128557,0.4750981894876865
17032,0.526655096091294,0.44896367342064475,0.3789860089174987,0.4017391460999538,0.7171720540196672
30210,0.5131940086587496,0.42770329499749604,0.5396718110927583,0.30384710185088043,0.7171720540196672
20414,0.5349829385386203,0.31902318038438804,0.41174679770957995,0.4311805298287162,0.8514307429854822
14095,0.5243742372847706,0.39508846139401216,0.5749789494844542,0.3050059453353015,0.7097780834867178
11001,0.36657406754836297,0.5055984825534937,0.569226113471991,0.5904391794388147,0.4139876383664461
20244,0.5685488375369229,0.5265172180093063,0.4426413014743086,0.24078861255135298,0.8079770209287339
8044,0.6543529916705763,0.2661733621819318,0.6025436666623303,0.34239453866943054,0.7171720540196672
13039,0.48416237581884963,0.5580755330100794,0.40433734869379956,0.40745526114814257,0.5786259907364864
4007,0.5595904609387927,0.31324321395572874,0.4856945976350186,0.3023020150926885,1.0
20040,0.47073296752361116,0.48883219626563296,0.45336810749804346,0.2663353827048469,0.9257153714927412
21180,0.5418365211868534,0.42519619064002867,0.3920640284326543,0.5857259662700938,0.486034814726526
19051,0.37445426411948657,0.44465971696224926,0.6293614609796713,0.2964041609711732,0.8275164340507248
10008,0.5364683935780235,0.31266206364853266,0.5853309869959007,0.5157301979696692,0.5075407062352487
20142,0.5423618055378583,0.5063956845339241,0.4478332402976955,0.20887784119996972,1.0
16076,0.5308623708025715,0.40530825928180775,0.3642767051822666,0.6928037254370534,0.4727253235846721
21106,0.4755858318952555,0.45936436763754185,0.39219613874985254,0.5267503237411066,0.5686027970051493
30028,0.3398929097017048,0.707655575896,0.5478709478848,0.6007174411008032,0.3241560665701543
20241,0.5660493620170013,0.3226608094572416,0.46301846462771223,0.30341020228805526,1.0
16098,0.4829605897478044,0.3514670944619779,0.5718889473063807,0.41577395159743613,0.6354934549794589
16071,0.4970475846181061,0.3761982296195373,0.5690646869323551,0.5186034932591606,0.4644484349938461
15074,0.3221202123493436,0.5617481738630313,0.5728365944741857,0.5217625364621038,0.4735104557787167
15055,0.36615988246537057,0.6522680771449283,0.3701444977318184,0.5171077228826575,0.5594373801050112
14116,0.5336114370004632,0.37106609941449337,0.376066861013458,0.46806311609882134,0.7336923924214751
20180,0.6640988164631503,0.3301512165586347,0.39557276872358244,0.29481536658836593,1.0
20015,0.5994995723576863,0.29378808964825454,0.4766695762540266,0.3450574369156979,0.8822616494359928
20302,0.5691171958266431,0.31861628495813227,0.4104312675796745,0.3431489803600274,1.0
20517,0.5557465574789533,0.2811039041529628,0.5019153272789542,0.36893521133882884,0.8822616494359928
26001,0.5400523737458571,0.37714414136220414,0.43858818638372093,0.33544533306614993,0.8514307429854822
30118,0.45470598747193147,0.2881184420748043,0.6429070020652004,0.7354041689756949,0.411750186219267
21031,0.6676008488605779,0.39423070638396834,0.3929118336600165,0.30519760184556677,0.8079770209287339
20166,0.48731293954153965,0.4228393543700152,0.4740782611907706,0.3410005594111529,0.7645232988719857
30145,0.4037180444023124,0.5363153937993538,0.5413956367824375,0.3245412349159261,0.668732778856004
21207,0.42661563120133394,0.4596609876631681,0.41968356637616705,0.4965903631867504,0.6220797127932347
16095,0.48001752895791344,0.29206461129091077,0.5604350094847653,0.4905979698851304,0.6594077639142162
21186,0.2761079631258375,0.4684393329707612,0.6211996856417874,0.550541858257175,0.5745035569136432
18014,0.4302596380712601,0.34627577086859784,0.5812348049333227,0.444643666763202,0.6594077639142162
31106,0.7860428385143609,0.3661559208159474,0.4196696786117318,0.2270563676758276,0.9257153714927412
15121,0.5426639725475075,0.6652884184126593,0.5798315737395967,0.8646365562888668,0.140220763187027
21002,0.5576053067352403,0.449068296178378,0.42467586625154113,0.31684275098935866,0.7532318055434659
31066,0.7680045625125023,0.261881529958812,0.42050236805298596,0.2999672949014563,1.0
13022,0.5239287356486249,0.5035425780796898,0.60132631738818,0.2782556446734361,0.5745035569136432
30021,0.3716586220483874,0.30094815890334986,0.6615010498775215,0.5197050568707915,0.6594077639142162
4004,0.7423313602910019,0.2067241918869969,0.6216510551945273,0.5941860909322186,0.4471037074103583
16035,0.4145149912084871,0.33964301046360196,0.5788536868754671,0.437194332021166,0.7097780834867178
15082,0.5037246371702674,0.47264019026180115,0.3679864589523017,0.5102885022266075,0.5648420579743655
19039,0.2692842205858681,0.8392545372141296,0.6264625082177233,0.9240164763972828,0.1929579682106474
17024,0.3604134614241481,0.5070639115250462,0.5676821188986292,0.45871757080162545,0.5303779200216894
20270,0.5228467656220641,0.3528234096639517,0.4358247223929597,0.31355592736867377,1.0
14026,0.5033158558054647,0.4240219758288502,0.36795020320909455,0.3967846763968135,0.8079770209287339
20387,0.5930205607131128,0.3980824586628243,0.46290299304429877,0.29080450326619284,0.7914566825269261
14091,0.5192652634641546,0.37017456073996174,0.373827505103617,0.5154101676511313,0.6789471770362071
14084,0.4075067331817951,0.4191382786344069,0.3959965714903841,0.4598270510721292,0.8079770209287339
30138,0.5211609764958406,0.28400935925966525,0.6403792481754061,0.4701477539344896,0.5630100464373469
16062,0.5204422406882652,0.4277961659614633,0.363355485230158,0.4262232778459547,0.725114210224383
11008,0.5370638727473498,0.41096817331411917,0.3667912748275938,0.5496416013394798,0.5612088264721999
30209,0.4710452083989163,0.3525536870995386,0.5294077579385702,0.3766634277525781,0.7532318055434659
15081,0.5625001538333932,0.5646035884418155,0.5856446671728792,0.748132756596356,0.1791661054425913
12032,0.4874829214731964,0.43603254728142166,0.35770711005703903,0.42118155206705044,0.7771461144782232
15104,0.5131860407463606,0.8274798029415444,0.5784997173003963,0.859226762674763,0.1178714220589106
12079,0.5874981112449207,0.36652376985273566,0.3694231366607171,0.33783130224576396,0.9257153714927412
15099,0.5132422148921048,0.4594929820930572,0.5866285133295401,0.7285385158077022,0.246787194556781
32029,0.6169078498702085,0.2892586461233433,0.386441388403148,0.5392936229242498,0.668732778856004
30084,0.6035308390391608,0.3984328601969212,0.4855839290044498,0.2783974432814718,0.7645232988719857
32008,0.5506224117065572,0.39060623844057113,0.5826550323462294,0.32792931721822555,0.6046625485289482
16075,0.45299955159798083,0.32706969126441676,0.5630061541077105,0.5511893050317836,0.538733063501105
30085,0.34629470191524997,0.2957007266052014,0.6470859419588497,0.7129614913553057,0.5238807753512185
12061,0.5721849864304793,0.3850369523521317,0.36403648955959195,0.5351368634413144,0.5765449532098653
24034,0.6128043511629568,0.3546131042489253,0.4628492336498028,0.38031462665380233,0.6467849483079785
21126,0.514469599363023,0.4633264842685062,0.5925183838947667,0.2167591888446627,0.8079770209287339
11041,0.5425869641780606,0.45414388348184154,0.37118465018310987,0.6539314377973438,0.4135363953201607
7045,0.6132398521749459,0.38493825368441836,0.5148814417898773,0.23898111492212631,0.8514307429854822
30005,0.6785181422441083,0.3746963098796954,0.4878411460949043,0.2259282673571535,0.8822616494359928
21144,0.41175996531604186,0.35582074441134237,0.6081779877143172,0.6024488746617849,0.4601894613829301
9013,0.5108946075297801,0.6932727134569334,0.3764157368453195,0.7511483170686882,0.2462186517636385
9005,0.5087923996213952,0.7345372793830798,0.5794266529749945,0.8319295965175739,0.1367962870894914
16010,0.4715769126183045,0.3619535239217153,0.5970130173827195,0.4349569325907464,0.5559799813989118
24015,0.4945754775429908,0.28382829607093324,0.6092735814118609,0.48263434769513486,0.5969119385149223
28043,0.5620959866540001,0.3036080018272732,0.6639094203610609,0.3796698222252314,0.5725003198007196
14097,0.5160331905805157,0.5400663648276078,0.5672123739142905,0.8320611574408409,0.1871393750355826
32005,0.42018088635004996,0.36420385854187415,0.5781900870347416,0.6730589739218468,0.4126395694576821
13054,0.6405314377476548,0.4582752146676834,0.4015545734082675,0.38375340615184206,0.5431683198140091
13007,0.40657101502884874,0.3898054030756143,0.6027910626201483,0.42680599229641736,0.6020162396286254
21122,0.5538435792672272,0.49280922505489166,0.3920157134802634,0.3500038314022613,0.6550328681014498
14078,0.5682017485790214,0.304899895719315,0.3676608198092908,0.6058379618498414,0.6354934549794589
7057,0.4164200914488304,0.3998213386863134,0.5072474217704592,0.4758071149424712,0.6101596542308203
20570,0.39800446512044335,0.3429207519057409,0.6500933910420457,0.48572756172696946,0.5686027970051493
14073,0.5476135723444617,0.3097404454769854,0.37061003342197407,0.6654584600571138,0.5851231354069573
13006,0.610427623436828,0.39821174041653606,0.3969326450376969,0.4075488444473355,0.6220797127932347
15090,0.45245627584703796,0.5185553952407818,0.36886921083177837,0.6635837266686934,0.4259342998991253
30197,0.421078903072887,0.5430040513318561,0.4373563956823644,0.3088382540704644,0.7914566825269261
20318,0.5368128550693954,0.33469097806524517,0.44835793774959043,0.5986860306143298,0.5064636110869319
20369,0.4129686138482933,0.47114233506689296,0.46368380596010816,0.29238513001684135,0.9257153714927412
7011,0.5183010961940947,0.30470820033246,0.5027547732620418,0.3322162123140422,0.9257153714927412
4011,0.6824658887822994,0.20215189718350335,0.642571338384686,0.3753868359750898,0.7336923924214751
12062,0.5228751533643144,0.3139648970871001,0.39371997428792793,0.48559071937272147,0.7771461144782232
14123,0.5412699898050934,0.48686948404851793,0.366125063252265,0.4413270496286138,0.5725003198007196
21217,0.39869076078535204,0.48769558190713386,0.44775701376585586,0.3379968566115154,0.8275164340507248
31015,0.5654605764056078,0.36295965671178887,0.424496362564036,0.27905669153201224,1.0
7083,0.6953494862347722,0.24579360780875464,0.5034810195063457,0.3494890161862003,0.8079770209287339
30063,0.45358262860035353,0.2877944361093592,0.6601721237450369,0.33112043692018867,0.8514307429854822
32044,0.544510901541615,0.34621189657106954,0.3785647437375334,0.5084811558260862,0.668732778856004
14092,0.49910139815982835,0.4300691589900514,0.36845999528394685,0.38699358280244694,0.7914566825269261
7020,0.5402252309070634,0.2562404406421602,0.5091811709933364,0.38866180323864036,0.8822616494359928
17017,0.5467846164659186,0.39149589269559926,0.5635376288424103,0.4695987362930859,0.4264410150991886
10020,0.5405146491561837,0.35733706798935094,0.5903895658869043,0.3294851297336757,0.6428874255124083
32020,0.5350856623804081,0.4954257971630299,0.37611673555070907,0.5843316369567229,0.414440789422829
13009,0.6127691086333781,0.46396901253853595,0.4024156329441112,0.34583650043117187,0.6101596542308203
25009,0.5275038497102309,0.3201619860464183,0.5888793791768296,0.5337550479516077,0.45410245906211
8055,0.5550661556675056,0.3883947676484413,0.6179653301309702,0.3222600926944674,0.5612088264721999
21099,0.6049548172400052,0.2906619827447785,0.6260406660514437,0.35866552210407604,0.6101596542308203
14022,0.4746162575820733,0.44031767758309287,0.3938599497454514,0.4881824938780508,0.59943370345566
20349,0.37261957481267083,0.517212098991536,0.4671425767464311,0.32325261654387394,0.8275164340507248
4012,0.7881886868499086,0.2887512691156878,0.4209448429633126,0.4077040523508555,0.6159540418574678
21152,0.5338229694589819,0.332435316469345,0.6120170351663804,0.3310516371052402,0.668732778856004
20539,0.41442572067494565,0.5368916137749266,0.45143844249077353,0.32626352069749615,0.7336923924214751
21078,0.3678751127892882,0.4810401327258177,0.41739957441952436,0.3822965746482931,0.8514307429854822
16039,0.4662299127433976,0.4414526092329636,0.5710949020270052,0.293696399293469,0.6963643413004936
21150,0.6714236043725977,0.4168274336460751,0.39448411511573356,0.2800965242222701,0.7771461144782232
12044,0.5862324928740745,0.3648291212290332,0.36608278302360986,0.36013554566126316,0.8514307429854822
20177,0.4525851263677375,0.3195366288108037,0.6426672049023289,0.34286237232245687,0.7532318055434659
14025,0.5363987633361316,0.3703803278104786,0.37571764358758797,0.46577691459090487,0.6902386703647267
31001,0.5693477007641272,0.4000807175033266,0.4295631177938343,0.26457463570563744,0.9257153714927412
16024,0.3778954362287911,0.42302039734887253,0.3668487966387867,0.5493385830508273,0.7430174073632629
16074,0.5221916307557517,0.4197841500387014,0.3652251821435655,0.4069072271970185,0.7336923924214751
12060,0.4614384484127396,0.40259863068842877,0.3646664982762175,0.38082575718321204,0.9257153714927412
20367,0.42912133170714944,0.3148547548778414,0.41686444925920546,0.42397638510086855,1.0
15049,0.5150729835622915,0.5042099904845885,0.36883317995996323,0.3829249704716471,0.6508295817171241
9010,0.43620580720609636,0.7521795087311862,0.5737981129605207,0.7537117798645199,0.1682189176370417
31071,0.5554961117924839,0.297888652897238,0.6067663807881953,0.25678041885647723,0.9257153714927412
20431,0.5318154086619247,0.3949670281690231,0.6388249171463664,0.19211220359024617,0.9257153714927412
20146,0.6055768311624071,0.254527717575774,0.49443896722524705,0.31311642625150504,1.0
16036,0.5402176268064465,0.4360957958822212,0.3706169318586425,0.3768041251465193,0.725114210224383
17008,0.36874551520763943,0.5567061799882665,0.5676030715145407,0.6598777359691552,0.3100657362028995
16088,0.5223551976426055,0.5296720598408406,0.37121628404784773,0.5731078365576254,0.4048889594436562
21194,0.45923008356945766,0.37049471681811696,0.4222956708711518,0.5579590874524623,0.5944481503487452
13048,0.5246559893141405,0.56655585645738,0.6008802789315936,0.7400726675234581,0.1802840584126617
20325,0.5255563139362527,0.25629288526035293,0.5123718927883535,0.39087447904848405,0.8822616494359928
14008,0.5420738808016664,0.32297277926549683,0.36636462618179955,0.6942025569471559,0.5344740898901891
27004,0.7334192690186844,0.4845567228437786,0.5252820378468851,0.8284768785034275,0.1537259324121066
16082,0.5362648725133881,0.4131966175759276,0.37266644742354,0.5582035214111385,0.5153996235502176
21200,0.45668659828155644,0.445109735338697,0.41848986731161925,0.30137243630813654,0.9257153714927412
23009,0.7596260954388466,0.36129141114860086,0.5652604473761513,0.4705703412995259,0.324941198764199
20039,0.5322057045085011,0.45160611103010384,0.4096862672634781,0.5596880995613799,0.4300567337219686
30092,0.3400858947369936,0.5424444832227348,0.4362540186736997,0.5070108973385437,0.5807482395941909
21108,0.6387797493401047,0.2965966295597199,0.6182190980646736,0.4167271231700266,0.4851527515977523
20116,0.41935458950439375,0.438292822422368,0.4575434480448745,0.3191524460220743,0.8822616494359928
14046,0.5402725161988706,0.33108005057998946,0.3700752574481524,0.5738074179713009,0.6220797127932347
7100,0.5582023808643702,0.2991230715502723,0.5002633867370646,0.320590437673288,0.8822616494359928
16110,0.44150047280476756,0.3875096470936539,0.5723436047149801,0.5048094682019117,0.476709799784738
20353,0.5953854383842403,0.2883505460685708,0.47160546658362634,0.2909890941267599,1.0
11038,0.5482041939025453,0.3514908188136614,0.5733845705899305,0.3642878652153645,0.5851231354069573
11026,0.5639810693072957,0.43271968863932486,0.36955884025047825,0.5476834757347857,0.476709799784738
7019,0.6371185990088951,0.24393558065666482,0.5019007671400283,0.626512542420653,0.4816953528916529
15067,0.5107489245412937,0.48354290492476054,0.3721426918531567,0.6009944388886632,0.4259342998991253
21166,0.4802341976055302,0.3699373362592747,0.5865317901887062,0.3241629284535564,0.6963643413004936
21060,0.4672921665148406,0.5227946275790553,0.39311807253053366,0.3025623530244184,0.8079770209287339
12035,0.556382632324294,0.3487008753746374,0.5597627230547987,0.6337954045765659,0.341068252081851
26020,0.543196886530775,0.2559745094461088,0.6423718164734431,0.3175079636931689,0.8275164340507248
14021,0.4635387824639801,0.3489333286787268,0.38357224457129974,0.5328762899792054,0.7097780834867178
30079,0.3350040148024027,0.4738003822753861,0.4365882545613234,0.33820296222806556,1.0
16025,0.4728919903778824,0.3805959711018412,0.3655275562442114,0.6499463377654763,0.5477950842859758
15117,0.5265277685555989,0.4292938079905041,0.3656642803069494,0.3420569338798283,0.8275164340507248
10001,0.5032905871065769,0.30647276638212473,0.5929981055533251,0.4496540993106969,0.5686027970051493
14118,0.474961125238104,0.44359340839470973,0.3713491007755481,0.4465918667484522,0.668732778856004
13025,0.46789209824336575,0.3979998335854536,0.43890072791339174,0.3846782705982841,0.7430174073632629
16001,0.5845956658476474,0.38883775866330034,0.37155431730077654,0.42194565403158757,0.6550328681014498
9009,0.5112879089132061,0.5123270629408123,0.3760853443169915,0.606131155928481,0.3908903859825862
30195,0.5332119582790646,0.3409396004832209,0.4401767859159085,0.3304509124241975,0.8822616494359928
17020,0.4240018861379619,0.448015698724438,0.5722195535526151,0.5083827954865148,0.42196458439947
14108,0.3855044378456258,0.3105681147794098,0.5732808930756853,0.5712373777485359,0.5944481503487452
21101,0.4452451539000445,0.5642594509830665,0.4194316621694959,0.2504913404778579,0.8822616494359928
20328,0.5469444347267634,0.3268431077956446,0.2816522389646461,0.4623868315118261,1.0
14070,0.3433615851753126,0.547537838593445,0.5668905793251572,0.8020145117435544,0.2723048368156867
14064,0.5391821078181089,0.4272525345977214,0.37694713880629793,0.4431009411937796,0.6046625485289482
20012,0.4460469854121759,0.36061773559413746,0.47827786450835336,0.37411171138552235,0.8079770209287339
5006,0.44458836192553697,0.29974519097794994,0.6108583311696195,0.617968792002952,0.4615903972163024
13011,0.4632396156905264,0.4495880261274333,0.4377952638518905,0.327471714196477,0.7771461144782232
14060,0.5329410046085814,0.44287490755207204,0.37192643855179613,0.31933769260970823,0.8275164340507248
10035,0.45568392151204806,0.3147194250357175,0.5921012614850376,0.38806999714572077,0.7028614859709643
13019,0.5926535833102512,0.5051946941517707,0.39785559772274415,0.2986866181145805,0.6508295817171241
12075,0.49446865728019335,0.4237343833761967,0.35982821914256974,0.6224654696524098,0.4933655394239652
30064,0.4964842374211952,0.5659518908999253,0.41886261404962843,0.21245789640904675,0.9257153714927412
20136,0.3966753022457995,0.37972549358138064,0.4616654941034389,0.39026512542219083,0.8514307429854822
14009,0.3124167589591007,0.4202549354036722,0.5736373148217158,0.5583282387786175,0.5493828179949455
20547,0.5829932221514031,0.45617230366349176,0.4199703580114818,0.22328485188166464,0.9257153714927412
13081,0.3548832784310396,0.42327506246408364,0.4208003186628376,0.6191037082106365,0.5896842520574764
12064,0.5432043370647699,0.36594746689542046,0.3658014440366847,0.3427448569341238,0.9257153714927412
12019,0.4965777591242444,0.2992990947305396,0.3634769263772229,0.549017909683299,0.7771461144782232
10013,0.5007031438540327,0.2248339900603217,0.5980246866373277,0.49133688182721047,0.6963643413004936
21118,0.6043736578434304,0.3630248970346387,0.4074696583409546,0.4555421494876587,0.5648420579743655
15056,0.49732419773343167,0.4006271885212652,0.3744308017173604,0.5244180986745153,0.5873794306425648
17033,0.3627996016302451,0.5068633629493131,0.37703744017967955,0.5840693084602318,0.566705932174072
28022,0.41152928385762333,0.4250236560689734,0.6667190840891541,0.814248829311573,0.2415945494720693
20192,0.42537488741354235,0.4280649808975064,0.46850605188805317,0.29031803077055496,0.9257153714927412
24032,0.3992664710720954,0.42800295007151645,0.6010382799629703,0.45156232414151665,0.4933655394239652
8002,0.49684970944180756,0.28460141279384865,0.6205558489654335,0.49749577932403627,0.5238807753512185
14103,0.48391592222293767,0.33008175712943266,0.5754675483882786,0.3344637613403436,0.7430174073632629
21165,0.44480660157861246,0.4123779922173928,0.38134390170078436,0.32650561696739255,1.0
21199,0.3596770541967321,0.4561570982833514,0.42430433288388547,0.5348397311766213,0.6130176920083639
14058,0.4091013056777544,0.4741606956516289,0.40321361259129446,0.4417516305536173,0.6594077639142162
20401,0.5582896499387481,0.32904727546341683,0.4546181632595472,0.483953292923479,0.5630100464373469
12023,0.632883902170605,0.31588506953769957,0.38963684375801994,0.4643723331260672,0.6285768574637054
20406,0.42074756752313347,0.49721949153914113,0.45812337191488856,0.2859613374944182,0.8275164340507248
13003,0.5029676213279828,0.4374315545483296,0.40526559658676,0.6547076572340707,0.3876588829170103
16044,0.40356355639367014,0.4494545092275362,0.5683786247229206,0.3205587756861845,0.6844442827380792
20171,0.4116742535901351,0.4541272258811175,0.4596521364637896,0.2978555511336248,0.8822616494359928
20499,0.5297720602857344,0.355644483528499,0.418242475619315,0.2862933759566523,1.0
31083,0.6088838421517174,0.3924784538568714,0.4334405644033181,0.24684037710954299,0.8822616494359928
21206,0.6672003611517262,0.44830170925338153,0.3975515378083012,0.23961980187499546,0.7914566825269261
20225,0.6280177689226578,0.3252468983744573,0.41474467736158643,0.2874831149288229,0.9257153714927412
20322,0.5670651100121522,0.5255201477534345,0.44902586211347656,0.16843735407500676,1.0
25018,0.43021003875703634,0.4002945711845583,0.5832159579146018,0.5950995844067597,0.3768992520456704
7022,0.5413539120482012,0.37412954604171583,0.5061219979255172,0.2373198718581457,0.9257153714927412
13077,0.5007522032722114,0.3777332381631807,0.6076538390647681,0.683972620909066,0.2864605223667046
20398,0.4630143889753659,0.33947175684374276,0.4600132542744362,0.3657794858735541,0.8514307429854822
30040,0.5146176493836652,0.4354288332708292,0.41884831052751953,0.4188548816391019,0.5725003198007196
30060,0.603834325740319,0.2601105861538235,0.45874279573072807,0.40178575033376435,0.7771461144782232
30102,0.5566917671802819,0.37096274236484106,0.427253416952056,0.6197609738324736,0.4113082471799641
21162,0.41203312112245827,0.46362951781271555,0.4163305184197263,0.3047935931359203,0.9257153714927412
30014,0.3443268480848203,0.30217886517973214,0.6561856156089882,0.6288124889072474,0.5226273100076635
15088,0.47584714502306746,0.5850635841909377,0.36796127994418093,0.555025907989272,0.3945990627994913
15116,0.4897101993445437,0.39830855278701904,0.3693448996356431,0.35265882179588953,0.8822616494359928
30103,0.4863488502071504,0.513877822721447,0.41799308390910356,0.2923869707755892,0.7336923924214751
21042,0.6493630303426742,0.35422298373692707,0.39260922142230725,0.26799850412528126,0.9257153714927412
16108,0.5254466719616748,0.35008820948741504,0.5629910592913463,0.7099319235152662,0.304551484662232
16084,0.4654673569965971,0.32998709572566387,0.5613398919787451,0.48897917926202505,0.5303779200216894
15052,0.5295028877560397,0.4473857437512858,0.3670703632337342,0.467945529297775,0.5493828179949455
24001,0.5007893450940646,0.34000712996848237,0.596764660329813,0.38153781113181096,0.5765449532098653
21175,0.6305964691462078,0.4186244424533641,0.3901201705106382,0.3391999671774282,0.6391266864816243
30033,0.5460885422322583,0.41822916028257984,0.4257922516796061,0.30886472175193763,0.7430174073632629
30115,0.5227173543992939,0.283572963139499,0.6380855188298445,0.42027972507960315,0.5612088264721999
21182,0.40426933338234616,0.3980268484305478,0.404252528299273,0.4410714246628504,0.7771461144782232
16109,0.6470774502344833,0.4022361523009966,0.36533162304116923,0.3013578513974971,0.7771461144782232
11030,0.6463129069872442,0.3198828105813009,0.5803721711791084,0.6069628874881868,0.3056976994937972
30143,0.5852807872649023,0.3311626394115831,0.4889743431814937,0.41388336026781014,0.566705932174072
26050,0.5705137191884266,0.29356726222905094,0.4417193001863648,0.3243168105478873,0.9257153714927412
15009,0.383277806907552,0.40368429246097115,0.585013725996453,0.5667999019963468,0.432716177013528
24022,0.5263255619472093,0.27456613291328696,0.6026200955257897,0.4234290568183981,0.6020162396286254
26069,0.5315077103308002,0.4536472631241515,0.4225922532956982,0.2751196999404279,0.7914566825269261
5010,0.32395547657180446,0.402153092875623,0.6075784774753616,0.727965890035948,0.38486601958708
10033,0.4912963502529232,0.3368812612159141,0.5814755869595329,0.29641907042245524,0.7771461144782232
28019,0.454095155844629,0.3519374981121258,0.664418282915322,0.314428523682152,0.6639688805647354
17036,0.5132702453494935,0.4047155924163709,0.3818640956146753,0.3594314707138103,0.7771461144782232
14029,0.4561495039634747,0.5523440101442183,0.3696150066333268,0.3111033260145123,0.7645232988719857
15004,0.5613324763748444,0.44406857376863607,0.3668392003664605,0.3256731382475625,0.7430174073632629
20334,0.49797516023825605,0.3065935564463381,0.4272208803974758,0.5574620651929489,0.607375859660376
21215,0.40356862273362015,0.46867658363349024,0.4166384144303684,0.32871245149291234,0.8514307429854822
19038,0.2947599691673611,0.36596444307150744,0.6403362162135439,0.6131012381580403,0.5201635218414863
26043,0.526227264158299,0.2662689095921809,0.6454684721447336,0.7542756077925343,0.3227957754950816
20247,0.5085725803268255,0.37405652255439115,0.46704358019349035,0.26772718153115443,0.9257153714927412
21151,0.4082678014302181,0.3871792754173111,0.40521762030246256,0.42543542810002477,0.8079770209287339
14040,0.439520682507721,0.3849090096691926,0.5805000815392813,0.3244880222718799,0.6902386703647267
30147,0.4794626055373331,0.3157379522519741,0.4391056584854248,0.3993305396478397,0.8275164340507248
31094,0.5504678120143913,0.22071132022002332,0.40805325754374505,0.4425996357547871,1.0
24005,0.5824385772778291,0.24743516204325236,0.6278935099409404,0.4190520063285445,0.5786259907364864
25015,0.49443271331139277,0.2719521277925404,0.6108527360408645,0.56590565293409,0.4719459014934692
16045,0.519384412735231,0.39438960545687934,0.3638684988955194,0.5720439951080727,0.514241016966871
24045,0.5074541809263976,0.23716025327646162,0.6064503623457013,0.49899809901480796,0.6020162396286254
27002,0.4469683906664136,0.3533795198744958,0.5274687470593772,0.7098495712696142,0.370684753864734
15046,0.47723532622262677,0.5059473460285736,0.3730436225342418,0.41244250589675047,0.5896842520574764
11028,0.33304652339068164,0.5865763823649618,0.5724757703808154,0.6001898560924421,0.3263291746051544
1004,0.37407406019182265,0.4296596882813303,0.5828380398957693,0.4392174925202401,0.5317259889304533
30024,0.31716835463480764,0.44811410988778844,0.455899741256367,0.45999683004667624,0.7336923924214751
30117,0.46987632723373196,0.3371195099269453,0.6651944979367614,0.33777714845701706,0.6130176920083639
20185,0.6334698281271207,0.3054475855550409,0.4019474803776896,0.317758598764988,0.8822616494359928
20467,0.5043069838222077,0.28448212026458863,0.4176679928533217,0.4677643468330539,0.7771461144782232
7024,0.5034127264921723,0.31287455618758697,0.5013544026626413,0.2977763220220908,0.9257153714927412
15050,0.5304040330542719,0.44651286069654617,0.3792316883972169,0.42473018940258844,0.5705338414139879
14096,0.52590745301474,0.45160299687933164,0.3665189831187202,0.406802716606588,0.6130176920083639
30124,0.5703869769611347,0.3771074194441487,0.4216966500358736,0.5649099247269722,0.4234360500578044
14112,0.45639163388464415,0.3971557455092458,0.3653768517371103,0.3845031847991591,0.8514307429854822
30109,0.4327167833669563,0.4147044423395445,0.4326420697378651,0.5387939058580178,0.5177551044154516
11021,0.5255061506815075,0.41591780992618427,0.37076927963225526,0.6428949888887456,0.4153528805891099
32010,0.5361108979080591,0.4457231537629692,0.5766064678179024,0.6839592223898132,0.2293747808439331
20072,0.41409737519882595,0.3490913205572216,0.47299480715103154,0.3409538375212174,0.9257153714927412
21044,0.46779859341665436,0.34390018933394845,0.6196170032709526,0.3790712850624446,0.5705338414139879
26039,0.43827177799571637,0.2711118920868416,0.6404770743712291,0.32099870359225957,0.8822616494359928
14023,0.46986897589385096,0.3039483998290967,0.5728251892996925,0.6413847415705061,0.410429799104577
31103,0.5667088497931703,0.3435476952570397,0.4173969318488709,0.31121084854184267,0.8514307429854822
21158,0.5244780356222727,0.48273684650926996,0.42152641095446297,0.23686940615157048,0.8514307429854822
20315,0.4390856798594416,0.3848466402066903,0.4688133394803615,0.27153490077407877,1.0
24044,0.5510323644407842,0.35475996735209503,0.6172409686949234,0.27031367202295903,0.6594077639142162
30068,0.3889435874351842,0.2959171208317431,0.6491818037910988,0.6197533178900514,0.4644484349938461
20263,0.4969111472787885,0.3073345297665293,0.4733399076074655,0.32098776911505045,0.9257153714927412
31010,0.5537721654438256,0.24869569844871883,0.4089179257448441,0.38136587657957843,1.0
30099,0.5551421381599364,0.27299113382283846,0.6346231438627067,0.4270752798483788,0.5226273100076635
20056,0.6715966017219702,0.31142254941005515,0.39972534984723085,0.25660601437935754,1.0
1010,0.5696605911887984,0.3894363199267494,0.37805699395561543,0.488741892591228,0.5226273100076635
20283,0.5580021273096036,0.3843524923217845,0.4293149746209878,0.2512412381331851,0.9257153714927412
21216,0.38758629596053007,0.6562136150038861,0.4195896938141416,0.20041951141473624,1.0
9012,0.5798164247795512,0.5666178471074425,0.5727954756136452,0.7635221381210354,0.1487784436157185
6001,0.42524030331831775,0.33521262614738134,0.6017657443606151,0.5240898953104909,0.4750981894876865
32013,0.4223185569231003,0.3870373584114288,0.57759480454232,0.35790421353411406,0.6319793675308782
19014,0.43040543247469654,0.40781778772340416,0.430603715429082,0.473045796932991,0.5969119385149223
27003,0.5590066884767001,0.30544794700481964,0.5124449172595364,0.5200658509751823,0.4688836913067502
21088,0.40471146683998727,0.6234806307287724,0.42009257836226854,0.2279985705095968,0.8822616494359928
21195,0.5015867181950346,0.3663190969107612,0.43856923071165654,0.3727030901073684,0.7097780834867178
11039,0.4200789481440123,0.44745841817792276,0.5735077232735257,0.4469853992961244,0.4422862642440504
8036,0.5211749972427944,0.32543550777512664,0.6066361266709567,0.5223762746732646,0.3965026664028639
16032,0.3028498413971746,0.4965838536623682,0.5695195237597998,0.35654301676037997,0.6963643413004936
19032,0.4005445017031902,0.25183478311305413,0.6296681966557734,0.36136305116012524,0.9257153714927412
20449,0.5619390012831105,0.2816577658258875,0.49378520105474033,0.29365021720609635,0.9257153714927412
31016,0.5532412738459711,0.2159232580633209,0.4056615774761866,0.471330877612794,0.9257153714927412
14081,0.6141513372797757,0.4399579371149922,0.3761233884061478,0.26766095718406785,0.7771461144782232
30078,0.5715459082130427,0.3131441339330182,0.4517498081238692,0.3363792757198395,0.7771461144782232
20301,0.435675419306934,0.38136125996551784,0.4670249448364219,0.27230274171270014,1.0
20170,0.5682666781195331,0.2507388675399998,0.4972991230874818,0.32197003168347255,0.9257153714927412
13012,0.4353547900306395,0.5351733923391746,0.41040072785821147,0.4235548120313991,0.5213883359176172
15112,0.4730047232705961,0.4583678467480806,0.37697679256760297,0.4793082296446232,0.538733063501105
12010,0.6113198197573717,0.3243782673111901,0.37027152389714046,0.3104305002769071,0.9257153714927412
21055,0.5774160634741385,0.36203693532693004,0.40634134889875045,0.3135411379986815,0.7914566825269261
26002,0.4609468640936648,0.2302205982036691,0.6398003370704883,0.6526652945977056,0.4750981894876865
15119,0.556482043969927,0.4435219891856844,0.3661454073697348,0.330457138929906,0.7028614859709643
12036,0.6013397321688666,0.385323810538081,0.3872667012409592,0.3468890927792816,0.673718331962919
15102,0.5171823303106107,0.38994942770968993,0.37680537351999205,0.4183389295186261,0.6594077639142162
30135,0.5287480416465329,0.3005263248604916,0.4436155109998207,0.42307595255013486,0.7028614859709643
14093,0.44329901200167904,0.40768054361190553,0.36673545191156215,0.7312477465919819,0.4321789825796731
20345,0.6840700185434299,0.3153697985981053,0.4031740503618918,0.2600011072074917,0.9257153714927412
20360,0.4234193423362349,0.43602226705829217,0.4648289338418303,0.3080684978835247,0.7914566825269261
15026,0.49558357637074296,0.40406542054037875,0.3783650973726438,0.4521956188793155,0.6101596542308203
21016,0.48193425302223825,0.4505050254078358,0.4136337726244328,0.2938769818855783,0.7914566825269261
16113,0.3472877874947138,0.40905588142427085,0.568834157479061,0.42113118840108876,0.6130176920083639
18020,0.45999400973738347,0.438488354801431,0.42291828503094714,0.6350625450619485,0.3845219741385992
21022,0.5292794514933037,0.3981092087872272,0.3833975596916923,0.3853991678029852,0.668732778856004
30055,0.5086487028400939,0.47632221477626036,0.4448974816234271,0.2632054312127021,0.7336923924214751
14111,0.5064835751623762,0.367481415605711,0.3687229210187338,0.4024636005118683,0.7532318055434659
15087,0.4998094054241377,0.4667959265281557,0.37227743132636365,0.5562497762752525,0.4305833690085505
26056,0.5107602917925578,0.2644794430217918,0.645579246335787,0.2947594654148546,0.8079770209287339
20459,0.5940955807369297,0.31504691970340565,0.41272011462752545,0.3156111713073747,0.8514307429854822
7056,0.6572747166151497,0.41562344569495063,0.5054485082853144,0.1623993896452428,0.9257153714927412
21171,0.40609594454159825,0.4048357363731203,0.40454414736176963,0.41996612467352823,0.7430174073632629
20378,0.448452798668486,0.380458651729392,0.4567236539541243,0.28626636574764214,0.9257153714927412
20028,0.5205350066931177,0.3219332518016149,0.47017355947156914,0.45343449468489905,0.5765449532098653
15097,0.5401239775078168,0.44085823559750303,0.3679082386403508,0.3402680035742188,0.6902386703647267
21176,0.47082411974055616,0.37134443027440395,0.5816246772536144,0.28473411665995696,0.7097780834867178
30056,0.4994234398782579,0.4756598968851671,0.4449761195431595,0.2404838188663323,0.8079770209287339
12006,0.56714086886373,0.3255521469700404,0.35902922313884744,0.3985692641076638,0.7771461144782232
15115,0.5096196696334114,0.47389762186310735,0.37214035820793995,0.513462537008795,0.4446679192613652
21067,0.4935934017500777,0.3424640094057402,0.4232751530032498,0.46774616698868826,0.6130176920083639
24023,0.5395435932999935,0.27103324938050277,0.6262789687870549,0.3524922084183769,0.6354934549794589
20071,0.4697258281951033,0.3346551404624279,0.48539369613581657,0.3042192452639077,0.8822616494359928
20095,0.512663765115742,0.2847791451383833,0.4837397262046384,0.2899181670774025,1.0
30161,0.4967649305470395,0.3322993533791505,0.46160700852930975,0.45273180424588255,0.5920397329227105
22007,0.510084907253692,0.35510004896769093,0.39299647496337126,0.6059651409565314,0.4727253235846721
30131,0.525520959967108,0.3937613730927385,0.4212742130649125,0.6671109915128529,0.3501437440583883
18013,0.48299420225104644,0.3345760037261143,0.5883941386517462,0.28690963690979904,0.7430174073632629
8031,0.6491698050871998,0.22788617186009374,0.6020884407218896,0.4699033832409,0.4842778890646183
17015,0.5605896448285332,0.43397487075277696,0.36653014075266743,0.35543968864319875,0.6391266864816243
15123,0.4740061367899029,0.3498587528553653,0.36928788212173946,0.4092053578106075,0.8079770209287339
15109,0.3229833226675858,0.7093982891196965,0.5806522254228295,0.8196564622473619,0.185679048751723
20437,0.4436087381889518,0.2799606960466172,0.49531422532458025,0.3730049195665066,0.8822616494359928
20024,0.5085541035571214,0.41528551748911274,0.4489148974630309,0.23058285959940364,0.9257153714927412
32038,0.606812174851761,0.31785557659721353,0.5879740222357166,0.3935084336487006,0.4534469826141075
12013,0.5298118117260149,0.37037904916539843,0.38602116727994684,0.36402527687459874,0.7336923924214751
17023,0.4725786494932453,0.43728038214702514,0.5760837818387367,0.25579564162750584,0.6639688805647354
14089,0.48519831696730753,0.37196911506214575,0.5701788125624698,0.24760897749016506,0.7914566825269261
20052,0.4615229373269478,0.294916317615435,0.5636953811664462,0.3624534684394362,0.725114210224383
21112,0.5824501917090568,0.32056448161778406,0.40488669389048615,0.36328216989993106,0.7336923924214751
30069,0.5433492484181612,0.3406024134375767,0.42325941139602435,0.4152701060772437,0.6189731165776511
20279,0.4257839511975939,0.3002248218011357,0.4863768197193317,0.32345906116313927,1.0
13014,0.3729923339084586,0.3955690766953107,0.43007139829489366,0.40013351295065613,0.7914566825269261
30074,0.4883647282066046,0.29284741130500314,0.44147470160981683,0.46869473601887857,0.6789471770362071
26023,0.5066395401043845,0.24099067358370424,0.4394148089998537,0.5040063167892082,0.7430174073632629
18016,0.559304257738878,0.3450081979382858,0.3708487050758665,0.4670579934306835,0.59943370345566
15053,0.3731416479449554,0.6210618201688898,0.3832133084120134,0.5337611308421004,0.422452831554483
32054,0.6029321803649879,0.2735333147964134,0.5862890511781937,0.3072923315755597,0.673718331962919
8024,0.388012776286633,0.37403013271978747,0.6135178384040929,0.3587720040252741,0.6252790567992559
20347,0.42704601470401227,0.2733129719528874,0.4904915277561061,0.3479916536317663,1.0
20393,0.44735035614888086,0.3719681270541224,0.4712551815284759,0.2878667489270269,0.8822616494359928
15031,0.571025347594448,0.5083932356496473,0.5827506041257939,0.7319596448879342,0.1608127762943396
15008,0.506166106523524,0.3678142090254387,0.36699581567218026,0.38116066834456036,0.7645232988719857
15019,0.31986528114349916,0.6229021927501395,0.3702874384580806,0.5211205325226952,0.5177551044154516
24053,0.5051504516822354,0.3929485951488583,0.43971419343236945,0.3938255632875431,0.5786259907364864
20470,0.4746389264345209,0.3314235854650466,0.5562139006497254,0.22727995577886254,1.0
21188,0.41279901541542763,0.3925659933863853,0.38486601627247385,0.44862646571342785,0.7097780834867178
30179,0.42443553923076516,0.3819691134111367,0.4614557429640265,0.3207589985435487,0.8275164340507248
12052,0.46641663815972745,0.3195008006098549,0.37807584022267093,0.5448206296858962,0.6467849483079785
29047,0.3876473589451811,0.43497217171540403,0.4112432563304341,0.28603343504966544,1.0
10017,0.5800227759452807,0.24996038172486626,0.5999080108441428,0.29818153299365263,0.7645232988719857
12082,0.5748687712579037,0.27512413583177575,0.37172981453859255,0.33690486583594453,1.0
5009,0.4612711856185799,0.263807452448068,0.5944520337684563,0.5782791717526747,0.4735104557787167
22008,0.5495171926408986,0.3808046915180039,0.37703640306803543,0.5222437379135131,0.4800076004491876
20402,0.6384892443718582,0.2972311351449166,0.3972944619513726,0.2621715320785833,1.0
21080,0.4133263116883125,0.5938663020163684,0.41868977663146867,0.20718952578500135,0.9257153714927412
20193,0.4452724181590746,0.42806510432968314,0.44906143290540196,0.2609103738027325,0.8822616494359928
16012,0.576012842642609,0.326165320731178,0.364181487958387,0.5010573775888094,0.5745035569136432
21053,0.4573536392476514,0.47737662796761965,0.4085069294239062,0.5556386525061903,0.3972736773913539
14033,0.4417359909450067,0.3999669285334829,0.3641997503270917,0.4636692425646932,0.6594077639142162
5037,0.5085294760777092,0.35207245479979454,0.6245656164633511,0.21771195910133745,0.8079770209287339
21213,0.41340355683771535,0.4060909626522749,0.4162133262258669,0.3304341922945018,0.8514307429854822
11032,0.48503383061344146,0.32078223961688235,0.5891258712340569,0.747479232805142,0.2865981846401761
14004,0.47437347186447665,0.3378390822217838,0.5714656740977327,0.25141153311307585,0.8514307429854822
20009,0.47688735264319415,0.3418683070494592,0.4731627597615374,0.31450711794186986,0.8079770209287339
20101,0.5288565027334158,0.31702115406208575,0.46264321559694227,0.25259277014135584,1.0
14085,0.4422742835490221,0.3318118271847679,0.3677057288771012,0.5639414648056448,0.6428874255124083
30032,0.47175931932845794,0.3063291048661314,0.5099655688972806,0.4729445817735534,0.5612088264721999
20160,0.5417049656539975,0.4314715355943155,0.40698583972578595,0.2219420702163945,0.9257153714927412
18007,0.38264842605612254,0.40891855883588457,0.38283932635069373,0.45476045133099596,0.7171720540196672
15093,0.47597283731493895,0.42709280860833754,0.389675134152931,0.4737362688154796,0.5201635218414863
14024,0.5108979177096882,0.3329156216628021,0.3694750150657618,0.5308457186951174,0.5851231354069573
21209,0.5239791073193482,0.32477196952479026,0.4214879067498776,0.38322848832975054,0.7097780834867178
20533,0.5099690942214121,0.2860774866138522,0.4805156804375013,0.3004156212603769,0.9257153714927412
7010,0.5812047883770164,0.309139193236869,0.5023325023419714,0.2328033721056162,0.9257153714927412
31028,0.7729069875926338,0.249418973922936,0.38885952880727725,0.2594066094813637,1.0
12071,0.4014392406768241,0.308006906904396,0.3991337754136387,0.5230771842289945,0.7532318055434659
20058,0.47227052341133735,0.4533457245172495,0.44730082526310627,0.20302273461332285,1.0
25017,0.35900919046809243,0.3183759213224657,0.6189001782648461,0.42984229546091335,0.6391266864816243
20059,0.5327569234129692,0.2769811374433277,0.47668044845579977,0.535767877940268,0.5153996235502176
28027,0.6626954660773776,0.16958008265111496,0.6426715462865795,0.7521856922932163,0.3573598389236794
22017,0.35683575713888427,0.38007555451291875,0.5885579456854347,0.6253839926910616,0.3887252605229248
20549,0.47210161473482287,0.34012927802962234,0.4076007128404983,0.33601705744213733,0.8822616494359928
32023,0.48614722717370795,0.38258184435360193,0.37522134229332327,0.3955469603938546,0.7028614859709643
21014,0.4043665398908223,0.4608239815718843,0.4161092003461575,0.27014090412100206,0.9257153714927412
16091,0.456811259942955,0.31338848181433265,0.5609209740728759,0.437740334118859,0.550994428291997
13058,0.5629356104548837,0.35079414273222376,0.40141188858953425,0.36795463783375626,0.6639688805647354
15022,0.3869528009518813,0.5266473165653196,0.38252939661139096,0.46310453650727246,0.5358750257235614
11004,0.544263805184055,0.38874663136721344,0.37472146757770963,0.6322827657814469,0.3859048328756713
31077,0.5634785941920218,0.3066210143640754,0.4046273560758499,0.3134577650062566,0.8822616494359928
12007,0.3360682821864961,0.4174856593300156,0.36224734149007604,0.4793372306452799,0.7914566825269261
20228,0.4404265733561942,0.5154969912032794,0.44900100083821853,0.1890607862388489,1.0
15080,0.48653392184263533,0.4188821105488507,0.3662059360315142,0.3259673700005295,0.7914566825269261
30176,0.38677770071820083,0.42922969799049415,0.4798137221350913,0.3108750011186021,0.7771461144782232
17009,0.4421206254045349,0.4382129559738433,0.5698410590292843,0.465666716494333,0.3740580529931456
14117,0.5198105702112149,0.39949554592113684,0.37052875754090797,0.28312820018450846,0.8822616494359928
21047,0.6035318466766239,0.2909847410566963,0.37737554105921056,0.4333091649238919,0.668732778856004
20487,0.497933995238089,0.38059124903038544,0.6400327706368587,0.17099396814320164,0.9257153714927412
16067,0.528748363819921,0.3692060605455698,0.36643477176015893,0.3695610988657432,0.725114210224383
20314,0.4476143885543916,0.3581356380058466,0.45084411056166385,0.2865096215240716,0.9257153714927412
10032,0.40893251835442257,0.310794797156582,0.5942149628280469,0.5548521724529798,0.4574413604231944
12045,0.5408506124521759,0.26100774439364105,0.37277876228160006,0.5077572469292487,0.7171720540196672
16007,0.29335747046711164,0.4119136687934438,0.5722958941545884,0.3338832978269679,0.8275164340507248
20559,0.42132650818972917,0.38033804807926985,0.4678687046410645,0.3550343337430702,0.7171720540196672
8043,0.576905712383766,0.21237639224951885,0.6054047178232803,0.3183377246718036,0.8079770209287339
21098,0.4696081309582826,0.45725254208941035,0.4051153533993677,0.2866242038675462,0.7645232988719857
7038,0.5468508554966592,0.3638738593556782,0.5036266411232827,0.2052581401642914,0.9257153714927412
20543,0.4513769255848502,0.3153410037361385,0.42988787003973916,0.3109478780483328,1.0
12037,0.5060935373882273,0.34149818998287096,0.3629638506983972,0.38311557084721315,0.7914566825269261
21120,0.5618211436056815,0.3489826249881812,0.43363204396472155,0.2768675466023351,0.8079770209287339
15044,0.37768622429369475,0.5619396768109064,0.38471694046114385,0.4656288513563461,0.4992126293212406
30204,0.4005503806789965,0.4172368445818243,0.5547298983509397,0.40895890441171234,0.5002189284063843
24011,0.42033055241589934,0.2929330873918586,0.6139984089570442,0.5353336943893505,0.4681316175876462
7082,0.41560723435342584,0.34371051288331794,0.5018340242260697,0.2847846705304752,0.9257153714927412
20090,0.41058995441642965,0.34902665466331767,0.4133800835956567,0.37415465193469377,0.8514307429854822
23003,0.7606028592304512,0.39315439829986953,0.3338524827116684,0.40686520644192675,0.4644484349938461
15003,0.5203361774051214,0.4156473527294768,0.38011839745810705,0.4745980586917893,0.4834101105163604
16006,0.42687014422632075,0.3882217652217512,0.571356272436184,0.6237546096127575,0.3191882936482926
5027,0.4341237456603161,0.28660051438629996,0.6138170094354652,0.8321159725673041,0.296249287802439
21045,0.4613323241173711,0.26681015864047253,0.62496920328709,0.5406931205498571,0.4521479356160076
28007,0.4735819527808282,0.23163690772388973,0.6524986060803559,0.38029675578432515,0.6902386703647267
20374,0.5366104133311626,0.5618147667437998,0.4499147044370293,0.14961267643485385,0.9257153714927412
15065,0.35201735101874787,0.41723080835332543,0.5913072447141206,0.5032860404953422,0.4290111638173448
20169,0.5207612523636898,0.44724728534307434,0.4616644052856323,0.1742180837247521,1.0
18003,0.48908134423556987,0.38429825241524207,0.38667648403036053,0.3552829197373988,0.725114210224383
32036,0.38422231036440524,0.32494010777791804,0.584473967377631,0.5380836728797436,0.476709799784738
30036,0.27709939288974195,0.5585238430032011,0.43538812907719093,0.3785529744473325,0.7336923924214751
31031,0.5645009917741551,0.30418201548658697,0.4037134370127459,0.2697316921462951,1.0
16004,0.33026985087675714,0.38293320445006307,0.5678041899558677,0.3586855899429332,0.725114210224383
20447,0.406775894053521,0.30395916696977376,0.4078066739948042,0.4345425080961228,0.8514307429854822
32012,0.5997031302295266,0.3880426061747092,0.581030194089158,0.19026139381690227,0.725114210224383
16097,0.5013055838474298,0.3163656493690866,0.37539555324030993,0.42146239025309473,0.7430174073632629
13045,0.536736043314356,0.5437533538075645,0.4061222213364911,0.2528334243640573,0.6220797127932347
28041,0.39721906973612464,0.537545886855291,0.6541513805037833,0.6955665568104441,0.1918710994140849
14077,0.5248288323339689,0.3174653535314548,0.3719703219801758,0.4974243011331668,0.6046625485289482
20132,0.44310815272616,0.3836749171669681,0.6710396945445926,0.1632317638728514,1.0
21083,0.512464272498248,0.39504732095522666,0.4142601504884883,0.29028940114659907,0.7645232988719857
24006,0.463335127957892,0.3840904291492197,0.6141633204237122,0.22874003597837334,0.7430174073632629
28016,0.2665685611325539,0.46164495692026847,0.6491182772264057,0.34758524679429514,0.668732778856004
16027,0.6185367907424517,0.4248735224746282,0.3702812822486591,0.2631236664980339,0.725114210224383
1008,0.5645451146550465,0.4244448434120686,0.3808682487689654,0.36806764454087404,0.5526306442751081
21008,0.466340254481958,0.3717519198749384,0.6093589221746925,0.29180085513325954,0.6020162396286254
21157,0.6382289415442257,0.30612979359428516,0.38836078599917606,0.3868918931050397,0.6319793675308782
20280,0.4682899063639644,0.3066513982351907,0.4752120924884541,0.2718452159862581,1.0
30043,0.40964708309760434,0.34712574191980244,0.4698168973827649,0.3629376374794665,0.7645232988719857
20237,0.5355213502460509,0.39216983683814016,0.40558800640676856,0.21720642012359742,1.0
20355,0.5013135075824151,0.4280054851346245,0.45153727922896153,0.19079150245210394,1.0
20339,0.48162392471955184,0.373942660784524,0.42077351919989353,0.3014420195568766,0.8079770209287339
19002,0.4636619881313204,0.3030735254326038,0.4355929343375335,0.32551402810685715,0.9257153714927412
14059,0.47016369951346054,0.4472177944386797,0.3663765529640744,0.39037818052591766,0.6130176920083639
30034,0.5266967185241435,0.2856793552578045,0.4498931820373362,0.3905437125111703,0.6963643413004936
17018,0.5741748495541112,0.501894607802624,0.36691413037918347,0.5567918168175715,0.3126691856484772
30160,0.5106222228819056,0.2973449578881734,0.4396686714216414,0.5879265529647935,0.4688836913067502
5038,0.45709257400381353,0.28901394907541583,0.6173403299930804,0.38252890891056995,0.5896842520574764
20176,0.5458607849743986,0.3685027956593875,0.4307834939903289,0.26261191458883537,0.8079770209287339
20042,0.4168324166944865,0.30491128014072744,0.4653649581986487,0.35225345536515135,0.8822616494359928
15118,0.4275584158741708,0.5308579840778347,0.3699912213558085,0.6943405241219034,0.3151574913116526
30025,0.3698908690788899,0.43161032939541405,0.43069207029172885,0.3376149478029166,0.7914566825269261
20520,0.5285527464577338,0.3348679479475102,0.40271089783286607,0.29162622615694483,0.8822616494359928
17027,0.2945112072436785,0.44449257283362253,0.5774983301485952,0.34510034625321057,0.7028614859709643
14010,0.4554337932788517,0.3418129325587796,0.37011190763546525,0.37350526004381546,0.8514307429854822
30044,0.35959221055318397,0.29871279093356373,0.6522448690107471,0.7614880239480697,0.343149289608472
16112,0.41124759105546965,0.35054972790586963,0.5714394166494392,0.6128450904673421,0.3622692498851805
11013,0.5314623889455198,0.3018050856806243,0.39281907659054005,0.5729442976887085,0.5064636110869319
16068,0.5153296424616375,0.31613553598276334,0.36340985826179284,0.4544872786344899,0.6789471770362071
12018,0.591398049927637,0.2746513050385391,0.3761322283009572,0.4210624203708745,0.7097780834867178
20451,0.5594616608419196,0.333572261535266,0.4355719927318251,0.22445606396000606,1.0
9007,0.5228890849706016,0.6338091838653471,0.5789162318915363,0.9130478624308398,0.1041007727379483
24025,0.5772585049845027,0.2147577061898118,0.5940855365647526,0.48124504757839204,0.514241016966871
24058,0.5130324348195064,0.2483841988641162,0.44581133918883686,0.5226920546906881,0.6130176920083639
32025,0.38913027118620686,0.37433104591241495,0.5835666930934571,0.35861869965362536,0.5969119385149223
25014,0.38305512464444247,0.3201159776660234,0.6063096624775438,0.5079392127494484,0.4816953528916529
14107,0.5320599041746154,0.4379704324908611,0.36759533541688616,0.2927506978144534,0.725114210224383
21004,0.5764325496886706,0.33697048391436013,0.4100923474576204,0.5964397007623985,0.3824805778423771
21139,0.6881022960380476,0.27275466623172456,0.39569985670496666,0.2771852078260375,0.8822616494359928
15013,0.5069017043861279,0.640570444289411,0.37659491796508393,0.7744758350248122,0.1915869039010523
20504,0.42735221328850637,0.4826508958785036,0.45761600063440255,0.2075049240870482,0.9257153714927412
24037,0.34908371959170037,0.573576311256338,0.43607049336397824,0.46127829267997694,0.4489675816100648
7117,0.5672600870724738,0.3437580887460254,0.5096917376255943,0.18192127678202036,1.0
14045,0.39346311717786353,0.4390375455516843,0.3703970646567249,0.3896531363967791,0.725114210224383
13030,0.5134712018020336,0.38045901737788645,0.4050426521304106,0.5611702353387373,0.4065635257815017
17016,0.4952019309385894,0.4197651947807294,0.37942774009006824,0.39670215402832687,0.5765449532098653
24018,0.46347748238928044,0.32656717916828615,0.43914970198474934,0.4219816014271528,0.6428874255124083
24039,0.554665935643509,0.3532806287944872,0.4472821550692923,0.2952510138277544,0.6963643413004936
20174,0.40365649282411453,0.5924585562178614,0.461604085353145,0.23645937885421364,0.6902386703647267
24041,0.558056587831763,0.3314634836613036,0.4506018778515525,0.32082810492634817,0.673718331962919
30171,0.5000568959512682,0.37120957420930767,0.4469529407685087,0.25436823133710074,0.8514307429854822
12034,0.5414812704289254,0.31892602632748346,0.3596297877902823,0.5170978269641145,0.5594373801050112
9017,0.5354188787498775,0.6334816757373648,0.37909446349064,0.7366523472721833,0.1896183613958093
14098,0.35602930849435677,0.7219818213333205,0.5668336928033993,0.8643043533425152,0.1425301693848711
12077,0.55831800751877,0.3103927669264007,0.3800189597888199,0.40713057562196464,0.668732778856004
16019,0.4759706999205966,0.33175758794480903,0.36220454719105033,0.4901459695623673,0.6391266864816243
21065,0.5486284293862874,0.31472182021845296,0.4124240427038597,0.40600145305897517,0.6189731165776511
17025,0.3488058684486709,0.3939140068582112,0.5649680301436137,0.4201299877168744,0.5477950842859758
17026,0.2640375908826342,0.4710070142571164,0.5751115371023946,0.4447876106826413,0.5612088264721999
21105,0.49317373600820635,0.32893704347225944,0.6174056628832689,0.23982225835655735,0.7430174073632629
20016,0.5677558044148296,0.30278269218125686,0.3951781359003554,0.28362969860558823,0.9257153714927412
11007,0.5649220157908269,0.5166410052572217,0.5740474194116058,0.8732531285021268,0.1219127632457949
20468,0.48008619921886225,0.3010592233156453,0.4776036176234859,0.2790812690666084,0.9257153714927412
20362,0.5489045968385297,0.28521586522896286,0.4767382264737582,0.2580919370297763,0.9257153714927412
30212,0.603329191865921,0.2759301866733854,0.4934019044383396,0.2789981690951096,0.7771461144782232
20474,0.62017345644333,0.3038096087643148,0.3989452402429764,0.2683771265732682,0.8822616494359928
15124,0.5192332503501915,0.48450334623425295,0.3724317259590563,0.3516126876931698,0.5401911821184902
21003,0.5366875055446991,0.27917290950950796,0.39708238523770717,0.5031508503907709,0.5944481503487452
30013,0.5991510091085533,0.269030816219042,0.45549152379179747,0.43045391085738255,0.5630100464373469
20026,0.4669810002358612,0.3060006684281842,0.4213949305457403,0.3467942000146027,0.8514307429854822
20098,0.471420957671297,0.4192263809259729,0.45957511354157854,0.19563170158249582,1.0
21103,0.5528808270930785,0.3058905073408926,0.4307477057326464,0.33988918583013505,0.7171720540196672
21036,0.41915152397971134,0.492428787103113,0.4475365835694854,0.2427379402895627,0.7914566825269261
20337,0.49791613206696606,0.3016295853123483,0.49430089818710793,0.3125999091173033,0.7645232988719857
24038,0.5570686185136569,0.42207259400663755,0.44338141363372363,0.2224254296797403,0.7645232988719857
5014,0.4931642572351502,0.3572652952716123,0.6231127610478548,0.2778371906283596,0.5807482395941909
24046,0.5563707487097701,0.38425778913574854,0.38825552343716235,0.4167264522999209,0.5119607167888041
20397,0.4399942712578987,0.3066292714887858,0.4139669036679935,0.512098394974918,0.6189731165776511
20348,0.5768420631829541,0.28878408403242184,0.39907532435590054,0.3016588795642732,0.8822616494359928
20073,0.3505116356131279,0.4458213963315966,0.40755557064840203,0.4211086580344138,0.6594077639142162
8032,0.5552001841289727,0.2901036635651181,0.6074534886893131,0.6615371412875557,0.273152035418579
20165,0.3869921241082542,0.3341112329511552,0.4026323313405923,0.3395060729068072,1.0
12026,0.5717268684065737,0.33961889079088425,0.35880180800371664,0.2535175096345922,1.0
11024,0.5862562096188596,0.4925399451731318,0.3706254815199762,0.31107283972134625,0.5303779200216894
13073,0.34844280635266234,0.4299866408196882,0.4322464642528224,0.3981124497680798,0.6844442827380792
13002,0.3408846454527191,0.3458086270290827,0.6096841903163471,0.48374536530907364,0.5075407062352487
16060,0.4357185680841551,0.44570624406753345,0.3656298836036078,0.365902600127779,0.6789471770362071
30071,0.3432669000738473,0.37539687657272275,0.45049379311847326,0.5878933647172603,0.5165708927513093
22011,0.47805561011611397,0.3303271802883026,0.5852792094596543,0.8201773252867883,0.2324885032815332
5030,0.4543602822213243,0.3260988924137046,0.6097480318287447,0.9181066221293013,0.2117639648507111
30163,0.42938966709579285,0.4480839557541009,0.4337350037203029,0.22712799847838094,0.9257153714927412
10018,0.5814188330843327,0.273881782466186,0.39579505121956327,0.3633261708299379,0.7645232988719857
20413,0.43005749404673554,0.2864014986206326,0.4965023896106951,0.5409854883241559,0.5290465977439713
21172,0.39347305464460225,0.4168458012575158,0.4161058447471251,0.39871343778500745,0.6428874255124083
15113,0.40987759835915305,0.5000196205929666,0.3678836586057669,0.4407124571356573,0.5264325641232666
17034,0.38924649184893556,0.47901710405235776,0.3657022666314915,0.3683719678100801,0.6963643413004936
12005,0.536742284530709,0.2622523514581375,0.3833538509662454,0.40117413781558253,0.8079770209287339
20415,0.5979378536955698,0.28917337755198225,0.4088422277262209,0.2470381309436286,1.0
16011,0.37561228646034406,0.4632681627367228,0.3641712618613305,0.3481171737133604,0.7914566825269261
15106,0.45512278214050295,0.7377505498923206,0.5707302652892855,0.9382175768289371,0.0970368580861892
20287,0.5662320215084049,0.41859587879887084,0.423701372836985,0.17342731167409714,1.0
30155,0.5025967761483814,0.3389932517793688,0.45668204382336225,0.48264136607457064,0.4637267483261704
20486,0.5392014515108261,0.43430194951455353,0.4227382624664803,0.22216515863374794,0.7914566825269261
7041,0.47277173816574936,0.20692157584417353,0.49279746095592747,0.43629051737673363,0.8275164340507248
20182,0.4620627021449455,0.3871142232044112,0.45903334063572665,0.22895589209091385,0.9257153714927412
30158,0.5919851070308624,0.31524382331534107,0.4247770998342686,0.3367637243132583,0.6508295817171241
30020,0.477577897462484,0.33665882641640255,0.443106946804608,0.3078809822119558,0.7914566825269261
22001,0.5032557156701711,0.42880799280044873,0.37608659521702964,0.4615535517035001,0.4630098890301837
16031,0.5589889663425216,0.3748083010986182,0.37467319450004133,0.30113077708372726,0.7336923924214751
11022,0.5197185945767165,0.36091038424337596,0.37698435301560024,0.5082420262174685,0.4825493021521746
20419,0.48521228892924556,0.3930703421791951,0.459614468271438,0.19748084905985008,1.0
30095,0.24272612840320393,0.5977131827868397,0.44134162367518376,0.3588048738429279,0.7532318055434659
5033,0.4447896743881108,0.2919838891229428,0.5929800409099075,0.5894981010034439,0.3811409345844025
26014,0.5030155875246605,0.3600394211314555,0.4390777006329068,0.2550056583598029,0.8514307429854822
12025,0.566526821600946,0.2823617542023591,0.37549042737941846,0.36317657737678377,0.7914566825269261
26042,0.5556950976945272,0.1637782623013005,0.6078933937920046,0.7360217591215836,0.4239310627862017
30189,0.48433912302948956,0.3694509476771524,0.4352422213490218,0.6113617427651348,0.3625487026254307
16049,0.49736739762950394,0.34937313149893484,0.3719855119545252,0.39874867210977394,0.668732778856004
9003,0.5096488512823976,0.7875535335831062,0.3760917183538587,0.7829218074635484,0.1457752330159348
26064,0.5534738385870321,0.3321241299669822,0.6372049558754089,0.19236287444977007,0.7645232988719857
20265,0.43108293244976637,0.3071524313043994,0.5545738313395727,0.2534031120582924,0.9257153714927412
20456,0.4136665603763761,0.44603711688083547,0.4121226990868328,0.2657900277188045,0.8514307429854822
12069,0.510512380566523,0.27111746632489453,0.38319655199009417,0.3809145722885118,0.8514307429854822
11046,0.5096002402668582,0.4056072141548444,0.37094377183939387,0.5635536164199411,0.3980502754647127
15057,0.5105435517873618,0.6188855131798092,0.574558622881331,0.8465702255074072,0.1119059728394213
20417,0.4727716304097792,0.3913284577483962,0.47384419872128214,0.24272327996789927,0.8079770209287339
21109,0.3274358215519362,0.3092645297043364,0.41436488083810163,0.5358125906484372,0.7645232988719857
25007,0.5001531900883874,0.26433789931841206,0.6099036259868993,0.3831269657313293,0.5559799813989118
21185,0.48549420165759266,0.38248313078594987,0.38317647606346056,0.3465741963057589,0.6963643413004936
26047,0.3623222274607243,0.2739592817303348,0.6304447424962122,0.3638766511237443,0.7532318055434659
24056,0.6035332127254425,0.30315229204447325,0.4092371942001233,0.3911952914841357,0.5851231354069573
20080,0.45658407427682807,0.30014644065828777,0.466065087123441,0.28958617120315844,0.9257153714927412
21007,0.6572318816824476,0.3588248523909554,0.38818130480345336,0.21184257528299621,0.8822616494359928
32031,0.5062757678779949,0.3728463810107669,0.37293642234164953,0.32260647371550694,0.7532318055434659
12002,0.5138305286692384,0.3115088919235114,0.36746576728318386,0.3412576009077696,0.8514307429854822
21141,0.5756147504769871,0.2970256108431143,0.39988110105502495,0.28311009997859155,0.8822616494359928
21168,0.33475642149372387,0.41500613748181053,0.3790250041377578,0.4466404246432173,0.725114210224383
17022,0.4150634149352977,0.39831918571001174,0.3817873568898042,0.4096942709315965,0.6594077639142162
21191,0.6014751505617825,0.2486985758916358,0.3862908276141642,0.40206675727628516,0.7336923924214751
26012,0.4006184217010854,0.28026639030037764,0.6454568514693717,0.4640971317202838,0.5064636110869319
30019,0.561890122764496,0.37816661905989024,0.4429094867402922,0.22399175496749518,0.8079770209287339
13001,0.43289072559239594,0.4272565162452978,0.40973507061620007,0.3335602466250141,0.673718331962919
15025,0.42270232291408233,0.5375319361292864,0.5835615442144817,0.7547529077021561,0.1701068172286398
13078,0.46221241983464534,0.35816207673795364,0.43149255467738534,0.294933184993342,0.8079770209287339
12070,0.553273098191984,0.24880976253874393,0.3825692044071388,0.4552096011817305,0.7097780834867178
17012,0.3729671079848719,0.4244905785784895,0.5640612616302021,0.5153534448280102,0.3694839562584148
20381,0.5352419122575702,0.28542570869862327,0.39579150457701917,0.3034210361128553,0.9257153714927412
30175,0.4512115482783817,0.373274941519366,0.4264352942039988,0.5166900667856626,0.456765206349636
12053,0.5246333577809436,0.3173911912675123,0.3686020016065282,0.4770037911677249,0.5786259907364864
15017,0.354403938979352,0.43782158630880064,0.582154491871125,0.2638569040782496,0.7097780834867178
15034,0.4563495570854658,0.40258571840361174,0.3820530165956056,0.33597378259421073,0.7171720540196672
20307,0.5374231665265532,0.23449770717114754,0.5413780978771723,0.3188184351149613,0.7771461144782232
17010,0.3392412955392473,0.5445768929972736,0.37652629159147766,0.44736652425741896,0.5431683198140091
21073,0.434060372150881,0.34109726977877086,0.3720414767567564,0.3873764653380139,0.7914566825269261
20313,0.5319096760799288,0.3413611236765971,0.23886780891379011,0.38929694775360957,1.0
12085,0.4378600796645364,0.2964994840778481,0.3887897697470485,0.33418944209019,1.0
7099,0.5173577232380345,0.20592504238630943,0.4951697722926832,0.46315191225495667,0.6902386703647267
30114,0.5689147916323234,0.3706072326082608,0.4316765292102492,0.2748259591399509,0.673718331962919
24024,0.440070007777751,0.25357311842274743,0.617505695692051,0.619624725540164,0.3945990627994913
16085,0.46802472626795744,0.33754370645081877,0.363721878001935,0.5101304855737678,0.5745035569136432
30167,0.49173175727874674,0.2928912838064964,0.44846962671625584,0.3225125579416508,0.8079770209287339
32014,0.5373726053526349,0.2333720269550632,0.5877181045099202,0.3307779276417458,0.6902386703647267
32056,0.5986118895847227,0.3758040366002732,0.5793813913439883,0.6158474549154644,0.2095933576864802
11016,0.37333224289890526,0.4923673430282768,0.3693335834873349,0.40800705606885984,0.6046625485289482
20311,0.4533381569891065,0.32066009984034954,0.44028835047792425,0.28251218973059067,0.9257153714927412
32051,0.5730495828231682,0.22419594046585073,0.585814222171499,0.40694944075748324,0.5462305300007282
15027,0.36354813983948997,0.6318914207313546,0.37000804581916535,0.3323977643259356,0.5920397329227105
15040,0.3818226477652613,0.5144826993032987,0.36684314275678964,0.4369995114495141,0.5303779200216894
19042,0.49472893831755493,0.3156314332441528,0.6420189347967237,0.21763870549522796,0.7645232988719857
26017,0.36819299359569385,0.2985343968311509,0.6192576796399752,0.5473622653321975,0.4471037074103583
18010,0.43110993450750235,0.3141986744568611,0.5655242739423689,0.36196326184682437,0.59943370345566
21064,0.4421393746252833,0.3088430250119695,0.43006057841037126,0.36921936691579027,0.7645232988719857
20123,0.44860452108946247,0.40005963776450415,0.4546591470472171,0.21943873601459576,0.9257153714927412
21111,0.4319967185435365,0.3153097323831034,0.42484193882126886,0.3741325692857478,0.7645232988719857
6004,0.39404723237557526,0.3862861388754595,0.5949160987600592,0.4012604928820278,0.4554255630916615
20234,0.5003699420197408,0.5149199813815848,0.4480336365097803,0.1432886428911253,1.0
15039,0.5136715395195492,0.4907095634362265,0.3863593470808776,0.764321837511714,0.2221909953141781
24029,0.4761957457799354,0.42431111295674645,0.44659607455476485,0.27405575384112174,0.668732778856004
24003,0.49013453789274986,0.3232622252251615,0.4401843657463139,0.41669193301690044,0.5686027970051493
16057,0.5198288774456539,0.3070950028287848,0.3732267566219837,0.3253903066342211,0.8514307429854822
20122,0.6262864391868628,0.23671922127712744,0.5315741414398379,0.22598272984244688,0.9257153714927412
30190,0.38579768552065213,0.4441779612698084,0.4807951628755552,0.21607720698794908,0.9257153714927412
17006,0.29892435660877714,0.6647070872272499,0.5734677895921186,0.7127903637365873,0.2021993871535309
30139,0.6359639295877199,0.44229193580369397,0.48680252201633395,0.13588252786183144,0.8822616494359928
30150,0.38635504471530524,0.24840007340078524,0.4663644440776314,0.46300176726812464,0.7914566825269261
16043,0.5175810044823232,0.3375139959409907,0.36259906449932405,0.6433899374701375,0.4020199909643681
15060,0.47201620086210005,0.5737760829339913,0.3761304665741535,0.6981149088849412,0.229941605328204
20484,0.5698058883644586,0.27782679496470075,0.39309460499737303,0.26262819871132764,1.0
11015,0.4877437804804631,0.5085606693278616,0.5729971124697804,0.6376865450829207,0.1802840584126617
30159,0.4771828039108055,0.4031984764115092,0.44553192557905436,0.24926640248599122,0.7645232988719857
4006,0.6618596163302952,0.177049850194993,0.412098859587374,0.5196675752053456,0.6508295817171241
12047,0.5672691701685774,0.35990184781498086,0.3641392721388417,0.21966194790850446,1.0
11003,0.5166003019232138,0.4317007311730884,0.5795851263697657,0.7046513370692379,0.1788128249455512
21037,0.6932991086171115,0.3584128042712609,0.40865808995820174,0.17313197550589252,0.9257153714927412
8011,0.5420815524547343,0.2267327288073145,0.6167203106929328,0.5480151644689748,0.3908903859825862
20416,0.5280045651675109,0.37053666891981973,0.23565569349287613,0.35190577969310766,1.0
24052,0.5599247487313901,0.26381206026890897,0.6185662407681983,0.26548434500452545,0.668732778856004
1003,0.5060979449468009,0.3432900767649487,0.37870915727260523,0.5730391751828532,0.4300567337219686
15038,0.4813547015953918,0.49551151206357424,0.3733774144556076,0.2793094991131872,0.6508295817171241
14080,0.4171819636107257,0.46345717479563386,0.4017650540860716,0.23618301204260383,0.8822616494359928
28002,0.4661723747865613,0.27090507456271395,0.49353043867353774,0.44881644960266864,0.5786259907364864
24043,0.4815217391997603,0.3733086703049211,0.4004213572966012,0.33858450032495324,0.6639688805647354
21079,0.40552033108758156,0.41362920594044783,0.4051011300040036,0.3277133888932675,0.725114210224383
30035,0.452614548032785,0.2757350516993632,0.4585913516184464,0.36866476706960366,0.7645232988719857
24051,0.49337106255319185,0.29697499814615386,0.6119107332578365,0.3069294887869637,0.5851231354069573
11019,0.5045302219777279,0.35602856319280496,0.37414881914415155,0.4370123198100325,0.5477950842859758
20404,0.5522815533150285,0.34163484346897555,0.4304093933132602,0.19802862340090835,1.0
8051,0.454982398011218,0.47348655436784914,0.4026609214161935,0.291682854053518,0.6354934549794589
21011,0.6190809446033211,0.24309994365537851,0.3808706629871668,0.2804149384276919,1.0
30129,0.30529657225953266,0.43640585322147973,0.44890030669637326,0.3924166395874778,0.6844442827380792
26003,0.45068519786199623,0.2078771028612554,0.607116346865842,0.4017393227149464,0.7028614859709643
16103,0.33324605306784805,0.4133614450826647,0.36400655878905924,0.5033816589732921,0.6354934549794589
18018,0.5116548235699571,0.26981253744026445,0.3656175991295536,0.48789210701713315,0.6508295817171241
20289,0.6585705587701542,0.286087669657341,0.470639698665248,0.18061922202087877,1.0
14015,0.4372840884213555,0.2987123018166761,0.3800395779414829,0.6256904363672235,0.5153996235502176
14075,0.4935112689519837,0.3778132048889721,0.3834178694705576,0.3051419155770331,0.7336923924214751
20162,0.5953914933471086,0.3532632184522231,0.47782180980957456,0.17164323234689696,0.9257153714927412
32017,0.585878186794563,0.2924703174550304,0.5823190375285493,0.7077374186291878,0.2260353840167277
20373,0.5337179912898382,0.3594026815400248,0.41961965894278846,0.19828428481602584,1.0
13036,0.36254974246872756,0.46595643742835635,0.41648159283744784,0.30477112363423586,0.7430174073632629
10004,0.518684903367604,0.22796040774451495,0.5852645040526664,0.45596212445506906,0.5043413622292275
21063,0.6326542548773539,0.2645362297258207,0.6292835168870454,0.407285502822906,0.3709870673660809
12059,0.5477299033930134,0.3619243701864282,0.35811052133862464,0.4017018675740818,0.5576947390236193
16018,0.5247899224299323,0.4879849644877276,0.3709079319779368,0.2816319442264342,0.5944481503487452
20055,0.5371982961813606,0.2948205294789029,0.397227514640366,0.2966955331378401,0.8514307429854822
10021,0.5186625812378933,0.24266941553989463,0.5884951323558636,0.3079748981360098,0.6963643413004936
16013,0.5458375654575565,0.2616425546293883,0.3725609028542451,0.29801791074224193,1.0
24014,0.519024668757828,0.3476523070953015,0.4413628379225994,0.2993014457193723,0.6639688805647354
30201,0.4162684950134007,0.3722614636990046,0.45237053866700105,0.37133107731923215,0.607375859660376
31065,0.7765720067975026,0.23590359532591484,0.3723137793816522,0.23106077622222548,1.0
21039,0.39845296289202525,0.42750767225027964,0.41610421681156484,0.2516900458504432,0.8822616494359928
21006,0.3917964543792356,0.41542280853681623,0.415192599968751,0.3091936281147452,0.7532318055434659
21066,0.5598027173508676,0.2744959892545086,0.39555841347750825,0.2933369210219118,0.8822616494359928
9014,0.5316482887881773,0.7896905931654215,0.3766075835247443,0.7512848669309464,0.1322961830487975
21135,0.39043865307472764,0.3617281907912743,0.41086659573394463,0.27079697068990766,1.0
20489,0.47699708885055514,0.2749710170955074,0.4237478387440475,0.28260727194781005,1.0
21184,0.3977979308002344,0.4325487765909277,0.4156235584839008,0.23706532335918318,0.9257153714927412
30047,0.32819866613221016,0.3306217844760987,0.44226698236758766,0.5404905178982546,0.6046625485289482
20085,0.42610625756955756,0.33787505619947533,0.4739647140172769,0.26988391916483556,0.8514307429854822
20516,0.4400648102654192,0.31947407280214063,0.4411552402658945,0.2527159572665421,1.0
15021,0.4196066585291456,0.430921235272938,0.3677023163783114,0.3994323501586452,0.5896842520574764
15020,0.3232463318161679,0.7517551561728366,0.38136503965485563,0.679962040642215,0.2476457043426406
20275,0.46430685961297746,0.2434452392008471,0.52063395506038,0.2651120925344796,1.0
12065,0.5454425666978548,0.263726140032902,0.3872626693444244,0.2799545127134239,1.0
20022,0.6222352920044404,0.3210502904757313,0.40951484747484734,0.1901452033838204,1.0
13049,0.33150216511275843,0.38225818642207704,0.43032075375950624,0.30783501590760315,0.9257153714927412
20167,0.5172464627419511,0.27026574310501317,0.48673340556644595,0.2283458429726756,1.0
8009,0.5131436963288779,0.20942286362722645,0.603436623855514,0.46226520044722225,0.5177551044154516
24057,0.35089160279190307,0.4646623640435963,0.4376315662663758,0.36703107725439943,0.5920397329227105
20503,0.5251921612389374,0.33428953028197306,0.4799002740658468,0.1837830301870259,1.0
20144,0.5245869465511949,0.31396131788717063,0.42925722907266123,0.2364977488597907,0.9257153714927412
20333,0.5710369003005278,0.2804208340300999,0.5020456676438707,0.24291254059588085,0.7914566825269261
20548,0.4272122763814321,0.3854394606486306,0.43030045373557246,0.3101430519027131,0.7028614859709643
7052,0.46148901827239064,0.21530064660260576,0.4913821022164237,0.5005734698551876,0.6319793675308782
19037,0.4008459295295569,0.3301343213763407,0.6230086466685562,0.25200842971180815,0.7430174073632629
15105,0.5287105487720724,0.3698919938965203,0.3656687798145588,0.31526210624544326,0.6844442827380792
14102,0.4392375452117686,0.2739794299737571,0.37657951505765463,0.43019875526644935,0.7914566825269261
30023,0.2978849272515768,0.4770948873354519,0.4285370253048866,0.44144400653896715,0.5725003198007196
30086,0.2598318737335774,0.4991109623167202,0.4257052452315885,0.4881122171517678,0.5705338414139879
13037,0.31795776666927433,0.535091308524329,0.4141455568452617,0.3468058212173901,0.6285768574637054
15063,0.4857376148054818,0.43451329723723664,0.3684826379138575,0.3792153253871873,0.5201635218414863
5018,0.4148548543176147,0.34285726303456304,0.6143983695637256,0.760443262573484,0.2308384311906826
20358,0.5390455566313861,0.3696454671923284,0.46020947739327267,0.16716914711872224,1.0
12030,0.5824837612952957,0.2586355465019456,0.37318533869380055,0.4261678931856139,0.6391266864816243
20453,0.4388196273272806,0.24772640199630935,0.5585710366459522,0.3120705782983294,0.8079770209287339
32046,0.5164756145074108,0.5007196166754879,0.37561919691365997,0.2302176589490964,0.6844442827380792
21121,0.48462374612790526,0.37448178879172006,0.3889525118093219,0.23378596963245113,0.9257153714927412
24012,0.5232127132136551,0.3140158192541991,0.44299540083101896,0.3157264402340641,0.6639688805647354
20478,0.5150068131259998,0.32315857026509914,0.6436594780983349,0.14234913543743274,1.0
14001,0.2617101221764082,0.4532049413680961,0.36667409467758305,0.5076881417126311,0.6902386703647267
32053,0.5802733019904627,0.2879050152881306,0.38511563462388343,0.32589472285018806,0.725114210224383
30196,0.5032330714645712,0.31324436018749846,0.4606803655640578,0.321502702642229,0.6508295817171241
26033,0.46168397841138453,0.16982447937709735,0.612921521163344,0.5377076975197759,0.5873794306425648
10027,0.5467878144537229,0.19022200304497344,0.593021983131074,0.24594604569236211,1.0
32001,0.5456441198807176,0.37641804911969967,0.37577207078859126,0.2642786066343285,0.7430174073632629
16053,0.5505876411863229,0.4927916078251078,0.5710835123726848,0.8623669854323318,0.1133733343829779
6002,0.4988431669197785,0.36897558281810816,0.5786870414815922,0.6840910697990696,0.2071372003787445
16029,0.4531743965627918,0.2802872157512188,0.38043320230659183,0.3665216003174744,0.8514307429854822
20089,0.387474571888667,0.4156627835867075,0.41396032361358726,0.27320625883125116,0.8275164340507248
30006,0.4759525603687988,0.29836953633616475,0.6340195196316187,0.2779899226294287,0.6020162396286254
14020,0.4354736362870327,0.32239929984405147,0.3975005667508844,0.36329439068960223,0.7430174073632629
32030,0.5855048692491874,0.32383512709418427,0.37656006277687065,0.27595810960487704,0.7645232988719857
13084,0.4343456006267499,0.31292150066171676,0.40752544049973716,0.5035916412703982,0.538733063501105
12027,0.493042324531421,0.3096050546455109,0.36895287853259945,0.34320935400760694,0.7771461144782232
5025,0.5018716219046702,0.32098852924948085,0.6298995538241352,0.7296301175024763,0.2028910121510346
8067,0.6411681997160705,0.3124927252855794,0.41127177660698344,0.276286574681431,0.6594077639142162
5004,0.37551709521071563,0.38684621035765065,0.42011122825815334,0.6531944442004658,0.3762613331076317
7034,0.6038207914345279,0.24972961789858705,0.49951123751001186,0.3039046142474631,0.6550328681014498
15114,0.5048149636662105,0.41167927690295764,0.37151051134585805,0.4192679924606088,0.4630098890301837
8001,0.5174855735521491,0.19116376702817234,0.6167835116064546,0.4211598588661942,0.5807482395941909
21058,0.3488471726867425,0.37505108076393556,0.43205372752833426,0.37506499250485364,0.7028614859709643
26038,0.5186084806608683,0.241678870713473,0.43880112660289405,0.34839924995085125,0.7771461144782232
20260,0.4658973291172651,0.3767163081215332,0.45149886704615544,0.20289470934397807,0.9257153714927412
21096,0.5530316881869303,0.3162386803473316,0.6139254088069978,0.22999992053705295,0.6020162396286254
26066,0.5667427457175284,0.2441498049675059,0.4418761288500054,0.4208097702935065,0.5765449532098653
21087,0.3361822768120297,0.3303540819011992,0.3658213039672827,0.42845371140591537,0.8514307429854822
28032,0.6063223418410946,0.3230728524692368,0.6632899413252206,0.8361643505001706,0.1363885374594015
12012,0.48320300539751626,0.2992163252743604,0.37173579053003836,0.45873547235921674,0.59943370345566
21062,0.4850499831456604,0.34339410430534956,0.3855765061746368,0.2606923258991902,0.8822616494359928
20469,0.3600006568500666,0.33746016823759056,0.40221887814851004,0.43771542307433703,0.6902386703647267
20129,0.6022148891493118,0.3994037205759011,0.4262066767831644,0.16888449429584204,0.8514307429854822
32019,0.475702861222939,0.33796552920528783,0.37690277478926276,0.4510587079329237,0.538733063501105
28030,0.4716830255294553,0.32091478818297536,0.4589680408094258,0.3348261676018826,0.6319793675308782
20506,0.5165157506630328,0.3268622211058009,0.28779743494640037,0.3022230880355661,1.0
16038,0.534006465399355,0.27748624941971806,0.3738668775865458,0.48858746585048646,0.5416694133502089
20329,0.5018130970680569,0.30306190664952415,0.4340595920737373,0.25121295360028406,0.8822616494359928
23008,0.7568092047721724,0.38349905540089047,0.5559876614881576,0.6202171540534733,0.146183217837012
12072,0.5634817732033258,0.3131561915223411,0.3735173701151388,0.22184497455168467,1.0
7030,0.5866684456207383,0.28501336232008545,0.5034652391215431,0.25578808175142764,0.6789471770362071
15077,0.4960253563595809,0.4587656003620414,0.3682543161903649,0.20435412485932336,0.8514307429854822
16072,0.42174155639928795,0.3899037808865762,0.37194402921222186,0.3811651895009591,0.6252790567992559
21027,0.5524900055806343,0.3432710986242489,0.4227906648601591,0.19600188873150814,0.9257153714927412
15047,0.4820016767948756,0.4060832744591655,0.37300875669162015,0.39067278299544983,0.509727926337842
21160,0.4337460901575262,0.3843654355383038,0.3703550990422667,0.25359794821933523,0.9257153714927412
20429,0.45687146728273476,0.3199589004506348,0.4539658881199237,0.21790356030976965,1.0
32041,0.5356458028437349,0.27078175661656906,0.6166735404633921,0.16163532956275412,1.0
24042,0.3855546158799782,0.338040646677857,0.45299386083359633,0.4084350424150618,0.59943370345566
15110,0.4515122969812262,0.3911327727438872,0.3698134912703726,0.49421928064478765,0.4477214040204251
25013,0.3692638427936869,0.2843600137053275,0.602161239894829,0.40707858697832566,0.5612088264721999
14028,0.47793452589178,0.32108785643220117,0.378617203468867,0.26852528761369476,0.9257153714927412
12056,0.4717852664798605,0.3205868938876826,0.3694448980220538,0.3804191503890051,0.6789471770362071
5016,0.451223055772766,0.2627637799213179,0.6054307792265342,0.22786566448209683,0.8822616494359928
20537,0.49400525270344453,0.2789923138987867,0.39680615693841864,0.3097360436692642,0.8514307429854822
20008,0.5873247810851296,0.25574824910813154,0.5500886421739709,0.17446967112053138,1.0
16089,0.5433689965179702,0.25245382680015827,0.35969141386984516,0.46705946716701824,0.6252790567992559
12033,0.5215047871456071,0.25433860278252307,0.381565859586498,0.41583057892253955,0.6844442827380792
20524,0.35623076209950716,0.4002667328788342,0.41347742056368714,0.2441957567605546,1.0
20138,0.46582231413432185,0.3424712638764358,0.4805768414919898,0.18763614237674026,1.0
22006,0.549435889164142,0.35641352032559737,0.37629264798689227,0.7445892817507036,0.2620794799908439
20029,0.44812191674968027,0.5455291481158039,0.4508977772047797,0.1478404559708531,0.8822616494359928
13038,0.4377351778197371,0.5505155458068758,0.4050959923822505,0.2258801328083164,0.6508295817171241
14115,0.48422063296516343,0.27413389622502593,0.37343801844350444,0.34946262245043647,0.8275164340507248
19004,0.3105366475749944,0.34022471136851073,0.4343643943422103,0.5289120914106482,0.5896842520574764
20149,0.45111635709109754,0.3101946296891849,0.4608203814066167,0.23971882668985334,0.9257153714927412
14017,0.4015799829871924,0.2746821626531022,0.37094165346214897,0.37739840776120337,0.9257153714927412
16034,0.4016941299699881,0.3173947439851512,0.3717979486951041,0.7060653599102128,0.426950137506385
18009,0.33844599261731584,0.37619114273785004,0.36800673914380855,0.3287724190992313,0.9257153714927412
21127,0.603074080529135,0.299721461590772,0.4043607782859101,0.2205045478698319,0.8822616494359928
23002,0.6441919720640835,0.21720322894008187,0.5760196506372246,0.47231757398107865,0.3728190789030994
20262,0.425762291316633,0.4256403824657162,0.4691207597401526,0.17994590078935116,0.9257153714927412
20155,0.5076531505237438,0.3150138481948048,0.45749112652090396,0.19321138087490505,1.0
16046,0.4467793152333641,0.30701415295050344,0.37089746544207436,0.3732441140874174,0.7430174073632629
20242,0.6052400373016851,0.2802112609889157,0.3937016318318723,0.2279956541020218,0.9257153714927412
20203,0.5791744452846395,0.30398206519578663,0.28182537428086196,0.2839167521448961,1.0
12021,0.41973167860241445,0.3780680020581324,0.3610738954795666,0.4914176986460219,0.5002189284063843
20097,0.5264929980310612,0.3179650199127806,0.4792839600045037,0.1755004859355662,1.0
20215,0.541052208580112,0.3239706868525529,0.42887808437948804,0.1871473184785153,1.0
14104,0.528789512049768,0.2938769889320375,0.3750185489246692,0.26046634386183015,0.9257153714927412
21197,0.3349175249604043,0.3577511967841607,0.417509606454842,0.5931191172068174,0.4735104557787167
12020,0.5024420202491688,0.28520850973635853,0.37762944105423246,0.3135393925232677,0.8275164340507248
20113,0.4843506511744553,0.3298746503511284,0.2645038981936735,0.3315012624617387,1.0
26026,0.4752953808908217,0.1598994435685181,0.6075158239201462,0.49018136752484576,0.6189731165776511
14067,0.376435513531745,0.45433877839758124,0.4485456235571835,0.6713591426924177,0.2719437918975892
26013,0.5326544397424082,0.29263939048128734,0.43871804597354247,0.25300719190629,0.8079770209287339
32045,0.5786218307162698,0.28603125869936125,0.37692272111044034,0.3321680181399215,0.673718331962919
14051,0.33599619623908067,0.44096216571376273,0.36660828270036616,0.47784377077120443,0.5372945175374426
12004,0.5613727164643435,0.27492867073489957,0.3892786143525325,0.3033862246595044,0.7645232988719857
20031,0.46945002699194927,0.27159130846751023,0.5009369421166665,0.23514179223241188,0.9257153714927412
28004,0.549067185541511,0.27188648045590574,0.45751408595665666,0.28023073437766943,0.725114210224383
20500,0.44175370866984265,0.29169548469994167,0.42532600269394427,0.2732736682944966,0.9257153714927412
8017,0.5389745977472642,0.25084991503539283,0.606771930242329,0.7383031386599832,0.2283299950311526
20563,0.6030137732141069,0.2940887787424673,0.4673791528774336,0.18018418049184676,0.9257153714927412
21137,0.5076221505240655,0.2954471710900456,0.41953669813979105,0.34569147932778527,0.6354934549794589
13042,0.3829852443810887,0.3761941718076051,0.4239345415620467,0.3348634019341574,0.673718331962919
20252,0.48308799261078345,0.29541622169561554,0.4213122475757304,0.2291053775750913,1.0
16054,0.42470482156267086,0.3727970281527919,0.36981548568933736,0.3243873733928021,0.725114210224383
19030,0.35342507107189647,0.40229186076342593,0.4421388234070771,0.21870901966334,1.0
20507,0.4355657441737019,0.28343476903584636,0.39556202776354765,0.3037485252463184,0.9257153714927412
19020,0.6092576112504852,0.2252698094380707,0.4561264381706199,0.3172391909990201,0.6902386703647267
14086,0.4429283985102851,0.2936732810990091,0.3732170654497169,0.4309863371222641,0.6550328681014498
19008,0.2002616966836429,0.3891771859405837,0.6278764360025759,0.34596257070367775,0.8079770209287339
18012,0.4882856383717957,0.2402485168140786,0.37214566988231496,0.513285492626905,0.6101596542308203
8060,0.6219334529875777,0.23258274823408415,0.6041818701115087,0.3012349532361085,0.5189525477686241
19011,0.41712565448790795,0.31245860321166935,0.4374749019661796,0.28097395748883014,0.8514307429854822
15033,0.5067307348017149,0.7412668082589817,0.58218471607145,0.9310005161037582,0.0668716612419791
20291,0.4941609377598506,0.31654937452436954,0.46675257665902486,0.20106196136710616,0.9257153714927412
32002,0.5702036890457497,0.40009856431883795,0.3740482463394652,0.20103234114498741,0.7914566825269261
28028,0.5885406249784023,0.2623821229779484,0.4520150785966045,0.2283782321329165,0.8514307429854822
14012,0.48401461995962203,0.3656241103505769,0.38534332412805095,0.2513610331718518,0.7914566825269261
10009,0.5223349471277559,0.39070524626931924,0.39431842025549707,0.19790076355005035,0.8514307429854822
20156,0.4262925441995915,0.2824217089417184,0.4799832158280973,0.2532688778393598,0.9257153714927412
25004,0.3475814841642163,0.3455758624752605,0.4202058541622504,0.48952999652413065,0.5477950842859758
14065,0.4360942098867736,0.2835321410931674,0.36975782547287,0.36635508918160753,0.8079770209287339
20109,0.6192403951236398,0.47219992687678325,0.637109434098414,0.0852626939171425,0.8514307429854822
15058,0.36491881710182783,0.5490118887700391,0.5807459590909356,0.8092494489343681,0.1435042854196203
21057,0.35111386108097276,0.33670034923142445,0.6121409634335293,0.254452973627064,0.7336923924214751
32048,0.5372423950970593,0.29742081134064646,0.37716056427867617,0.4678404802772598,0.4791735879509151
12009,0.5333069097281198,0.2890558542174365,0.3823246415059305,0.24740259884695165,0.9257153714927412
26072,0.4660032278571512,0.2557818628873038,0.436444116416341,0.36905270162099396,0.7028614859709643
20344,0.5016300842852819,0.3302988455195822,0.46083129841024706,0.2075494280422685,0.8514307429854822
11036,0.36251042160515135,0.5127471277933711,0.3719466041871876,0.2896806260626771,0.673718331962919
12003,0.36614415775420583,0.2541188478796649,0.36147651904270883,0.4698702918730425,0.8514307429854822
20261,0.5298518607977268,0.32881090136357066,0.4011290606310987,0.21800870266858247,0.8822616494359928
16037,0.4207334997620703,0.39962720148492065,0.36971660347642576,0.3233314651105571,0.668732778856004
25001,0.4443789457884847,0.25523896223303955,0.6446607655307328,0.7779640206985818,0.2360386249965467
20340,0.5740527716698753,0.3426550810263925,0.4134284480242233,0.19388497884212777,0.8514307429854822
28029,0.4878032397214922,0.25854510939258685,0.44970615254750274,0.3482886276288927,0.6789471770362071
28017,0.35688072948212357,0.3165434666603531,0.44862868182321003,0.45138199709589555,0.5851231354069573
12076,0.44145768347484465,0.3253138480136118,0.3719448035042124,0.2502767330295622,1.0
30027,0.48771257766605125,0.3260863406536302,0.43143139239044037,0.2686923145578958,0.725114210224383
14019,0.4779116133987406,0.3181315037334961,0.3733368521809111,0.23508669219284617,1.0
14090,0.4840224753952378,0.2425457562635519,0.3701630971452084,0.34791814087644235,0.8822616494359928
20200,0.48592946098913026,0.23773052499296984,0.5180958906895765,0.2526051570851263,0.8822616494359928
21130,0.5236988324280355,0.2854886896428148,0.6179377217897766,0.2141928217390107,0.673718331962919
20164,0.5511747769684436,0.29816642715012087,0.39873632777886464,0.20340696401906216,1.0
13026,0.4195609690783152,0.43910359573534163,0.43455430250764737,0.20115774497237937,0.8275164340507248
21061,0.4467895506838028,0.4580488510046444,0.45176343811585473,0.1912984694943485,0.7532318055434659
8052,0.4815692623107607,0.13304403814824525,0.6315804201326286,0.5288516830270791,0.6220797127932347
20224,0.5591675420356621,0.3335465053515708,0.42993106382731333,0.16600779502710394,1.0
5021,0.4474799784708453,0.28683686845650114,0.6065656730010905,0.2573034279986576,0.6639688805647354
19049,0.23971098198234958,0.41566443310149015,0.42924297059755345,0.5502530511732003,0.5648420579743655
20214,0.40829830769384756,0.31667331722689246,0.45566833982357346,0.22561518762466146,1.0
14062,0.46124401793034053,0.34769852919056365,0.3864584704449554,0.23119387343514025,0.9257153714927412
24010,0.46318423108159246,0.20744486236693632,0.633805498767097,0.4040113136881637,0.538733063501105
12054,0.4247712101548331,0.28663507543737066,0.3573264728005085,0.3288427261232928,0.9257153714927412
28011,0.39521987303149986,0.2944850351212802,0.45545280441566494,0.3677010825040665,0.6789471770362071
20207,0.535535830333921,0.27249267695312973,0.5313088310055094,0.1842380746436652,0.9257153714927412
12024,0.5428661702868589,0.2581804064231223,0.37736963376652605,0.28259413783680143,0.8822616494359928
10005,0.3199694643759971,0.42160698902939203,0.590230988013244,0.808286038994454,0.2048002680826454
14068,0.4698211912391089,0.29126678973770637,0.3694343969731459,0.32917106871430935,0.7914566825269261
20436,0.4945036945538921,0.33111632646432726,0.23941236401380223,0.3627116402593652,0.9257153714927412
16047,0.4506676157252489,0.31156345512490036,0.37144288834619144,0.34768624764155276,0.725114210224383
22018,0.43819607137249467,0.347264552480667,0.3979318319432258,0.3868856118775678,0.5612088264721999
30081,0.42143860426888224,0.2799841693420162,0.43921841953270846,0.4137582065279195,0.6130176920083639
20269,0.4579964707858883,0.3142857174276711,0.41741458205271176,0.2187292024605807,1.0
30184,0.5390397425302477,0.3605091747490913,0.44315969245727677,0.17920613660865314,0.8514307429854822
20208,0.47241632893367963,0.2926611619895336,0.4078682920165946,0.26405021921354194,0.8822616494359928
30162,0.39532070618021287,0.4349021032760493,0.4552682018835874,0.19016181646002625,0.8822616494359928
20266,0.38900704004273434,0.250509926085622,0.5103974061823591,0.28436818237233263,0.9257153714927412
21196,0.6997123014051084,0.32194168059954864,0.40319827541297765,0.1691439029084932,0.8514307429854822
20277,0.38430950085381893,0.3251329391127721,0.4527007410305446,0.2975011162533499,0.7771461144782232
12008,0.5376078492013259,0.2870827550236371,0.3615229540976118,0.3110498091603878,0.7532318055434659
16083,0.48187027810901867,0.35348843336879154,0.3665053475829866,0.37508789417058186,0.5576947390236193
20018,0.5232508629762017,0.3716741211948119,0.4242975263453455,0.17094745332496702,0.9257153714927412
21167,0.41703704964766597,0.43019791068853097,0.415239106075113,0.205845805245912,0.8514307429854822
6003,0.42303944531610893,0.382753233084114,0.38347635564964344,0.44910123935444346,0.4681316175876462
5024,0.4773322626455978,0.20015653162279617,0.5989267030881142,0.5597621814108421,0.4074107243843939
20462,0.34051398059889953,0.4348625529249418,0.41404855983680094,0.27344139071699686,0.7771461144782232
12039,0.47919664742279244,0.347642294133777,0.3662633697616712,0.3919542211407948,0.544688488070392
32007,0.504298289332862,0.2334938431032757,0.608117457704817,0.29238396186255267,0.6220797127932347
21059,0.6750590681758963,0.28172966632222507,0.3898444872541175,0.22976872318918576,0.7645232988719857
20117,0.5184309312815844,0.3387392384731286,0.4651746788527308,0.1721597073723169,0.9257153714927412
14113,0.40079170510142786,0.3035050132490623,0.3770308731779689,0.4035496569462085,0.7028614859709643
26011,0.6172929125505311,0.2315362571724906,0.44060731302941913,0.223017374386683,0.9257153714927412
21023,0.5738663465750062,0.27044173511877984,0.4318509843298262,0.2878075680827306,0.673718331962919
20046,0.4732450252044707,0.30713500161894036,0.43049545607021533,0.2075605602582743,1.0
20168,0.6278365274760562,0.3178065952053773,0.39969424354043187,0.18447817276259726,0.8822616494359928
20351,0.6546422882638164,0.28142695095874465,0.47183940970527144,0.1612578476100967,0.9257153714927412
20435,0.47953658457371595,0.26075427926651695,0.5070848563019725,0.20457618741534805,1.0
28026,0.4736183792608576,0.3114539226372987,0.44045305109428423,0.25663103073268023,0.7771461144782232
21208,0.30316145901235936,0.4417076897115654,0.41265900756434587,0.5836535334286661,0.4016163367577464
30010,0.21489670599046673,0.5219844360273068,0.4295397461827921,0.5587754353509268,0.4808481542887606
17029,0.2669577537327801,0.5256196412174865,0.5717616206039203,0.5994000221179965,0.2687479816502085
20400,0.35227787458912313,0.4020132471275554,0.4157153838225119,0.2367935841273656,0.9257153714927412
8053,0.37768385530610615,0.3078275184030991,0.4215987554700398,0.30873882543344916,0.8514307429854822
14069,0.44285010993560336,0.3679772963372565,0.3641228786183122,0.24610596515905334,0.8822616494359928
30072,0.3333745356314479,0.4056080675832987,0.4185534363574943,0.35402094508128806,0.6428874255124083
20183,0.5910005900974673,0.26767055398787987,0.3903279891071726,0.20833904183062796,1.0
21201,0.48449335177949593,0.35760308092975146,0.3869430076450039,0.2374813183888312,0.8079770209287339
8048,0.5233373699590775,0.1813753944285127,0.4071712499142713,0.5205417743173409,0.6391266864816243
19017,0.37233069058466306,0.4031692732211934,0.42839495099358754,0.3547061968636583,0.5630100464373469
12066,0.5119939077579889,0.26458888139380726,0.37999779112908993,0.5601240674063752,0.4446679192613652
30106,0.17978261883091556,0.5077788083594595,0.4368037228688723,0.3881627811419107,0.8275164340507248
20554,0.4073073278908282,0.26699629872995934,0.49177092429867464,0.23941151954183845,1.0
4010,0.6324236047926723,0.0975428283784392,0.6096932544505786,0.38498220946859507,0.8822616494359928
32018,0.4871102952659455,0.32217691038261825,0.378006792870762,0.2717457252342284,0.7914566825269261
8005,0.38027069607472125,0.20964419617473554,0.6295228907102249,0.4824371110085459,0.5264325641232666
20254,0.441164672229303,0.3004763602016593,0.4823033469034884,0.2341441007931347,0.8514307429854822
12043,0.5161856068761748,0.2946028887730072,0.387471345224836,0.30461651115106875,0.7097780834867178
30080,0.3296383476204483,0.333834865991195,0.4520679132552837,0.3951001260700683,0.6467849483079785
14054,0.48362881569705896,0.2707196743962846,0.3774780833177808,0.2772014485030284,0.9257153714927412
20187,0.46056124430696743,0.44668824103750177,0.45567079460118853,0.14606587042102603,0.9257153714927412
21091,0.3396655258219331,0.3453185896908496,0.4139468989071375,0.3557982027861192,0.7336923924214751
10028,0.518426799135678,0.26547442340646926,0.39268264293842065,0.3819926409431534,0.6130176920083639
12073,0.4246506172861967,0.29165861382635205,0.37627673088561975,0.34904701968215734,0.7771461144782232
28001,0.6276874099266248,0.20222580264436005,0.46628152954550617,0.3192367184300986,0.668732778856004
30058,0.4858562963294474,0.3118192520250668,0.44074277810728535,0.3279714908354243,0.5765449532098653
10023,0.295601394869627,0.24336350931292805,0.5944743127564486,0.5565752825689629,0.5303779200216894
10015,0.4833365082354041,0.2792924156478162,0.3919409011083252,0.3514228278495455,0.6789471770362071
20407,0.3115606079080262,0.308272927718032,0.5396387000127538,0.26277164756128174,0.9257153714927412
20161,0.4843253678770759,0.33986185675910985,0.6387122486648166,0.13588252786183144,0.8822616494359928
20092,0.5095655627239266,0.5239721820600965,0.2521432116330531,0.20218691814582185,0.9257153714927412
20250,0.5358674847890711,0.31970452944404165,0.42990874057434203,0.19379683432502975,0.8822616494359928
20272,0.23061974157611673,0.3954972824991907,0.43554116787297514,0.3719816476563007,0.8514307429854822
20104,0.4236572061937488,0.3543441520203565,0.4484749143056141,0.1865621155357379,1.0
6009,0.46254422281015023,0.21884814348793685,0.5657216813117408,0.6919778476744347,0.3167881746515595
13027,0.40095383025546716,0.28774605878726195,0.42225920693599317,0.37937944081194197,0.6789471770362071
13015,0.4869490104389902,0.38914596656036593,0.41024899527369596,0.21418347803059481,0.7532318055434659
24026,0.5543156277821836,0.31942515960476237,0.4472138961992245,0.2272019187336245,0.6963643413004936
21183,0.3972473897117832,0.38869031611949056,0.41476708103406495,0.3001284807472805,0.6508295817171241
5011,0.403666959893594,0.26452015560488434,0.6069427950712307,0.3592837633270954,0.5344740898901891
12016,0.44430329741998503,0.3553799153470347,0.3893332246772917,0.2185127635472207,0.9257153714927412
26004,0.5269204654631421,0.26531266728057745,0.43024335133085767,0.323435000073527,0.6391266864816243
22004,0.34816199636112277,0.34846130350743526,0.40155389857589024,0.5353049482161676,0.476709799784738
30083,0.451977456657372,0.2778940903859281,0.4301234869212385,0.35565135746392945,0.6467849483079785
22002,0.31974308950301455,0.506711070537232,0.41241079437225786,0.2800631085542866,0.6639688805647354
22015,0.40227224615642476,0.3742013457389286,0.4100682661239137,0.2915783265309949,0.6902386703647267
32033,0.4586331197522527,0.3918313587080363,0.3735842863258029,0.25112066250475795,0.7336923924214751
19013,0.5940533604109921,0.201127875947616,0.4559898764496717,0.3197785991269193,0.7097780834867178
8014,0.6684772020430328,0.31226644311002805,0.4013024128295049,0.14753645127306364,1.0
10031,0.6314498426673768,0.212571597787817,0.38756644284373504,0.2935202851445837,0.8079770209287339
21179,0.3216274606004812,0.30547100069062216,0.4268209747116664,0.455586885991048,0.6428874255124083
25011,0.3443426018790513,0.24248148643867412,0.6344387627358501,0.7035240937447264,0.3279377611294707
14120,0.38975105233397145,0.48327942073583985,0.5717126095437929,0.9162860045850583,0.1237958723851285
5035,0.44225292857053267,0.3573814621932189,0.5883425060864521,0.8738151863168107,0.150273596659364
5036,0.4601582207932068,0.31972313593694257,0.5910285597759231,0.2440112390816652,0.5745035569136432
12014,0.41674857906063434,0.2742927858662171,0.35888503125755833,0.4504569953362915,0.6594077639142162
14042,0.4516666528930254,0.24764490746035164,0.36780675107440297,0.3735872222205051,0.7914566825269261
14088,0.43901526711601047,0.2716364567758383,0.36985315482582104,0.4042082921349561,0.6789471770362071
16092,0.5269883341792692,0.2512035702610148,0.37131380019647264,0.3390620734229768,0.725114210224383
12068,0.4121330426022369,0.3980003189756614,0.4075741926564268,0.3361733031720886,0.5372945175374426
20331,0.25377743789443263,0.3140598522244359,0.42503326722579954,0.35646036305749174,1.0
26006,0.5543703107766843,0.2452535290283453,0.43922453955072155,0.22912068360570303,0.8822616494359928
20357,0.49362723679460513,0.24818863126569396,0.5331439447708577,0.18454851132248037,1.0
30022,0.33864222719895665,0.29712157835230124,0.4437841607839239,0.3675558581473775,0.7336923924214751
25002,0.31492437196520773,0.2516374770222173,0.6041656809077225,0.4813711303599766,0.5201635218414863
15007,0.41561426002585544,0.40218158655047453,0.3701742416464332,0.3061420308736176,0.6319793675308782
21113,0.6430893848823844,0.2568527173312908,0.39066337412193197,0.23868808707198547,0.7771461144782232
14076,0.45792547572451453,0.3133422757232647,0.3760408370992909,0.23923746605657686,0.9257153714927412
20440,0.5821913608492995,0.3186925859933084,0.3595319142615458,0.17909753089654476,1.0
21210,0.17867611889969537,0.5320612984698931,0.4177365251970196,0.32445649664817766,0.9257153714927412
13031,0.3350770283973989,0.3292636177849311,0.41870747701139716,0.35998815564720343,0.7171720540196672
24049,0.5828141740659203,0.2143994911388972,0.38914640490063174,0.4458850051607961,0.5493828179949455
20466,0.4446348553878789,0.2742030230598782,0.42186730865740607,0.27973626955884945,0.8275164340507248
20257,0.5124551365573404,0.3002081130998157,0.4841623109189361,0.1597852269892381,1.0
20017,0.4682771939551638,0.31097727935239045,0.4636026650325336,0.18999930898478357,0.9257153714927412
20535,0.4522609982822649,0.3164499028938032,0.4525816897736738,0.183284363894776,1.0
16099,0.45538052049934086,0.27876110806844334,0.37091486857647854,0.3294755885680123,0.7645232988719857
5007,0.42113597818437853,0.18435104673632596,0.5997828574766794,0.4749776864629732,0.5330912311531171
16002,0.36269142945596466,0.2647634489980236,0.3659609625989812,0.40522378994028707,0.8275164340507248
30185,0.3339702695086002,0.30470780064679664,0.44464941648870476,0.3052185006991587,0.8514307429854822
20523,0.479707557034921,0.3523733914566265,0.4269945455736533,0.19128676022216778,0.8514307429854822
20410,0.4882559019784785,0.2373170964955037,0.5390352083180623,0.2132543726574129,0.8822616494359928
8059,0.621089154935965,0.22119887993476633,0.6056255916121186,0.2523462038335027,0.5594373801050112
32037,0.4074105740734583,0.3039827144677246,0.38124919609477503,0.41124065001377313,0.6046625485289482
21018,0.5690186678537656,0.3381370661754348,0.41404478449034415,0.1726426131467892,0.8514307429854822
20076,0.392570127750817,0.2761996213624929,0.41418445085140954,0.2606670650551327,1.0
16077,0.34719551399322196,0.3231473980625689,0.36989506057189675,0.38866578868225315,0.725114210224383
8027,0.46003880474285685,0.2625234890450818,0.4096512693961728,0.46326963639230195,0.5086287365465932
32022,0.4636913938846101,0.24231025560374903,0.3881416398903784,0.4375210671434047,0.6101596542308203
30113,0.4049382115435379,0.31235343528004866,0.45127016083368365,0.2462968163757185,0.8275164340507248
20064,0.427976903578418,0.2669454543007391,0.5377255027322654,0.22864624569124875,0.8275164340507248
30156,0.3517934881638265,0.5670855156933403,0.43119040563227296,0.1587039810137429,0.8514307429854822
20433,0.4818563798698846,0.39934824262153423,0.245435556828157,0.24544722202756808,1.0
20366,0.4779583858920837,0.3234259357779399,0.2695047888018015,0.27823335636790414,1.0
6007,0.4090692670240239,0.3556979470785935,0.6419201568308377,0.6633782290556343,0.1869217707676
21081,0.5309471031924574,0.2592865277302956,0.3746554503302684,0.2541373654021949,0.8822616494359928
15078,0.4327999489563675,0.3527450574309743,0.37016166565382835,0.2531900047823538,0.8079770209287339
20264,0.5266201379382001,0.34108139560936296,0.4332050893739696,0.16041663904587436,0.9257153714927412
26062,0.5978285292503202,0.21489736292259845,0.44234747509692146,0.20249879139416493,1.0
20019,0.4056510699294773,0.36107836400518434,0.4482603233670555,0.19855435014731235,0.8822616494359928
23001,0.5582133319212423,0.36859894860428744,0.34233732921018556,0.5315207163067351,0.3070228485584629
19036,0.47717507243804747,0.36333723813589025,0.4308211495754725,0.15339103230146925,1.0
14100,0.3816772939392009,0.27626008451899886,0.37409100872075485,0.4369614158101378,0.6639688805647354
21050,0.34207812693278555,0.3955433986505793,0.4411669019262588,0.25791049702680147,0.7430174073632629
17014,0.3838693453256438,0.4224103289487925,0.36512756118145184,0.2948225981464645,0.6550328681014498
20007,0.43743541540678743,0.3924628080872584,0.2670713830505067,0.2823768406784453,0.8822616494359928
28035,0.4707553901345212,0.2136936250614758,0.464380763675697,0.49853345138992067,0.4896375090963688
20229,0.48084450695858394,0.330787324560357,0.44596461497418893,0.1606991071995049,1.0
24055,0.39616485894712716,0.4634181828744368,0.4026446273261358,0.32782246327302506,0.4696410800785576
13068,0.34760679076041034,0.3871992151156721,0.42572578101527814,0.24981613702859168,0.7914566825269261
20034,0.555655494212143,0.28738710053234473,0.3958579262458565,0.1927527393562536,0.9257153714927412
26052,0.5345004726749569,0.230283878811273,0.4278583244159391,0.3178870039269298,0.673718331962919
14011,0.5375627438509858,0.2826923985751682,0.37690527184892353,0.24283219992334792,0.8079770209287339
14032,0.4275473625116948,0.2860447667240182,0.3716751279324032,0.28001816726021905,0.8822616494359928
9015,0.5262055590222844,0.7877833944281502,0.3776466015675928,0.8392074883526087,0.085468518182186
12081,0.3995451137425421,0.31531418505084524,0.3809870160089315,0.2826560382278215,0.8275164340507248
20082,0.439947415124156,0.2997563512031285,0.4177310903645358,0.22006864920278005,0.9257153714927412
5034,0.4616415661384773,0.16603030559013623,0.6026992260760853,0.24259512229703895,1.0
11034,0.47895860347874875,0.30668057398169124,0.4001770319914856,0.3014675354529174,0.6319793675308782
26037,0.5123249059765582,0.21743685590054307,0.44352933904096303,0.2735983118731365,0.8275164340507248
7115,0.564142205534379,0.15406455888902537,0.47627854940063247,0.27020527957791574,1.0
14049,0.5382307838684681,0.24533871212510344,0.360954236886756,0.2529533355669698,0.9257153714927412
26051,0.4560231853909601,0.25962916732562297,0.4271648465493545,0.28830846418888845,0.7645232988719857
11033,0.421955171331328,0.29301072837680897,0.5954574364205227,0.5569216161999665,0.2718237133806441
20552,0.3429250524482057,0.39365104405546786,0.4226505821010223,0.19473497144542826,1.0
13004,0.32541699388718637,0.37617862013028636,0.41460116894927257,0.3316123056954199,0.6594077639142162
11017,0.5566279851383553,0.4347444872077999,0.5709877671135908,0.8571451201574282,0.0935242862550229
14099,0.35258717452063665,0.3212540041172749,0.38478137759892095,0.3317140424442384,0.7645232988719857
5031,0.4509712312902435,0.24937305970784526,0.4081308943996298,0.45750488076242124,0.5251490749484011
16096,0.40321844680774777,0.29040959441714803,0.3795856692177828,0.2479525329105251,1.0
30012,0.401232342440415,0.39047301986347005,0.48564412664864376,0.1892537976951282,0.7645232988719857
20538,0.4658466848120809,0.26351637532343153,0.4836543791317152,0.18519184353298762,1.0
8030,0.46416226155624685,0.21523528017260196,0.5998202023723156,0.21538867929956096,0.8514307429854822
21030,0.3984309988929434,0.5201151295008033,0.4170950883782917,0.1369825428829618,0.9257153714927412
30168,0.32783661300866607,0.3259233349347453,0.44652196711991243,0.30463432318879013,0.7532318055434659
21021,0.48263407919642837,0.3551670663621517,0.3805687160969873,0.18078366269262036,0.9257153714927412
32043,0.47508678147337124,0.4478059303470391,0.3743382018594237,0.16488437948195184,0.8275164340507248
18019,0.3420959274297758,0.39378052622567616,0.3763614584074534,0.23147866943868944,0.9257153714927412
8050,0.5795009772656302,0.1331216170247477,0.6227349734186732,0.5847454506543032,0.3859048328756713
30057,0.19069357385959387,0.5471774700062801,0.44087738080180194,0.29772276415351473,0.7914566825269261
26034,0.5295155651939191,0.31980344393645044,0.43847445701954035,0.1455743507673089,1.0
20476,0.34433893949480543,0.3748471835364763,0.41290030912795056,0.2186110627326065,0.9257153714927412
30098,0.38075721915935246,0.3158431600935045,0.44631709840259826,0.2008015694237372,1.0
8019,0.49894464408361805,0.3735091252601206,0.6134381571597392,0.8865762777335564,0.1062551448087857
21178,0.3491645154126571,0.31993986050336,0.41858808026901606,0.2907160296376184,0.7914566825269261
30153,0.44017415755520284,0.27863979307709646,0.45371101984508594,0.2563520541016808,0.7532318055434659
28042,0.38948628574208816,0.32323111294912776,0.6496990535810474,0.1488603612284819,0.8822616494359928
20498,0.4915123850528069,0.2600184046014996,0.5049992107403248,0.19536819767305924,0.8514307429854822
20297,0.44659651065788636,0.29663945401892117,0.4251120738186426,0.19032705935811023,1.0
14027,0.3640123948109346,0.3400432144679903,0.3972371504344158,0.2929052817212995,0.7430174073632629
28005,0.5740718424912118,0.2216727415207568,0.45693655379117815,0.2319677647633075,0.7914566825269261
20173,0.4314815532843058,0.34192826060879505,0.45980629269849604,0.1698271899778377,0.9257153714927412
20238,0.3534373885512653,0.3439836292943035,0.4699615525725143,0.18658180905679855,1.0
20422,0.5401664729642922,0.37548884795015713,0.42776686499997735,0.1391504963442149,0.8822616494359928
20049,0.43598820248323034,0.3661278672754529,0.46928417986758897,0.1421849144652188,1.0
17021,0.3691104175620608,0.39871655954399454,0.3652201833120154,0.3039404706071528,0.6508295817171241
16101,0.5134702631613624,0.338934962031733,0.3716698453655078,0.2236346277494115,0.7336923924214751
20541,0.4424080525914198,0.3196597847762754,0.47155842657954095,0.15903815804525936,1.0
20088,0.37622325104436916,0.3259305712961287,0.41412991424614953,0.2252182080507568,0.9257153714927412
14087,0.37498470162850683,0.2531739112477384,0.36571588853237275,0.40467697817344306,0.7532318055434659
14052,0.43268414739250394,0.2525247045463104,0.3723319637251413,0.3277707665600308,0.7914566825269261
20477,0.48465989198096515,0.35338680343845186,0.4425010084450725,0.13903896550186606,1.0
20558,0.5266871673264881,0.32742182502889317,0.6420282698948242,0.0949214865747042,1.0
6010,0.4129206284064672,0.4088775077875803,0.38872277531778276,0.598446900966425,0.2667836235745922
21100,0.30302590742705904,0.32170996779171346,0.41338553626635494,0.3138646558960067,0.8275164340507248
14124,0.23926315911979906,0.4177119720412737,0.3664816508401506,0.6213279395427038,0.4594958015816031
8040,0.3876644778316523,0.181855545307905,0.6179899232519065,0.4591816055298767,0.5226273100076635
7059,0.40831473050312583,0.18070270705141683,0.47806133826080527,0.5615103154253045,0.5277316111213665
32016,0.39617404221322283,0.28059629755417775,0.3854848341206392,0.3905583320038602,0.6220797127932347
12078,0.4816192771684096,0.2994688470489397,0.3881923086193601,0.2560573820846688,0.725114210224383
32021,0.47701160429968037,0.32574114423158945,0.37746007330546705,0.200806942615469,0.8822616494359928
13079,0.3815305889077375,0.39512152633106984,0.42446575843944706,0.20476859259740182,0.7914566825269261
8025,0.5687547470541607,0.1541406251193225,0.4112174072607047,0.3630459183013335,0.7914566825269261
20196,0.5083999190354344,0.3756146896637851,0.4585550347032516,0.13403644234000245,0.8822616494359928
20271,0.4475638030927981,0.3578034157617507,0.45525952793862806,0.1417014145576646,1.0
12080,0.38286890017966985,0.31871258598364594,0.3826389948260165,0.30845121886661436,0.7171720540196672
20377,0.3615902841536808,0.2848340091212218,0.4207977345884646,0.2699272925687121,0.8822616494359928
24002,0.4917769220531045,0.242110012832745,0.6315994905667827,0.1818006485711866,0.7532318055434659
32035,0.5118086828335393,0.31247136800382547,0.5835456051231442,0.15680824293282875,0.7028614859709643
20562,0.25140946887628596,0.3209488393296875,0.4250373827368225,0.2993503383873511,1.0
20037,0.43150316865322424,0.36415317726290614,0.4042312552395737,0.17440098337036805,0.9257153714927412
21049,0.319619100420642,0.38883522000972237,0.41378288818162207,0.26466302057748237,0.7532318055434659
17007,0.4338147272197135,0.4431258974481161,0.5678721906578333,0.7665966181533457,0.1224772084142079
14122,0.34312610237864216,0.33072952164543284,0.38098586962598213,0.29304073937815656,0.8079770209287339
30031,0.4344600201030159,0.3244262170468635,0.4746636202730157,0.20179956464602322,0.7532318055434659
28024,0.5142326792059879,0.2208929065169365,0.4404441257094488,0.28012301590949107,0.725114210224383
20267,0.5117265822185377,0.41893573209365975,0.4591811270825136,0.1030878794064433,1.0
14110,0.4444250190689628,0.24722204131883008,0.3729141143169317,0.35162983426585914,0.7028614859709643
13043,0.3704325247070138,0.32156395905724844,0.41303442346987806,0.20572832553106327,1.0
14101,0.2939458165696996,0.5540570910267338,0.3666051726711697,0.7741883448919598,0.2187719654126547
20050,0.29578839917643995,0.2912396567445082,0.4188970125167154,0.2797131027015194,1.0
12001,0.5620665157271388,0.40296826651853734,0.36486889221823654,0.7562308421066065,0.1612823531128298
21009,0.49097469114269543,0.2917948105996706,0.3934927679351744,0.1930932872133566,0.9257153714927412
24027,0.37432561426341915,0.26374392718879536,0.41388011832532523,0.3628346537604037,0.6789471770362071
15041,0.4874799043718411,0.33992918952874696,0.37056974527664066,0.2028358155890116,0.8079770209287339
5023,0.3992455668228547,0.12303769969647105,0.600547613807306,0.49805961282681877,0.6844442827380792
28018,0.46355378120851276,0.23478451534953676,0.462711041878156,0.2938779377281451,0.6789471770362071
21068,0.41912695787647447,0.520677932392478,0.2170778896224923,0.22877067793352346,0.9257153714927412
30151,0.3740282747305614,0.26184284381704165,0.4533752626203576,0.30394689224676136,0.7430174073632629
20352,0.5536334640692755,0.3429651265493676,0.2019725629573174,0.2815926048859009,0.9257153714927412
20035,0.5193338156824787,0.4021463420159087,0.46331074317768933,0.1030878794064433,1.0
28039,0.478065296079629,0.210900826248936,0.43709043530236286,0.4006266292415891,0.5648420579743655
22013,0.40071742476258354,0.37320381213957715,0.40499861209790655,0.2558576600275029,0.6428874255124083
20105,0.47497401315088017,0.34092242478186296,0.21188138052524214,0.312995517303801,0.9257153714927412
32003,0.5660853114646369,0.27323385840590575,0.37597981163150085,0.20044703385913476,0.8514307429854822
13018,0.2801325185093475,0.38573892114438324,0.4281451277210408,0.32238983942278965,0.6639688805647354
20438,0.452447142878593,0.3772166195195211,0.2535495851103541,0.2469448748247794,0.9257153714927412
18004,0.2140547063253968,0.29944637714109656,0.5936340810099325,0.5628644696970869,0.4608876401724793
20455,0.3598150224754199,0.3409265482376935,0.4026437894026885,0.2156724741418076,0.9257153714927412
22003,0.33016937586890166,0.3303395959095674,0.4172630118715744,0.3189237157322317,0.6789471770362071
20151,0.5544172084479162,0.38665884826610336,0.21996001121333036,0.20885720614041775,1.0
20485,0.4365919984607575,0.26932821226011006,0.39166894002350394,0.21380267609162762,1.0
15069,0.3892917663968496,0.4914760440445171,0.18701851150108817,0.37291044464148004,0.7336923924214751
1001,0.5622289329319317,0.5055637497905279,0.5770518764169069,0.9228639714208213,0.0645393072791138
32057,0.4049967479942199,0.2892833875654194,0.38323890819562284,0.3879206700120005,0.5576947390236193
32004,0.37412967408612396,0.2871849110089114,0.3768507848299419,0.28965350439944293,0.8275164340507248
24047,0.4729556403283607,0.33146824004578634,0.4172107625647966,0.1834999464989593,0.8079770209287339
19027,0.5783355825303609,0.26598345161911435,0.6441449683965738,0.10562849188913259,0.9257153714927412
30202,0.42724593858806315,0.34068711227339454,0.42689916112930637,0.19296708544564944,0.8079770209287339
21190,0.6193245929856592,0.326265248928278,0.40743693437512557,0.1270325553476993,0.9257153714927412
25008,0.44725436369492877,0.2188748699348115,0.5959870442360063,0.43681539813031406,0.3798178305548511
12011,0.3320619391456543,0.2666846977097807,0.3586772965218225,0.5256592507315929,0.5786259907364864
15066,0.4554393612422754,0.3622878634679022,0.36984259252362395,0.18557475684624805,0.8514307429854822
13053,0.35412334902156967,0.3120866112609815,0.419127506521781,0.31316813679694355,0.6639688805647354
15086,0.3735555104269357,0.42054587742905447,0.3690467388571876,0.2828657103990407,0.5851231354069573
20004,0.31596383468710393,0.38661210451886124,0.4154787420295246,0.1890395466079308,1.0
11010,0.38744718157711067,0.35148690930582194,0.3745625845004807,0.322589319435304,0.5829133650538523
25012,0.4010242427843418,0.30153314903341677,0.6344351096855356,0.8031347791920989,0.1553731898360806
20240,0.47259039902451144,0.3303474186684008,0.4079667116029169,0.150094266010476,1.0
5020,0.33213467759468007,0.22035928793851334,0.6102516188101118,0.567469235326763,0.3743700475807784
30177,0.15860471358603695,0.5402838535089961,0.6334931751057413,0.26127815072237015,0.668732778856004
16014,0.3726983070195474,0.25579623609775837,0.3683533216076832,0.3841542375792676,0.7028614859709643
24017,0.49848578764150364,0.22730471895518667,0.622910907249304,0.22035998584862176,0.607375859660376
12022,0.33024338224366,0.29288507773064676,0.3685504553093869,0.38936582755025173,0.6789471770362071
20450,0.44156421218701863,0.2787727718692804,0.4293802057817248,0.1780573440892032,1.0
30154,0.3432099938395424,0.2570257577134492,0.46259160239225505,0.3136760769724379,0.7336923924214751
21198,0.5764398401682733,0.2532384604361087,0.37841667095037157,0.16989865929378006,1.0
28006,0.43962033670750555,0.2825496016717154,0.4370584600486091,0.2087584106641387,0.8275164340507248
10024,0.5092941052503172,0.2099978091151259,0.3949290294119184,0.34707087825410965,0.6391266864816243
20443,0.4791156558306792,0.4020157953646155,0.47161341471945606,0.1030878794064433,1.0
6008,0.3666090735497529,0.3534614099180251,0.3956241077635908,0.31893410386773574,0.5705338414139879
20054,0.5714811403723068,0.31579715449206347,0.4314700624084785,0.12925878818856865,0.9257153714927412
21071,0.3126733274953025,0.35201153562480003,0.41168189089139656,0.5601125321994274,0.366539538500611
24054,0.3023647665931942,0.35050899512498906,0.43382496173061513,0.37847172315905725,0.5344740898901891
26063,0.556647954869365,0.19155016081824694,0.4380092098265937,0.2150315276595143,0.9257153714927412
20255,0.5074129122027422,0.2907966342856086,0.2294076517559985,0.27459013308036606,1.0
20394,0.43542901061286887,0.2330860036478894,0.5106515319162377,0.2027982565434549,0.8822616494359928
12084,0.4633562467722459,0.31637913148136443,0.3777435565202045,0.16741453098164866,1.0
12031,0.31154717109697366,0.38506401597069106,0.36385585820460087,0.24051815742317717,0.8822616494359928
20286,0.3559055170059241,0.27093976362645644,0.4020386315113216,0.2707525696282035,0.8822616494359928
26057,0.5128568995845166,0.1921235439098987,0.43844300925943996,0.23126641913277718,0.9257153714927412
11040,0.44681460712735566,0.30471924589320254,0.3953648341804082,0.31103069022500945,0.5493828179949455
16094,0.3318304428801296,0.3412009390937041,0.36515283688518196,0.29068364402521524,0.7645232988719857
20395,0.5441762073781103,0.3192842790415864,0.2377116554565208,0.2221058786578055,1.0
32050,0.41014591910770754,0.3034412878120784,0.3813639596383101,0.2775044514288511,0.6963643413004936
32049,0.3979350859687889,0.2653310543281539,0.36925086737091306,0.4330288916627519,0.5431683198140091
12038,0.4567266087120456,0.2596474958892263,0.37800327306391973,0.5736592587532751,0.3565630317946963
20251,0.5656020212783484,0.264212509596519,0.38673911262751076,0.1585887152170375,1.0
20354,0.45190624122756556,0.5270054826009978,0.45043408727735984,0.0852626939171425,1.0
6006,0.48352484360724635,0.3209309530065457,0.3784922427405303,0.24254685298787607,0.6391266864816243
18015,0.2177087059173042,0.2700137782387768,0.5676390917485408,0.5470707243055657,0.4982156912934606
20179,0.44994460975723133,0.3673623930687334,0.24747821239992854,0.2395444650089005,0.9257153714927412
30200,0.3801998070038538,0.3305964410823909,0.46615748076554436,0.21583069127867144,0.7171720540196672
13047,0.38867430598688074,0.3461286005491253,0.4155030923017272,0.1905472486581458,0.8514307429854822
28034,0.4007310014093728,0.2832673113308428,0.45550643398654084,0.22100111032062503,0.7914566825269261
20222,0.44694123425960386,0.3042211878699376,0.27021157287461445,0.24602723295261675,1.0
30127,0.3102574899963494,0.29856457378134854,0.4369825412577746,0.31459086901192634,0.7097780834867178
20445,0.4992470012553551,0.297916488587592,0.42176327279935144,0.143951173526839,1.0
13062,0.32785414587090966,0.4056955585535694,0.4289318750487152,0.21280619320901095,0.7430174073632629
12063,0.47570778073518394,0.31057339039504434,0.375453151875892,0.17477988621227392,0.9257153714927412
20003,0.46819630384379346,0.24940556421760923,0.5073451034232217,0.1634966791852553,0.9257153714927412
22009,0.2899116683463179,0.34017854979673284,0.4247571103194766,0.3980013492545405,0.5372945175374426
30198,0.363180382722762,0.36020313264401566,0.41884094515247894,0.2102719392812255,0.7771461144782232
25005,0.3633101601684152,0.27751656746807885,0.39014949561164586,0.35982250877072186,0.6285768574637054
20544,0.4191857488890274,0.4356978602278145,0.2544819377770524,0.20645278166306677,0.9257153714927412
20218,0.28796499012760995,0.2935974192252572,0.4254836858394192,0.24660565350104924,1.0
26021,0.506307221244044,0.24724778416510218,0.6507522305781898,0.1233272956725097,0.8822616494359928
20492,0.48370696473901903,0.2970967982738828,0.4264819511648289,0.155630634603443,0.9257153714927412
26030,0.3026869117879269,0.26753828356402953,0.6424758306046301,0.9143730513667945,0.185571663907907
23006,0.6506074084779251,0.16914955641044122,0.3985512572629716,0.3934315530426896,0.509727926337842
8016,0.5470281953954013,0.3790544342667115,0.6149114572753092,0.0852626939171425,0.8079770209287339
21028,0.18195316201895595,0.4935203692442706,0.41684251778136705,0.2532430987476986,0.9257153714927412
20213,0.4204871554901286,0.3850394469980081,0.23866173519164374,0.2267914508924681,1.0
30180,0.3706202769024449,0.30043444748604586,0.42393250375530567,0.2339789424204458,0.7914566825269261
20444,0.5019843722083426,0.28923816966922145,0.4277258884298284,0.1405429268379208,1.0
8065,0.4596300195092842,0.20981643855675008,0.6041755345766611,0.19553879558103732,0.7645232988719857
20096,0.5463689054894385,0.32872157993881085,0.4289541172101405,0.1219833374654427,0.9257153714927412
30110,0.4282559465167961,0.39312194722037125,0.44966627023725325,0.14751598731923135,0.7771461144782232
13024,0.4298046591759422,0.4975652312194496,0.4087849417059182,0.17503650297993104,0.5648420579743655
20061,0.44381841069473915,0.2716233238604005,0.47768590406128586,0.16992605645383285,0.8822616494359928
14038,0.44313480322826765,0.3435185425439292,0.38738330200392646,0.188370678657741,0.7771461144782232
10006,0.5754527304877688,0.2394130463554497,0.38904101704605826,0.1735064272379448,0.9257153714927412
26048,0.3619205618235022,0.1346491561544717,0.6127618689253479,0.5581586515489331,0.5153996235502176
20434,0.529340331671263,0.4947668011684746,0.44597035044838335,0.07344128709660035,1.0
32028,0.40865059327325604,0.3389479723774672,0.37488485815256856,0.1774953813289637,0.9257153714927412
28031,0.4823429339636921,0.2620966148364754,0.4444691593593033,0.19182271700163556,0.7914566825269261
30187,0.19162471232207778,0.5031929099259955,0.43556199861080847,0.2190744394676582,0.9257153714927412
20152,0.5006214148632232,0.2638377538694433,0.3928005458661742,0.16376283280993334,1.0
28013,0.34583802859021695,0.41075096233045383,0.6551582880765453,0.15628566428108215,0.5807482395941909
28014,0.5127871502563708,0.20745647945579035,0.44107308022145064,0.20310066275756256,0.8822616494359928
14034,0.46118550950374854,0.25697810108791086,0.37539149244813735,0.21394462924218255,0.8822616494359928
20060,0.4773789565670844,0.29223956613162716,0.4904148080392686,0.12273742854048961,1.0
20465,0.5336325191529976,0.2891399314412789,0.33912622846495094,0.1602757673246967,1.0
20273,0.4311959465250682,0.3909698512494222,0.24801672164749147,0.20038422957314445,1.0
20108,0.4154493220894246,0.3386057848945554,0.44174507111411376,0.1347384056498028,1.0
20204,0.6428078913099712,0.24089880812350262,0.5315878977562607,0.10980181530715025,0.9257153714927412
19007,0.2504300205895084,0.3135709977550264,0.4401916669236666,0.2994340298985283,0.8079770209287339
20502,0.42988826858622137,0.2393397910724405,0.5023679434757149,0.18324422325584855,0.8822616494359928
20316,0.5379803964314409,0.24312695095865838,0.3032784523567404,0.21057961596513397,1.0
20128,0.2540126523584275,0.2945930682061083,0.4788494699661765,0.2517111903969015,0.9257153714927412
20382,0.4813382172765651,0.2920816695384729,0.4270472731635313,0.13879617562623514,1.0
32058,0.38408285355387417,0.2965630366275728,0.3773958060300012,0.2399160765635822,0.8079770209287339
10037,0.2885454308457929,0.4387334658362962,0.3881870210021161,0.16936717428440454,1.0
20205,0.45218271925432896,0.2501184148919994,0.49044225454859325,0.17612748544425122,0.8514307429854822
20527,0.4623847673324608,0.3298449821775829,0.24676707173013038,0.2209101065598961,1.0
18005,0.35595409219582075,0.3125582597258229,0.38073474609665103,0.2736149813403885,0.7171720540196672
20081,0.35048136759515675,0.3091475342157843,0.4024085221658519,0.20540443455389382,0.9257153714927412
20268,0.33868516876702903,0.3217467319419557,0.47005674547033627,0.18179152405291954,0.8822616494359928
26018,0.2859846578629109,0.22812987211160954,0.6363506984412485,0.8284631441253241,0.2387365116945257
7114,0.5317453009251296,0.0958211463956891,0.45428309458361654,0.46331507122514665,0.7645232988719857
13060,0.3041580448297032,0.3215238008112965,0.41501390986526704,0.33423437187101945,0.6020162396286254
26005,0.5699367894967662,0.2537441139027825,0.4281766708785124,0.15934019077128675,0.8275164340507248
20391,0.5215180582623932,0.29979241190391714,0.2771534996468527,0.18834333929880476,1.0
28025,0.38118856824017144,0.22233984482398494,0.44743026318775847,0.4203450934249142,0.5119607167888041
28037,0.40366865925161893,0.1764944079070084,0.4715309520314389,0.40038151032869496,0.6046625485289482
30188,0.17159295218233486,0.4224255801675817,0.4519366411600533,0.33403989711403037,0.7430174073632629
10034,0.2857474834332634,0.32913875611120347,0.3878727311939014,0.2867576050588903,0.7771461144782232
20365,0.42222359115215424,0.45693397366729316,0.2677404076759739,0.16999817687448446,0.9257153714927412
21032,0.4737554007671791,0.28921421717225204,0.37109585585137006,0.15960262865734803,1.0
30101,0.29713121755061517,0.28459958757925397,0.4380660390439871,0.34999374499479674,0.6252790567992559
30008,0.3307389065705191,0.33968765722721295,0.43901080372500073,0.22662067478600761,0.725114210224383
30137,0.47671120348914486,0.3480887305999712,0.446517102162219,0.1316421301230044,0.8275164340507248
20326,0.42023302374895083,0.3547851417149757,0.25652852339959714,0.21092617258402946,1.0
20282,0.5818755118729533,0.305028374260292,0.38203806764102727,0.1270325553476993,0.9257153714927412
21155,0.40583049698920565,0.2508123605324678,0.3892278695329675,0.2670260555733865,0.7532318055434659
16059,0.423684117846674,0.43846793906744613,0.5732277443140557,0.1030878794064433,0.725114210224383
8063,0.5487906481864573,0.2731529832221721,0.6078269245008039,0.1101619306449005,0.7914566825269261
14043,0.23299940328614227,0.313570208204642,0.37088015928685814,0.4471684713272416,0.6550328681014498
8007,0.4942047193901984,0.24317662306782992,0.4059756703926217,0.2558954732398449,0.6354934549794589
20460,0.3936727760589651,0.24728151003911514,0.49218309048846465,0.16544269745551685,1.0
16028,0.3577835266701531,0.36475935975318063,0.36475354879729044,0.2750997864575326,0.6046625485289482
9006,0.531661212149803,0.6578628438180063,0.17857242141067867,0.7754817576229052,0.1633558410592878
7053,0.46851235141844105,0.3443623224841714,0.5041342173648546,0.1101619306449005,0.8822616494359928
20133,0.3828412420729664,0.3305746498812543,0.41436860308695567,0.17684960785232484,0.8514307429854822
20528,0.2766441723213052,0.2738287075216216,0.4041600661437247,0.2569054848438736,1.0
14037,0.25179509568832986,0.28179298207141446,0.3785672854867978,0.4626509722536888,0.6319793675308782
20461,0.5052796178991996,0.27134192092260706,0.39870451956428965,0.1550160159799833,0.9257153714927412
25016,0.28247439561219106,0.20907505283856104,0.6062477428762073,0.3810639481455509,0.5745035569136432
14056,0.4553076336091116,0.27854914779635914,0.3621131180749456,0.1929211113042458,0.8822616494359928
8010,0.5255582245363819,0.1278200187175739,0.4124082228875376,0.45271244989146187,0.6220797127932347
20209,0.39644776713178537,0.2535287067534809,0.4989357206624508,0.16798943100014202,0.9257153714927412
32015,0.5707525304238508,0.3607277334732284,0.377594155549519,0.13115279219739956,0.7645232988719857
5002,0.4429718766398266,0.1798066005272965,0.6101880226294801,0.7044752211283991,0.2275331879021693
30157,0.23782144921906992,0.3368360832149022,0.4300283202684175,0.3325345761826816,0.6789471770362071
12057,0.3673547074165443,0.1962083108367372,0.35806870638031246,0.5637832366485802,0.5330912311531171
8013,0.5638804807726192,0.10095682083023944,0.6225413648559239,0.35045603388837604,0.6220797127932347
26071,0.3852084384750022,0.16910995762905512,0.41289962089950205,0.487083062777679,0.5896842520574764
15111,0.2821141159674319,0.35926242810978204,0.37105813739408905,0.3623767155194648,0.566705932174072
20127,0.32049893825730785,0.29534121372842725,0.41785762507825436,0.19514143383940555,1.0
26067,0.5396407626837991,0.1673509721205294,0.43799812691925066,0.1946875080607854,1.0
30186,0.1848132279143026,0.3267655512957611,0.44816481428950555,0.34324783488417643,0.8275164340507248
2005,0.334787153227055,0.22615221203802277,0.5107447539453822,0.6649640166596269,0.2986885410983919
20094,0.2672450793386065,0.36912117073090533,0.43827419254854744,0.17754482611798858,1.0
20566,0.42098491477370015,0.28058942914344864,0.4332748293060072,0.14992451364127,1.0
24019,0.4901605012952648,0.29353048343852023,0.4222810081457277,0.14284135673188003,0.8822616494359928
17005,0.39682074377287313,0.38782063607938233,0.3655463654778349,0.20045477980079915,0.6789471770362071
20119,0.4705451471850168,0.29382680030526076,0.4227308631894191,0.13074543454277326,1.0
10029,0.6056488666512171,0.2420948808182819,0.39581293042046745,0.1316421301230044,1.0
20020,0.18803362441211424,0.40459461761172344,0.40260943943914906,0.24878287141788508,1.0
12029,0.4222281237717782,0.31824413215113995,0.3625735939186927,0.6703593171387214,0.2327382200512041
21012,0.3453929834555449,0.27323549527564606,0.4192437393395271,0.267528316230213,0.7171720540196672
26009,0.5134204683970598,0.21431777281548128,0.4354976431105144,0.20623142534107775,0.7645232988719857
10025,0.6294787278073766,0.2798821369260264,0.39623317374248257,0.10809973416049695,1.0
30029,0.3194443357456007,0.3373352282066765,0.4363813261652704,0.20967015533014532,0.7645232988719857
12048,0.32086658969251725,0.21451138652522883,0.364737964178578,0.48719019605876146,0.6159540418574678
7119,0.6173719920957105,0.41163744661426116,0.5076926890678914,0.05820084302640405,1.0
20154,0.4945702488525836,0.26422210218130565,0.48944481651795063,0.11697195499778805,1.0
26044,0.5703212139562615,0.24254226573775614,0.4350788290689092,0.13386641856103554,0.9257153714927412
16015,0.35094850541985184,0.203396178744608,0.3561408075200783,0.43867395831214506,0.6594077639142162
20336,0.394096184977915,0.3158095465878926,0.46120750394503407,0.128044329401136,1.0
20296,0.4414323223065213,0.3273677649062346,0.45880980514192726,0.1101619306449005,1.0
13040,0.29129581615039535,0.3454059684696936,0.42342172198704625,0.20098660012712416,0.8514307429854822
11043,0.39386965620511505,0.26076967713574883,0.4011548348683851,0.31352686269693025,0.5630100464373469
32026,0.5124740913753104,0.1610140430567123,0.5911744608288375,0.20492336878246506,0.725114210224383
20074,0.4999229876843851,0.24714258759581964,0.5028056620251501,0.1164016860528081,1.0
20490,0.5608142830908375,0.49547101809215155,0.44622996966593237,0.05820084302640405,1.0
20493,0.537051394555533,0.32812861666074955,0.42818703597036245,0.0949214865747042,1.0
22010,0.29908537585757355,0.35216503731457327,0.425466745799028,0.23320576264512305,0.6844442827380792
25003,0.3409082004059324,0.25982696510478354,0.39983174334658117,0.2921283400405686,0.6902386703647267
26032,0.484597587905648,0.18149563793798562,0.43795963472394134,0.1994740912958601,0.9257153714927412
21056,0.43091452935155306,0.2472947284718971,0.3829299600903359,0.17387214567224385,1.0
15032,0.22742519086895596,0.34537076585598914,0.37063951838722936,0.3834542949208152,0.6354934549794589
20281,0.526136774767121,0.31738971918869646,0.4289947773838387,0.1061664303374942,0.9257153714927412
10014,0.4089815876877111,0.2465846701978281,0.3786225551821809,0.28833119634766163,0.6391266864816243
20086,0.28292961512317055,0.292842419174878,0.42029292588971645,0.21812458389759143,0.9257153714927412
23005,0.755712364941048,0.41301229221420477,0.5375669195382661,0.7411203311834258,0.0564559895451508
23010,0.6638912754834443,0.1129018686283631,0.5854851539392252,0.39141800572741914,0.4082646736449158
20473,0.25825897977416623,0.3640039363826255,0.47629764864977453,0.1558281482990973,1.0
5029,0.4533472245350753,0.30183817189219264,0.6035328311932051,0.0949214865747042,0.8822616494359928
26068,0.5918894499105082,0.2039777562660499,0.44047445480367786,0.12976247779298886,1.0
7116,0.5142105647567337,0.11033040224956105,0.45998640969059784,0.28424477414527577,0.9257153714927412
30041,0.34969720082135025,0.32106326000040336,0.4530828019681474,0.170265061229079,0.7914566825269261
20276,0.497216816798896,0.3849850969838573,0.4511133978010319,0.0852626939171425,0.9257153714927412
20259,0.40649168283884546,0.2688594145903124,0.18970196848012183,0.3287174079878075,1.0
20195,0.28859165321236113,0.30492225579508164,0.42513875974143167,0.19554306271043193,0.9257153714927412
21116,0.28704405457645793,0.40748173686838635,0.43768134059497826,0.18802625016958308,0.7028614859709643
8012,0.6195334929389573,0.19069291271158406,0.40849390562591237,0.1829425220310836,0.7645232988719857
14106,0.3553996098481192,0.29750057192233675,0.3821618028690304,0.18003621990825147,0.9257153714927412
30096,0.1891385108512548,0.5012126892251851,0.4372447998114497,0.16100557433360224,1.0
20306,0.3949737550795965,0.31627851905916166,0.48429623374394676,0.1101619306449005,1.0
20432,0.47869336286986763,0.2866826719418996,0.2786814299137405,0.17377364737219725,1.0
13033,0.32623597843792795,0.37139751587038194,0.4216328502284304,0.12962813569080525,1.0
20442,0.47418723613872127,0.3420711189700488,0.4754451249242875,0.08541976362212304,1.0
32047,0.29657222843169206,0.29288902834052144,0.3774274934548393,0.3157483398308876,0.6354934549794589
20371,0.3141912196500344,0.302984688241414,0.42129569025091024,0.16389572939116195,1.0
8006,0.5434719047023351,0.19060840419167369,0.405166844746334,0.22409415563806334,0.6963643413004936
19024,0.3460195255097087,0.3306737414396054,0.44193487209089205,0.1398085229547435,0.9257153714927412
20032,0.5297969219499858,0.2880533565117508,0.39678849109907194,0.10725679795238235,1.0
20062,0.35347727337852364,0.38101117333457835,0.4674998681730328,0.1030878794064433,1.0
20464,0.3359200738267442,0.39077166552618237,0.42383412302967843,0.1164016860528081,1.0
21133,0.49936418710382485,0.35260418979782093,0.38663165845141234,0.0949214865747042,1.0
30146,0.20108904168546657,0.3934666067167336,0.4512139902341131,0.20303736142394646,0.8822616494359928
26022,0.5057330236636076,0.3345463964358239,0.4417896308768826,0.0923987140816842,0.9257153714927412
28023,0.6113522510225873,0.22015472977895034,0.4616569985628568,0.13220498254146051,0.7771461144782232
30170,0.3651006568534544,0.33296141598213386,0.42311614201170966,0.157744465296078,0.7771461144782232
26040,0.5034318351952618,0.1502183551751613,0.4286226320500429,0.19314534554651705,1.0
30076,0.3857695901970116,0.3707584525670303,0.42794405638056066,0.1257479592321643,0.8079770209287339
21187,0.44875603024831434,0.30253302640983515,0.21870966263339384,0.245787260089042,0.8514307429854822
20069,0.3662328473365065,0.3295509072541317,0.466259515405822,0.1101619306449005,1.0
28010,0.5424091227891695,0.19157371123871786,0.4622247913366161,0.14590446607206464,0.8822616494359928
20159,0.46909799399155117,0.33726835008770006,0.45685569003513893,0.0852626939171425,1.0
20125,0.323557422997397,0.22961614280954096,0.5282202264990044,0.19269958438535578,0.8079770209287339
26024,0.5831844830954341,0.179332137901876,0.4370509205918549,0.13243293801081063,1.0
20189,0.43493292274689355,0.24728701561148417,0.49196173796465503,0.1140415331813209,1.0
20511,0.45918382750690023,0.37737040820839896,0.23961237235219382,0.17059268788004506,0.8514307429854822
20430,0.36231933445196723,0.28986661857084406,0.42562214363091727,0.1348311020437965,1.0
3008,0.4193729447217903,0.42678511156256554,0.30968211808659885,0.6825986299542075,0.1582870490626259
21114,0.6004991977891778,0.5868427419024338,0.5979829333193656,0.9253561775830792,0.0305336771529395
20290,0.38847225646166256,0.2925677018954473,0.39698010618287977,0.13195637126654486,1.0
10002,0.47050732742550894,0.34154064724663735,0.38983760629449515,0.0949214865747042,1.0
20392,0.3342957047623524,0.3369780342182179,0.4150535732214083,0.1270325553476993,1.0
20569,0.5565507562370464,0.33395577394047543,0.4343706416595543,0.07344128709660035,1.0
14061,0.3007483965383324,0.25548208599674477,0.3697984573409581,0.2581437485333091,0.8079770209287339
2003,0.3291471818823192,0.12348025701477884,0.6976118925690942,0.7127059817205845,0.2915312741233964
20319,0.3848392134703866,0.2442091765618499,0.30682129470188474,0.20394426544620875,1.0
13020,0.28504690699039426,0.39454104386044003,0.4180174595761235,0.13453689137662525,0.9257153714927412
20512,0.42433048030998577,0.2619707451042001,0.49812492818580784,0.1056145100557149,1.0
20532,0.36770669380444254,0.3518970189280393,0.4106689301987944,0.10992365094240489,1.0
20001,0.444070913965306,0.3498123655970557,0.25430871074687383,0.147517431095365,1.0
20567,0.5792207611913318,0.2627374291942642,0.18709315601246765,0.20425448729389925,1.0
10010,0.6100336832802127,0.1934060390410856,0.3993025259445792,0.13272111799475655,0.9257153714927412
20454,0.4443229795809389,0.2486953560397334,0.5045274962594916,0.11743335786047575,0.8822616494359928
8029,0.2847615315924036,0.2480193710171929,0.40310909971886577,0.33815301793873115,0.59943370345566
20121,0.5118273127697023,0.35785421911246895,0.4282975764323355,0.07344128709660035,1.0
26008,0.5188987864707612,0.15091438041026203,0.4332905245447627,0.18244581830076861,0.9257153714927412
7033,0.5038631861961387,0.4066445728648281,0.515978382592009,0.05820084302640405,0.9257153714927412
19040,0.5170518291852645,0.26335273154252625,0.43834740469419425,0.0949214865747042,1.0
24009,0.5882273497432341,0.5113951367453351,0.4034589589293464,0.07344128709660035,0.6354934549794589
20256,0.4491600043929719,0.40405966704953133,0.4243062322510832,0.07344128709660035,1.0
20191,0.49468473246440875,0.42071124324982767,0.4639275007705209,0.05820084302640405,1.0
20216,0.27867298515673666,0.31076941417947657,0.47780747557532194,0.13545518607031626,1.0
8034,0.5242866245685887,0.11525656107966051,0.615011037396029,0.18926685503734905,0.7914566825269261
8037,0.40256961730405816,0.470796988218697,0.6280331264786188,0.8920383150875912,0.0522291943056407
30140,0.3248903590096865,0.30968873996809204,0.44370466466105657,0.1444675710972926,0.8514307429854822
20147,0.31894558325090033,0.31699493394995254,0.42722825913502344,0.1270325553476993,1.0
20253,0.39555294007060504,0.30007989009548197,0.29250239489382884,0.16928295931981455,0.9257153714927412
26059,0.6231334723622047,0.231681744403426,0.6413506327514696,0.05820084302640405,1.0
32011,0.2636936648739489,0.3029707242787266,0.3767762894201896,0.249429044924991,0.7171720540196672
8057,0.6623845473709962,0.21699219308964635,0.4109285265265138,0.1101619306449005,0.8275164340507248
20542,0.37932701475642605,0.3126694525034312,0.2681061263387051,0.18213852015029502,0.9257153714927412
5015,0.5023619591681355,0.34262223689417765,0.42256207945504015,0.07344128709660035,1.0
26049,0.5386208545954158,0.19404986825674275,0.41967060935829414,0.156571621997499,0.7771461144782232
20494,0.4701685526517876,0.43295788288152715,0.4477328342638719,0.05820084302640405,1.0
20258,0.2888091596922508,0.30712825821401346,0.42203084467113056,0.15301629854940094,0.9257153714927412
20495,0.4038482975629494,0.26735758999389236,0.3021895604802939,0.16122500108096727,1.0
20223,0.44844270955670784,0.28763826620513744,0.4761714929758834,0.0852626939171425,1.0
20428,0.47491109486010846,0.2305410931216097,0.3207015081638275,0.1484938991621483,1.0
20321,0.5126997070128785,0.4164093685459873,0.4185699299991536,0.05820084302640405,1.0
10026,0.2532957208118536,0.21005325450718715,0.3986354517180923,0.2928287324645178,0.8275164340507248
20047,0.399691943014287,0.41335095889500917,0.42234443930700694,0.07344128709660035,1.0
26028,0.559993920570992,0.17252307318106636,0.2364501638676945,0.2235155508093939,1.0
8028,0.36540285496281594,0.20564845594096492,0.4136355127889712,0.1977779241407378,0.8275164340507248
3002,0.4080077720142939,0.1502483258941813,0.34640678666911867,0.5466031847439812,0.4376760882815451
20359,0.49355488198435593,0.39114504958927043,0.2548319869319288,0.1030878794064433,1.0
20217,0.46634933803063616,0.3392841231593988,0.43600508324256637,0.07344128709660035,1.0
30018,0.5249033962482279,0.2751452303271317,0.4314595363573076,0.1101593983892307,0.7336923924214751
20139,0.43962560927956806,0.37119094633130945,0.4530245036781128,0.07344128709660035,0.9257153714927412
8047,0.47135302218872444,0.3688287603385322,0.21385333031501993,0.17067270932972795,0.7914566825269261
28008,0.407575411134727,0.2709296627237436,0.6676530836032665,0.07344128709660035,0.9257153714927412
16026,0.36591129023840585,0.2346268780092302,0.36267357204385453,0.18062026562831945,0.8822616494359928
20529,0.37715524027080577,0.3396282591031602,0.40167921193788736,0.0949214865747042,1.0
24028,0.5058052318497738,0.4996802777749011,0.6002848346570125,0.9194702686990819,0.0349954430722846
20274,0.2694330711973808,0.32026495631593255,0.23705145040081943,0.238486343581934,1.0
19023,0.5751422149558364,0.25583818449964374,0.44061498720254644,0.0852626939171425,0.8822616494359928
20425,0.43532197339613943,0.333520091002551,0.2507611750933074,0.1332780463884568,1.0
5001,0.4484598697989519,0.34182927373080263,0.6131367541046282,0.05820084302640405,0.8822616494359928
21093,0.4698810945167985,0.35641360526050686,0.427265441319766,0.08248781934654234,0.8079770209287339
20496,0.49811064029631813,0.37718338069338264,0.4699564330771473,0.05820084302640405,0.9257153714927412
20140,0.5064077890732024,0.32255490920799385,0.4280888605357913,0.07344128709660035,0.9257153714927412
21024,0.6310409235062437,0.25733420421314795,0.38565777972635706,0.0852626939171425,0.8822616494359928
7120,0.5185706616206187,0.39952816313439266,0.3091801323263229,0.0734412870966003,1.0
20201,0.40296440334450717,0.33407625642072825,0.4731775167412625,0.07344128709660035,1.0
26007,0.5533144681408351,0.3307756106176314,0.43868373168563835,0.05820084302640405,1.0
8049,0.6480797148745736,0.22139389310558744,0.41235128548712974,0.1030878794064433,0.7645232988719857
20320,0.2968182759603639,0.3035955598694997,0.4197037339124858,0.1219833374654427,1.0
20172,0.2910084667062569,0.3150608961957535,0.4208675566178576,0.11947785788779511,1.0
8038,0.5345707585819891,0.30286261426621175,0.4218633051149571,0.0949214865747042,0.7028614859709643
30062,0.12168546462344665,0.31715812751306804,0.44570173475888686,0.3858196849983099,0.6844442827380792
24033,0.5753384457231782,0.2045154770415034,0.3970638238375977,0.13229137166093516,0.7336923924214751
20556,0.42994041475844635,0.42882515491626383,0.4214593881132441,0.05820084302640405,1.0
11045,0.3447237508647514,0.28934969519292597,0.4072495274880531,0.16128872243284734,0.6902386703647267
20181,0.3363635989717175,0.3667254440894517,0.4159585735014664,0.0949214865747042,0.9257153714927412
20236,0.3949173076525677,0.2997686485789837,0.2893026545493683,0.1316421301230044,1.0
26053,0.5395709228364288,0.3253788020409809,0.4394938639247452,0.05820084302640405,1.0
20221,0.530183702799081,0.388113204404531,0.4245651493540624,0.05820084302640405,0.8822616494359928
20457,0.41415246366135927,0.2854837278099267,0.27256278097642483,0.1502113816283954,0.9257153714927412
20379,0.27223068299842623,0.3260937034063397,0.4129846193522432,0.12170087301239305,1.0
20106,0.44318295823520976,0.4421789648234189,0.4217229766455306,0.05820084302640405,0.9257153714927412
20480,0.5016976823431779,0.2918130054916695,0.4134539000401266,0.07344128709660035,1.0
20491,0.4038718374708846,0.2957938482967142,0.4378971940664572,0.08448631244805174,1.0
20175,0.4422263508265146,0.313805336726124,0.24965120549908787,0.1272099885317484,1.0
8066,0.4672559024926906,0.30983762821425315,0.404175189411068,0.0852626939171425,0.8822616494359928
20518,0.3094637928055177,0.32225381810800324,0.42690857401178006,0.1030878794064433,1.0
20231,0.42602170577382936,0.26528564760444434,0.3299434843091126,0.1164016860528081,1.0
20420,0.4283334754265165,0.3297026562189447,0.4508851061466682,0.07344128709660035,0.9257153714927412
20210,0.28177480950186146,0.3087104296209734,0.4114308798347238,0.13062581713374571,0.9257153714927412
20065,0.2807461644765119,0.28305134074275157,0.40169308715759533,0.14627739410538504,0.9257153714927412
30165,0.1341876385193039,0.3342425371739767,0.4574613037442387,0.23827601602247359,0.8822616494359928
8064,0.6992291791342781,0.2325071664825245,0.40803791696005537,0.07344128709660035,0.8822616494359928
20426,0.44278050260272706,0.3994534616315268,0.4440172085228159,0.05820084302640405,0.9257153714927412
26054,0.5477645528620945,0.20536726816193512,0.4397467828414049,0.0852626939171425,1.0
19035,0.4786436883329395,0.2704902964545504,0.4418379744592727,0.07344128709660035,1.0
23004,0.6308156302643922,0.07599180830366105,0.5810337492424301,0.6628915242915183,0.2249449815053904
20317,0.5057236691399127,0.3388172871879459,0.41565371214909097,0.05820084302640405,1.0
20471,0.48630293839795724,0.3028839545502551,0.2726139003288913,0.1030878794064433,1.0
20448,0.4227696717400021,0.3006688368187616,0.43680248830195073,0.07344128709660035,1.0
20501,0.3477579659012607,0.2760609478005942,0.39402387490957846,0.1164016860528081,0.9257153714927412
20458,0.4051414685145216,0.3146433974395949,0.46418560407085874,0.07344128709660035,0.9257153714927412
20114,0.30485532453134656,0.3204124761705762,0.4818669733997051,0.0852626939171425,1.0
20100,0.48759614201214163,0.29099627171569814,0.48352497551727225,0.05820084302640405,1.0
13034,0.3810748768108154,0.3897623089605238,0.4282469226750905,0.0852626939171425,0.7336923924214751
24004,0.528659974949943,0.40040147223245304,0.40775352039449475,0.05820084302640405,0.7914566825269261
19028,0.43495225073080745,0.3889096879473608,0.4316118421673095,0.05820084302640405,0.9257153714927412
5008,0.44088515764098013,0.32497463050675157,0.6121755520975205,0.05820084302640405,0.7645232988719857
20335,0.4290445075121263,0.33203031637172903,0.26560810365940535,0.1030878794064433,1.0
20463,0.5271545832750238,0.31179184799547766,0.4384130912225033,0.05820084302640405,0.9257153714927412
25006,0.20081999726872424,0.4909887991354409,0.581271665860106,0.8476436137181386,0.0780745476492366
16008,0.3565303691448989,0.18093339983702875,0.3510801678675248,0.2334152047784459,0.7171720540196672
20158,0.4931027202704932,0.3258149837044645,0.4373257729662402,0.05820084302640405,0.9257153714927412
8022,0.5730456489938047,0.26415597097267945,0.4131474693785192,0.07344128709660035,0.8079770209287339
19043,0.3136048330584641,0.39913379220625567,0.43324785712533176,0.07344128709660035,0.9257153714927412
20510,0.31049484173670183,0.29671454135924574,0.42474145101563004,0.100965813653557,0.9257153714927412
20388,0.46810977617519606,0.4645767224170324,0.4562121663139257,0.03672064354830015,1.0
21086,0.39253868922900675,0.3401948856572231,0.42149285369013045,0.0949214865747042,0.668732778856004
26070,0.38281878098935646,0.13475471906664793,0.4139733447261637,0.3363884016938675,0.4896375090963688
8061,0.635640152592853,0.240280473766483,0.4143389578082009,0.0852626939171425,0.6467849483079785
26010,0.48072152572901583,0.1260845832330558,0.43165562202603597,0.14324442621991645,0.9257153714927412
8015,0.5018700157767255,0.14950446557203265,0.6223349221387522,0.0949214865747042,0.7771461144782232
20120,0.2974284658350508,0.32820212690801764,0.4794221710411148,0.07344128709660035,1.0
8056,0.6662165371175994,0.23082885156228414,0.41027858538705697,0.05820084302640405,0.9257153714927412
5005,0.4032510379102847,0.26176339256984366,0.42239447700937466,0.0852626939171425,0.8822616494359928
5012,0.49331808440468483,0.2715212926183008,0.42654083699155,0.05820084302640405,1.0
14039,0.2546818381838367,0.697882825668557,0.36825965475984807,0.9387054279111198,0.0537555486029017
26055,0.40852301193548135,0.0494587746652493,0.6444038658338496,0.6734288789332019,0.3731274821811408
12041,0.38517683887996046,0.305873328866928,0.378732097210716,0.0949214865747042,0.7645232988719857
20220,0.39513607088634606,0.31123107157708363,0.4508627918959284,0.05820084302640405,1.0
3009,0.45537617624597254,0.10196125391822924,0.31217608392968776,0.41473342627447707,0.5303779200216894
14071,0.409104855781797,0.34912200035751817,0.374997160540651,0.07344128709660035,0.8079770209287339
8035,0.46320843913192983,0.1370179303833371,0.4263375025605528,0.1895094727461576,0.6159540418574678
8008,0.4212643630131931,0.2518824750799978,0.4085814026953436,0.0852626939171425,0.8514307429854822
8033,0.6855437192012576,0.2280752288402636,0.40774523469429325,0.05820084302640405,0.8275164340507248
8026,0.41237667318614446,0.3145801585048472,0.41134359087371297,0.07344128709660035,0.7771461144782232
20488,0.45540050418192357,0.39937409775842936,0.2256784664095682,0.07344128709660035,1.0
20424,0.3854134506249891,0.27949135303967254,0.2940445667188487,0.0949214865747042,1.0
12083,0.4613942912196238,0.2981338848911514,0.3741086028254522,0.05820084302640405,1.0
26031,0.5277186531869505,0.12673874004663815,0.4320143257908541,0.1164016860528081,0.8822616494359928
26060,0.6026103126694818,0.2371353429984382,0.4384073162113228,0.05820084302640405,0.8079770209287339
21123,0.39350133783220675,0.4709538830864535,0.21630678064833822,0.07344128709660035,1.0
20137,0.43800292300898513,0.2827697577461856,0.43245573214158706,0.05820084302640405,0.9257153714927412
30107,0.2827110856970577,0.6402194008355344,0.4294291168842392,0.03672064354830015,1.0
10003,0.5067090225783414,0.2434190963089428,0.3943468488544336,0.05820084302640405,1.0
19015,0.3909611931118728,0.22152037285282145,0.6514829058182631,0.05820084302640405,0.8514307429854822
28020,0.36457689085696654,0.36608455340371937,0.6465168160828941,0.03672064354830015,0.8822616494359928
20011,0.3548342302938549,0.26922965849051883,0.39298904546821245,0.07344128709660035,1.0
16081,0.46685801819398737,0.3214717184090874,0.3703297246614396,0.05820084302640405,0.8514307429854822
20521,0.5513915894259761,0.3737195818270268,0.22693621676543949,0.05820084302640405,1.0
22014,0.5166509013835674,0.35823828515786216,0.5816458875627907,0.9182748387268235,0.0272255429149524
20446,0.2984620213798768,0.3755704822995465,0.41048095563744696,0.05820084302640405,1.0
3003,0.4310815769617158,0.14686310006780706,0.3459471618679232,0.7047114955090436,0.1640999286339595
20239,0.507498079597564,0.3209469712239367,0.4169929337627926,0.03672064354830015,1.0
8058,0.3991635922453346,0.4898835034836181,0.41166999745476823,0.03672064354830015,0.8079770209287339
20332,0.28784178977973357,0.3310748618289323,0.42645001064159194,0.05820084302640405,1.0
20199,0.377078730798674,0.27144392892218017,0.39097079987635225,0.05820084302640405,1.0
20370,0.30455470401032475,0.30892585139321616,0.4190729869076513,0.05820084302640405,1.0
20536,0.2377716325215754,0.33287928049025806,0.22349944295140745,0.1270325553476993,1.0
20148,0.38907157033488077,0.25357029794781394,0.30517790569013964,0.07344128709660035,1.0
13071,0.25110114035251535,0.3331637892827545,0.4197017106304541,0.07344128709660035,0.8514307429854822
20323,0.5063201487234364,0.23486897249900718,0.31669707777422024,0.05820084302640405,1.0
20361,0.5002671791165507,0.24381732346074103,0.3049349083705436,0.05820084302640405,1.0
20230,0.35945738022405865,0.2883188274614376,0.1974179284261111,0.11343399814677604,0.9257153714927412
19050,0.5101661574834834,0.3134986143557388,0.43584140890841655,0.03672064354830015,0.8275164340507248
20099,0.41129098625887894,0.26565786433338157,0.18775055832949877,0.1030878794064433,1.0
10019,0.42255143157537445,0.22451482182319416,0.39480642502838653,0.05820084302640405,0.9257153714927412
20372,0.3996985467750078,0.32713636335533136,0.41628411178869873,0.03672064354830015,1.0
11006,0.3279567074653837,0.3484519952586501,0.4097589102535604,0.05820084302640405,0.725114210224383
10030,0.587418930109083,0.22719136429458775,0.39767806599550415,0.03672064354830015,1.0
3001,0.35668909606099514,0.06865927366394381,0.3097541004964836,0.5965224478263562,0.4284921794367211
8020,0.4657409691450288,0.2205276737934875,0.20137067444409898,0.1206399767040761,0.7532318055434659
20110,0.29057256288231814,0.3027440854198476,0.21816170445935695,0.0949214865747042,1.0
14031,0.5128096293397182,0.29056983870874736,0.3754913681364114,0.03672064354830015,0.8822616494359928
8042,0.44575593558905874,0.11852831282402601,0.42067622154837114,0.0852626939171425,0.9257153714927412
20386,0.41899274225265454,0.3095590493064056,0.4317996869458332,0.03672064354830015,0.8514307429854822
20212,0.3965892908297406,0.26971169168982173,0.28015541290769874,0.05820084302640405,1.0
10011,0.6184486772771361,0.23065696068549194,0.397063620296117,0.03672064354830015,0.8079770209287339
8023,0.6827543317360824,0.10883287181665866,0.4192946892952881,0.0852626939171425,0.6252790567992559
20211,0.36935994935532257,0.2532438591259531,0.30489151163518935,0.05820084302640405,1.0
20304,0.44126724599797745,0.3087630074322668,0.23601656564202078,0.05820084302640405,0.8822616494359928
26061,0.5327164907915357,0.19741917913001533,0.437888889140105,0.03672064354830015,0.9257153714927412
20383,0.3165428221627081,0.3179561157460037,0.41840277551952704,0.03672064354830015,1.0
20481,0.347467881911423,0.3543587502695571,0.2128298920201308,0.05820084302640405,1.0
8046,0.4076496681811541,0.26678660926786757,0.4117053427481309,0.03672064354830015,0.8275164340507248
20186,0.37488039725164896,0.2686464492903225,0.39148424983658714,0.03672064354830015,0.9257153714927412
2007,0.25597933019198715,0.0640485838569293,0.42627469715483246,0.3757519402134767,0.4842778890646183
20376,0.3454753839383608,0.2736609653819989,0.39441157258857606,0.03672064354830015,0.9257153714927412
2004,0.2811911638139844,0.22584559652220523,0.7033901840393556,0.9244055362666939,0.0305210473650324
20479,0.28935417745089304,0.3292626246736684,0.2252866188166221,0.05820084302640405,1.0
20514,0.4333527359614366,0.27178227894220436,0.28508890957062094,0.03672064354830015,1.0
20093,0.3461673282569803,0.43275469550521667,0.22017350764820748,0.03672064354830015,1.0
26015,0.4944010226880695,0.1630054573311247,0.4356046316695175,0.03672064354830015,0.9257153714927412
2001,0.21318905386138898,0.0847321540382788,0.48509785893285623,0.7552277271519903,0.162530282045598
2006,0.16402863095468465,0.07773484892225675,0.3813441701630784,0.5323087640394908,0.3908903859825862
2002,0.3431743476755826,0.06905234079437755,0.6743894267419407,0.8770328401233347,0.0624606049575298
11020,0.540624440655169,0.5530889013480553,0.5703632129615237,0.9592231946816727,0.0
20341,0.5492510877248957,0.40713591477066924,0.42206782531460174,0.0,1.0
7125,0.5169831701276486,0.3693393673674186,0.5071331628714868,0.0,0.9257153714927412
19003,0.582370048520098,0.22780182371331842,0.6459031012933296,0.0,1.0
5026,0.40265536695670867,0.34315750856688976,0.6172268492582315,0.0,0.8822616494359928
20245,0.5669991588291279,0.3133068177897169,0.3990992327818816,0.0,1.0
26065,0.5430324988611938,0.33235170493885224,0.4406911957170404,0.0,0.8822616494359928
26046,0.5538457579617183,0.32629746894409245,0.4369212779811583,0.0,0.8822616494359928
20423,0.4854390914550371,0.3290353825203264,0.42088869303809656,0.0,1.0
20292,0.45060437687593935,0.4755818822911426,0.2528395461794209,0.0,1.0
8018,0.6989971885710856,0.23844579872173996,0.4084580166280142,0.0,0.7771461144782232
20048,0.44836732228750886,0.4261457602183786,0.25392674636400214,0.0,1.0
8041,0.49572824249179565,0.27344049270060733,0.3991404533824743,0.0,0.8822616494359928
24031,0.4502052504080495,0.3074038554280333,0.4276073623182265,0.0,0.7771461144782232
5013,0.5089947468452208,0.2067604141381698,0.4316274852110051,0.0,1.0
24030,0.4351999269904589,0.34232079175605423,0.41047968729884393,0.0,0.7097780834867178
20408,0.3233195419027083,0.3063712686769955,0.4169906174708632,0.0,1.0
20288,0.41559593651308113,0.3443218651464698,0.2695716993963427,0.0,1.0
28036,0.38008925292634554,0.22935979615956356,0.4582246716403565,0.0,0.9257153714927412
32027,0.5323304380443862,0.17253669983433625,0.3957994124111433,0.0,1.0
