Unnamed: 0,CVEGEO,water_availability,economic_output,n_industy,distance_ciit,dist_to_border_km,dist_min_ports,highways,dist_min_km,gen_min_km,rails,pv_mean_annual_kwh,wind_mean,rainfall,crime,idx_resources,idx_energy,idx_logistics,idx_market,idx_security,RELMS_index,RELM_index,rank
1581,20557,0.3932202598211434,0.3378726879944915,0.6256930520036629,0.7547484752567071,0.7232513370933958,0.5205900286279036,1.0,0.4509000636646425,0.8419380669087939,1.0,0.76118098258271,0.996876575687006,0.8212921674167302,0.8514307429854822,0.7431424963768973,0.6464190652867182,0.7997179681956013,0.48178286999907716,0.8514307429854822,0.6910425002045587,0.6559090385912023,1
1020,20441,0.3932202598211434,0.3984038717803046,0.7600239154595557,0.7947398961380596,0.7112490437737664,0.6391365181302037,1.0,0.6049231846274441,0.4918916977390479,0.0,0.8297871459359827,1.0,0.8212921674167302,1.0,0.7610748932934641,0.548407441183246,0.6290250916084059,0.5792138936199301,1.0,0.6861317796025048,0.6244668932866632,2
1082,20124,0.3932202598211434,0.4374501130152608,0.785407407909223,0.7951660803183729,0.7016387095531009,0.6871735011440331,1.0,0.4898201639990041,0.4922152272075476,1.0,0.8011288804099432,0.876077378200635,0.8212921674167302,0.7171720540196672,0.722929671462113,0.49101769560327585,0.8367956582031013,0.6114287604622419,0.7171720540196672,0.6652063200206937,0.6528142394722309,3
1325,20014,0.3932202598211434,0.406341455285383,0.6632238178269455,1.0,0.6957750259665765,0.525972694381001,1.0,0.6148357848582164,0.6555495935401928,1.0,0.6270081563379899,0.836375857356862,0.8212921674167302,0.5896842520574764,0.6694741102331814,0.6351926891992046,0.8443495440695156,0.5347826365561643,0.5896842520574764,0.6468322661045497,0.6619645193221116,4
2339,31101,1.0,0.7585969961182005,0.6046876265251271,0.2519701784107128,0.4142288295261819,0.5322120912957059,1.0,0.4740547318183885,0.6045031832476992,1.0,0.6278767329345403,0.674983320762919,0.8212921674167302,0.6046625485289482,0.7810380552785474,0.5392789575330439,0.6396822198465201,0.6816423113216639,0.6046625485289482,0.6443234119077573,0.654638619663954,5
2099,29043,0.4346167842399759,0.5259532129361731,0.5603097698976152,0.3379813114590269,0.4245045459958001,0.2544063935278831,1.0,0.5799085823008484,0.8443498900142814,1.0,0.9418150994018106,0.5893469602058369,0.7947952132712555,0.668732778856004,0.6901435142797196,0.7121292361575648,0.603378450196542,0.5431314914168941,0.668732778856004,0.6403967565013665,0.6335023812856004,6
2098,29038,0.4346167842399759,0.5963934429504174,0.5453944419054412,0.3417638323531733,0.4261959164949985,0.2633730777280514,1.0,0.5294331797737487,0.6324521051293381,1.0,0.8849327531227871,0.590218997248112,0.7947952132712555,0.7645232988719857,0.6761409369705327,0.5809426424515434,0.6062665653152447,0.5708939424279293,0.7645232988719857,0.6358520167413612,0.6072218422287214,7
2091,29005,0.4346167842399759,0.7570866552844943,0.6973878152573164,0.339776667980322,0.4280459989798919,0.2589245361271073,1.0,0.5229230847430852,0.7383302414384763,1.0,0.932262206192837,0.6178367952245534,0.7947952132712555,0.5086287365465932,0.6948777497321554,0.6306266630907807,0.6053494406174643,0.7272372352709053,0.5086287365465932,0.6285687360550433,0.6627362817022788,8
2238,30059,0.5409829611285887,0.7161920568084198,0.4501424337437721,0.4876036003457871,0.6608502474186035,0.623325128348296,1.0,0.4294202372897416,0.5971164681413808,1.0,0.451150693173816,0.6781877255363592,0.9036320434281871,0.6639688805647354,0.6434883558167378,0.5132683527155611,0.7543557952225373,0.583167245276096,0.6639688805647354,0.6264414005285223,0.617395747096425,9
2046,29060,0.4346167842399759,0.5492347166823855,0.4501424337437721,0.339586808799773,0.4112172896375252,0.252561962264914,1.0,0.6608126100733696,0.6906601595088546,1.0,0.9248806509500204,0.6826470944984452,0.0,0.9257153714927412,0.5105361324221104,0.6757363847911121,0.6006732121404423,0.49968857521307886,0.9257153714927412,0.6256389660052452,0.567264189593061,10
2078,29048,0.4346167842399759,0.5868272288904182,0.5841664148538418,0.3396466472790185,0.4131234852830888,0.2539203187846706,1.0,0.7174349972038583,0.7318216267590335,1.0,0.9174988886567624,0.6990414484004357,0.0,0.725114210224383,0.5127892803242935,0.7246283119814458,0.6013380902693555,0.5854968218721299,0.725114210224383,0.6243394561633787,0.6014151626031766,11
2090,29039,0.3393034787428914,0.609704467017249,0.6233578967540168,0.3433064300932473,0.4313165136569483,0.2685087734789617,1.0,0.4572527308064403,0.5632756509106429,1.0,0.9036039406667976,0.5919583421001835,0.7789425991309047,0.7532318055434659,0.6534520901601943,0.5102641908585416,0.6086263434458314,0.6165311818856329,0.7532318055434659,0.6235175144803281,0.5947420685529996,12
2344,31050,1.0,0.847521526787352,0.8813988647678943,0.2479917064504823,0.3984606305797794,0.5994812981734189,1.0,0.8326121848265187,0.6700653123438738,1.0,0.630047863850256,0.6676639428675115,0.8212921674167302,0.2727881299240646,0.7797509935336244,0.7513387485851962,0.6491867270407361,0.8644601957776232,0.2727881299240646,0.6173711987140685,0.7572278688069306,13
2044,29059,0.4346167842399759,0.546686075491745,0.5766425555610933,0.3403106221672545,0.4072694291928803,0.2528035097431991,1.0,0.7436760784289473,0.5938526968147498,1.0,0.9240120743534692,0.6510898367193114,0.0,0.7914566825269261,0.5024296738281891,0.6687643876218485,0.6000767122206667,0.5616643155264192,0.7914566825269261,0.617293686522426,0.5801068668860698,14
2351,31032,1.0,0.3608936074940737,0.7085217640497922,0.2323403666615774,0.3426566834197704,0.3384489174937576,1.0,0.3422106360888711,0.4022432979539668,1.0,0.6026921526433819,0.6070185878384647,0.832611560697172,1.0,0.7605805752947548,0.37222696702141894,0.5826891935150211,0.534707685771933,1.0,0.6153203675693221,0.5449750419580579,15
2417,31099,1.0,0.2311182731500914,0.5660383747757567,0.2339128448716568,0.3625314547965125,0.3280963258579575,1.0,0.4776916010876678,0.5117804075537336,1.0,0.6044290987860426,0.6070418893821626,0.8429462157448122,1.0,0.7636043009782544,0.49473600432070064,0.5849081251052254,0.39857832396292403,1.0,0.6151324570347358,0.5447670148729575,16
2340,31102,1.0,0.5081930332084085,0.7905251148011398,0.2298887098244325,0.3636384508568311,0.2920227181915324,1.0,0.5361758469484084,0.6040599273214331,1.0,0.5827182037297651,0.6017363489827882,0.8429462157448122,0.5431683198140091,0.7568501921143413,0.5701178871349207,0.5771099757745592,0.6493590740047741,0.5431683198140091,0.6147952507754552,0.6341317847232805,17
2321,31093,1.0,0.5360554408580644,0.5081302213907973,0.2454184439276626,0.388051096773869,0.5477139632797327,1.0,0.4773097030741218,0.4358480534464845,1.0,0.6283109177075954,0.6752800416493012,0.0,1.0,0.5758977398392242,0.45657887826030313,0.6362367007962528,0.5220928311244308,1.0,0.6141090926784734,0.5436343743409341,18
2055,29031,0.0381689124905122,0.7917593324171738,0.5660383747757567,0.3405116662047714,0.435208260940923,0.2630074577535748,1.0,0.443000464623785,0.5864557038622666,1.0,0.9209725738916432,0.5861136903216676,0.7947952132712555,0.7028614859709643,0.5850125974937697,0.5147280842430259,0.6077454769798539,0.6788988535964653,0.7028614859709643,0.6140842065388518,0.5937005803170059,19
1304,20087,0.1826590576547239,0.354560094835688,0.592383971983194,0.478867874747077,0.5459054135594494,0.2810624228566831,1.0,0.7123991922602269,0.9915558550222956,0.0,0.8827616222070704,0.5160164474433779,0.7789425991309047,0.7771461144782232,0.5900949316090193,0.8519775236412612,0.4611671422326419,0.473472033409441,0.7771461144782232,0.6112249562546065,0.5756064842488082,20
2328,31091,1.0,0.3070588845569371,0.6134658541714606,0.2372473707446728,0.373753803523529,0.343214219830165,1.0,0.3882250306700154,0.4335513759057003,1.0,0.6087711535670339,0.6037849001595789,0.832611560697172,1.0,0.7612919036059462,0.41088820328785786,0.5908430788196734,0.46026236936419884,1.0,0.6108723965008235,0.540055168002955,21
2072,29010,0.4346167842399759,0.5324402581770775,0.7375728500534576,0.3418140814693339,0.4169919897348862,0.2595756260232953,1.0,0.638518318566399,0.6466642144782319,1.0,0.7559705582556082,0.5635509361325939,0.8212921674167302,0.5238807753512185,0.6438576115112271,0.6425912665223155,0.6036763394455031,0.6350065541152676,0.5238807753512185,0.6080060425139694,0.6310688648629446,22
2416,31041,1.0,0.7134130378779511,0.6758158176443988,0.2482760136650791,0.3996004969685912,0.5580455912682173,1.0,0.5448450559790303,0.5534182051211123,1.0,0.6352582881773576,0.7003045998238043,0.0,0.5807482395941909,0.5838907220002905,0.5491316305500713,0.6411844203803775,0.694614427761175,0.5807482395941909,0.6077773897123817,0.6147289963436082,23
190,7071,0.4817047495775224,0.382260790195054,0.4813774416562334,0.3904973047524803,0.95986729261814,0.1931282552274387,1.0,0.506741409052357,0.6633691141430695,1.0,0.5714285714285714,0.3365062956551038,0.9701320359742358,0.7771461144782232,0.5899429131588583,0.5850552615977133,0.7086985705196118,0.4318191159256437,0.7771461144782232,0.6065332248859464,0.5700888863873864,24
1523,20409,0.1826590576547239,0.478868337723838,0.4656067442112324,0.4848648912316416,0.5514885313426225,0.2884197850256265,1.0,0.558344945450299,0.6600090606247436,1.0,0.8319582768516984,0.5701452699810976,0.7789425991309047,0.725114210224383,0.5909263009046062,0.6091770030375213,0.6649546415199781,0.47223754096753523,0.725114210224383,0.6063552656977037,0.5798388865647328,25
1260,20030,0.3932202598211434,0.3094006555514527,0.4779408145365494,0.8882821856249674,0.7060723334511463,0.5881886174499218,1.0,0.7060836340790968,0.5946312436343717,1.0,0.7872341394704188,0.9996737431119468,0.0,0.6963643413004936,0.5450320356008773,0.6503574388567342,0.8365086273052071,0.3936707350440011,0.6963643413004936,0.605344839397041,0.5845133361911754,26
2087,29028,0.3859842990059995,0.6821114825639835,0.5958836678446106,0.3433466568319391,0.4110024644911602,0.2611463950132349,1.0,0.5385530348251786,0.5677694427853208,1.0,0.7064697672194014,0.3664067057375106,0.8212921674167302,0.668732778856004,0.5700382348449105,0.5531612388052497,0.6030991032672668,0.638997575204297,0.668732778856004,0.6053119479664432,0.5904197887933944,27
1443,20305,0.3932202598211434,0.2760083241455092,0.5189426848865937,0.8778839953329006,0.6953453756738461,0.6104514865715412,1.0,0.5500617699247616,0.5811272096098337,1.0,0.7520624811972316,0.9278315125971168,0.0,0.8275164340507248,0.5182785634038729,0.5655944897672976,0.8367361715156576,0.3974755045160514,0.8275164340507248,0.6044338684825069,0.5587812595925166,28
2097,29018,0.4346167842399759,0.5649399450697464,0.700140005856829,0.3410230753294053,0.4190336545339674,0.2591924556545508,1.0,0.6565625662988508,0.6606077843632827,1.0,0.8419453548337266,0.6496796204885321,0.0,0.6639688805647354,0.4815604398905587,0.6585851753310668,0.6038498371035848,0.6325399754632877,0.6639688805647354,0.604067515831336,0.589956405746427,29
1103,20043,0.3932202598211434,0.5224875490740685,0.9054749417903384,0.7823990611888088,0.7184906617276448,0.589564651277657,1.0,0.5637419521048164,0.5549239260940901,1.0,0.672166685542765,0.9500751956254778,0.0,0.4878210238274196,0.5038655352473466,0.5593329390994533,0.8180908748388221,0.7139812454322034,0.4878210238274196,0.6038746281246926,0.636969078966644,30
2237,30048,0.5409829611285887,0.794091060136302,0.6636282205342648,0.4860298580816283,0.6685872563221985,0.6934815185758055,1.0,0.3607498565208394,0.7493400947829288,1.0,0.4129396379640233,0.695430814485466,0.9036320434281871,0.4028318892804721,0.6382463642515663,0.5550449756518842,0.7696197265959265,0.7288596403352834,0.4028318892804721,0.6034927990497253,0.6676658366675988,31
785,15010,0.4519602008481309,0.6782959416703299,0.5784615423939182,0.2990468274087782,0.4493451903883428,0.2040014605813087,1.0,0.6639855219719613,0.5523026333014445,1.0,0.8697350437632163,0.5566686539399159,0.7606458862803938,0.5372945175374426,0.6597524462079143,0.6081440776367029,0.590478695675686,0.6283787420321241,0.5372945175374426,0.603399746769334,0.6211597438202882,32
1120,20010,0.3932202598211434,0.654243138097182,0.3672064354830018,0.7868915322174953,0.692719336435885,0.4672156199161259,1.0,0.4100978191023059,0.4669091767504558,1.0,0.3929656890504063,0.7012360493512131,0.869453057760477,0.7645232988719857,0.58921876399581,0.4385034979263809,0.7893652977139013,0.5107247867900919,0.7645232988719857,0.6028663787758934,0.5681050491901705,33
1104,20079,0.1148309954543066,0.8961078115559071,0.6658252590797944,0.7025061767143267,0.6987281166722432,0.9804688019359676,1.0,0.3632080598764016,0.3931907291812906,1.0,0.8150238283999081,0.9145249636499626,0.8212921674167302,0.45410245906211,0.6664179887302268,0.3781993945288461,0.8763406190645074,0.7809665353178508,0.45410245906211,0.6008766840314801,0.6444559340028269,34
2399,31013,1.0,0.4582738864673765,0.4501424337437721,0.2446869046063978,0.385061147900164,0.6386448792216392,1.0,0.5372774954990688,0.4820656101479276,0.0,0.6382977886391836,0.7417437554656571,0.8212921674167302,0.9257153714927412,0.8003334278803926,0.5096715528234982,0.4536785863456402,0.4542081601055743,0.9257153714927412,0.6000789713143805,0.5384447429573265,35
2202,30026,0.5634396951732947,0.4666040141131835,0.5397000541697546,0.3566749201693683,0.4256354690933898,0.410913730110893,1.0,0.9257768188444472,0.6448574026658369,1.0,0.4224924276477764,0.4352491094576896,0.869453057760477,0.5358750257235614,0.5726585725098094,0.785317110755142,0.6386448238747302,0.503152034141469,0.5358750257235614,0.5995047034386466,0.6165593158051983,36
842,16105,0.0,0.7251583977424148,0.4470711062141527,0.2231744724830021,0.3579663495844949,0.2377386911483461,1.0,0.3173289640811597,0.8916023348850711,1.0,0.8849327531227871,0.5820119697801558,0.7947952132712555,0.6844442827380792,0.5654349840435495,0.6044656494831154,0.5637759026431686,0.5861147519782837,0.6844442827380792,0.5992890087120049,0.5797100983123519,37
2195,30120,0.5409829611285887,0.3272336262560217,0.5165436379277445,0.4936570737259794,0.6681479785331523,0.6180112887644795,1.0,0.4289415689110294,0.619177618795036,1.0,0.4342162447220254,0.7161224725545424,0.9036320434281871,0.7097780834867178,0.6487384304583359,0.5240595938530327,0.7559632682047223,0.4218886320918831,0.7097780834867178,0.5987620696560247,0.5738352260919353,38
1042,20005,0.3932202598211434,0.311576782171963,0.5802498275569147,0.8447473564746122,0.7044042057841249,0.496787447662316,1.0,0.4526124232498856,0.5176097710785456,1.0,0.40338684828027,0.7191739640747923,0.8429462157448122,0.7430174073632629,0.5896818219802544,0.4851110971642156,0.8091878019842106,0.4459133048644388,0.7430174073632629,0.5983448251076253,0.5668128364028395,39
2076,29041,0.3859842990059995,0.7243023605904098,0.6586704328327954,0.3412439792688397,0.4044381923048701,0.2535157741912646,1.0,0.6464476252928761,0.5469632470281863,1.0,0.9066434411286236,0.5832664715440716,0.0,0.6391266864816243,0.4689735529196737,0.5967054361605313,0.5998395891529948,0.6914863967116025,0.6391266864816243,0.5943781186536627,0.5836893621692918,40
138,7040,0.4817047495775224,0.6089291510382556,0.6057384124667595,0.385164824751801,0.9668379722649828,0.1867185802512128,1.0,0.4156977603063118,0.5706805067036698,1.0,0.5145462251495474,0.2262198997285068,0.9701320359742358,0.6319793675308782,0.5481507276074531,0.4931891335049908,0.7077442754535993,0.6073337817525075,0.6319793675308782,0.5931766399867185,0.5838540869064145,41
2297,30082,0.5409829611285887,0.6233711695525851,0.3960187319622951,0.4818456116456699,0.6771699504753927,0.719116700862247,1.0,0.374727269614073,0.4952630168798025,1.0,0.3864525033536994,0.6868910201532258,0.9301468010770012,0.668732778856004,0.6361183214281289,0.4349951432469378,0.775626452596662,0.5096949507574401,0.668732778856004,0.5927172591278869,0.5751039017342529,42
1279,20045,0.1826590576547239,0.5697731536843136,0.4743889719851997,0.4611885508341583,0.5281749058068133,0.259704409357836,1.0,0.4577288818821462,0.4945848035801027,1.0,0.8406425934641215,0.6167017329425057,0.7789425991309047,0.7430174073632629,0.604736495798064,0.47615684273112446,0.6498135731997615,0.5220810628347566,0.7430174073632629,0.591791037181895,0.5590629760871353,43
2068,29001,0.4346167842399759,0.2723160430065441,0.5115761635028553,0.3386978851204169,0.4205566855511553,0.2543075748084566,1.0,0.6745075521461501,0.7005858788295245,1.0,0.9257490204961296,0.5662733531926609,0.0,0.9257153714927412,0.4816597894821916,0.6875467154878373,0.6027124290960058,0.3919461032546997,0.9257153714927412,0.5915225636926814,0.5288649378266636,44
2082,29002,0.4346167842399759,0.4935904183848482,0.5531143480757917,0.338494881930054,0.4194400619945206,0.2532494761993473,1.0,0.7122574110871857,0.7434128314576677,1.0,0.93920978371304,0.5964898970701961,0.0,0.6391266864816243,0.49257911625580303,0.7278351212724267,0.6022368840247844,0.52335238323032,0.6391266864816243,0.5911960210604934,0.5797858876129526,45
1189,20550,0.1826590576547239,0.3052069781347294,0.5947298991221847,0.4935922027527466,0.5592487830783948,0.2981590071157645,1.0,0.4586347264805878,0.5446682480800762,1.0,0.832826853448249,0.4436234286059714,0.7789425991309047,0.8514307429854822,0.5595129847099622,0.5016514872803319,0.6701999985893812,0.44996843862845703,0.8514307429854822,0.5909484738753481,0.5393860216812287,46
116,7012,0.7458238413671683,0.5500193281853162,0.7416124733153854,0.4672198656082137,0.8091231124724665,0.2956890277039325,1.0,0.4775070110247298,0.489191432308512,0.0,0.3217542100083628,0.3664091460895054,0.869453057760477,0.7771461144782232,0.5758600638063783,0.48334922166662087,0.5144064011569226,0.6458159007503508,0.7771461144782232,0.5906077650380167,0.5514400066204201,47
1001,19046,0.0,0.9232892479923662,0.7458758129826413,0.1818158922840586,0.8334700177325176,0.1196530879349253,1.0,0.7305603096706872,0.8430129300403383,1.0,0.5670863095971399,0.589589163351937,0.7606458862803938,0.3633914597742862,0.47933033980736767,0.7867866198555127,0.6269877995903004,0.8345825304875037,0.3633914597742862,0.5903628169103806,0.6665075390800421,48
1196,20553,0.1826590576547239,0.4338473240034627,0.6329453239805526,0.4832317198363109,0.549988743157612,0.28601864555633,1.0,0.5645745668120159,0.6707866748027669,1.0,0.6977854506069787,0.3612734325007628,0.7789425991309047,0.6467849483079785,0.5051651349733425,0.6176806208073914,0.6638478217100505,0.5333963239920076,0.6467849483079785,0.5899499390561074,0.5765393771311269,49
1345,20145,0.1826590576547239,0.3762765605430279,0.4824986519146431,0.4883595367230778,0.5546468196983385,0.2923119162829819,1.0,0.5115671497257146,0.6060446463335498,1.0,0.8814590678879053,0.5800892864123853,0.7789425991309047,0.725114210224383,0.6057875027714797,0.5588058980296322,0.6670636545408797,0.4293876062288355,0.725114210224383,0.5880319156096449,0.5580196837848265,50
2414,31030,1.0,0.2207730503968454,0.5828769054600584,0.236885221099096,0.3652600928594982,0.3542187459855982,1.0,0.3560749017298349,0.4079990064363982,1.0,0.6148501544906859,0.5997966164814739,0.832611560697172,1.0,0.7618145829173331,0.38203695408311655,0.5912728119888385,0.4018249779284519,1.0,0.5860786474358206,0.512796289207574,51
2084,29004,0.3393034787428914,0.450644663855585,0.5397000541697546,0.3511642069175202,0.4270648445767747,0.293598428137974,1.0,0.3271248708761229,0.4062446083536492,1.0,0.8897089926768322,0.4883419467631447,0.7606458862803938,1.0,0.6195000761158156,0.366684739614886,0.6143654959264537,0.4951723590126698,1.0,0.5860079155027721,0.5127189307213065,52
2095,29014,0.4346167842399759,0.4153270495225761,0.5063642908338386,0.3309809657393489,0.4287562150759734,0.2388916659892006,1.0,0.4516571972505471,0.5066748009263222,1.0,0.9040381254398528,0.5336062428020384,0.7947952132712555,0.7771461144782232,0.6667640914382806,0.47916599908843466,0.5997257693609046,0.4608456701782073,0.7771461144782232,0.5851858547485169,0.54511935785086,53
2096,29015,0.3859842990059995,0.6231094770928971,0.6307662573425704,0.3317139880827493,0.4182208396128613,0.2365609407120017,1.0,0.5296492126673511,0.5511521396891834,1.0,0.9179330734298172,0.4815734070445471,0.0,0.7532318055434659,0.446372694870091,0.5404006761782673,0.5972991536815224,0.6269378672177337,0.7532318055434659,0.5841867617750489,0.5482232835898537,54
2116,30208,0.3789880133631159,0.6539560192138166,0.5072509351768942,0.4551086763145053,0.5752630256824295,0.3897809288204,1.0,0.5789705142507344,0.271554299125601,1.0,0.4372557451838514,0.7363703542872313,0.869453057760477,0.6550328681014498,0.6055167926486689,0.4252624066881677,0.6840305261634669,0.5806034771953554,0.6550328681014498,0.5823717215828639,0.5655025598241987,55
2407,31004,1.0,0.5821548146323492,0.3796859462988168,0.2424748791421885,0.3759365771328989,0.6116568190570806,1.0,0.5401417490777352,0.4149512030435938,0.0,0.633087364312082,0.7057243825419542,0.8212921674167302,0.8275164340507248,0.7900259785676915,0.47754647606066447,0.4460136550664336,0.480920380465583,0.8275164340507248,0.5823324566246485,0.5333589518792559,56
2117,30207,0.4532684132055056,0.7015374609867563,0.5974027387494875,0.4443768525278111,0.5394613433735901,0.4021138444374679,1.0,0.6354043103788081,0.3800012329155827,1.0,0.4420321917883381,0.5357797058926226,0.9036320434281871,0.513094802135306,0.5836780885786633,0.5077027716471954,0.6771904080677739,0.6494700998681219,0.513094802135306,0.5821703727359683,0.6008460648292095,57
462,13005,0.4519602008481309,0.5362503158987441,0.4910652048884324,0.2992599411670501,0.463478131996217,0.2156959420675654,1.0,0.4773377850089465,0.5023082090752519,1.0,0.7603126130365998,0.4823016618078578,0.7606458862803938,0.725114210224383,0.6138050904932455,0.4898229970420992,0.5956868030461665,0.5136577603935882,0.725114210224383,0.5818802024461287,0.5507320771590664,58
2419,31002,1.0,0.4875993990364384,0.4669068020027238,0.2494348493719492,0.4042257031808245,0.5084117893200981,1.0,0.4140336719470012,0.4629301741362456,1.0,0.6287451024806507,0.652544215887063,0.0,0.8822616494359928,0.5703223295919284,0.43848192304162337,0.6324144683745743,0.4772531005195811,0.8822616494359928,0.5816798309207238,0.5241500799234589,59
2410,31019,1.0,0.3486817738249713,0.6296596845616573,0.2239167404377323,0.3418478563382093,0.2689085234954509,1.0,0.3324270279455368,0.4052958178110379,1.0,0.5779417571252785,0.6066861576723348,0.869453057760477,0.8514307429854822,0.7635202431395226,0.3688614228782874,0.5669346240542785,0.4891707291933143,0.8514307429854822,0.5815208796953928,0.5286513056767347,60
2334,31052,1.0,0.4717066199573284,0.5724319333909151,0.2410771853256116,0.3701057638748676,0.5588668741925256,1.0,0.7536231804842302,0.37300904045751,0.0,0.6348241034043027,0.6794317320155924,0.8212921674167302,0.6639688805647354,0.7838870007091563,0.56331611047087,0.434009964678601,0.5220692766741217,0.6639688805647354,0.5814016224358554,0.5624169073402937,61
2065,29026,0.4346167842399759,0.3849079910463297,0.5724319333909151,0.3407921331662087,0.422518994357389,0.2592463040103401,1.0,0.6201127755706604,0.6620768897464309,1.0,0.8871038840385019,0.6294896676572413,0.0,0.7336923924214751,0.4878025839839298,0.6410948326585456,0.6045114863067875,0.47866996221862246,0.7336923924214751,0.581331992729221,0.5484686092406528,62
1351,20248,0.3932202598211434,0.2853302449835506,0.6188357290020415,0.7153138237326616,0.7135945172083762,0.7361353548639681,1.0,0.4176169450219291,0.4125436952953496,0.0,0.8380372777753504,0.9765045433722328,0.0,1.0,0.5519405202421817,0.4150803201586394,0.6330087391610012,0.45208298699279603,1.0,0.579869756373818,0.5060146293678413,63
2418,31100,1.0,0.3819587915657576,0.300188532020952,0.2476405192286602,0.3970498258839323,0.6381679739301612,1.0,0.5508743850691771,0.5389145985088319,0.0,0.6365610495469631,0.7142400491414264,0.7390115964200016,1.0,0.7724531737770978,0.5448944917890045,0.45657166380855074,0.34107366179335485,1.0,0.5798402296368488,0.5059824219936853,64
95,7091,0.8335046471480598,0.3042596398036019,0.4941071376666658,0.4327837843984533,0.7837309639695376,0.3476593255903544,1.0,0.2752941944595024,0.8609674764641929,0.0,0.3521493181518429,0.4758108615556874,0.9701320359742358,0.8514307429854822,0.6578992157074566,0.5681308354618476,0.512834814791669,0.3991833887351338,0.8514307429854822,0.5791371222598407,0.5259439005110959,65
2069,29037,0.0,0.592719003726876,0.4836081215358098,0.350650514143861,0.4142729791682163,0.2803453129694799,1.0,0.3906894021829215,0.4410591494088346,1.0,0.82110282932356,0.4129772680170687,0.8212921674167302,0.9257153714927412,0.5138430661893397,0.41587427579587805,0.6090537612563114,0.5381635626313429,0.9257153714927412,0.5785860929277454,0.5144469768474605,66
895,16107,0.4712871487706092,0.69309045892746,0.7135527539459847,0.2386045425555648,0.3411897655632533,0.2589255598047686,1.0,0.3451173337698561,0.7073675967239708,1.0,0.6469821052516065,0.3837278457774057,0.8212921674167302,0.5290465977439713,0.5808223168040879,0.5262424652469134,0.5677439735847173,0.7033216064367224,0.5290465977439713,0.5781039287457829,0.5910631983990647,67
2059,29053,0.4346167842399759,0.3995494983029138,0.6721555786937015,0.3382819541348043,0.4072133160322101,0.2482946614272481,1.0,0.7700498850832603,0.6093129974205793,0.0,0.955710047391775,0.651469752230121,0.0,0.8514307429854822,0.510449145965468,0.6896814412519199,0.3987579863188525,0.5358525384983076,0.8514307429854822,0.5771663556229906,0.5237076610735736,68
108,7001,0.7493588939345635,0.3253665598262957,0.5072509351768942,0.4004753638421051,0.9439307541897268,0.2034678037562627,1.0,0.513894722819937,0.4765917509772206,1.0,0.3886235307441952,0.1790378339732904,0.9701320359742358,0.7645232988719857,0.5717880736565712,0.4952432368985788,0.709574784357619,0.41630874750159497,0.7645232988719857,0.57699442421306,0.5377950978311004,69
204,7009,0.7118578162317731,0.5481413877312646,0.5985279179682351,0.5308070394223272,0.8059183384523962,0.34448803068445,1.0,0.2390362592523947,0.4663183346335782,1.0,0.4828484591616817,0.443556231751023,0.9036320434281871,0.668732778856004,0.6354736376431662,0.35267729694298644,0.7362426817118347,0.5733346528497498,0.668732778856004,0.5757465805599452,0.5545951359541907,70
2050,29058,0.4346167842399759,0.2777078111421773,0.496087632351625,0.3402505350083992,0.4053632335473168,0.2517045917291516,1.0,0.7440456234899044,0.5694764688942342,1.0,0.9418150994018106,0.6776766799412666,0.0,0.8079770209287339,0.5135271408957632,0.6567610461920693,0.5994636720569735,0.3868977217469012,0.8079770209287339,0.5756331122112592,0.528849937732548,71
1085,20141,0.7118578162317731,0.2855514306850923,0.5124204180151032,0.6112831930256147,0.7625479867219728,0.4489661038284454,1.0,0.2615805836523541,0.3777223222429958,1.0,0.8206686445505047,0.6568118185310098,0.8429462157448122,0.8514307429854822,0.7580711237645249,0.31965145294767494,0.7645594567152065,0.3989859243500977,0.8514307429854822,0.5751497835990361,0.5214214212271258,72
2126,30105,0.6258260362228523,0.6279231553084822,0.5243378406124412,0.3999810497372148,0.5125637670288796,0.6707151897730399,1.0,0.463387725944159,0.5151584215062456,1.0,0.4997829076134721,0.7027823188416562,0.869453057760477,0.4608876401724793,0.6744610801096144,0.4892730737252023,0.7166520013078268,0.5761304979604617,0.4608876401724793,0.5748922989276911,0.6075532499339283,73
2176,30206,0.5409829611285887,0.5594090728442733,0.4516453437750344,0.4743895775137089,0.670063801675032,0.8237355321989328,1.0,0.3607072101088828,0.49649114004193,1.0,0.4203212967320606,0.7313233043185433,0.9301468010770012,0.5559799813989118,0.6556935908140484,0.4285991750754064,0.7936377822775347,0.5055272083096538,0.5559799813989118,0.5746926712830969,0.5794684363202431,74
1677,21153,0.4661875608731715,0.6813722582158477,0.6379477790816331,0.3551643992762781,0.3868295383698901,0.2727210122069101,1.0,0.372013063249086,0.4497303666120823,1.0,0.9374728375703792,0.5016189647748204,0.7789425991309047,0.566705932174072,0.671055490587319,0.41087171493058416,0.6029429899706157,0.6596600186487405,0.566705932174072,0.5736985737538918,0.5754601744629286,75
1438,20308,0.3932202598211434,0.2072712055855511,0.4501424337437721,0.7356713960563549,0.7055633271655687,0.8295566378768839,1.0,0.4149913526917977,0.4226751895586752,0.0,0.8341294077674142,0.9323816456483344,0.8212921674167302,0.9257153714927412,0.7452558701634056,0.4188332711252365,0.6541582722197615,0.3287068196646616,0.9257153714927412,0.5736712975492377,0.5089903316600404,76
110,7003,0.7493588939345635,0.5290942243212619,0.4970641681186524,0.4006292388371,0.9436926862111844,0.2051673349147182,1.0,0.5630392646392185,0.5000675882458523,1.0,0.5779417571252785,0.3805078403802687,0.0,0.7336923924214751,0.42695212286002765,0.5315534264425354,0.7098978519926005,0.5130791962199571,0.7336923924214751,0.5709053024716372,0.5361997310951298,77
2263,30122,0.5409829611285887,0.3444290380743816,0.6025542649092888,0.4734538580858253,0.6488711969311511,0.6457082242607535,1.0,0.3575552143533197,0.5093455793286586,0.0,0.3929656890504063,0.7190820631072152,0.9036320434281871,0.8275164340507248,0.6391656891785994,0.4334503968409892,0.5536066558555459,0.47349165149183514,0.8275164340507248,0.5698605895654183,0.519118638313039,78
1333,20130,0.1952794711632106,0.2306218994858884,0.4989906462943148,0.6946740001960121,0.735590309377047,0.5246794453104533,1.0,0.3829528752616051,0.5302824217015749,1.0,0.8076422731570905,0.9668602170640492,0.0,0.9257153714927412,0.4924454903460876,0.45661764848159003,0.7909887509767024,0.3648062728901016,0.9257153714927412,0.5698022864947718,0.5047029761740075,79
2359,31095,1.0,0.3627240940701075,0.2869270738870932,0.246726458623283,0.3933632762500068,0.5642766318653801,1.0,0.4859629350193866,0.4892363957131191,1.0,0.6348241034043027,0.7143952636849308,0.0,1.0,0.5873048417723084,0.4875996653662529,0.640873273347734,0.32482558397860034,1.0,0.5689444611079268,0.4941255857594591,80
196,7037,0.4817047495775224,0.3586605695220722,0.5098672009589315,0.3773335309337219,0.9752755697683436,0.1770116128529058,1.0,0.4531944078389578,0.5506652913199814,1.0,0.5722969409746816,0.0956503778074581,0.9860016052903372,0.725114210224383,0.5339134184124998,0.5019298495794696,0.7059241427109942,0.43426388524050186,0.725114210224383,0.5688613203176747,0.5353729224877787,81
998,19006,0.0,0.9739682251493136,0.7904641695128959,0.1814666917055664,0.8417489032501831,0.1193267244843014,1.0,0.6368812838776953,0.6858158150128428,1.0,0.5879288351073069,0.6788123794545554,0.7606458862803938,0.3203144342922324,0.506846775210564,0.6613485494452691,0.6285084638880102,0.8822161973311047,0.3203144342922324,0.5687926190657728,0.6565961210316347,82
155,7097,0.7118578162317731,0.4792202159202971,0.6638298445355287,0.4914304736048651,0.8365296951027544,0.3093259575864169,1.0,0.2645186161669125,0.587834551873425,1.0,0.35866260737377,0.2913864647896501,0.9301468010770012,0.5851231354069573,0.5730134223680486,0.4261765840201688,0.7274572252588072,0.5715250302279129,0.5851231354069573,0.5685502742282365,0.5644809293263291,83
1134,20427,0.6806413939763865,0.2350091715043462,0.5301850279100012,0.7452380022768037,0.6862905334031126,0.4424797989791262,1.0,0.356040926589376,0.4158398252327691,1.0,0.3851498455093136,0.5261294500729738,0.9036320434281871,0.8275164340507248,0.6238881832467152,0.38594037591107255,0.7748016669318085,0.3825970997071737,0.8275164340507248,0.567893848845714,0.5168800843870645,84
2386,31033,1.0,0.5033459496853377,0.6509972395272621,0.2632998105025576,0.4570436893066735,0.4028646657643829,1.0,0.2335966024199655,0.3197402765434777,1.0,0.647416497075102,0.6748362803127735,0.8212921674167302,0.7532318055434659,0.7858862362011514,0.2766684394817216,0.6246416331147228,0.5771715946062999,0.7532318055434659,0.5678541002448794,0.5291317174415049,85
1998,27012,0.8335046471480598,0.7583098905390266,0.6434595994735277,0.3885719078024492,0.7465842176218369,0.3961657308850899,1.0,0.4945211099600293,0.274685849597999,1.0,0.5158489865191529,0.5377801220827314,0.9701320359742358,0.4337987121286063,0.714316447931045,0.38460347977901416,0.7062643712618752,0.7008847450062772,0.4337987121286063,0.5677553101166137,0.6072666643744411,86
1280,20053,0.3932202598211434,0.1870067421253189,0.3985118677122405,0.8419630323682118,0.6866039695349573,0.581315563738497,1.0,0.5065409252557653,0.5321424313908371,0.0,0.5970473364927849,0.6828730964045752,0.8212921674167302,1.0,0.6236082150338084,0.5193416783233011,0.6219765131283331,0.2927593049187797,1.0,0.5677144384162592,0.4927906106733142,87
1989,27014,0.9631407567759178,0.4507185627913775,0.5714730727228845,0.4127178175374665,0.6771291044678095,0.912005072978354,1.0,0.3198952139229329,0.7648000122986819,0.0,0.5392966206676506,0.6968483715853603,0.9036320434281871,0.4521479356160076,0.7757294481142789,0.5423476131108074,0.600370398996726,0.511095817757131,0.4521479356160076,0.5665497243249623,0.5994147182953271,88
2052,29035,0.3393034787428914,0.2299524966753952,0.4694600190588954,0.3441088290695906,0.4292748488578669,0.2701143655792772,1.0,0.4595284960356575,0.5476666549639994,1.0,0.8940512545082646,0.5440295352974499,0.7789425991309047,0.8514307429854822,0.6390817169198777,0.5035975754998284,0.608699608701347,0.34970625786714526,0.8514307429854822,0.5664729228671997,0.5116071586178991,89
2175,30199,0.5409829611285887,0.2885089431826286,0.5072509351768942,0.4958107634567614,0.6726144727596908,0.6191420334856358,1.0,0.4063436202266465,0.6069847932847139,0.0,0.4172817962702346,0.7061925855125507,0.9036320434281871,0.8079770209287339,0.6420223465848903,0.5066642067556801,0.5575134539404176,0.3978799391797614,0.8079770209287339,0.5664157941368225,0.5182859563358005,90
2415,31038,1.0,0.6180548646615734,0.5992714535156618,0.2495560410974012,0.4047074787946799,0.5685217878494553,1.0,0.3811322625070497,0.4318424742302348,0.0,0.639166365235734,0.7179325177662962,0.7606458862803938,0.6789471770362071,0.779436192320606,0.40648736836864224,0.44455706154830726,0.6086631590886176,0.6789471770362071,0.5662309808267851,0.54110685759392,91
2170,30169,0.4532684132055056,0.5247695430200572,0.4707139198552371,0.4735249411583548,0.5851539257064462,0.3532844020572221,1.0,0.4735175617401586,0.2758420525808296,1.0,0.4229266124208315,0.6331344362913833,0.869453057760477,0.7645232988719857,0.5946956299195494,0.3746798071604941,0.6823926537844047,0.4977417314376471,0.7645232988719857,0.5655575852806172,0.5245034608187165,92
2064,29040,0.4346167842399759,0.2425319170690307,0.3881667417764709,0.3355003399419706,0.4249109534563533,0.2484941339989606,1.0,0.5494732442956266,0.6452404014433151,1.0,0.910985702960055,0.4803273975329812,0.7947952132712555,0.7771461144782232,0.6551812745010669,0.5973568228694708,0.601781085479457,0.31534932942275085,0.7771461144782232,0.5652826891490804,0.5220431933876025,93
2066,29055,0.4346167842399759,0.2178338900626415,0.3881667417764709,0.3338435578167685,0.4297838551434448,0.2463688827819483,1.0,0.4722643158614922,0.5756748076789864,1.0,0.9366044680242688,0.5700222398826649,0.7947952132712555,0.8822616494359928,0.6840096763545414,0.5239695617702393,0.6019992591484323,0.30300031591955623,0.8822616494359928,0.5651984327083966,0.5056521238475356,94
2135,30097,0.5722796073350965,0.5972866472246593,0.4879333498617709,0.435352968842276,0.5794160837771234,0.4216008825248621,1.0,0.7405401675539987,0.2804766461113339,0.0,0.4246634550382719,0.817892551198869,0.9036320434281871,0.6285768574637054,0.6796169142501062,0.5105084068326663,0.48727398702885233,0.5426099985432151,0.6285768574637054,0.5651676524496771,0.5503411972120571,95
192,7032,0.7493588939345635,0.3075067182738667,0.5165436379277445,0.3924806248886716,0.9566200207732608,0.1939883012311662,1.0,0.4895746971844474,0.5379652007556613,1.0,0.3617021078355962,0.1766659099915669,0.9701320359742358,0.6789471770362071,0.5644647369339906,0.5137699489700543,0.7086177893786197,0.41202517810080563,0.6789471770362071,0.5648270167002903,0.539430291317626,96
504,13013,0.0,0.6995106441282635,0.5943425005893576,0.2968500697370128,0.4448225830011342,0.2004221608751626,1.0,0.7265072939667421,0.6100933599365392,1.0,0.8449848552955526,0.5152648317487423,0.7606458862803938,0.4249280008139817,0.5302238933311721,0.6683003269516407,0.5884189627226619,0.6469265723588105,0.4249280008139817,0.5644917429477185,0.6060286481448874,97
1343,20143,0.1952794711632106,0.2724829763090622,0.5287532036785814,0.6323845425384085,0.7543484571971545,0.4540841590499989,1.0,0.2859483634539601,0.4177951692322988,1.0,0.7993921413177227,0.6441706468100813,0.8429462157448122,0.8514307429854822,0.6204471187589566,0.35187176634312944,0.7681634317571124,0.40061808999382176,0.8514307429854822,0.5642668557713469,0.5091178742304481,98
2269,30123,0.5967154078961798,0.7002621042635525,0.5955004725600509,0.2615124850000799,0.6574050693976712,0.5623357008326534,1.0,0.5695249641345042,0.377238235854122,1.0,0.4151107688797391,0.5869409768587499,0.8212921674167302,0.4399563884596121,0.6050148302628497,0.47338159999431306,0.6962506510460809,0.6478812884118017,0.4399563884596121,0.5635463155698748,0.5995281937846337,99
2396,31023,1.0,0.2614152530489676,0.4389791309185027,0.2556220852602843,0.428361771134056,0.4816018565229751,1.0,0.3657912570994979,0.464411380609072,1.0,0.6270081563379899,0.6652187181092051,0.8212921674167302,0.7914566825269261,0.7783797604659812,0.4151013188542849,0.6331171425834631,0.35019719198373517,0.7914566825269261,0.5632664788061409,0.5173513600930375,100
2409,31076,1.0,0.4050040031795071,0.4422904435579479,0.2529650345823896,0.4181109493138404,0.4599773787185998,1.0,0.3386555496576559,0.4116332323865068,1.0,0.6204949706412828,0.64387675455409,0.0,1.0,0.5660929312988432,0.3751443910220813,0.6262106725229659,0.4236472233687275,1.0,0.5625513922382641,0.4871949239817849,101
1063,20044,0.4532684132055056,0.4868385465550632,0.5958836678446106,0.4773672732706527,0.5736141530080401,0.3436470452050315,1.0,0.5626668299751303,0.3160550843562234,1.0,0.4259661128826577,0.5445381763378861,0.9036320434281871,0.59943370345566,0.5818511864635592,0.43936095716567686,0.6789256942967448,0.5413611071998369,0.59943370345566,0.5625184457962752,0.5536504672307304,102
514,13010,0.4519602008481309,0.8918546382138431,0.5645064919850328,0.2961233856861595,0.4522557832692006,0.2060648659268131,1.0,0.6308153140924011,0.7105895074996715,1.0,0.8089448274762561,0.5340304811909494,0.0,0.4348922937111008,0.44873387737883413,0.6707024107960363,0.5908888069764346,0.728180565099438,0.4348922937111008,0.5625084579717186,0.5998820862285261,103
2093,29016,0.3393034787428914,0.2887754020634435,0.5490274851612564,0.3506239616639792,0.4175667366774499,0.2819188539199064,1.0,0.3904508326133268,0.4406818816032306,1.0,0.8853669378958415,0.4441194700366591,0.8212921674167302,0.8514307429854822,0.6225205135230305,0.4155663571082787,0.6100219104522671,0.41890144361234993,0.8514307429854822,0.5624450946337751,0.5070640664004709,104
1946,26058,0.0,0.5211408886982306,0.4422904435579479,0.0852124796857108,0.9219910751817262,0.2037962787950917,1.0,0.5608559908948587,0.5873732116359258,1.0,0.8323924616247538,0.5497271334234733,0.7125442614903211,0.6020162396286254,0.5236659641346371,0.5741146012653923,0.6421999667325057,0.48171566612808925,0.6020162396286254,0.561855244773701,0.5522408099817305,105
1567,20066,0.1952794711632106,0.27470687128272,0.4868684828010148,0.6728316848661572,0.741355381978092,0.4541492600254513,1.0,0.3138512253800577,0.468896621620291,1.0,0.7177593995205955,0.6168552356303186,0.869453057760477,0.8079770209287339,0.5998367910186505,0.39137392350017436,0.77366726537394,0.3807876770418674,0.8079770209287339,0.561632486301564,0.5128206718800292,106
1887,24040,0.5967154078961798,0.7400956638601286,0.5390480313078326,0.2580608371523992,0.6454163914139031,0.4206861992357006,1.0,0.2760352359674716,0.603449290243173,1.0,0.3925315042773514,0.4753533649217309,0.8429462157448122,0.5177551044154516,0.5768866232100186,0.4397422631053223,0.6648326855604005,0.6395718475839807,0.5177551044154516,0.5615687772924699,0.5730896886470999,107
2405,31007,1.0,0.2726862721712724,0.4767700470365016,0.2441869494493819,0.3830098556047666,0.513527116527167,1.0,0.5055365097979148,0.382837275953489,1.0,0.6287451024806507,0.6705532661975601,0.0,0.9257153714927412,0.5748245921695527,0.4441868928757019,0.6281447843162631,0.374728159603887,0.9257153714927412,0.5611396133548511,0.49513005791707165,108
1644,21035,0.418388564882842,0.4147417631411136,0.5294715344347074,0.4096553489535016,0.4637746491577489,0.3263309469315373,1.0,0.3721544530298856,0.5731536324277126,1.0,0.636126864773908,0.3768715546087523,0.7390115964200016,0.7171720540196672,0.5425996451713759,0.4726540427287991,0.6399521890085575,0.47210664878791053,0.7171720540196672,0.5610050585692203,0.5275973822672787,109
2382,31039,1.0,0.3562959717902506,0.4302176640695926,0.2412088640443116,0.3706572679852544,0.695685205687356,1.0,0.4285303289440897,0.4020511536836311,0.0,0.6469821052516065,0.7401177659652883,0.7947952132712555,0.9257153714927412,0.7954737711220375,0.4152907413138604,0.4615102675433844,0.3932568179299216,0.9257153714927412,0.560870558541315,0.4948333199553302,110
2333,31085,1.0,0.3794614705140835,0.7346196093353826,0.2276183690237313,0.3404138088101851,0.2980161598361132,1.0,0.4003026298897147,0.4673424575905309,0.0,0.588363019880362,0.6049259700429857,0.8429462157448122,0.8079770209287339,0.75905880141704,0.4338225437401228,0.3732096675340059,0.5570405399247331,0.8079770209287339,0.5604866167350071,0.5115131538943273,111
2279,30093,0.5634396951732947,0.234651253487212,0.4422904435579479,0.3559945417949938,0.4270230309570598,0.4133493360551166,1.0,0.7222673020022466,0.6222960548014435,1.0,0.4198871119590055,0.4099857963051717,0.869453057760477,0.668732778856004,0.5656914152994872,0.672281678401845,0.639273381761434,0.3384708485225799,0.668732778856004,0.5599100636303602,0.5355927492039879,112
1237,20505,0.1952794711632106,0.2446615788529097,0.4719531548088408,0.7253070510535056,0.7267599197489945,0.4762503240155376,1.0,0.3682576100297322,0.5477582754417588,0.0,0.6917064496833267,0.928687506901488,0.869453057760477,0.8514307429854822,0.6712816213771257,0.4580079427357455,0.5856634589636075,0.3583073668308753,0.8514307429854822,0.5597140283991637,0.5039882461925415,113
198,7074,0.6814971807890619,0.797275066166472,0.5416323882262978,0.4331974640504029,0.7224617650044669,0.4881755018655795,1.0,0.4677970463598327,0.3357530499102352,0.0,0.4589666402401287,0.6721823059312764,0.9301468010770012,0.5630100464373469,0.6856982320093671,0.40177504813503395,0.5287669461840899,0.669453727196385,0.5630100464373469,0.559658881098843,0.5588242110935988,114
981,19019,0.0,0.770450488547656,0.6053893071074637,0.1827108407055312,0.8219767306984658,0.1207375555696879,1.0,0.7375926716415,0.7460670534135412,1.0,0.3399913163045389,0.4084660805760445,0.7606458862803938,0.4560932915144303,0.3772758207902443,0.7418298625275206,0.625085025394737,0.6879198978275598,0.4560932915144303,0.5596271645469064,0.5889929043539784,115
2390,31089,1.0,0.491591907953387,0.7121577760605828,0.2607236544443273,0.4475728120790708,0.3936617067972617,1.0,0.2419639536548751,0.3275962400863094,1.0,0.6270081563379899,0.6373427941425056,0.8212921674167302,0.668732778856004,0.7714107794743064,0.28478009687059225,0.6203916346641319,0.6018748420069849,0.668732778856004,0.559556589395402,0.5351701293327146,116
1638,21013,0.4285940061633923,0.4563597836425394,0.7361574212464602,0.3969110121638456,0.4443856412344071,0.3183112490798401,1.0,0.3087815338526036,0.4257583132671139,1.0,0.9122882572792216,0.562794403854925,0.7125442614903211,0.6046625485289482,0.654055232196965,0.36726992355985877,0.6319215804956185,0.5962586024444998,0.6046625485289482,0.5592965505671498,0.548497191902475,117
2188,30100,0.0,0.5349670027185587,0.407936154559633,0.3901828048418909,0.4936372797267614,0.6679526985617799,1.0,0.4287631649751463,0.5874879326055726,1.0,0.5310464888282829,0.6337453124903473,0.8212921674167302,0.6467849483079785,0.4965209921838401,0.5081255487903595,0.7103545566260865,0.4714515786390958,0.6467849483079785,0.5591343366952675,0.5391445605421149,118
87,7073,0.6883605645149053,0.2969387421450946,0.4355609835024832,0.433973817424249,0.789585020059746,0.3379454986212462,1.0,0.2954527774619672,0.6766012340366634,0.0,0.397307847356618,0.5207683295482676,0.9701320359742358,0.9257153714927412,0.6441421943485066,0.4860270057493153,0.5123008672210483,0.3662498628237889,0.9257153714927412,0.5585787854747177,0.4923071892885966,119
2083,29007,0.3393034787428914,0.4156356705706804,0.5478302590818,0.3561016428788367,0.4168236502528751,0.308610922123281,1.0,0.2866745462689547,0.3600960358978678,1.0,0.9713417344739604,0.6100717965652551,0.7390115964200016,0.8514307429854822,0.6649321515505272,0.3233852910834113,0.6163072430509986,0.48173296482624023,0.8514307429854822,0.5585346389767497,0.5026611359749853,120
2085,29012,0.3859842990059995,0.2363757153047148,0.4283749501331661,0.3283820857481584,0.4274247663729735,0.2314395663779156,1.0,0.435164137323767,0.4761417733549115,1.0,0.8962223854239799,0.5164255802023876,0.7947952132712555,0.9257153714927412,0.6483568694759057,0.45565295533933925,0.5974492836998095,0.3323753327189405,0.9257153714927412,0.5584330619483583,0.49214665150525555,121
1366,20197,0.1826590576547239,0.2602957987345164,0.5645064919850328,0.4968049633613814,0.5620006639735575,0.3024206574665747,1.0,0.4281221059310702,0.5086740518438515,1.0,0.8936170697352093,0.5919670904460245,0.0,1.0,0.4170608044589894,0.4683980788874609,0.6722452569603027,0.41240114535977457,1.0,0.5581262107270901,0.48240913478723857,122
1044,20565,0.1826590576547239,0.4203293447979338,0.662817865680182,0.4762252381421271,0.5433779853069678,0.2801858180098935,1.0,0.4925633452184877,0.5655357052480269,1.0,0.8614851189742889,0.4318188713907264,0.7789425991309047,0.5075407062352487,0.5637264117876609,0.5290495252332573,0.6599578082917976,0.5415736052390578,0.5075407062352487,0.558009831384866,0.5713925760713541,123
1350,20157,0.1826590576547239,0.4600526318333964,0.5124204180151032,0.4708887534826648,0.5381451618236774,0.2731856572309121,1.0,0.7050014501153437,0.718665525645058,1.0,0.902301386347632,0.5438370169400226,0.0,0.5807482395941909,0.40719936523559463,0.7118334878802008,0.6564439145074509,0.4862365249242498,0.5807482395941909,0.5572418470930306,0.5515154439285301,124
2058,29042,0.3859842990059995,0.685177371394169,0.5525400736038433,0.3399855666579527,0.4023404143451186,0.2494207899349905,1.0,0.679155747449119,0.5451442617921607,0.0,0.9518019703333988,0.6575122331810216,0.0,0.7097780834867178,0.498824625630105,0.6121500046206398,0.39834935418761236,0.6188587224990061,0.7097780834867178,0.5566174179289618,0.5237998191670402,125
2174,30194,0.0,0.4043962438486686,0.5287532036785814,0.3497709689447208,0.4300122956256706,0.362147211336582,1.0,0.4040083697424064,0.662274310354755,1.0,0.6487190513942673,0.6560111001255915,0.8212921674167302,0.6428874255124083,0.5315055797341472,0.5331413400485807,0.6283860951813948,0.46657472376362497,0.6428874255124083,0.5565786955814529,0.5368766185151754,126
552,14109,0.0,0.5966098969091507,0.4372838406606411,0.22459739402196,0.4513699362171114,0.169762972906988,1.0,0.4668722836981116,0.4295789614687343,1.0,0.8901433845003279,0.5388373708174493,0.7789425991309047,0.7336923924214751,0.5519808386121705,0.44822562258342297,0.5691460606292119,0.5169468687848959,0.7336923924214751,0.5565713772462113,0.5194246803345449,127
2180,30016,0.0,0.6141387691112024,0.5197304459927093,0.3799140754683178,0.4863066782837194,0.6856534750465967,1.0,0.4155665145888108,0.5198275594663426,1.0,0.5848893346454809,0.7488090662814257,0.8429462157448122,0.5189525477686241,0.5441611541679297,0.4676970370275767,0.7103748457597268,0.5669346075519559,0.5189525477686241,0.5561194304243099,0.5658198438020497,128
2329,31096,1.0,0.5308228998219368,0.6872306632925249,0.2215028105153721,0.3018273752776897,0.2804121086672428,1.0,0.2324174115999354,0.3463663721474678,1.0,0.5683890709667454,0.6170976716505019,0.8429462157448122,0.7097780834867178,0.7571082395905149,0.2893918918737016,0.5607484588920609,0.6090267815572308,0.7097780834867178,0.5559481371232963,0.5230126616712006,129
2074,29023,0.3859842990059995,0.3917793047239887,0.5336821566048857,0.3355386517973371,0.4059940936505508,0.241380318325338,1.0,0.5715050974838197,0.6391900115984921,1.0,0.961789048315427,0.592680715490373,0.0,0.6550328681014498,0.4851135157029499,0.605347554541156,0.5965826127546452,0.4627307306644372,0.6550328681014498,0.5559324680847745,0.5335950295031823,130
2042,29013,0.0,0.7336648520306013,0.7224880573895763,0.3482824284548569,0.4248644677919987,0.2789119603305241,1.0,0.4096785879241728,0.4730380108462536,1.0,0.7038644515306307,0.3981811371134908,0.7606458862803938,0.5807482395941909,0.4656728687311288,0.4413582993852132,0.610411771315476,0.7280764547100889,0.5807482395941909,0.5558172286255839,0.5497535342551408,131
2324,31008,1.0,0.1662518256475919,0.4602408695082853,0.227970348494004,0.3332283040169769,0.3082895186479917,1.0,0.3519556719437831,0.4178562828007728,1.0,0.59748152126584,0.621755296450018,0.8429462157448122,1.0,0.7655457583651676,0.38490597737227794,0.5738976342317945,0.31324634757793857,1.0,0.5556601504327182,0.47974622402945394,132
169,7108,0.7118578162317731,0.632371336829172,0.714305980203684,0.4789371976190236,0.8479243711513269,0.2734543864820853,1.0,0.569831023478353,0.365520101093137,0.0,0.3990446899740585,0.2184452122985161,0.9301468010770012,0.5725003198007196,0.5648736298953373,0.46767556228574503,0.5200631910504872,0.673338658516428,0.5725003198007196,0.5556384300838215,0.5515011356150429,133
2338,31104,1.0,0.2675983746873058,0.581132777505692,0.2440142139432962,0.4045006293274049,0.35189240060909,1.0,0.2640880854458285,0.3266659502571718,1.0,0.5940078360309589,0.5928464351436995,0.8429462157448122,0.9257153714927412,0.7574501217298676,0.29537701785150017,0.6000814487759583,0.42436557609649894,0.9257153714927412,0.5551773161004764,0.48856266106950386,134
1002,19021,0.0,0.9304109220030976,0.7612357477398473,0.1801680494384935,0.8296712417772518,0.1141854988304487,1.0,0.6899330355639917,0.5935587542245664,1.0,0.5184540951574836,0.5560248480255978,0.7390115964200016,0.3424511108189231,0.45337263490077073,0.641745894894279,0.6248049580092389,0.8458233348714724,0.3424511108189231,0.5549939160284012,0.6261964958942408,135
149,7111,0.4525520897336005,0.374887256113263,0.697240963701319,0.4306817955036263,0.8375669626665416,0.2739839789143312,1.0,0.5229477546802314,0.4106371218759491,0.0,0.3773338984430012,0.3743946652846303,0.8429462157448122,0.8079770209287339,0.5118067173015111,0.46679243827809025,0.5084465474168998,0.536064109907291,0.8079770209287339,0.5549043988656789,0.5051530239346527,136
1505,20390,0.1826590576547239,0.4572878801516604,0.6648322491806198,0.4783809981288942,0.5454428929382262,0.2809317825192516,1.0,0.7188044130811346,0.8200750426717376,1.0,0.8610507271507941,0.5139371436849395,0.0,0.4704038595631332,0.3894117321226144,0.7694397278764361,0.6609511347172744,0.5610600646661401,0.4704038595631332,0.5541746362883775,0.5773518835995597,137
1493,20293,0.1826590576547239,0.4640130130367824,0.4226463452550246,0.4709683671619343,0.5382245178165248,0.2712958290972378,1.0,0.6063227703634111,0.6063962795857891,1.0,0.6343899186312474,0.3285005059849267,0.7789425991309047,0.6159540418574678,0.4811230203504506,0.6063595249746001,0.6560977428151393,0.4433296791459035,0.6159540418574678,0.5541738136517221,0.5397223752023933,138
1179,20508,0.3932202598211434,0.133240360553931,0.3492050581584243,0.9165789617848557,0.6878793050772867,0.5276907782191019,1.0,0.5797748472246864,0.592506038408483,0.0,0.7029960819845205,0.8537948111562708,0.8212921674167302,0.8514307429854822,0.6928258300946661,0.5861404428165847,0.6264298090162488,0.24122270935617762,0.8514307429854822,0.5541318828372236,0.4977131226972218,139
2256,30172,0.5409829611285887,0.2929933040299192,0.4889876210546557,0.5214772782078653,0.6722080652991378,0.5102969968523206,1.0,0.4499171614185165,0.4228156204459521,1.0,0.3712548975193492,0.7014252057438461,0.9036320434281871,0.6550328681014498,0.6293237769549929,0.4363663909322343,0.7407964680718647,0.3909904625422874,0.6550328681014498,0.5538226569057503,0.5310649330903595,140
84,7106,0.5361897169012327,0.6617838188795878,0.7008525396833576,0.4219638756070396,0.8795032668689406,0.2319047363168003,1.0,0.3274721162566897,0.3020432469695119,0.0,0.5271386188203466,0.2629983251421294,0.8429462157448122,0.8822616494359928,0.5423182191521303,0.3147576816131008,0.5066743757585561,0.6813181792814726,0.8822616494359928,0.5535812481795997,0.4926941013192259,141
2086,29029,0.4346167842399759,0.2777260119078601,0.4123515176257732,0.3390347995061612,0.4097736146131849,0.2506003288081362,1.0,0.7405884136560311,0.647269441148126,1.0,0.9431176537209758,0.6799593163256863,0.0,0.7028614859709643,0.5144234385716595,0.6939289274020786,0.5998817485854964,0.34503876476681666,0.7028614859709643,0.5534619962496363,0.5213655364948009,142
1431,20295,0.1826590576547239,0.3425824090236905,0.5435301114473258,0.4780477137023364,0.5451254689668366,0.2824721492947841,1.0,0.3804387124475661,0.4517240258624992,1.0,0.9196700195724776,0.4115158712820392,0.7789425991309047,0.7430174073632629,0.5731968869100363,0.4160813691550327,0.6611290663927913,0.44305626023550815,0.7430174073632629,0.5534077567701811,0.5141108925858543,143
2177,30011,0.6258260362228523,0.6357235224890168,0.5072509351768942,0.4177559474633306,0.5456231959388722,0.5197870021362135,1.0,0.3432273595287249,0.3705369500448464,1.0,0.4719930116335433,0.7325578389094001,0.9036320434281871,0.5344740898901891,0.6835022325484957,0.35688215478678564,0.6966332291076832,0.5714872288329556,0.5344740898901891,0.553401623022302,0.5582373256215982,144
2262,30132,0.5634396951732947,0.3439441234205966,0.5273017648072774,0.3526038687588972,0.4240460132141216,0.3812027027221043,1.0,0.4987172287046935,0.6287190830896279,1.0,0.4029526635072149,0.3267739002737727,0.869453057760477,0.6189731165776511,0.5406548291786898,0.5637181558971607,0.6315705169390247,0.435622944113937,0.6189731165776511,0.5533976340493031,0.538119432856343,145
162,7101,0.6883605645149053,0.6936458335532408,0.8658684512621737,0.4562895944657229,0.825928578982656,0.2810830649322933,1.0,0.6551686596739941,0.8037337533096007,0.0,0.3069908924722877,0.261803481599593,0.8212921674167302,0.3424511108189231,0.519611776500879,0.7294512064917974,0.5126602476761345,0.7797571424077072,0.3424511108189231,0.5533661167967311,0.6239015423784912,146
178,7087,0.4817047495775224,0.3333984024199753,0.5140890096762025,0.3603581099672391,0.978162919817024,0.1562695750480396,1.0,0.3914602572836538,0.4428544995928427,1.0,0.712983159966549,0.4805404795886104,0.869453057760477,0.6594077639142162,0.6361703617232897,0.41715737843824824,0.6989581209664605,0.4237437060480889,0.6594077639142162,0.5532435594385497,0.5294890027447655,147
1186,20227,0.1826590576547239,0.4273130091660048,0.5350493159696716,0.4660197708249075,0.5332161469759156,0.2672881294547489,1.0,0.5731409214515523,0.6014512221807695,1.0,0.8727745442250423,0.5971978501163455,0.0,0.6789471770362071,0.4131578629990279,0.5872960718161608,0.6533048094511144,0.4811811625678382,0.6789471770362071,0.5531548386141132,0.525532280933448,148
2049,29021,0.3859842990059995,0.4793142308522659,0.5675484247632663,0.3237405060744929,0.4288916842294912,0.2215502996446303,1.0,0.3553740521516745,0.4260325118795656,1.0,0.7967868256289516,0.2824737530489548,0.7947952132712555,0.7532318055434659,0.5650100227387903,0.39070328201562005,0.5948364979897229,0.523431327807766,0.7532318055434659,0.553118056684414,0.5120237817463211,149
1114,20198,0.6806413939763865,0.2756393293076352,0.633483159555182,0.6744781892640505,0.6761286950720604,0.4040220174209116,1.0,0.2843024449378921,0.3502477302112206,1.0,0.3113330507784992,0.4690094927997046,0.9036320434281871,0.8079770209287339,0.5911539952456943,0.31727508757455636,0.7509257803514046,0.45456124443140855,0.8079770209287339,0.5530253079978329,0.5030156596088874,150
1274,20033,0.1826590576547239,0.4434218370056131,0.3825889602415067,0.4641218423027726,0.5312538381696816,0.2647402563297483,1.0,0.5300852476019773,0.5569748327597208,1.0,0.8983933092892558,0.6270035838177366,0.0,0.8275164340507248,0.4270139876904291,0.543530040180849,0.6520231873604405,0.4130053986235599,0.8275164340507248,0.5530090136522543,0.5000012679970859,151
1067,20051,0.3932202598211434,0.3697110318487037,0.6897838803486965,0.4985834668632725,0.5635004521585681,0.3047496139405266,1.0,0.4021252963078426,0.4776940158992159,0.0,0.6613112380146264,0.3619706188762058,0.7789425991309047,0.8514307429854822,0.5488611789607201,0.4399096561035293,0.4733667065924735,0.5297474560987001,0.8514307429854822,0.5526477232749749,0.4960473680276974,152
144,7048,0.8335046471480598,0.3023993240305421,0.4694600190588954,0.434741736455417,0.7383093199437167,0.4402504760330877,1.0,0.3549342079631042,0.3558771839476705,1.0,0.4450716922501641,0.5843009266167581,0.9701320359742358,0.7336923924214751,0.7082523254973044,0.35540569595538735,0.7226603064864443,0.38592967154471874,0.7336923924214751,0.5525527644086629,0.5147409159616851,153
775,15085,0.0,0.4644000386918984,0.71567313956847,0.2765413773982922,0.4118232550913571,0.1828762554482135,1.0,0.7286393150693087,0.5393448274955455,1.0,0.7794181924041059,0.4507339765818485,0.7947952132712555,0.4735104557787167,0.5062368455643025,0.6339920712824271,0.5742481775875726,0.5900365891301842,0.4735104557787167,0.5525214516933137,0.5742540104889567,154
2100,29027,0.3859842990059995,0.3301732225220612,0.5149135537650485,0.3420360804902876,0.4023965275057888,0.2538479196907204,1.0,0.5981535839622333,0.5725937255342188,1.0,0.9313938366467271,0.5950190061933005,0.0,0.725114210224383,0.4780992854615068,0.585373654748226,0.5996561055373594,0.42254338814355485,0.725114210224383,0.5523651254755744,0.516037436921319,155
2053,29025,0.3859842990059995,0.5258055826067505,0.772358878666743,0.3436680868595856,0.4048213569332459,0.25872389856552,1.0,0.5454700970857694,0.5492820909349521,0.0,0.8484585405304343,0.5194852521247895,0.8212921674167302,0.5594373801050112,0.6438050647694884,0.5473760940103607,0.4014426684716703,0.6490822306367467,0.5594373801050112,0.5522592382758765,0.5504791402722817,156
719,15100,0.0,0.5188069613813374,0.6032701688538229,0.3103729931152345,0.4237053464105554,0.1933678486033589,1.0,0.528413793529749,0.6400399846486182,1.0,0.9131568338757708,0.6618483981562088,0.7606458862803938,0.4581218075672427,0.5839127795780934,0.5842268890891836,0.5854892376258298,0.5610385651175802,0.4581218075672427,0.5521847697989554,0.5785758318470715,157
166,7079,0.6883605645149053,0.4091658868941389,0.4920889170134639,0.4571085284333231,0.8079832460836547,0.3018774110566223,1.0,0.4904763115659324,0.5805079544634297,0.0,0.2631350211118981,0.3066497862712836,0.869453057760477,0.7771461144782232,0.531899607414641,0.5354921330146811,0.5133938371147201,0.4506274019538014,0.7771461144782232,0.5519131459768276,0.5066554903862367,158
598,14063,0.0,0.7500815431667879,0.7309421273327993,0.2178364577185604,0.3613065927580827,0.2477524469717757,1.0,0.4795340175155163,0.4510935818778679,1.0,0.869300858990161,0.479683429517851,0.7947952132712555,0.4896375090963688,0.5359448754448168,0.46531379969669207,0.5653790994896838,0.7405118352497936,0.4896375090963688,0.5517247897694175,0.5684397664252345,159
1183,20546,0.1826590576547239,0.3556215284933299,0.7209719126981224,0.4944422167489417,0.5599822420066534,0.2979829923162637,1.0,0.446545047166745,0.5317961368058799,0.0,0.7034302667575754,0.2729889398329753,0.7789425991309047,0.8514307429854822,0.4845052158440448,0.4891705919863124,0.4704814902143718,0.5382967205957262,0.8514307429854822,0.5516891973999581,0.49497215526454813,160
1786,21214,0.4285940061633923,0.3820316901642764,0.6456343176113476,0.4015895146869869,0.4516833723489559,0.3238266452595477,1.0,0.3391089329216894,0.465973815315062,1.0,0.7876683242434737,0.4083104717909011,0.7125442614903211,0.6639688805647354,0.5842792659220221,0.4025413741183757,0.6354199064590981,0.5138330038878121,0.6639688805647354,0.5514324349216997,0.526415239055074,161
2368,31078,1.0,0.3312440588179742,0.4642905362206865,0.2422365182332252,0.374945795233466,0.4783951391891113,1.0,0.4425031415017381,0.3352061425735431,1.0,0.6326529724885868,0.6658086183909439,0.0,0.9257153714927412,0.5746153977198827,0.3888546420376406,0.6191154905311604,0.3977672975193304,0.9257153714927412,0.5513261012029246,0.4843299470792514,162
2278,30094,0.3789880133631159,0.3585538612782596,0.5287532036785814,0.4977388031097122,0.6178301899880627,0.3989725482291968,1.0,0.7018340717118476,0.2879446442448808,1.0,0.3782023715143319,0.7129056575161046,0.8429462157448122,0.5705338414139879,0.5782605645345911,0.4948893579783642,0.7029083082653943,0.4436535324784205,0.5705338414139879,0.5512786130771149,0.5465672153074882,163
970,19001,0.0,0.4975683555293233,0.2869270738870932,0.1782385322560434,0.8383004215948003,0.1084039285739804,1.0,0.4726086073252372,0.4822926623076587,1.0,0.4216239545764459,0.6049857326381068,0.7125442614903211,1.0,0.43478848717621843,0.47745063481644795,0.6249885764849649,0.3922477147082083,1.0,0.5512235992870226,0.4749629717021953,164
596,14066,0.0,0.6503234598099049,0.5907906580380078,0.2158602312326411,0.3443656570943754,0.2681993117454695,1.0,0.5311816288681703,0.3877798079785393,1.0,0.8332610382213039,0.5036325287228552,0.7947952132712555,0.5920397329227105,0.5329221950538536,0.4594807184233548,0.5656850400144972,0.6205570589239564,0.5920397329227105,0.5512234355377755,0.5414668565449839,165
2343,31067,1.0,0.279257451962808,0.4743889719851997,0.2481861868589535,0.3992405751723924,0.5017991037808118,1.0,0.3827688676771775,0.4276304825688323,1.0,0.6317846029424767,0.6518898148377823,0.0,0.9257153714927412,0.5709186044450647,0.4051996751230049,0.6298451731624315,0.3768232119740038,0.9257153714927412,0.5510848126294959,0.4840650020497255,166
1664,21128,0.3393034787428914,0.8846314403198984,0.4389791309185027,0.3578843822438285,0.4113527587910426,0.3026330338835324,1.0,0.3047228482417383,0.3702145509836555,1.0,0.9496308394176832,0.6228744527780797,0.7606458862803938,0.5542922289564466,0.668113664304762,0.3374686996126969,0.6143740349836807,0.6618052856192005,0.5542922289564466,0.5510577890042666,0.550252132336084,167
1705,21052,0.4661875608731715,0.200027511209295,0.6144334716790921,0.3560059149240132,0.3706187579999905,0.2580468824827477,1.0,0.5093004047363683,0.3837574447815089,0.0,0.8992618858858059,0.6540267581608629,0.7947952132712555,1.0,0.7035678545477739,0.4465289247589386,0.39693431108135024,0.40723049144419354,1.0,0.5509889674503635,0.4747102713814022,168
151,7051,0.7493588939345635,0.5185443864828793,0.5729081291618882,0.4133451667473833,0.9247894417412434,0.2198015236288755,1.0,0.3935638578108091,0.3880420636157623,1.0,0.3517151333787878,0.0684827298352864,0.9701320359742358,0.6252790567992559,0.5349221982807184,0.3908029607132857,0.7115872264235005,0.5457262578223837,0.6252790567992559,0.5509409690995293,0.5337806978014417,169
716,15096,0.0,0.5027226030353752,0.6039812680377051,0.3000591042181916,0.4422390415879821,0.1986949036450049,1.0,0.5574062491608129,0.5169969642936139,1.0,0.874945675140758,0.5298164585836824,0.7606458862803938,0.5358750257235614,0.5413520050012086,0.5372016067272134,0.5881986098902356,0.5533519355365402,0.5358750257235614,0.5508599514457093,0.5546712041698567,170
2217,30112,0.5634396951732947,0.4679029542164267,0.6134658541714606,0.3559557175917508,0.4315688811764457,0.4249742068995805,1.0,0.558596905434388,0.600393484660577,0.0,0.442466376561393,0.3715020683865015,0.869453057760477,0.6508295817171241,0.5617152994704165,0.5794951950474825,0.4424997611335554,0.5406844041939436,0.6508295817171241,0.5507798609590494,0.5282697516121916,171
2060,29034,0.0381689124905122,0.5833106485618389,0.6227659768866467,0.3345857167605999,0.4434542761300956,0.2512426595564561,1.0,0.4004321299568932,0.4876306846296573,1.0,0.7051672129002362,0.369268144648231,0.7789425991309047,0.6594077639142162,0.472886717292471,0.4440314072932753,0.6058565304894303,0.6030383127242428,0.6594077639142162,0.5505641286924562,0.5262854652587148,172
2300,30039,0.5409829611285887,0.8767754651790675,0.7453171822648805,0.4683641067745907,0.6634201734958944,1.0,1.0,0.3388367882014244,0.4851456565678692,1.0,0.4190186388876753,0.7090925204549319,0.9301468010770012,0.2816188931128348,0.6498102303870493,0.4119912223846468,0.8263568560540971,0.811046323721974,0.2816188931128348,0.5504399136247912,0.6508365746203524,173
330,11044,0.0,0.7792200103202661,0.6029128215313078,0.2489246931482273,0.4328090103679628,0.1834110882458333,1.0,0.5641095066376712,0.4997877092286651,1.0,0.93920978371304,0.6872606123602878,0.7789425991309047,0.3984406950774132,0.6013532488010581,0.5319486079331681,0.5730289583524046,0.6910664159257869,0.3984406950774132,0.5503156671605095,0.5965871902468859,174
1261,20519,0.1826590576547239,0.2826931133529379,0.4868684828010148,0.486540602623738,0.5530115623598103,0.2898311531065977,1.0,0.5252779718445719,0.6245062396396098,0.0,0.6995223967496391,0.4549861294688549,0.7789425991309047,0.9257153714927412,0.5290275457510306,0.5748921057420908,0.46587666361802915,0.38478079807697635,0.9257153714927412,0.5503073214523438,0.48321148126667957,175
2381,31020,1.0,0.2375987351914056,0.3825889602415067,0.2435017885891518,0.3801882462130723,0.6897754640990095,1.0,0.497966508904119,0.4530581711102734,0.0,0.6452453661593862,0.7476087825847362,0.7947952132712555,0.9257153714927412,0.7969123405038445,0.4755123400071962,0.4626930997802467,0.31009384771645615,0.9257153714927412,0.5500057102784958,0.4828804571500384,176
545,14018,0.0,0.5869765179580503,0.5970250079369728,0.2215722455036878,0.3650163852241854,0.2362694825031375,1.0,0.3665180744929648,0.6000624087638489,1.0,0.8897089926768322,0.5207558224303178,0.7947952132712555,0.5648420579743655,0.5513150070946014,0.48329024162840684,0.5645716226462021,0.5920007629475115,0.5648420579743655,0.5499399069482024,0.546276210569636,177
2315,31051,1.0,0.3726242764963619,0.3174079620274858,0.2430597429195485,0.3783614065603562,0.6387958179219959,1.0,0.4776842892624533,0.4355662119716598,0.0,0.6396005500087891,0.7379891766820855,0.8212921674167302,0.8822616494359928,0.7997204735269012,0.45662525061705656,0.45204339348038014,0.3450161192619238,0.8822616494359928,0.5498231358986112,0.4885166977457045,178
102,7086,0.5361897169012327,0.328066118447913,0.5603097698976152,0.4607178193120717,0.8396783559621543,0.2645004049709385,1.0,0.4553734529907318,0.5145280186344605,0.0,0.5106383551416112,0.244665421737933,0.8429462157448122,0.8514307429854822,0.5336099273813972,0.4849507358125962,0.5129793160490329,0.4441879441727641,0.8514307429854822,0.5497275398357815,0.49277315007449546,179
2356,31105,1.0,0.238126654536792,0.3704667967482067,0.2444338994120131,0.3840238803363767,0.5997322673202999,1.0,0.4772896158017241,0.4562658660303758,0.0,0.6343899186312474,0.7118642661082466,0.8212921674167302,1.0,0.791886588039056,0.46677774091604995,0.445638009413738,0.3042967256424993,1.0,0.5495541933938436,0.47316559403991515,180
2299,30038,0.0,0.7498738152656984,0.6702769234359034,0.3629369951608627,0.4321203852868325,0.4255167462299287,1.0,0.7577447877895297,0.6249603139272648,1.0,0.3777680832160563,0.1391421560666128,0.869453057760477,0.45410245906211,0.3465908242607865,0.6913525508583973,0.6441148253355248,0.7100753693508008,0.45410245906211,0.5487665683339898,0.5753685158313004,181
1135,20021,0.4532684132055056,0.5090317671627745,0.4941071376666658,0.4139411527685759,0.4884565815645962,0.4244317510504869,1.0,0.4038490058757792,0.3558956458246883,1.0,0.4329136904028599,0.2256488153904147,0.9036320434281871,0.7771461144782232,0.5038657406067418,0.3798723258502338,0.6653658970767318,0.5015694524147202,0.7771461144782232,0.5484908114749846,0.5027314162452493,182
1995,27001,0.7806827529059838,0.3674728956048471,0.5907906580380078,0.3386697407583349,0.7336143852349517,0.2575527025343069,1.0,0.4303729028074144,0.2442531719204258,1.0,0.5796787032679389,0.6440172652312395,0.9036320434281871,0.6319793675308782,0.7270026912083374,0.3373130373639201,0.6659673657055187,0.47913177682142744,0.6319793675308782,0.5480699536999819,0.5288947636439918,183
993,19010,0.0,0.7410959134802414,0.5507983349735351,0.1790130029927253,0.8367773905776127,0.1110648155537261,1.0,0.5369537806164242,0.5153145464853319,1.0,0.5089014089989503,0.5384869996867014,0.7390115964200016,0.5201635218414863,0.4466000012764133,0.526134163550878,0.6253710418248128,0.6459471242268883,0.5201635218414863,0.5478957988920833,0.5550568795784813,184
2094,29019,0.3859842990059995,0.5972625085867389,0.6053893071074637,0.3331524266929511,0.4115772114337238,0.2372267910172951,1.0,0.5407708281015028,0.6540987850758844,0.0,0.964828548777253,0.5822962721175984,0.0,0.7171720540196672,0.48327727997521275,0.5974348065886936,0.396391285828794,0.6013259078471014,0.7171720540196672,0.5478590680658713,0.5121889779937663,185
147,7054,0.4817047495775224,0.318422009107218,0.5422687467799874,0.377681224823408,0.9720379254197802,0.1777013519529817,1.0,0.4193481993729756,0.7107517168445261,0.0,0.7412070336690932,0.4054035581809217,0.869453057760477,0.6428874255124083,0.6244420997970036,0.5650499581087509,0.5054841004392341,0.4303453779436027,0.6428874255124083,0.5478324070321559,0.5263515623483662,186
2181,30017,0.0,0.6636847318759072,0.2717650557236629,0.3723243926989359,0.4578259699216059,0.5033648933088574,1.0,0.377268037797607,0.4391097997070967,1.0,0.5458098063643577,0.3076346987898181,0.8212921674167302,0.9257153714927412,0.41868416814272646,0.40818891875235186,0.6667030511858798,0.467724893799785,0.9257153714927412,0.5478095897892977,0.4804715416029459,187
1988,27015,0.8335046471480598,0.4099493012812924,0.5063642908338386,0.409444901787284,0.7672950467518627,0.3792031757008658,1.0,0.3884084366098719,0.3896640706218178,1.0,0.4194529271859504,0.2830991814107215,0.9701320359742358,0.6159540418574678,0.6265471979297419,0.3890362536158448,0.7111886248480025,0.45815679605756554,0.6159540418574678,0.546887783585119,0.5308669645528356,188
1033,20184,0.4532684132055056,0.729778136878472,0.7086537932016936,0.4687793344249011,0.5563790362051203,0.3514536876252689,1.0,0.6140449426206209,0.376323173084493,1.0,0.4159791384258493,0.3278596520840539,0.9036320434281871,0.3862533537199375,0.525184811785899,0.4951840578525569,0.675322411651058,0.7192159650400829,0.3862533537199375,0.5465933096545625,0.5961593004948713,189
1688,21174,0.3484713972187253,0.660150832127183,0.7475342475828413,0.3393271808000306,0.4529427565331042,0.3266717997818232,1.0,0.559095610923809,0.4775287673536934,1.0,0.2648718637293386,0.2869959799987208,0.869453057760477,0.4842778890646183,0.44244807467681535,0.5183121891387512,0.6237883474229916,0.7038425398550121,0.4842778890646183,0.5465277629693436,0.5633024309187766,190
477,13074,0.4519602008481309,0.5537883718200987,0.621871850224412,0.295309220161685,0.4558765922461398,0.2084429568883907,1.0,0.5490528028309816,0.6958083011912328,1.0,0.860182357604683,0.606816136078271,0.0,0.4666431205323492,0.4797396736327712,0.6224305520111072,0.5919257538592431,0.5878301110222554,0.4666431205323492,0.5459087985010659,0.5677457612774435,191
2006,28040,0.344059369230186,0.6022617684521142,0.637173451294044,0.1952813071430649,0.978162919817024,0.1552493094797404,1.0,0.3415310708980489,0.7215517877460265,1.0,0.519322671754034,0.8325433460051884,0.0,0.5213883359176172,0.4239813467473521,0.5315414293220377,0.6657387072879659,0.6197176098730791,0.5213883359176172,0.5458943073240257,0.5521986988331387,192
1764,21074,0.3859842990059995,0.8299124812418613,0.7206189305370331,0.3326123031631627,0.4029480316161753,0.2314328466199253,1.0,0.4355608756623725,0.667881303777645,1.0,0.7042988433541255,0.3424300521759927,0.8212921674167302,0.3372443603885668,0.5635013404882119,0.5517210897200088,0.5933986362798527,0.7752657058894472,0.3372443603885668,0.5453449181216311,0.6149685611914069,193
2335,31048,1.0,0.3294334301276954,0.5294715344347074,0.2602517493646449,0.445821340579657,0.4306977020740374,1.0,0.2751457252201447,0.362666934774745,1.0,0.6348241034043027,0.6598536306452831,0.8212921674167302,0.7171720540196672,0.7789924753665789,0.31890632999744484,0.6273541584036678,0.42945248228120136,0.7171720540196672,0.5448155967124673,0.5086348054635029,194
1556,20472,0.3932202598211434,0.2033134952883249,0.4264996201026877,0.8328059452277564,0.6811002077446315,0.5288868082522802,1.0,0.4904335807431594,0.5174841100886964,0.0,0.5106383551416112,0.6684832714754229,0.8212921674167302,0.8275164340507248,0.5984085134637269,0.503958845415928,0.6085585922449337,0.3149065576955063,0.8275164340507248,0.5444157907087607,0.49030828842630136,195
1116,20002,0.4532684132055056,0.591106877954117,0.5357263366801679,0.4244817121430976,0.5029726878008463,0.4143420157040569,1.0,0.3721381621116725,0.3964470493785185,1.0,0.3903603733616356,0.1099065364863927,0.9036320434281871,0.7097780834867178,0.46429184162043025,0.3842926057450955,0.6683592831296001,0.5634166073171425,0.7097780834867178,0.5441054286395469,0.5091235396915522,196
2045,29011,0.4346167842399759,0.1958186902493467,0.3854145511769584,0.334377922667827,0.4312275301677851,0.2481306330369237,1.0,0.4589141385938603,0.5787816957900875,1.0,0.9339991523354974,0.5964318581289774,0.7789425991309047,0.7645232988719857,0.6859975984588389,0.518847917191974,0.6027472171745071,0.29061662071315253,0.7645232988719857,0.5440537551218012,0.4996945168574977,197
2075,29050,0.4346167842399759,0.2896644463591418,0.5322971253701592,0.344185321348021,0.4154689587176985,0.2642691149396339,1.0,0.5347929797663515,0.5639913540848212,0.0,0.6877985796753905,0.5047473332123814,0.8212921674167302,0.8514307429854822,0.6121137161361195,0.5493921669255863,0.40478467900107074,0.4109807858646505,0.8514307429854822,0.5439787031178777,0.4863400552387398,198
23,4008,1.0,0.3949244477402069,0.4574524617213782,0.2776374504906435,0.5070576692162344,0.3137574933377655,1.0,0.3735521007064767,0.2265819386873111,1.0,0.636126864773908,0.6355695613935229,0.8212921674167302,0.7771461144782232,0.7732471483960404,0.3000670196968939,0.6196905226089287,0.4261884547307926,0.7771461144782232,0.5439552358791128,0.4975403207356598,199
2056,29032,0.4346167842399759,0.4377541445545352,0.4847060938556045,0.3369044261717787,0.4059051101613875,0.2452926925186203,1.0,0.663503641650115,0.580491509137103,0.0,0.9578809712570509,0.6246445453315747,0.0,0.8275164340507248,0.5042855752071503,0.621997575393609,0.39762044577035727,0.46123011920506984,0.8275164340507248,0.5439082504079689,0.48973698287676926,200
2000,28003,0.5967154078961798,0.9014722382749714,0.6989898900244599,0.2531780465365608,0.698023540232932,0.7063174458692016,1.0,0.3573323251400608,0.4870327838438679,1.0,0.442466376561393,0.6268939075321597,0.8212921674167302,0.3093820333088574,0.6218419648516157,0.42218255449196435,0.7315038065277388,0.8002310641497157,0.3093820333088574,0.5437778075444402,0.6261135127477736,201
2287,30089,0.5409829611285887,0.5651927233947529,0.5729081291618882,0.5076312195897674,0.6752541273335131,0.5588488274163691,1.0,0.449749889484988,0.4934552779685939,1.0,0.3907946616599109,0.6861738606780682,0.0,0.5851231354069573,0.40448787086664195,0.471602583726791,0.7483468348679299,0.5690504262783205,0.5851231354069573,0.5437465641678858,0.5338679379857356,202
2220,30142,0.6806413939763865,0.3128045302289678,0.5098672009589315,0.5315311366093559,0.6435125317906591,0.423945092522481,1.0,0.3639857744937638,0.3196501972819832,1.0,0.3760312405986159,0.7083367627756906,0.869453057760477,0.7097780834867178,0.6586156137777925,0.3418179858878735,0.7197977521844992,0.41133586559394963,0.7097780834867178,0.5432394697851401,0.5081108860081829,203
503,13066,0.0,0.5903139566902128,0.4868684828010148,0.3099385234698412,0.4555920386032429,0.2093994365093145,1.0,0.4557438012598349,0.5096507689112804,1.0,0.8853669378958415,0.6013184732067787,0.7390115964200016,0.5493828179949455,0.5564242518806555,0.48269728508555765,0.5949859997164797,0.5385912197456137,0.5493828179949455,0.5431807859244694,0.5416412488013372,204
2101,29003,0.4346167842399759,0.5664921526054617,0.2540651106953986,0.3353696041411882,0.4368106479509581,0.2520699777291357,1.0,0.4215744059622077,0.5549861920343631,1.0,0.9257490204961296,0.565730081103499,0.0,0.8079770209287339,0.48152397145990117,0.4882802989982854,0.6048500459642565,0.41027863165043016,0.8079770209287339,0.54285338229326,0.4914772648734845,205
202,7089,0.4817047495775224,0.6785902258953028,0.7664090556788956,0.3702894415141147,0.9881564186660652,0.1682819871813761,1.0,0.6721806977586378,0.6871890218039745,1.0,0.0,0.0125506933713241,0.869453057760477,0.398832542187302,0.34092712517733087,0.6796848597813061,0.7053455694723112,0.7224996407870992,0.398832542187302,0.5427500392660786,0.5862085962667659,206
1990,27007,0.6667863833632685,0.3693550347885167,0.5845927871825055,0.354624517874347,0.7570963502527719,0.287959998558682,1.0,0.4725261020936084,0.2470639556848134,1.0,0.6070342074243733,0.6408426336195517,0.9301468010770012,0.566705932174072,0.7112025063710486,0.3597950288892109,0.6799361733371602,0.4769739109855111,0.566705932174072,0.5425925090011534,0.5367262082312391,207
195,7062,0.6814971807890619,0.4964539041902843,0.4283749501331661,0.4576938246431885,0.7559179738786964,0.3783175023884905,1.0,0.3655115329348815,0.3808574321868907,0.0,0.2457663878870521,0.4776372814433264,0.9701320359742358,0.8822616494359928,0.593758221523419,0.3731844825608861,0.518385860182075,0.4624144271617252,0.8822616494359928,0.5422043874265732,0.48006985254864054,208
879,16090,0.565820037979442,0.344007030613998,0.6810794850770838,0.2408624961307802,0.3136902116042568,0.2927339689466947,1.0,0.4232882450608072,0.4189719043481928,1.0,0.6982196353800336,0.3129150505798677,0.8429462157448122,0.6285768574637054,0.6049752349210389,0.42113007470450003,0.5694573353363463,0.5125432578455409,0.6285768574637054,0.5419270033357553,0.5221994292329161,209
2375,31063,1.0,0.2503178832380921,0.3767011466471717,0.2538394753202319,0.4215033178085535,0.5084143333016778,1.0,0.390744042438913,0.4788583694458456,0.0,0.630916233396366,0.6868976800071857,0.8212921674167302,1.0,0.7847765202050705,0.43480120594237925,0.4367514252860927,0.3135095149426319,1.0,0.5418815440941904,0.4649223770169738,210
1654,21205,0.0,0.609789537277154,0.5645064919850328,0.3697974282695632,0.3976229210092706,0.3005834224957944,1.0,0.3715105265716997,0.3305447845327841,1.0,0.8996960706588613,0.6638564986155754,0.7606458862803938,0.6354934549794589,0.5810496138887076,0.3510276555522419,0.6136007543549257,0.5871480146310935,0.6354934549794589,0.5418259771603622,0.5206513611165384,211
2376,31060,1.0,0.1463318526535625,0.454588682506295,0.2389173587184317,0.3688576590042604,0.3697369391521068,1.0,0.3135810760357836,0.3708591546047747,1.0,0.6144159697176308,0.6008196845364262,0.832611560697172,1.0,0.7619618037378073,0.3422201153202792,0.5955023913749597,0.3004602675799288,1.0,0.5417287179684794,0.4647584810018161,212
1673,21177,0.4661875608731715,0.4799610795738575,0.7796255038797535,0.3740523887799281,0.4054953990663833,0.301597904729552,1.0,0.3740050364304789,0.3049536102919462,1.0,0.863221858066509,0.5873502133704099,0.7606458862803938,0.5290465977439713,0.669351379647621,0.33947932336121256,0.6162291385151727,0.6297932917268054,0.5290465977439713,0.5417268177476772,0.5449440786623811,213
2061,29006,0.3859842990059995,0.5933755475094953,0.6998536451941629,0.3217052345355751,0.4323209108922425,0.218163408332664,1.0,0.3247553934035971,0.4013520080561088,1.0,0.7316543475105599,0.3791703167685489,0.7947952132712555,0.5829133650538523,0.5729010441390909,0.363053700729853,0.5944379107520963,0.646614596351829,0.5829133650538523,0.5416032972442911,0.5317415795276011,214
179,7113,0.8335046471480598,,0.3854145511769584,0.420233185306457,0.8220232163628203,0.293214115534086,1.0,0.4499956944231645,0.3897089007481644,0.0,0.5201910413001445,0.1904841705942669,0.9036320434281871,0.9257153714927412,0.6119529756176646,0.41985229758566445,0.5070941034406726,0.3854145511769584,0.9257153714927412,0.5413295634232534,0.47337771970734077,215
794,15002,0.0,0.7122166965322151,0.7346196093353826,0.310182271579971,0.4271906862339769,0.1937566945681614,1.0,0.5123589775714308,0.6134442637190715,1.0,0.8363005386831299,0.6048935511265807,0.7606458862803938,0.3529209800740028,0.5504599940225261,0.5629016206452511,0.5862259304764218,0.7234181529337989,0.3529209800740028,0.5410757035740191,0.6020785733088669,216
2079,29020,0.3859842990059995,0.2627230450826485,0.4824986519146431,0.3263974761846649,0.4353204872622633,0.2292177308703404,1.0,0.3830618167364109,0.4319519303867019,1.0,0.8823274374340155,0.5169999628415367,0.7947952132712555,0.7914566825269261,0.6450267281382018,0.40750687356155635,0.5981871388634536,0.3726108484986458,0.7914566825269261,0.5410613021228307,0.4919843681296131,217
1546,20452,0.1826590576547239,0.2789675359389041,0.5670474622191726,0.4864014788454082,0.5528857207026087,0.2916323267534354,1.0,0.3752593809069005,0.4464849590696136,1.0,0.9144593881949364,0.633097897179999,0.0,0.9257153714927412,0.43255408575741483,0.41087216998825704,0.6661839052602905,0.42300749907903834,0.9257153714927412,0.5410449708830538,0.47306665477941606,218
194,7035,0.4817047495775224,0.2134810626368539,0.4226463452550246,0.3619422939421537,0.9879648363518774,0.1585686928689604,1.0,0.4774278664413081,0.51940454503775,0.0,0.6951801349182076,0.4677950153336487,0.869453057760477,0.9257153714927412,0.628533239397464,0.49841620573952905,0.5016951646325983,0.31806370394593925,0.9257153714927412,0.5408419644179563,0.47284478993943785,219
835,16069,0.3504080760997187,0.6816059846190765,0.6896260941978818,0.2301209797640852,0.374860799583848,0.2180000832730657,1.0,0.2848394219869786,0.67361315822046,1.0,0.8801563065182998,0.6069683753201631,0.7947952132712555,0.3788361131694909,0.6580819928023592,0.4792262901037193,0.5645963725241998,0.6856160394084791,0.3788361131694909,0.54077700166116,0.5910985905949593,220
2215,30073,0.3789880133631159,0.5675567546633049,0.4951020124005398,0.4831561939123323,0.6262349171629302,0.4501678437471015,1.0,0.3636979646275222,0.333058708638705,1.0,0.3356491579983274,0.6217682146529638,0.9036320434281871,0.6252790567992559,0.5600093573606486,0.34837833663311357,0.7119117909644729,0.5313293835319224,0.6252790567992559,0.5405328163393802,0.5212056456634755,221
2380,31043,1.0,0.2279200246747882,0.5294715344347074,0.2365835916515134,0.381074777470255,0.3252736412294357,1.0,0.4240195575673743,0.4626507392080554,0.0,0.6039947069625471,0.6084195812799972,0.8429462157448122,0.9257153714927412,0.7638401259968391,0.4433351483877148,0.38858640207024087,0.3786957795547478,0.9257153714927412,0.5405029076875152,0.47247428280939363,222
2332,31040,1.0,0.4924225736666776,0.7287819428102562,0.2427336924092288,0.3770107028647244,0.4390368281813052,1.0,0.3505974909371622,0.3075825748273333,1.0,0.6252714172457694,0.6160276689664224,0.0,0.668732778856004,0.5603247715530479,0.32909003288224775,0.6117562446910517,0.6106022582384669,0.668732778856004,0.54034208739408,0.5122982146671243,223
2071,29036,0.4346167842399759,0.3224128024037673,0.5700183123769273,0.3367137651821338,0.4158986090104288,0.2484373414870746,1.0,0.8122379821666497,0.7080370232287669,0.0,0.9166305191106516,0.5125468979266684,0.0,0.725114210224383,0.465948550319324,0.7601375026977083,0.4002099431359275,0.44621555739034735,0.725114210224383,0.5398757553837292,0.5014939254644408,224
2312,30045,0.4532684132055056,0.5394421181112082,0.6209701138820871,0.4500349242330466,0.5552527851521696,0.3993842449673326,1.0,0.474052536817494,0.3262510320448625,1.0,0.4442031156536137,0.5553539779832728,0.9036320434281871,0.4924213036668131,0.5891143875676448,0.40015178443117827,0.6809343908705097,0.5802061159966476,0.4924213036668131,0.539870700697438,0.5524309344365163,225
2314,31054,1.0,0.1671674574081869,0.3638425535640407,0.2434802286913148,0.3800992627239089,0.5543168184420225,1.0,0.6035609530107973,0.404027648826171,0.0,0.6291792872537056,0.6977374855398436,0.8212921674167302,1.0,0.7870522350525699,0.5037943009184841,0.43557926197144925,0.2655050054861138,1.0,0.5398577533615059,0.46275293163293624,226
197,7068,0.8335046471480598,0.3086824288151515,0.5132579985088492,0.4397933779383697,0.7533111896333673,0.4010332246840462,1.0,0.2871663582225946,0.4148146657927002,1.0,0.3000434184773055,0.4078319759383068,0.9701320359742358,0.7028614859709643,0.627878019384477,0.3509905120076474,0.7188275584511568,0.41097021366200037,0.7028614859709643,0.5396287673181179,0.5051279856381053,227
613,14047,0.0,0.468542991118859,0.5243378406124412,0.2193733084380825,0.3523503614728286,0.2522926737307551,1.0,0.4041367713817831,0.4960997768437355,1.0,0.9157621495645424,0.5284690303456295,0.7947952132712555,0.6467849483079785,0.5597565982953568,0.4501182741127593,0.5648032687283333,0.4964404158656501,0.6467849483079785,0.5394733815456777,0.515552087644691,228
1385,20219,0.1826590576547239,0.2407030734859595,0.5766425555610933,0.4939437426314681,0.5595525917139232,0.3001971878240552,1.0,0.4203436510352829,0.4936166875876663,0.0,0.7438123493578639,0.3668559291844123,0.7789425991309047,1.0,0.5180674838319762,0.45698016931147456,0.4707387044338893,0.40867281452352644,1.0,0.5391230114027377,0.46196581194544806,229
818,16079,0.4392302202036184,0.5027277191696548,0.6872306632925249,0.2452917166390759,0.3074065052213182,0.3037515810781414,1.0,0.4714049767436404,0.5227014950962912,1.0,0.6118106540288599,0.3202925126674605,0.8429462157448122,0.4825493021521746,0.5535699006611878,0.49705323591996575,0.5712899605877071,0.5949791912310898,0.4825493021521746,0.5381397678153659,0.5530105744315033,230
318,10038,0.0,0.4631092995498175,0.550211334133102,0.1782675952478428,0.5167264526198896,0.2196624449911828,1.0,0.7377525881606757,0.3046969932807638,1.0,0.9005644402049715,0.621262343922308,0.7606458862803938,0.513094802135306,0.5706181676019183,0.5212247907207197,0.582931298571783,0.5066603168414597,0.513094802135306,0.5379978098064768,0.5444101715181064,231
164,7103,0.4817047495775224,0.3166756270726929,0.4226463452550246,0.3799140754683177,0.9778919815099888,0.1795866288853369,1.0,0.3859300184593152,0.5132384879441172,1.0,0.4750325120953691,0.0628516840147247,0.9860016052903372,0.7645232988719857,0.5013976377444884,0.4495842532017162,0.7074785371727288,0.3696609861638588,0.7645232988719857,0.5379974255986039,0.4927510581769018,232
1845,24050,0.0,0.952403409909258,0.5685432994971402,0.2375349074559888,0.5465073911737356,0.1788130714375486,1.0,0.4138026320606766,0.5011660398583861,1.0,0.7572731125747738,0.4654255248166599,0.7390115964200016,0.4452716958733398,0.4904275584528588,0.45748433595953136,0.5925710740134547,0.7604733547031991,0.4452716958733398,0.5378734740209501,0.5638893422018214,233
1662,21104,0.0,0.6776077773805214,0.6021944907751817,0.3547485997833287,0.4094233203133018,0.2905572240450287,1.0,0.3404507383766508,0.3971460705058682,1.0,0.8823274374340155,0.5435354198547901,0.7606458862803938,0.5705338414139879,0.5466271858922999,0.3687984044412595,0.6109458288283318,0.6399011340778515,0.5705338414139879,0.5377438484287621,0.5298451473946817,234
1106,20356,0.1826590576547239,0.2580588060186906,0.600009807588618,0.5016260289547464,0.5660278804110499,0.3062947942209814,1.0,0.4007294595909983,0.4823227810750152,0.0,0.8258792759280464,0.4784016073723366,0.7789425991309047,0.8822616494359928,0.5664706350215029,0.44152612033300676,0.4747897407173555,0.4290343068036543,0.8822616494359928,0.5377060344036827,0.4750964524752856,235
1602,21117,0.0,0.6067873450256281,0.5752575243263669,0.3545626788705662,0.4135066499114644,0.292412115583972,1.0,0.3403671327993317,0.3993420466173704,1.0,0.9622232330884825,0.6200208892874477,0.7606458862803938,0.5725003198007196,0.585722502164081,0.36985458970835106,0.6120962888732006,0.5910224346759976,0.5725003198007196,0.5375074322054617,0.5290986564156109,236
1617,21129,0.418388564882842,0.3739309328237422,0.6973878152573164,0.4008496860743681,0.4505435059601442,0.3085049255250115,1.0,0.2995279859067276,0.4747576706491787,1.0,0.7507599268780665,0.3429286674514645,0.7390115964200016,0.607375859660376,0.5627721889080937,0.3871428282779531,0.6319796235119048,0.5356593740405293,0.607375859660376,0.5373418072493364,0.5211333992845919,237
171,7085,0.6883605645149053,0.2275428364721055,0.4516453437750344,0.4397437474984734,0.8134637650418033,0.3016585549589027,1.0,0.4028474838536018,0.5960956694236963,0.0,0.5049935389910141,0.3914258516405535,0.8429462157448122,0.8514307429854822,0.6069315427228212,0.49947157663864905,0.5109732134998358,0.33959409012356995,0.8514307429854822,0.5373182784527427,0.4789081042767753,238
2156,30116,0.5409829611285887,0.3454589706273908,0.5189426848865937,0.5121331860292776,0.6600606753296745,0.5100384598402523,1.0,0.6732463950307663,0.4248903860680638,1.0,0.4029526635072149,0.7057674013815989,0.0,0.6189731165776511,0.41242575650435065,0.549068390549415,0.736446464239841,0.4322008277569922,0.6189731165776511,0.536900931019222,0.5181431362991086,239
71,5028,0.0,0.6876515105437702,0.5919878841174642,0.1493195466554594,0.914706959403039,0.0320824143254805,1.0,0.5835624578468817,0.6231007764612704,1.0,0.6335215490851371,0.6085947411998004,0.7125442614903211,0.3808086240385727,0.4886651379438147,0.603331617154076,0.6192217840767957,0.6398196973306172,0.3808086240385727,0.5365813946539187,0.5846121251521906,240
1666,21161,0.4285940061633923,0.6171763907738932,0.5806922222734946,0.3804747772926492,0.4169886861004351,0.3059346801257957,1.0,0.3344418099737866,0.3173502425472925,1.0,0.8567086723698021,0.4999651539864059,0.7390115964200016,0.5807482395941909,0.6310698572349005,0.32589602626053954,0.620679628703776,0.5989343065236938,0.5807482395941909,0.5363869672833653,0.5258365815246098,241
1213,20497,0.325828335174773,0.2991048904330677,0.6706553287691587,0.437956202184153,0.5258911851896446,0.2522515403365286,1.0,0.6459582024626584,0.266300049982634,0.0,0.5458098063643577,0.1811693055304972,0.9036320434281871,0.9257153714927412,0.4891098726244538,0.45612912622264623,0.4432197855420652,0.48488010960111316,0.9257153714927412,0.5363459970343879,0.46793651441672046,242
1593,21010,0.4532684132055056,0.5293294036832384,0.824172161252296,0.4044103929473297,0.4559815270934837,0.3432523027400695,1.0,0.3956489003406596,0.4351751233028875,1.0,0.3478071598456314,0.1675762894546071,0.7390115964200016,0.5765449532098653,0.4269158647314364,0.41541201182177356,0.6407288445561766,0.6767507824677672,0.5765449532098653,0.5362304999689843,0.5266002933509414,243
2261,30133,0.5967154078961798,0.4303692704207207,0.5466193501224008,0.2634691539949511,0.6704213874489107,0.8367804169980826,1.0,0.5623593447190298,0.4965895268183958,1.0,0.424229270265217,0.6597891031169713,0.0,0.5401911821184902,0.420183445319592,0.5294744357687128,0.7541341916883889,0.48849431027156076,0.5401911821184902,0.5360779118876174,0.5350544974612997,244
784,15079,0.4519602008481309,0.4396565586367049,0.4501424337437721,0.2880891361490886,0.4421171877703256,0.1947600681153598,1.0,0.48057795707275,0.4733161294483702,1.0,0.8475901709843241,0.5055942830186982,0.7947952132712555,0.5477950842859758,0.6499849670306022,0.4769470432605601,0.5849932784069548,0.4448994961902385,0.5477950842859758,0.5358964484543154,0.5329623936519932,245
1911,26036,0.0,0.5530480339295385,0.5132579985088492,0.0847557647574624,0.9476405466558292,0.1839085577471739,1.0,0.4212494258035986,0.4915768389175613,1.0,0.8844985683497313,0.5674610590530212,0.7125442614903211,0.5213883359176172,0.5411259722232684,0.45641313236057995,0.6432609738320931,0.5331530162191939,0.5213883359176172,0.5358106966612753,0.5394781958137855,246
163,7102,0.4817047495775224,0.2977708979098135,0.4931028326999798,0.3646219481386709,0.9982853866686244,0.1614910548103574,1.0,0.6728442309805985,0.6838495405038627,0.0,0.6031263374164373,0.2108067340070165,0.869453057760477,0.6020162396286254,0.5412727196903633,0.6783468857422306,0.5048796779235305,0.39543686530489663,0.6020162396286254,0.5357328106536184,0.5203352582271299,247
724,15023,0.0,0.3975641436534343,0.5887647190543933,0.299348298947316,0.4293581926902603,0.1891464931607718,1.0,0.7032322931032504,0.7054507695537615,1.0,0.8758142517373091,0.480314441386209,0.7789425991309047,0.4078368484653325,0.5337678230636057,0.704341531328506,0.5835705969596696,0.4931644313539138,0.4078368484653325,0.5357244400393056,0.5735287707229068,248
1788,21017,0.3484713972187253,0.3513608535740413,0.5719535877446148,0.3401201289853321,0.4511487872088812,0.3203844800848082,1.0,0.4498232656464173,0.4771324038278196,1.0,0.4311767442601995,0.4294753517767734,0.8429462157448122,0.6391266864816243,0.5130174272501276,0.46347783473711845,0.6223306792558043,0.461657220659328,0.6391266864816243,0.5345862408543884,0.5112407731444476,249
2070,29054,0.4346167842399759,0.2785825957851532,0.5090022705990835,0.3382226235500811,0.4053071203866465,0.247659406673645,1.0,0.7724942707563758,0.5825676239634254,0.0,0.9570126017109406,0.6832682860949164,0.0,0.7914566825269261,0.5187244180114582,0.6775309473599006,0.39823783012207453,0.3937924331921184,0.7914566825269261,0.5344912156040964,0.4845280536953671,250
771,15048,0.0,0.7125818678208,0.6451548897313895,0.2842775956820006,0.4019748528921494,0.1815749399768023,1.0,0.5432349251341921,0.4294965992564941,1.0,0.818063328861734,0.4453623096294819,0.8212921674167302,0.441699029541004,0.5211794514769865,0.4863657621953431,0.5735654777101905,0.6788683787760947,0.441699029541004,0.5344278251793555,0.5605052901549704,251
2252,30193,0.0,0.8601628704193223,0.792994160092142,0.3877949877154225,0.4998416301168527,0.8376603610097564,1.0,0.5585646629089399,0.7467968816718173,1.0,0.5601389391273777,0.7584609669887769,0.869453057760477,0.1982011879154589,0.5470132409691578,0.6526807722903787,0.7450593957684063,0.8265785152557321,0.1982011879154589,0.5343871223566771,0.6847679362775095,252
207,7094,0.6518232958092514,0.4104327068352601,0.6777763230111794,0.4168946690198898,0.8600116601205744,0.2505942924584365,1.0,0.4629709567653477,0.3117055840634984,0.0,0.4442031156536137,0.2616913882630258,0.8429462157448122,0.7430174073632629,0.5501660038676758,0.38733827041442304,0.5055001243197801,0.5441045149232198,0.7430174073632629,0.5343149785391422,0.4920360678210903,253
2073,29033,0.4346167842399759,0.5312135161928437,0.7217909931602718,0.3376854339226693,0.4149735677679822,0.2496458996423776,1.0,0.8397883098807879,0.7581244326791899,0.0,0.9379070223434331,0.5263918473769257,0.0,0.4560932915144303,0.47472891349008367,0.798956371279989,0.4004609802666058,0.6265022546765577,0.4560932915144303,0.5339505711458215,0.5554089810904344,254
346,11025,0.0,0.7054484888697753,0.7613160458722928,0.2277487569109609,0.4342470457355322,0.17630042519964,1.0,0.5357283821885157,0.4291090820160953,1.0,0.851063856219205,0.5253755278782885,0.7947952132712555,0.3980502754647127,0.5428086493421872,0.4824187321023055,0.5676592455692265,0.7333822673710341,0.3980502754647127,0.5339313168049118,0.5746087840290751,255
2383,31037,1.0,0.3924297756922517,0.5624289081512561,0.2488238556689629,0.4017912462570512,0.428915627680961,1.0,0.304802178672844,0.3298403223904418,1.0,0.6231002863300537,0.623355727227965,0.0,0.8275164340507248,0.5616140033895046,0.3173212505316429,0.615906145921395,0.4774293419217539,0.8275164340507248,0.5338601097945496,0.47845399194799854,256
828,16087,0.565820037979442,0.4769420527842712,0.4245904985296838,0.2414817608650811,0.296263512487149,0.3168292845661234,1.0,0.4401685006008459,0.483722527476402,1.0,0.7121145833699984,0.2398189643180901,0.8429462157448122,0.6159540418574678,0.5901749503530858,0.46194551403862394,0.5709149115836707,0.45076627565697747,0.6159540418574678,0.5334927572706434,0.5146637527182054,257
2385,31034,1.0,0.2309283151322168,0.4245904985296838,0.2476357314689344,0.3970305708913002,0.4706698901116478,1.0,0.3671695558116575,0.3745817440170325,1.0,0.6322187877155316,0.6495349555367231,0.0,1.0,0.5704384358130636,0.37087564991434496,0.6230672384943764,0.3277594068309503,1.0,0.5334643923530852,0.4559128106518752,258
1182,20545,0.418388564882842,0.2756123103352982,0.4602408695082853,0.4138296587868235,0.4697970447299682,0.3127046600708802,1.0,0.3270508918945279,0.7168047775798696,1.0,0.6543638675448642,0.2746599290448001,0.7390115964200016,0.673718331962919,0.521605989473127,0.5219278347371987,0.6392662727175343,0.3679265899217917,0.673718331962919,0.5333040381289601,0.5030359216067797,259
131,7055,0.4817047495775224,0.166659167074276,0.3410507756685701,0.3632765137778621,0.9942814130633092,0.1598288644182732,1.0,0.5535306775025866,0.5913411981056655,0.0,0.6882327644484452,0.4450775789107734,0.9301468010770012,0.9257153714927412,0.6362904735034356,0.572435937804126,0.503477358251889,0.25385497137142304,0.9257153714927412,0.5331937881273847,0.4645013521605649,260
1000,19025,0.0,0.841835588262077,0.5927785846579252,0.1800538034208986,0.8499484327750013,0.1156278769496408,1.0,0.4520813514693764,0.5345153040146207,0.0,0.591402520342188,0.7160459850359701,0.7606458862803938,0.544688488070392,0.5170235979146379,0.49329832774199855,0.42912602262910815,0.7173070864600011,0.544688488070392,0.5323676237212497,0.5293312029265611,261
1125,20023,0.1826590576547239,0.2838627320306145,0.5466193501224008,0.4710013558288891,0.5382573881450179,0.2739761085353946,1.0,0.5334122079626044,0.6033846811468737,0.0,0.8831958069801258,0.5272656402165539,0.7789425991309047,0.668732778856004,0.5930157759955771,0.568398444554739,0.4566469705018603,0.41524104107650767,0.668732778856004,0.5323172235003446,0.5028054715495013,262
750,15012,0.0,0.4667914939416778,0.611503698453348,0.2993934649248154,0.3665098495473318,0.1830862766984642,1.0,0.5043386985064797,0.7586081582131661,0.0,0.8410767782371764,0.560552729770621,0.8212921674167302,0.6101596542308203,0.5557304188561318,0.6314734283598229,0.3697979182341223,0.5391475961975128,0.6101596542308203,0.5321903244899687,0.514307486766291,263
132,7023,0.4525520897336005,0.2580038659474731,0.4989906462943148,0.4219567624324555,0.8321521843653792,0.2815185532476019,1.0,0.5732277058970874,0.3789231827656231,0.0,0.3890577155172505,0.4064768841664452,0.869453057760477,0.8822616494359928,0.5293849367944433,0.47607544433135524,0.5071255000090874,0.3784972561208939,0.8822616494359928,0.5321628941972542,0.46898222902049724,264
2377,31053,1.0,0.4099772732993506,0.5597732959378608,0.2604830998820598,0.4466806411651173,0.413928472443119,1.0,0.267791380905738,0.3587482088538203,0.0,0.6365610495469631,0.6536109491364123,0.8212921674167302,0.8514307429854822,0.7778660415250265,0.31326979487977913,0.4242184426980592,0.48487528461860574,0.8514307429854822,0.5321553726537066,0.47316295140362685,265
101,7077,0.8335046471480598,0.3021543883363456,0.4372838406606411,0.3819901587475122,0.7910014644123634,0.318199248906381,1.0,0.2815152085309805,0.2712187192791679,1.0,0.3994789782723338,0.3782339536427125,0.9701320359742358,0.9257153714927412,0.6453374037593356,0.2763669639050742,0.6982381744132513,0.3697191144984934,0.9257153714927412,0.5320166042038287,0.4632197999625162,266
847,16016,0.0,0.3221350367839428,0.691504194432444,0.2427859037774876,0.345689130118285,0.2574690202373022,1.0,0.3978700753590292,0.542331389272437,1.0,0.6613112380146264,0.4459411764250319,0.8212921674167302,0.6508295817171241,0.4821361454640971,0.47010073231573307,0.569188810826615,0.5068196156081934,0.6508295817171241,0.5318480051880515,0.505670475407295,267
1478,20350,0.1826590576547239,0.3544749254384355,0.4868684828010148,0.4799056249999457,0.5468865679625664,0.2831537557841863,1.0,0.6468965170177703,0.7484032956244432,1.0,0.8145896436268527,0.514991245881429,0.0,0.5786259907364864,0.37805998679075137,0.6976499063211068,0.6619891897493397,0.42067170411972515,0.5786259907364864,0.5317139789708147,0.5205927473463613,268
2406,31005,1.0,0.1566043106446915,0.4033287599399012,0.2429784087898306,0.3780247275963345,0.4970505499677745,1.0,0.4899089127424927,0.3566756393323538,1.0,0.630047863850256,0.6677789426872288,0.0,1.0,0.5744567016343712,0.42329227603742325,0.623610737270788,0.2799665352922963,1.0,0.5315981615192913,0.4539200202999552,269
1124,20385,0.1826590576547239,0.4930767751548957,0.6904126856405265,0.4754904334334933,0.5426677692108861,0.2785064037013041,1.0,0.5984477288949437,0.6845885008294577,1.0,0.8888406231307229,0.5344150069419407,0.0,0.422452831554483,0.40147867193184683,0.6415181148622007,0.6593329212691368,0.591744730397711,0.422452831554483,0.5315911692167985,0.5630249503065289,270
930,17030,0.0,0.6922177361190219,0.6453948748412152,0.3236847322662675,0.3622309497954357,0.1984773300587656,1.0,0.5617988181125939,0.4032323095412836,1.0,0.7976551951750623,0.4474023449708215,0.8429462157448122,0.4365538783924394,0.5220009389726741,0.4825155638269387,0.5768786024240937,0.6688063054801185,0.4365538783924394,0.5315217617304534,0.5583311393204539,271
1143,20134,0.4532684132055056,0.2730933977348368,0.5575998170426089,0.452409065546838,0.518615045090047,0.3480163880144674,1.0,0.3311424089475847,0.8986719874950204,0.0,0.2431610721982813,0.0155893369928759,0.9701320359742358,0.8514307429854822,0.42053771459272465,0.6149071982213026,0.4638080997302705,0.41534660738872287,0.8514307429854822,0.531499145000303,0.4724337124623052,272
759,15084,0.0,0.4218200056329923,0.5802498275569147,0.3089438517735267,0.4442903338833791,0.200753765612812,1.0,0.5744793425742752,0.461901296777497,1.0,0.869300858990161,0.6055398374062773,0.7606458862803938,0.4943181684978905,0.558871645669208,0.5181903196758861,0.5907975902539435,0.5010349165949535,0.4943181684978905,0.5314016892353973,0.5410993596562529,273
2365,31082,1.0,0.2149290695902873,0.4056574994106425,0.2394993873906893,0.3634621356957301,0.5597741743747108,1.0,0.5530820142503011,0.3534431640223423,0.0,0.6426400504706151,0.715444054229052,0.7947952132712555,0.8822616494359928,0.7882198294927306,0.4532625891363217,0.43254713949222606,0.3102932845004649,0.8822616494359928,0.5312269395928515,0.467951413225999,274
191,7078,0.4525520897336005,0.6589461319769394,0.7982769620648861,0.4191884418722954,0.8475933318440759,0.2641594062175953,1.0,0.7145221368300504,0.3404199646376225,0.0,0.486756329169618,0.3415690685989331,0.8429462157448122,0.4095584929624623,0.5309559258117409,0.5274710507338365,0.5061882359867933,0.7286115470209127,0.4095584929624623,0.5312222134574346,0.566912848273394,275
749,15006,0.0,0.3550095475195029,0.6767114559504233,0.2998902308724706,0.3652577568371794,0.183095292959627,1.0,0.486622584987354,0.758419418668038,0.0,0.8384714625484049,0.5344839377938668,0.8212921674167302,0.6467849483079785,0.5485618919397505,0.622521001827696,0.3696486561338554,0.5158605017349631,0.6467849483079785,0.5307526741314548,0.5051557055489204,276
841,16100,0.0,0.355990738397331,0.6839501108160744,0.24591793607188,0.3325141000813506,0.2734447064715057,1.0,0.5648181925344202,0.4265570141911146,1.0,0.6904038953641614,0.4312197586327003,0.8212921674167302,0.5896842520574764,0.48572895535339794,0.4956876033627674,0.5703753485249473,0.5199704246067027,0.5896842520574764,0.5307282364930347,0.5169343124594324,277
231,8062,0.0,0.4887075915674645,0.4602408695082853,0.1310056274360543,0.8368006334097898,0.1119980270741796,1.0,0.656107743532069,0.482229441362911,1.0,0.8792879369721895,0.6189472424106495,0.6784442506275288,0.4651750144898451,0.544169857502592,0.5691685924474901,0.6159608575840048,0.4744742305378749,0.4651750144898451,0.5307273965872639,0.54851093320431,278
984,19026,0.0,0.9281317890804008,0.8094968790409498,0.183055047631368,0.8359180899921519,0.1238492168972895,1.0,0.6281405996985128,0.6460249787263228,1.0,0.4012158208897742,0.370613836240122,0.7947952132712555,0.3081959493351182,0.3916562176002879,0.6370827892124178,0.6285644709041619,0.8688143340606753,0.3081959493351182,0.5304456916384751,0.607567348587987,279
1831,24016,0.5967154078961798,0.4136187943549874,0.6057384124667595,0.257334748712073,0.6632030123272095,0.4844752307520639,1.0,0.3473861677160365,0.4159436823174447,1.0,0.4567955093244129,0.5984843267631796,0.8212921674167302,0.5119607167888041,0.6183218528501256,0.3816649250167406,0.6810025983582693,0.5096786034108735,0.5119607167888041,0.5302928007023268,0.5349774844532247,280
1996,27009,0.8335046471480598,0.5001723769425975,0.4338096480802939,0.4079576780584369,0.744149760698064,0.4284775484976489,1.0,0.4494732218146433,0.3320492682998901,0.0,0.5371254897519349,0.6787053745541854,0.9518127218666266,0.5920397329227105,0.7502870583302017,0.3907612450572667,0.51611699745083,0.4669910125114457,0.5920397329227105,0.5300407939113589,0.5155833763774531,281
117,7013,0.6883605645149053,0.3361877218642208,0.504568427829279,0.4357888598187711,0.8062221470879247,0.3123251778004796,1.0,0.3535437545439875,0.539231153120812,0.0,0.4585322484166334,0.2635153175579446,0.869453057760477,0.7645232988719857,0.5699652970624901,0.44638745383239975,0.5108672369414351,0.42037807484674994,0.7645232988719857,0.5298828280363159,0.48347845500317316,282
2260,30001,0.5634396951732947,0.3952872505306029,0.3492050581584243,0.3562324026435264,0.4187209026072169,0.394331350805653,1.0,0.5659553950315991,0.5454267976706579,1.0,0.3313069996921158,0.1936147323298401,0.869453057760477,0.6508295817171241,0.4894536212389319,0.5556910963511286,0.6338569312112792,0.3722461543445136,0.6508295817171241,0.5298668461785676,0.5033170146960158,283
2240,30173,0.4532684132055056,0.6239931702050875,0.5090022705990835,0.4112066680436612,0.4789817164974485,0.4079127476766384,1.0,0.4534654524131786,0.3656695188157621,1.0,0.3104645777071688,0.0773170022030402,0.9301468010770012,0.6159540418574678,0.44279919854817895,0.4095674856144703,0.6596202264435496,0.5664977204020856,0.6159540418574678,0.5298031642028189,0.5102183892110969,284
2080,29017,0.4346167842399759,0.3522288380680847,0.6101751120083584,0.3423653310776225,0.4073255423535505,0.2565465800881976,1.0,0.6121268055640993,0.5617550972423833,0.0,0.8732089360485376,0.5523224774985703,0.0,0.7914566825269261,0.465037049446771,0.5869409514032413,0.4012474907038741,0.48120197503822154,0.7914566825269261,0.5297241460222957,0.47913227255107393,285
325,10007,0.0,0.8662972198155983,0.7486256225270465,0.1654544036806894,0.6482170939957399,0.1323141763315041,1.0,0.4156346072042418,0.5136093496177283,1.0,0.8640902276126201,0.5429033989794207,0.6304410739041073,0.3703832907541062,0.5093586751240371,0.46462197841098507,0.5891971348015866,0.8074614211713224,0.3703832907541062,0.5297018018951033,0.5792639032445474,286
2,1011,0.0,0.8177977271696191,0.5858617051117035,0.2142015505613582,0.5204362450859923,0.1628914419574836,1.0,0.4302963011611731,0.5104371510179586,1.0,0.9565784169378851,0.6201041266421915,0.7390115964200016,0.3753115183367006,0.5789235350000196,0.47036672608956587,0.5795058475209668,0.7018297161406613,0.3753115183367006,0.5293560161752994,0.576881807411846,287
2088,29008,0.3393034787428914,0.6245426134857112,0.499940907199288,0.3550504967816201,0.418977541373297,0.297868126988743,1.0,0.3204688499062561,0.3911187175627453,1.0,0.967433864466024,0.5784140088298945,0.0,0.7171720540196672,0.4712878380097025,0.3557937837345007,0.6143792330287321,0.5622417603424996,0.7171720540196672,0.5292897879182673,0.49058137258684115,288
1791,21084,0.3484713972187253,0.268242030273287,0.4501424337437721,0.3286093420544846,0.4780832217216297,0.2856817129311835,1.0,0.6281670997770687,0.5877809180973165,0.0,0.3169778669290961,0.199280752374317,0.9518127218666266,1.0,0.4541356845971912,0.6079740089371926,0.41847485534145956,0.35919223200852957,1.0,0.5291921451645903,0.45135341902892817,289
1877,24007,0.0,0.3301192340191359,0.5287532036785814,0.2077295433333948,0.7368038921019351,0.1756471663011771,1.0,0.5243497778255876,0.4561025148447486,1.0,0.8584454114620221,0.6271586672645181,0.7390115964200016,0.566705932174072,0.5561539187866354,0.4902261463351681,0.6240361203473015,0.42943621884885863,0.566705932174072,0.5289462298931445,0.519906165609369,290
764,15075,0.0,0.5612952754257388,0.5879433709049394,0.3117194968950557,0.4372402982436885,0.1986112303689753,1.0,0.4666568241885728,0.4910390915838823,1.0,0.8501954866730947,0.5464792915262987,0.7606458862803938,0.4719459014934692,0.5393301661199468,0.4788479578862276,0.5895142051015438,0.5746193231653391,0.4719459014934692,0.528644617084172,0.543853231269809,291
2285,30091,0.6806413939763865,0.4358476728662926,0.4779408145365494,0.5793815066470949,0.6785110266747084,0.4101447334398034,1.0,0.2714899737386165,0.3631357116603279,1.0,0.2996092337042504,0.5986431589391437,0.9036320434281871,0.6252790567992559,0.6206314575119919,0.3173128426994722,0.7336074533523214,0.456894243701421,0.6252790567992559,0.528609480438484,0.5068742326446141,292
1068,20041,0.418388564882842,0.3604439632301384,0.6179076642594393,0.4317120044693091,0.4938906148583906,0.3420056720315192,1.0,0.3935358554289813,0.7073702183672398,0.0,0.2939644175536535,0.0568395119276074,0.9701320359742358,0.7771461144782232,0.43483113258458467,0.5504530368981105,0.4535216582718437,0.48917581374478886,0.7771461144782232,0.5285928912586899,0.48003839808417303,293
1929,26025,0.0,0.6524930387796557,0.5729081291618882,0.0950512382468481,0.7106895639842885,0.671229440842946,1.0,0.445705885855706,0.567912148522054,1.0,0.898827701112751,0.5663442091578476,0.0,0.5213883359176172,0.36629297756764967,0.5068090171888799,0.6953940486148166,0.612700583970772,0.5213883359176172,0.5285215503608198,0.5303200506768901,294
2014,28038,0.5967154078961798,0.6196662980276764,0.7310489890470425,0.260639547458667,0.6821294996293277,0.8592923433794941,1.0,0.5399407230997237,0.6334943102950494,1.0,0.4950064610089857,0.6812708763694454,0.0,0.3083645883394854,0.44324818631865276,0.5867175166973866,0.7604122780934978,0.6753576435373594,0.3083645883394854,0.5283779581714637,0.6045256609083297,295
148,7072,0.6883605645149053,0.3086406044088656,0.5205123933107532,0.4244191690107954,0.7910054522519091,0.3377034117260842,1.0,0.2734453675931757,0.5383234660652745,0.0,0.2101606483660303,0.4438536977886101,0.9701320359742358,0.8275164340507248,0.5781267366609454,0.4058844168292251,0.5106256065977577,0.4145764988598094,0.8275164340507248,0.5281798950139469,0.47209910329329746,296
528,13051,0.0,0.677955763244625,0.7206189305370331,0.310336712573238,0.4708416037677516,0.2225793549384394,1.0,0.4187082600110874,0.7800974332637325,1.0,0.8549717262271417,0.5752821770063609,0.7606458862803938,0.297767302773941,0.5477249473784741,0.59940284663741,0.6007515342558858,0.699287346890829,0.297767302773941,0.5280825026408293,0.609407746691142,297
804,16073,0.0,0.4323175713565129,0.7881218818827229,0.2453889699746031,0.3399473003494171,0.2645867338555723,1.0,0.4656328400626508,0.451430446681339,1.0,0.6673904459887186,0.4241916260473506,0.8212921674167302,0.5372945175374426,0.47821855986319983,0.4585316433719949,0.5699846008359185,0.6102197266196179,0.5372945175374426,0.5278511873996934,0.5255164029852815,298
1307,20091,0.1826590576547239,0.2250708576571498,0.4101668344392095,0.4776362535986945,0.5447326768421445,0.2792960608650026,1.0,0.640523104096673,0.7040329285763247,0.0,0.7507599268780665,0.3940074451160502,0.7789425991309047,0.7914566825269261,0.5265922571949363,0.6722780163364989,0.4603329982611683,0.31761884604817964,0.7914566825269261,0.5278199244954354,0.4769802948263782,299
4,1007,0.0,0.6414113624403206,0.5775559524306617,0.2106144642625341,0.537040501785678,0.1618066687549257,1.0,0.6974104344735681,0.3837827203375379,1.0,0.9387755989399846,0.4744837124252788,0.7390115964200016,0.3968874785404082,0.5380677269463162,0.540596577405553,0.5818923269606275,0.6094836574354912,0.3968874785404082,0.5277599936555948,0.5667333017392768,300
185,7018,0.6883605645149053,0.2319139279852921,0.4743889719851997,0.4445759216805895,0.7916499276910044,0.3295028533456475,1.0,0.3395077975932223,0.5234513756910324,0.0,0.4290056133444837,0.386422170981986,0.869453057760477,0.8822616494359928,0.593310351650463,0.4314795866421274,0.5131457405434483,0.3531514499852459,0.8822616494359928,0.527725719563439,0.46409936641690025,301
535,13032,0.1962586481647895,0.3363099871344693,0.6437034508600855,0.2836695788817719,0.5719397014791537,0.3413419918402612,1.0,0.5421485252864033,0.4520284754279077,0.0,0.3682153970575232,0.3800466464183132,0.9036320434281871,0.8275164340507248,0.4620381837672033,0.4970885003571555,0.4393902544402374,0.49000671899727744,0.8275164340507248,0.5277012628343939,0.4715643985849248,302
896,16106,0.0,0.4216466055516535,0.5985279179682351,0.2273298351259066,0.3696279761005576,0.2192464590257579,1.0,0.2534712422704037,0.5975127247589191,1.0,0.8745114903677023,0.5737488843649182,0.7947952132712555,0.5969119385149223,0.560763897000969,0.42549198351466144,0.5632408540504444,0.5100872617599443,0.5969119385149223,0.5276963179679808,0.5116847969968163,303
115,7029,0.6883605645149053,0.2160109563571372,0.3767011466471717,0.4471490136696899,0.8033580398714214,0.3120838673837939,1.0,0.4087403474896177,0.6817758477686006,0.0,0.4446375074771089,0.2851403394082712,0.8212921674167302,0.8822616494359928,0.5598576447042539,0.5452580976291092,0.5125181841849811,0.29635605150215444,0.8822616494359928,0.5276671324099607,0.4640349629719279,304
1128,20309,0.4532684132055056,0.2394657499643799,0.5165436379277445,0.4453403398613872,0.5137653862351326,0.3610459129386565,1.0,0.3322534401915239,0.6281960162915914,0.0,0.3408597893758691,0.1742112019536123,0.9701320359742358,1.0,0.4846178601273057,0.48022472824155765,0.4640303278070353,0.3780046939460622,1.0,0.527445387548947,0.44949190364064334,305
109,7002,0.6518232958092514,0.2960449362281148,0.5189426848865937,0.4368805745170674,0.851914729420781,0.2573920158677556,1.0,0.4183364279786334,0.3968077929228712,0.0,0.5223621722158598,0.3147171758752764,0.8429462157448122,0.8275164340507248,0.5829622149113,0.4075721104507523,0.5092374639611208,0.40749381055735423,0.8275164340507248,0.5273908262907024,0.4712176587107622,306
833,16066,0.4392302202036184,0.4769048594472848,0.7321117199293957,0.2459926881700261,0.3206144055867457,0.2874177977999694,1.0,0.6884774975458507,0.4332121340246154,1.0,0.5961789669466746,0.3383761434760955,0.8429462157448122,0.3798178305548511,0.5541828865928002,0.560844815785233,0.5708049783113482,0.6045082896883403,0.3798178305548511,0.5272204366721422,0.5722640424513705,307
852,16051,0.2326706107332833,0.5626077283465276,0.5441552069518375,0.2162398355000335,0.3220099431295058,0.2901991950797318,1.0,0.6060614069240179,0.3515174531561066,0.0,0.7186279761171457,0.5163769642555236,0.7947952132712555,0.7430174073632629,0.565617691094302,0.47878943004006225,0.3656897947418542,0.5533814676491826,0.7430174073632629,0.5271822700674483,0.48383941866464464,308
1346,20531,0.1826590576547239,0.268008182708942,0.5536855267134492,0.4571815735282167,0.5238767510622855,0.2572333479272823,1.0,0.4459601085547104,0.4955017566822954,0.0,0.8336952229943593,0.3353630313371587,0.7789425991309047,0.8822616494359928,0.5326649777792867,0.4707309326185029,0.44765833450355696,0.4108468547111956,0.8822616494359928,0.5270965635190756,0.4634078438519565,309
1771,21131,0.4661875608731715,0.1878499486120549,0.5081302213907973,0.3554057222088853,0.3735422820116152,0.2633791742954323,1.0,0.4584029784934597,0.4163996467880978,0.0,0.9470255237289112,0.7053346734555068,0.7789425991309047,0.9257153714927412,0.7243725892971236,0.43740131264077875,0.3984654357031866,0.34799008500142614,0.9257153714927412,0.5270543695286681,0.45782542149847166,310
2366,31080,1.0,0.4670631884236237,0.7486256225270465,0.2529073462318371,0.4178864966711592,0.4213672707959979,1.0,0.2713378451682008,0.342491542764303,0.0,0.618323839725567,0.6322352325902091,0.0,0.9257153714927412,0.562639768078944,0.30691469396625193,0.41843222273979885,0.6078444054753351,0.9257153714927412,0.5270218553131514,0.45779011745658027,311
150,7110,0.6883605645149053,0.2212020095621717,0.4033287599399012,0.4291834586147511,0.8485416159186998,0.2624067722833709,1.0,0.5296545328474435,0.3781148535399435,0.0,0.4793747739268006,0.2402946154709296,0.8429462157448122,1.0,0.5627440424143619,0.4538846931936935,0.5080263693633643,0.31226538475103643,1.0,0.5266636062447785,0.4486592600053865,312
2136,30087,0.5634396951732947,0.6202238683328872,0.8307910284800611,0.3592110881636462,0.4316811074977863,0.4259428772321727,1.0,0.6122595809374172,0.8198706287348333,1.0,0.469387695944772,0.3221387153217291,0.869453057760477,0.2171025029378355,0.5561047910500682,0.7160651048361253,0.6433670145787211,0.7255074484064742,0.2171025029378355,0.5262291827854867,0.6566023812131675,313
710,15092,0.0,0.6697062116676998,0.6458732204875155,0.3109136686760548,0.433563376106079,0.1964452605453841,1.0,0.467766289701658,0.5329175894755811,1.0,0.8536691719079761,0.5825828593931637,0.7606458862803938,0.3794895912012859,0.5492244793953833,0.5003419395886195,0.5881844610655036,0.6577897160776076,0.3794895912012859,0.5262152836098213,0.5710239909951149,314
2054,29052,0.3393034787428914,0.2536309321567875,0.4813774416562334,0.3444317947766624,0.4230937412999529,0.2677306339535059,1.0,0.5060891492771885,0.5475136806697192,0.0,0.7937473251671257,0.5182153419871908,0.8212921674167302,0.8275164340507248,0.6181395783284845,0.5268014149734539,0.4070512340060242,0.36750418690651043,0.8275164340507248,0.5261193753645902,0.4697980533643079,315
97,7069,0.7493588939345635,0.3875560631423256,0.5700183123769273,0.4391505050508671,0.8907488584281342,0.2497069396318123,1.0,0.2436048137350872,0.2989628100286433,1.0,0.2835431547985698,0.3299313044978524,0.9701320359742358,0.7430174073632629,0.5832413473013054,0.27128381188186523,0.7159212606221628,0.4787871877596265,0.7430174073632629,0.5260848442139624,0.48258074666622397,316
2251,30108,0.5409829611285887,0.8644127038960514,0.674001503095417,0.5087191664892216,0.7015112160786734,0.5380201793088853,1.0,0.3484217036269386,0.3930711622397387,1.0,0.2887537861761116,0.3331860860274606,0.9036320434281871,0.3645255451207881,0.516638719190087,0.37074643293333864,0.7496501123753561,0.7692071034957342,0.3645255451207881,0.5259915405170609,0.5764895739427911,317
2047,29009,0.4346167842399759,0.1557915915926733,0.3452063428202632,0.3423505610436265,0.4230376281392827,0.2630367532332138,1.0,0.559021152534986,0.6127880450804957,0.0,0.8714719899058767,0.6025192460839203,0.7947952132712555,1.0,0.675850808375257,0.5859045988077408,0.40568498848322465,0.25049896720646825,1.0,0.5259379684408142,0.44788668898794737,318
1568,20067,0.1826590576547239,0.5715275749572942,0.8229678791741228,0.4737539686948767,0.5409763987116877,0.2757607402189472,1.0,0.8429042616337782,0.7518250389268268,1.0,0.7438123493578639,0.2469338940038823,0.7789425991309047,0.2252553946555323,0.48808697503684373,0.7973646502803025,0.6580982215251023,0.6972477270657085,0.2252553946555323,0.5258979094299464,0.6500668281442228,319
989,19034,0.0,0.6539877584421913,0.3934655149061234,0.1814813264682092,0.8620629524159714,0.1208568895686124,1.0,0.3929964341373121,0.5352295596669613,0.0,0.5028224080752983,0.4481780613319849,0.7789425991309047,0.8822616494359928,0.432485767134547,0.4641129969021367,0.43288023369055856,0.5237266366741573,0.8822616494359928,0.5256940650968444,0.46186706246443054,320
2063,29049,0.4346167842399759,0.2940491564054531,0.4264996201026877,0.3357137472660086,0.4103154912272557,0.2442068636224117,1.0,0.6997909449710844,0.6082659978249378,0.0,0.9570126017109406,0.6148476309355111,0.0,0.8514307429854822,0.5016192542216069,0.6540284713980111,0.39804722042313523,0.36027438825407043,0.8514307429854822,0.5254575458449045,0.465730531492728,321
141,7044,0.6883605645149053,0.2551754059268844,0.4574524617213782,0.43623371742118,0.8254195726970786,0.2870973881167664,1.0,0.4007061701221064,0.4753446594725717,0.0,0.4654798259368358,0.365610712452257,0.8429462157448122,0.8514307429854822,0.5905993296622025,0.43802541479733903,0.509750135647005,0.35631393382413135,0.8514307429854822,0.5253229187851198,0.4655813807087197,322
1609,21041,0.3859842990059995,0.9359737228728784,0.6889925892870344,0.3401552958270858,0.3969488788761334,0.2478807963744163,1.0,0.555716898048652,0.602166542311238,1.0,0.9596179173997113,0.637618547431712,0.0,0.2872891610193887,0.4958051909593557,0.5789417201799449,0.5969969942155271,0.8124831560799564,0.2872891610193887,0.5253035475668121,0.6108479305606528,323
1648,21029,0.3484713972187253,0.2217422058528453,0.4264996201026877,0.3278482560588216,0.4799333042065231,0.2870244665958092,1.0,0.7219956003786887,0.615042080022566,0.0,0.3178462364752064,0.1259340996884192,0.9701320359742358,1.0,0.4405959423391467,0.6685188402006274,0.4189612053722308,0.3241209129777665,1.0,0.5252995172999603,0.4472071640710216,324
1199,20555,0.1826590576547239,0.1275755140055169,0.327506397791999,0.4747927657167762,0.5419904234432977,0.2787170532222325,1.0,0.4633910093765758,0.5346341876192364,1.0,0.9188016500263684,0.5409337679005287,0.7789425991309047,0.8822616494359928,0.6053342686781314,0.49901259849790613,0.6591000484764613,0.22754095589875795,0.8822616494359928,0.5252221328085646,0.4613488296917372,325
2412,31058,0.6453138971959967,0.3704006447004357,0.6834491482719806,0.2480254689448074,0.4406854762646202,0.3110594447621834,1.0,0.1922072370556549,0.2643261535102453,1.0,0.5896655741995274,0.5955456742964285,0.8429462157448122,0.8275164340507248,0.6683678403591912,0.2282666952829501,0.5999540779943222,0.5269248964862081,0.8275164340507248,0.5250737299133761,0.46863120768542443,326
782,15035,0.0,0.7441208355323433,0.657821102587921,0.2980903502579936,0.4315353266428592,0.1901403114602065,1.0,0.7914952430050519,0.618400978867639,1.0,0.7907078247052997,0.4583702328614961,0.7789425991309047,0.2725462109383548,0.5070051641744251,0.7049481109363455,0.5839531976722119,0.7009709690601322,0.2725462109383548,0.524973705330852,0.6184604068174526,327
2458,32040,0.0,0.2283609524186119,0.4338096480802939,0.1887708297175919,0.5382228659992989,0.1747808969477176,1.0,0.2761963497719901,0.8303479734617705,1.0,0.8866694922150062,0.5620112875613583,0.7606458862803938,0.6789471770362071,0.5523316665141895,0.5532721616168803,0.5803549185329218,0.3310853002494529,0.6789471770362071,0.5249545007811893,0.4922583398641196,328
56,5017,0.0,0.6900880727118418,0.6271268138100495,0.169090374796306,0.6432608484762559,0.1281716221750113,1.0,0.7398249972094587,0.4717588015937916,1.0,0.8918801235925489,0.6116778842012056,0.6304410739041073,0.3177049472665758,0.5334997704244655,0.6057918994016251,0.5881045690895146,0.6586074432609457,0.3177049472665758,0.5247018228315277,0.5948188482784316,329
106,7028,0.6883605645149053,0.2163952747835173,0.3796859462988168,0.4309628574802366,0.8540686205412027,0.2557842676263049,1.0,0.4595808362570626,0.3686520015817598,0.0,0.681285186928243,0.3220343018530938,0.8429462157448122,1.0,0.6336565672602636,0.4141164189194112,0.5081631491295489,0.29804061054116704,1.0,0.5246274381201244,0.44649207075011055,330
1586,21211,0.3484713972187253,0.3198490146626439,0.5205123933107532,0.3406862354743334,0.4498734516665517,0.3090223414910001,1.0,0.3580055316443012,0.444717394179812,1.0,0.6526269214022036,0.6077152814531733,0.8212921674167302,0.6252790567992559,0.6075264418727081,0.4013614629120566,0.6199164057263771,0.42018070398669854,0.6252790567992559,0.5245522987829035,0.5020159579422069,331
289,9004,0.0,0.6967352642048305,0.6613846580015398,0.3029478431732474,0.3864736044132373,0.1707809651997083,1.0,0.6406191156032504,0.7053526728450534,1.0,0.6947459501451527,0.3989763812003469,0.8212921674167302,0.3164236502689574,0.47875362469055743,0.6729858942241519,0.5720404825572386,0.6790599611031851,0.3164236502689574,0.5242571622353768,0.5947894153349764,332
2360,31090,1.0,0.2119477600968465,0.3410507756685701,0.2514957791777118,0.4123691195449724,0.4977269055465064,1.0,0.41175037372389,0.485106663201201,1.0,0.6274425481614851,0.6626679225925102,0.0,0.8822616494359928,0.5725276176884988,0.4484285184625455,0.6323183608538381,0.2764992678827083,0.8822616494359928,0.5242559512425937,0.46028822085105303,333
107,7122,0.5361897169012327,0.3289010333945333,0.5343679413983259,0.4478701683033033,0.8660941566930094,0.2395837615607199,1.0,0.3712327021070957,0.3677105154502572,0.0,0.6396005500087891,0.5204603163275137,0.8429462157448122,0.7645232988719857,0.634799199745587,0.36947160877867646,0.5107096173114065,0.4316344873964296,0.7645232988719857,0.5240583779045773,0.47684463863348164,334
183,7047,0.6883605645149053,0.227632441301773,0.4560302473381071,0.4278918741882092,0.8020594614969149,0.3201471331711181,1.0,0.3135052427651528,0.4879753930083503,0.0,0.469387695944772,0.4160948730444573,0.869453057760477,0.9257153714927412,0.6108240478161528,0.4007403178867516,0.5100196937712485,0.34183134431994006,0.9257153714927412,0.5239997671110779,0.4545111048892656,335
736,15062,0.0,0.7273852396007541,0.6556675044479909,0.3011039932599307,0.376886513024749,0.1753600032675302,1.0,0.4693226157861021,0.6043290189621209,1.0,0.6482848666212122,0.3597460429657452,0.8212921674167302,0.4074107243843939,0.4573307692509219,0.5368258173741115,0.570670101910442,0.6915263720243725,0.4074107243843939,0.523911616489599,0.5579103532277531,336
488,13063,0.0,0.7795858110751139,0.6332145830344612,0.2940220347470094,0.4339272857418234,0.1914337354834103,1.0,0.4995559943264404,0.5113218740343971,1.0,0.7776812462614455,0.4622924614802494,0.7947952132712555,0.372204922121117,0.5086922302532376,0.5054389341804187,0.5838766111944487,0.7064001970547875,0.372204922121117,0.5239086392147679,0.570655387759645,337
400,12074,0.3324542200958938,0.360489868790516,0.790403189148225,0.329781792703714,0.3123876453902052,0.1804929147801441,1.0,0.3070191578277303,0.4105521259409072,0.0,0.599652652181556,0.3441056937628627,0.8212921674167302,1.0,0.5243761833642606,0.3587856418843187,0.36453247057481264,0.5754465289693705,1.0,0.5238945028229776,0.4457124874534518,338
334,11031,0.0,0.7538075735645963,0.8236386139358622,0.230267719357789,0.4380361941944822,0.1724169823648869,1.0,0.5121606264522063,0.4762087185778444,1.0,0.9357360984781586,0.56752144114576,0.7789425991309047,0.3119687252126786,0.5705500346887058,0.49418467251502535,0.5681441791834316,0.7887230937502292,0.3119687252126786,0.5237637495364349,0.5961993958367491,339
1997,27016,0.8335046471480598,0.4362942121245415,0.5370675366228737,0.420773102368953,0.7523396627265664,0.4133440610284533,1.0,0.3369607699850137,0.3938711544477508,1.0,0.3821102415222679,0.2586622845691527,0.9701320359742358,0.5053972334810175,0.611102302303429,0.36541596221638223,0.7172913652247945,0.48668087437370755,0.5053972334810175,0.5237147860254115,0.5283969830394546,340
1691,21134,0.3859842990059995,0.3990866081586852,0.6552314816898896,0.3279134051980857,0.4174312675239322,0.2267520431360676,1.0,0.420595273659856,0.5360296007366951,1.0,0.9274859666387908,0.4866710436072919,0.0,0.5829133650538523,0.45003532731302054,0.47831243719827554,0.594419343171617,0.5271590449242874,0.5829133650538523,0.5235032448832247,0.5096220601837175,341
1357,20530,0.1826590576547239,0.2358949564677159,0.5548187287528338,0.4914414525561,0.5573754577613242,0.2975590352389164,1.0,0.4132493250640924,0.4818016900540147,0.0,0.7394702945768723,0.4456339260711365,0.7789425991309047,0.8822616494359928,0.5366764693584093,0.4475255075590535,0.4692751891112682,0.3953568426102748,0.8822616494359928,0.523490639592091,0.4594484601528211,342
1202,20338,0.1826590576547239,0.3176282323556314,0.5220591854634506,0.4642521462402171,0.5313893073231994,0.2644621542371039,1.0,0.5185311021719017,0.5451206968593098,1.0,0.8545375414540863,0.6108830341555256,0.0,0.6550328681014498,0.4120199083160839,0.5318258995156058,0.6520207215601042,0.41984370890954104,0.6550328681014498,0.5234316328528761,0.49489057532488084,343
1594,21149,0.4285940061633923,0.5458954054521724,0.6358701952478565,0.3857773254064431,0.4261364996998773,0.319355265972943,1.0,0.2882860338812864,0.3382796636633484,1.0,0.7429439798117536,0.3956819635623102,0.7390115964200016,0.5873794306425648,0.5765578864893645,0.3132828487723174,0.6262538182158528,0.5908828003500144,0.5873794306425648,0.5233473159831121,0.5084611998969637,344
2400,31056,1.0,0.3678483206111843,0.6528007448703054,0.2629886452452693,0.4637706613182034,0.354291904423984,1.0,0.1899266119963608,0.2766236888404024,1.0,0.6113764692558048,0.6098280553261276,0.8212921674167302,0.7028614859709643,0.7606241729996657,0.2332751504183816,0.6162102421974913,0.5103245327407449,0.7028614859709643,0.5232349452777526,0.4860192716604529,345
1559,20475,0.3932202598211434,0.4353632758508037,0.5939536804073535,0.5149097528075195,0.5765167702098077,0.3238505909851304,1.0,0.3285830376813926,0.4061400791774956,0.0,0.806339511787485,0.3594044597819608,0.7789425991309047,0.7336923924214751,0.5844767076303734,0.36736155842944407,0.4830554228004916,0.5146584781290786,0.7336923924214751,0.5230921532899733,0.4806669401167454,346
579,14005,0.0,0.5760594110845029,0.4320288770750036,0.1988468349149507,0.36709889603085,0.3110541466460708,1.0,0.3067455344929127,0.5737694909600675,1.0,0.7698652991951327,0.2434385991839541,0.8212921674167302,0.668732778856004,0.4586490164489542,0.44025751272649005,0.5753999755183743,0.5040441440797532,0.668732778856004,0.5230890793975601,0.491933517399739,347
2378,31044,1.0,0.3041466548376614,0.3960187319622951,0.2550273447728767,0.4260820383564325,0.487565657186256,1.0,0.3345747962910033,0.413114576899991,0.0,0.6378636038661285,0.693216793652632,0.7947952132712555,0.8822616494359928,0.781468902697504,0.37384468659549713,0.433735008063113,0.3500826933999782,0.8822616494359928,0.5230209517886115,0.4589332333416296,348
244,8004,0.0,0.4675718002430703,0.3410507756685701,0.123181137823321,0.8589318947319784,0.1097367833461773,1.0,0.4257098692761876,0.5053038029557351,1.0,0.7837602471850975,0.6219030647396623,0.6784442506275288,0.6428874255124083,0.5210268906380722,0.46550683611596133,0.6183699631802954,0.4043112879558202,0.6428874255124083,0.5226092316883539,0.49623525280506253,349
1650,21046,0.4532684132055056,0.3732847417154136,0.5519626695552913,0.3849752635120729,0.4247721806683844,0.3271742720660133,1.0,0.2805967182353185,0.3221481587853543,1.0,0.7355622175184962,0.4375624926538319,0.7390115964200016,0.7532318055434659,0.5913511799494588,0.3013724385103364,0.6273843432492942,0.46262370563535243,0.7532318055434659,0.5225499878129767,0.47690034862937775,350
2109,30181,0.6258260362228523,0.3281790835343423,0.496087632351625,0.413456323659033,0.5215296258104498,0.5340383081135739,1.0,0.318634060375856,0.3844251566250179,1.0,0.4741641425492588,0.5558643003447241,0.869453057760477,0.6130176920083639,0.631326884219328,0.35152960850043696,0.6938048515166113,0.41213335794298367,0.6130176920083639,0.5223876013915042,0.5019065040440301,351
2028,28033,0.344059369230186,0.6677974471839913,0.6500838426576937,0.193609783458262,0.9746447096651096,0.152690713732531,1.0,0.2810658011804711,0.4830891544886803,1.0,0.531480673601338,0.8166708443068831,0.7606458862803938,0.3791623541068486,0.6132141933547002,0.3820774778345757,0.6641890413711805,0.6589406449208425,0.3791623541068486,0.5223304809222017,0.5658813876696527,352
2342,31069,1.0,0.2928839272756467,0.612489318404433,0.2477088953220413,0.4028749994851927,0.3944192252786341,1.0,0.2578560286072996,0.2902451340621901,1.0,0.6131134153984654,0.6063906454252661,0.0,0.9257153714927412,0.5548760152059329,0.27405058133474486,0.6090006240171736,0.45268662284003985,0.9257153714927412,0.522136328389915,0.45249159834611075,353
2186,30052,0.2639728623645515,0.6173828095569648,0.4283749501331661,0.3993889450105772,0.4677032546097617,0.4279920849817707,1.0,0.3394543729298921,0.3115392404131859,1.0,0.4763352734649746,0.279006392779339,0.9301468010770012,0.7097780834867178,0.4873653324214665,0.325496806671539,0.6590168569204219,0.5228788798450654,0.7097780834867178,0.5221127694118008,0.4835314728987252,354
1292,20070,0.4028778282085332,0.302089723558344,0.600377064041904,0.3976338665516662,0.4651502475027836,0.1932727586807459,1.0,0.5446132067382471,0.1878950355600036,0.0,0.7633521134984258,0.394684017173035,0.9036320434281871,0.9257153714927412,0.6161365005770453,0.36625412114912537,0.4112113745470392,0.45123339380012406,0.9257153714927412,0.52201220474274,0.45235714294770524,355
2389,31026,1.0,0.2025281275593254,0.3530583330060873,0.239448627148972,0.3632473105493651,0.6067116203496115,1.0,0.4906559618932483,0.3661195881664397,0.0,0.6495874209403776,0.7351411582324788,0.7947952132712555,0.9257153714927412,0.7948809481110279,0.428387775029844,0.44188151160958966,0.27779323028270636,0.9257153714927412,0.5218297370862248,0.4521595016372047,356
1263,20013,0.1826590576547239,0.2760765380432251,0.4406477225796021,0.478617085336518,0.5456673455809073,0.2829980008070858,1.0,0.4400683920642867,0.5113142550672238,1.0,0.9153277577410476,0.6003448625988717,0.0,0.8079770209287339,0.4245829194986608,0.4756913235657553,0.6614564863449022,0.3583621303114136,0.8079770209287339,0.5217975428237352,0.46776506633599213,357
187,7061,0.5361897169012327,0.650562798452849,0.6708440258460878,0.483561204506708,0.8071840464984097,0.292639701749779,1.0,0.3730865107916136,0.4066930627471885,0.0,0.245332203113997,0.085658875792501,0.869453057760477,0.668732778856004,0.43415846339205194,0.38988978676940106,0.5166769905509794,0.6607034121494684,0.668732778856004,0.5216914061422598,0.49029103299377236,358
774,15051,0.0,0.897664951378837,0.7511292788140511,0.2980777902527539,0.3824928736400993,0.1766078456849795,1.0,0.4791925601546768,0.6067662026945708,1.0,0.737299163661157,0.3475462202100173,0.8212921674167302,0.3169709028546709,0.4765343878219761,0.5429793814246238,0.5714357019155665,0.824397115096444,0.3169709028546709,0.5216751662089494,0.5908746452974093,359
1983,27005,0.9631407567759178,0.5399755331782263,0.7208543825910175,0.4222460070941248,0.6812356768981491,0.6911912597557569,1.0,0.379608388839744,0.5145488666974916,0.0,0.4815459048425163,0.6980948577718644,0.9036320434281871,0.3220261487393054,0.7616033907046215,0.4470786277686178,0.5589345887496061,0.6304149578846219,0.3220261487393054,0.5216729071045311,0.5885387579813082,360
827,16086,0.0,0.3230670823899056,0.4123515176257732,0.2256219248345082,0.361755498043445,0.2292152903711937,1.0,0.2794197532240484,0.7735334832684467,1.0,0.8549717262271417,0.5535368543814126,0.7947952132712555,0.6428874255124083,0.5508259484699525,0.5264766182462476,0.5633185426498294,0.3677093000078394,0.6428874255124083,0.5216238189421679,0.4950659249283099,361
1524,20412,0.3932202598211434,0.308927518142449,0.443908083844807,0.7468842492781501,0.669279869242874,0.4823372055622557,1.0,0.3804879383423196,0.428037207042324,0.0,0.2870169435586711,0.2008346141412783,0.869453057760477,1.0,0.43763121882039246,0.4042625726923218,0.5797002648166559,0.376417800993628,1.0,0.5215898080626556,0.4432628870630178,362
1512,20396,0.418388564882842,0.1458908013320932,0.4879333498617709,0.4317560733826225,0.4939467280190608,0.3353373268610055,1.0,0.370053247154431,0.7316789048121068,0.0,0.5023882233022432,0.2573690822498174,0.9301468010770012,0.9257153714927412,0.527073167877976,0.5508660759832689,0.45220802565253776,0.316912075596932,0.9257153714927412,0.5213559004429416,0.4516463423593572,363
817,16056,0.4712871487706092,0.4553377194723601,0.7916161775616392,0.2392151167074191,0.3237630664461456,0.2784161351117677,1.0,0.3890573387529851,0.4877770139641674,0.0,0.6678246307617737,0.4260281772676253,0.8429462157448122,0.6354934549794589,0.602021543136205,0.43841717635857624,0.3682788636530665,0.6234769485169996,0.6354934549794589,0.5213406322269518,0.4961627972016093,364
2057,29024,0.4346167842399759,0.3500554269984369,0.5724319333909151,0.33506853125089,0.4161695473174642,0.2451627246232328,1.0,0.6914721689250334,0.6253959095873167,0.0,0.904906702036403,0.4828740264902715,0.0,0.6963643413004936,0.45559937819166263,0.658434039256175,0.3992801606383174,0.461243680194676,0.6963643413004936,0.5212283345566048,0.48481482272429055,365
2304,30077,0.3789880133631159,0.4826205358097706,0.5564961260138294,0.4811197516460257,0.5979786614434979,0.3664431889776069,1.0,0.4695289043780628,0.2523669396122788,1.0,0.3912288464329658,0.6746016388081905,0.8429462157448122,0.5201635218414863,0.571941178587271,0.3609479219951708,0.6891083204134262,0.5195583309117999,0.5201635218414863,0.5211605362894709,0.521410088328793,366
577,14002,0.0,0.6881053090345874,0.4980317856262841,0.2033188156913584,0.3335865739959501,0.3011993029045974,1.0,0.3543499054020779,0.4825624762332016,1.0,0.7186279761171457,0.4951320128965938,0.7947952132712555,0.5431683198140091,0.5021388005712487,0.41845619081763974,0.5676209385183812,0.5930685473304358,0.5431683198140091,0.5210918755742442,0.5157144136091404,367
529,13082,0.0,0.4608062040119589,0.5507983349735351,0.3072624502425815,0.459946306508441,0.213781017912797,1.0,0.4413096954153508,0.543625529927698,1.0,0.910551518187,0.5382367298641093,0.7606458862803938,0.4681316175876462,0.5523585335828758,0.4924676126715244,0.5961979549327638,0.505802269492747,0.4681316175876462,0.5210358361476648,0.5351709110507047,368
1195,20551,0.3932202598211434,0.3983901046051625,0.6307662573425704,0.5201330702604002,0.5804085174937823,0.3281624700704899,1.0,0.3189101503320068,0.3977628886549648,1.0,0.7173252147475402,0.4354320544163564,0.7606458862803938,0.5264325641232666,0.5766558538163584,0.3583365194934858,0.6857408115649345,0.5145781809738664,0.5264325641232666,0.5209935868790055,0.5196426456741832,369
2353,31022,0.6453138971959967,0.2817148109534449,0.6530240397489282,0.2404617696934109,0.411461681477932,0.3072648779494895,1.0,0.2817149995127711,0.3436376019322025,0.0,0.591402520342188,0.601453839732212,0.8429462157448122,1.0,0.6702791182538023,0.3126763007224868,0.39183766582416646,0.46736942535118653,1.0,0.5209828495440852,0.4426182161090106,370
1087,20150,0.1826590576547239,0.3080839202596896,0.5315977605821658,0.4477559971495853,0.5133317481028574,0.2515191673533687,1.0,0.346845049133417,0.4011276942773557,1.0,0.6686930003078839,0.4007911298380756,0.7947952132712555,0.7430174073632629,0.5117346002679847,0.37398637170538634,0.6425213825211623,0.41984084042092773,0.7430174073632629,0.5209239956964382,0.47667042475122523,371
92,7124,0.6883605645149053,0.2092179137616106,0.3908492491240862,0.4840789487674458,0.768135092344691,0.3466262672702703,1.0,0.6946547746005893,0.3248263932004035,0.0,0.3022145493930213,0.3888553036837013,0.9518127218666266,0.8275164340507248,0.5828107848645636,0.5097405839004965,0.5197680616764814,0.3000335814428484,0.8275164340507248,0.520866678494689,0.4639423970541573,372
2113,30178,0.3789880133631159,0.3108892866257766,0.4920889170134639,0.4411850885067943,0.5745199392578547,0.4183814224515063,1.0,0.5047500833798272,0.2784461311050524,0.0,0.4285714285714286,0.7670511863815468,0.9036320434281871,0.8079770209287339,0.6195606679360696,0.3915981072424398,0.48681729004323104,0.4014891018196203,0.8079770209287339,0.5208019932928082,0.46664975785865054,373
157,7058,0.6518232958092514,0.23572001968492,0.443908083844807,0.4260829076023879,0.8677951546885236,0.2423867998888083,1.0,0.3928110439892747,0.3208475954173733,0.0,0.6382977886391836,0.354616558834967,0.8429462157448122,1.0,0.6219209647570536,0.356829319703324,0.5072529724359439,0.3398140517648635,1.0,0.5206337679375905,0.4422475298790044,374
1365,20178,0.1826590576547239,0.350288250798582,0.220323861289801,0.4657244533455007,0.5329123383403871,0.2647543600567372,1.0,0.4882448727575302,0.5167518504006683,1.0,0.647416497075102,0.4069172733580243,0.7789425991309047,0.8079770209287339,0.5039838568046887,0.5024983615790992,0.652678230348525,0.2853060560441915,0.8079770209287339,0.5202260323132508,0.46600475531914676,375
2062,29044,0.3859842990059995,0.4259574774833951,0.6588817058453529,0.3385093004275898,0.4037279762087886,0.2477092887266563,1.0,0.7296630749441233,0.557158455445546,0.0,0.9522361551064538,0.6579174862534202,0.0,0.5477950842859758,0.4990344850914684,0.6434107651948346,0.397989313072607,0.5424195916643739,0.5477950842859758,0.5198628196477597,0.513105198602157,376
2255,30174,0.4532684132055056,0.6194428998089471,0.6256930520036629,0.4243452006028329,0.5199039959682377,0.4586124262000473,1.0,0.3540032952847691,0.3417758982348194,1.0,0.4494137470311554,0.4450786797486459,0.9036320434281871,0.456765206349636,0.5628482208533735,0.34788959675979425,0.6805723245542236,0.622567975906305,0.456765206349636,0.5196576957786897,0.5366899347127085,377
1599,21146,0.4661875608731715,0.1588484145887209,0.5212886120255843,0.3558733901815023,0.3703478196929552,0.2552815936014043,1.0,0.5006266659173225,0.3740973570655508,0.0,0.9040381254398528,0.6084330547559648,0.7947952132712555,0.9257153714927412,0.6933634885850611,0.43736201149143666,0.3963005606951724,0.3400685133071526,0.9257153714927412,0.5194863283490799,0.449622756926391,378
1892,25019,0.4863074710471081,0.4912598966927208,0.5570494086324103,0.1360723277692742,0.4539494897907183,0.307641206876718,1.0,0.3236298029545408,0.3733943949214972,1.0,0.8098131970223663,0.5732730183299036,0.0,0.7645232988719857,0.46734842159984447,0.348512098938019,0.5795326048873422,0.5241546526625656,0.7645232988719857,0.5194662507081316,0.4716273585149608,379
1745,21072,0.3484713972187253,0.2882115886128644,0.4642905362206865,0.3267457105843603,0.4826290719410157,0.2840944371958214,1.0,0.9222603120330436,0.5757178800170061,0.0,0.2935301292553782,0.0646975907714941,0.9701320359742358,0.7645232988719857,0.41920778830495836,0.7489890960250248,0.4186938439442395,0.3762510624167754,0.7645232988719857,0.5194383074528084,0.4715956463607482,380
2374,31068,1.0,0.1766290629097641,0.3854145511769584,0.237739197907863,0.3559728222669934,0.5387869597062732,1.0,0.46835677035426,0.3309633465722408,0.0,0.6426400504706151,0.714249380243664,0.7947952132712555,1.0,0.7879211609963837,0.39966005846325037,0.4264997959762259,0.2810218070433612,1.0,0.5192380047971331,0.4407660042723472,381
819,16078,0.0,0.3428347851459793,0.5336821566048857,0.2525670130044205,0.3869577160494118,0.218422605057929,1.0,0.4218683119782114,0.633319914154161,0.0,0.8636560428395643,0.5747478919107252,0.7789425991309047,0.7914566825269261,0.5543366334702986,0.5275941130661862,0.3715894668223523,0.4382584708754325,0.7914566825269261,0.5191093809017703,0.4671612467879847,382
1573,20483,0.1826590576547239,0.250117941895935,0.4931028326999798,0.4544942596168996,0.5209332878529347,0.2530200486767682,1.0,0.4158894436180173,0.4637858271338297,1.0,0.7907078247052997,0.2600582337327965,0.7789425991309047,0.7097780834867178,0.5030919288059312,0.43983763537592346,0.6456895192293205,0.37161038729795737,0.7097780834867178,0.5190805797517541,0.4800238656293097,383
1295,20078,0.1826590576547239,0.1718226736455877,0.3736298191175524,0.4859423917270141,0.5524696857457396,0.2898750330883107,1.0,0.5322332109606837,0.6195327411155731,1.0,0.857142857142857,0.5172263436695141,0.0,0.9257153714927412,0.3892570646167738,0.5758829760381283,0.6656574221122129,0.27272624638157006,0.9257153714927412,0.5190452089759165,0.44914556378084247,384
2318,31014,1.0,0.1278057549871916,0.3672064354830018,0.2346427872514426,0.3749730259051882,0.316857156858822,1.0,0.5075767005312353,0.530134763992902,0.0,0.5992184674085008,0.6033435797190739,0.8429462157448122,1.0,0.7613770657180967,0.5188557322620686,0.3852945940030906,0.2475060952350967,1.0,0.5190450395673333,0.4405612605875517,385
463,13075,0.0,0.4947130005047656,0.4767700470365016,0.305747180498252,0.4544986578787855,0.209082436150837,1.0,0.506194422968631,0.4802353455588543,1.0,0.8580112266889681,0.5471036128321012,0.7606458862803938,0.4887254179300879,0.5414401814503658,0.49321488426374266,0.593865654905575,0.4857415237706336,0.4887254179300879,0.5189780678548966,0.5268294259077675,386
1604,21163,0.0,0.3171069165538353,0.5743240083255281,0.3492790136351402,0.4089375568599014,0.2721894160740254,1.0,0.4174207604988345,0.4773571441054709,1.0,0.7594442434904896,0.2957400415889383,0.8212921674167302,0.6639688805647354,0.4691191131240395,0.4473889523021527,0.6060811973138135,0.44571546243968174,0.6639688805647354,0.5189684114229426,0.4879656191338734,387
1384,20284,0.3932202598211434,0.2579750720510388,0.5639909027404086,0.5027660106343936,0.5669625491498125,0.3106210784312687,1.0,0.3464550035352314,0.4190332390770137,0.0,0.7902736399322448,0.3164507900919641,0.7789425991309047,0.8822616494359928,0.5697218222440643,0.38274412130612256,0.47606992764309497,0.4109829873957237,0.8822616494359928,0.5189585551919429,0.4544817979795372,388
1697,21001,0.0,0.5708812761943315,0.677067602103202,0.3521410439692115,0.4051251655687742,0.2785792941727563,1.0,0.3708708023709792,0.4521410276158588,1.0,0.8775509908295283,0.4521337260732426,0.8212921674167302,0.4489675816100648,0.5377442210798753,0.411505914993419,0.6071691007421484,0.6239744391487667,0.4489675816100648,0.5189537514925269,0.5380926673516521,389
975,19047,0.0,0.4817275983525014,0.4588558382735587,0.1772146946577689,0.841402596789846,0.1050984124367804,1.0,0.4114254727943285,0.4608627161169275,1.0,0.3816760567492128,0.5734484759345441,0.7125442614903211,0.7028614859709643,0.4169171985435195,0.43614409445562796,0.624743140776879,0.47029171831303007,0.7028614859709643,0.5187088721100572,0.4807697773747656,390
2391,31025,1.0,0.2500308475198597,0.5907906580380078,0.2584032642410289,0.4389107619330292,0.3984184978890259,1.0,0.2476829550077436,0.3294694392089345,1.0,0.6270081563379899,0.6378492473924553,0.0,0.8822616494359928,0.5662143509326113,0.28857619710833904,0.6191465048126168,0.42041075277893375,0.8822616494359928,0.518634262662196,0.4541268237328746,391
2402,31012,1.0,0.2365352987893292,0.5416323882262978,0.2365737299971165,0.3509684392659292,0.3726277299651257,1.0,0.2896296626174008,0.3522270230860287,0.0,0.6174554701794568,0.6132386015920366,0.832611560697172,1.0,0.7658264081171664,0.3209283428517148,0.3920339798456343,0.3890838435078135,1.0,0.5185385682343814,0.4400239651472402,392
805,16104,0.0,0.5799965353656998,0.4283749501331661,0.2232463394078842,0.3303545693041578,0.2604205009774649,1.0,0.3172050580103327,0.4320767964224282,1.0,0.8089448274762561,0.520046787763892,0.7947952132712555,0.6639688805647354,0.5309467071278509,0.3746409272163804,0.5628042819379013,0.504185742749433,0.6639688805647354,0.5185043044042955,0.48742020311701817,393
1529,20421,0.3932202598211434,0.2185826279721796,0.4389791309185027,0.7989037094340757,0.6882953400341558,0.6293961550821615,1.0,0.4408464989771756,0.4823522649412034,0.0,0.7173252147475402,0.8495872466335318,0.0,0.8079770209287339,0.4900331803005538,0.4615993819591895,0.6233190409100786,0.3287808794453412,0.8079770209287339,0.5184433789694802,0.4640095437456813,394
1582,20560,0.1826590576547239,0.3069127029461977,0.6936540469270754,0.5084170111106019,0.5714987718728823,0.3113552307679258,1.0,0.357983557444212,0.4375127068841915,0.0,0.6695613698539942,0.217405741109798,0.7789425991309047,0.8514307429854822,0.4621421919373552,0.3977481321642018,0.47825420275028196,0.5002833749366365,0.8514307429854822,0.5184198147445591,0.4579464100263032,395
982,19041,0.0,0.9254074406622086,0.5757212160103847,0.1833867875105862,0.856367608311458,0.1265461935679952,1.0,0.4281245263466471,0.6485080064800883,1.0,0.5540599382037252,0.6651554225170921,0.0,0.4791735879509151,0.30480384018020434,0.5383162664133677,0.633260117878008,0.7505643283362966,0.4791735879509151,0.5182080718048299,0.5284537679660799,396
1127,20310,0.1826590576547239,0.2386981330442578,0.4694600190588954,0.4678071330629827,0.5350429866286317,0.2697407228769504,1.0,0.5448397291813079,0.6028996206568048,0.0,0.8640902276126201,0.5181634931948196,0.7789425991309047,0.6902386703647267,0.5859638443982671,0.5738696749190564,0.45451816851371296,0.3540790760515766,0.6902386703647267,0.5181636924158535,0.48231847955971396,397
1332,20131,0.3932202598211434,0.3645033290068968,0.6399854068931805,0.5314489530982901,0.5884164647044126,0.3423292335667998,1.0,0.2807580559802157,0.3598112483279166,0.0,0.7438123493578639,0.4356051786579555,0.7606458862803938,0.8079770209287339,0.5833209185293391,0.32028465215406615,0.4924389302739005,0.5022443679500387,0.8079770209287339,0.5181100644932288,0.4636366759622786,398
1050,20057,0.6806413939763865,0.3671571622877845,0.5845927871825055,0.6422031990702713,0.6820059939944461,0.38047628087653,1.0,0.2476905021912052,0.3392597439574231,1.0,0.2852801009412304,0.516892692587704,0.9036320434281871,0.6046625485289482,0.596611557733377,0.2934751230743141,0.7409370947882495,0.475874974735145,0.6046625485289482,0.5180957697288513,0.4984645647539069,399
484,13065,0.4519602008481309,0.2984091830221019,0.4338096480802939,0.2972169599074342,0.4600721481656429,0.212622309348375,1.0,0.5157794561920324,0.5682508066249619,1.0,0.7824576928659319,0.5503492508949369,0.0,0.7097780834867178,0.4461917861522499,0.5420151314084971,0.5939822834842904,0.3661094155511979,0.7097780834867178,0.5180933184401576,0.4788829149571039,400
1778,21034,0.3859842990059995,0.5446005026073848,0.6992785915128664,0.3384744933121549,0.3972198171831688,0.2447750293349806,1.0,0.5631902323322178,0.5575461450555944,1.0,0.964394364004198,0.6743969104583766,0.0,0.354726535310086,0.5061938933671435,0.560368188693906,0.5960938679660609,0.6219395470601257,0.354726535310086,0.5180233974638528,0.5694601006698593,401
2081,29056,0.4346167842399759,0.2633649869583447,0.4629577717208968,0.3342183186755421,0.4118481497407592,0.2411320531278498,1.0,0.6266400904146621,0.5901098236573891,0.0,0.9604862869458224,0.6003418017020207,0.0,0.8514307429854822,0.4988612182219548,0.6083749570360255,0.3974397043088302,0.3631613793396208,0.8514307429854822,0.5180053694061708,0.45748883013738667,402
2273,30119,0.4532684132055056,0.3112135841662934,0.5072509351768942,0.4592853871852619,0.5562106967231095,0.3747807791403501,1.0,0.5194541988422063,0.3549525588977881,0.0,0.4520190627199263,0.5964051895780714,0.9036320434281871,0.725114210224383,0.6013311772329226,0.4372033788699972,0.4780553726097443,0.4092322596715938,0.725114210224383,0.5180006951133491,0.4762240499859309,403
482,13076,0.0,0.444430556279092,0.6738183511385044,0.2918191481253763,0.4478125318748394,0.2008402845350905,1.0,0.7314893617950695,0.600076955335068,1.0,0.8419453548337266,0.4567541170702606,0.7789425991309047,0.3279377611294707,0.5194105177587229,0.6657831585650688,0.5880943929070612,0.5591244537087983,0.3279377611294707,0.5179860927084857,0.5806972477335814,404
755,15089,0.0,0.2969921968244954,0.4245904985296838,0.3188125613394713,0.3876327257946806,0.1994047914675416,1.0,0.4050886471233336,0.5422032025892447,1.0,0.8549717262271417,0.6985767773708816,0.7947952132712555,0.6391266864816243,0.5870859292173197,0.47364592485628915,0.5811700157203387,0.3607913476770896,0.6391266864816243,0.5179172171238495,0.49139269690343634,405
297,10012,0.0,0.6002789808139387,0.642478542643126,0.1678371369127348,0.6240883175165051,0.1485437597455643,1.0,0.3952958599119444,0.533606799722252,1.0,0.6817195787517383,0.4657028159949452,0.6784442506275288,0.4808481542887606,0.45646666134355307,0.4644513298170982,0.5880938428349609,0.6213787617285323,0.4808481542887606,0.5178834746995419,0.527579701888593,406
532,13041,0.4519602008481309,0.4261219617245893,0.6157100338765877,0.2950980784145222,0.4685658588296738,0.2190486793113635,1.0,0.7806382449461158,0.5079929512184658,0.0,0.8454190400686084,0.4432529015115605,0.7390115964200016,0.451504269626112,0.6199109347120754,0.6443155980822908,0.3965425233111119,0.5209159978005885,0.451504269626112,0.5178803740900338,0.5359463911358976,407
1477,20540,0.1627695631497328,0.2507708831895398,0.5098672009589315,0.3987432003153179,0.4472690034435427,0.2452172220231441,1.0,0.8097034156750953,0.3068109375751799,0.0,0.7885366937895839,0.4627727867772944,0.7789425991309047,0.7645232988719857,0.5482554107118789,0.5582571766251376,0.41824588515640093,0.3803190420742356,0.7645232988719857,0.5177946308816027,0.46973102678879725,408
134,7075,0.6518232958092514,0.3286936769760415,0.5752575243263669,0.4095638211228761,0.8821525489390787,0.2295045521041834,1.0,0.3143199205790773,0.2665753375456505,0.0,0.5136778556034372,0.4199606480160733,0.8429462157448122,0.9257153714927412,0.6071020037933935,0.2904476290623639,0.5042441844332276,0.45197560065120423,0.9257153714927412,0.5177410179637325,0.44773531208205264,409
2048,29030,0.3393034787428914,0.2507795131590566,0.4486178983668503,0.3457107121593441,0.4382871933037913,0.2771228696497416,1.0,0.3749241524604637,0.4732888956494365,0.0,0.82110282932356,0.4763976196760781,0.7947952132712555,1.0,0.6078997852534462,0.4241065240549501,0.41222415502257537,0.3496987057629535,1.0,0.5176388706611844,0.4390698350711841,410
802,16055,0.575954844411742,0.4109339693497088,0.5685432994971402,0.2400839318796169,0.2568313937050543,0.3773497595801488,1.0,0.4302289785579536,0.3611210998114202,1.0,0.7446809259544145,0.3875661132716478,0.7789425991309047,0.5358750257235614,0.6217861206921773,0.39567503918468694,0.574853017032964,0.4897386344234245,0.5358750257235614,0.5175030041875108,0.5130092722752239,411
738,15068,0.0,0.4557267848243285,0.5639909027404086,0.3225973448017463,0.3777514532669798,0.203163885608798,1.0,0.4082681620582843,0.4393789607168864,1.0,0.7594442434904896,0.613493485108775,0.8212921674167302,0.538733063501105,0.5485574740039987,0.42382356138758537,0.5807025367355048,0.5098588437823686,0.538733063501105,0.5174124907850649,0.5122155141361748,412
1701,21140,0.3859842990059995,0.6670825862752026,0.804169367122883,0.3377487688907158,0.3921088475175348,0.2399779827389792,1.0,0.4639516235970183,0.5528580801742652,1.0,0.973512865389676,0.6563417597687883,0.0,0.3310205258872818,0.5039597310411159,0.5084048518856418,0.5939671198294459,0.7356259766990427,0.3310205258872818,0.5173399081046689,0.5784372408926968,413
2371,31073,1.0,0.2996183717508176,0.7139300364123733,0.2485269511562829,0.4297436933409551,0.3366598228834783,1.0,0.2045282077746906,0.2747706446269454,0.0,0.5957447821736193,0.5966402287975167,0.832611560697172,1.0,0.756249142917077,0.239649426200818,0.4029860934761432,0.5067742040815955,1.0,0.5172126875141966,0.43861801210931334,414
1717,21148,0.4749494163497731,0.4133327964702516,0.3985118677122405,0.3379406674149772,0.3847317604101385,0.2355916148429422,1.0,0.3840478630227636,0.5120130868056683,1.0,0.9583151560301058,0.6936434959176954,0.0,0.6467849483079785,0.5317270170743935,0.44803047491421594,0.5916528085336117,0.40592233209124606,0.6467849483079785,0.5171936840982668,0.48907621182569405,415
496,13016,0.3812619394671007,0.4460189819342009,0.6282600158494341,0.3224337802908311,0.471112542074787,0.233103264801165,1.0,0.3908422528246721,0.3717339201164124,1.0,0.7134173447396039,0.4548735871845265,0.7606458862803938,0.5165708927513093,0.5775496894179062,0.38128808647054224,0.6053299174333566,0.5371394988918176,0.5165708927513093,0.5171426423130789,0.5172856785296185,416
340,11009,0.0,0.6451037933030601,0.5996412737190101,0.2512947891729465,0.4570476771462189,0.1665382894426559,1.0,0.4307324603776366,0.721306392191762,1.0,0.8245767216088813,0.4296169045865857,0.7947952132712555,0.3491514215505454,0.5122472098666806,0.5760194262846993,0.5749761511523642,0.622372533511035,0.3491514215505454,0.5168043485389552,0.5700385745728327,417
2008,28015,0.5965682944966286,0.4252595824448258,0.4206658505700655,0.184453565970717,0.9742711725330494,0.1284767910329645,1.0,0.1489532035511411,0.4135389309180541,1.0,0.5614417004969832,0.7775737232283269,0.7390115964200016,0.7028614859709643,0.668648828660485,0.2812460672345976,0.6574403059073461,0.42296271650744566,0.7028614859709643,0.5164907418828765,0.47820128618332614,418
2067,29022,0.4346167842399759,0.1842483548083121,0.3367255473426092,0.3417179077279587,0.4085776350637029,0.2559775412736487,1.0,0.6369134956778417,0.5950909828615287,1.0,0.8497610948495995,0.5546701757736868,0.0,0.8275164340507248,0.45976201371581554,0.6160022392696852,0.6012546168130621,0.2604869510754606,0.8275164340507248,0.5163536845215754,0.4589231264271288,419
285,9011,0.0,0.6908548297246501,0.7873713235089737,0.3126882311042777,0.3929913909351727,0.1903756155174607,1.0,0.556468092648797,0.6851208310716662,1.0,0.8310899073055882,0.4975336653785827,0.7789425991309047,0.2620794799908439,0.5268915429537688,0.6207944618602317,0.5792110475113822,0.7391130766168119,0.2620794799908439,0.5163330927279006,0.6117221358238519,420
119,7015,0.4817047495775224,0.3515450967735087,0.5789114512682043,0.3675486147013441,0.9998645308464824,0.1640410147708577,1.0,0.4970834497179247,0.5012457890996933,0.0,0.0898827701112749,0.0055930516852777,1.0,0.7914566825269261,0.39429514284351874,0.49916461940880896,0.5062908320637368,0.46522827402085654,0.7914566825269261,0.5163113919235556,0.46401588327036486,421
1858,24048,0.0,0.2521224775697729,0.3603683609836935,0.2117087024876051,0.7112898897813495,0.1792356864935789,1.0,0.5544034458834303,0.7184924464874798,0.0,0.8276162220707073,0.5961258130521012,0.7390115964200016,0.8275164340507248,0.5406884078857025,0.6364479461854551,0.42044685575250673,0.3062454192767332,0.8275164340507248,0.516242145752318,0.4587992134484434,422
1569,20068,0.3932202598211434,0.4021317474731818,0.6310411041392092,0.4905171809485883,0.5565626428402182,0.2957721975865797,1.0,0.3559656835716547,0.4274818616058746,1.0,0.8501954866730947,0.5550616054053181,0.0,0.6020162396286254,0.44961933797488907,0.3917237725887647,0.6685704042750773,0.5165864258061955,0.6020162396286254,0.5161128249519771,0.49662521046518904,423
1313,20103,0.1826590576547239,0.3333144006090524,0.4980317856262841,0.4891929686936024,0.5553899061229133,0.2944721170643843,1.0,0.3855488894724779,0.4561534783032021,1.0,0.9005644402049715,0.6459181748873982,0.0,0.725114210224383,0.43228541818677335,0.42085118388784,0.66781099837618,0.4156730931176682,0.725114210224383,0.5161099208284706,0.47405218761497825,424
520,13055,0.5230991341809489,0.6329129391712143,0.4574524617213782,0.2981108327407972,0.491687902051295,0.241303669413885,1.0,0.3998494670730941,0.447876006585871,0.0,0.716022660428375,0.4403852248360544,0.7125442614903211,0.6508295817171241,0.5980128202339249,0.42386273682948256,0.4062204808411954,0.5451827004462962,0.6508295817171241,0.5158713153875161,0.48675441996691415,425
88,7042,0.8335046471480598,0.2465239708746271,0.3767011466471717,0.4302626773071362,0.7804372064603039,0.3540810907241679,1.0,0.2591215080566383,0.6712701214777801,0.0,0.22448978112905,0.2639008229166502,0.9860016052903372,0.8514307429854822,0.5769742141210243,0.46519581476720917,0.5129561948983217,0.3116125587608994,0.8514307429854822,0.5158546533441801,0.4551157432609569,426
2231,30191,0.3384686072321147,0.6106325013619666,0.4836081215358098,0.3723296094625368,0.4726362572970686,0.5875691068608355,1.0,0.3331094480501576,0.422595927214437,0.0,0.6048632835590977,0.6770947509615252,0.8429462157448122,0.5896842520574764,0.6158432143743874,0.3778526876322973,0.48650699472408815,0.5471203114488882,0.5896842520574764,0.5158421508370794,0.49887432227483075,427
706,15059,0.0,0.3902757064179615,0.5907906580380078,0.304441549027996,0.4298535836399766,0.1896695425950971,1.0,0.5291433620429695,0.5972760629340735,1.0,0.910985702960055,0.5968346345411196,0.7606458862803938,0.3980502754647127,0.5671165559453921,0.5632097124885216,0.584792935052614,0.49053318222798464,0.3980502754647127,0.5156917453291711,0.5501780280929917,428
1210,20561,0.3932202598211434,0.2074082888066118,0.5090022705990835,0.5189204943415138,0.5795163465798288,0.3284596837345643,1.0,0.296731766777405,0.3729628657625607,0.0,0.8636560428395643,0.4851340947726749,0.7606458862803938,1.0,0.625664070928444,0.3348473162699829,0.48537930493118137,0.35820527970284766,1.0,0.5155612351240612,0.43686808542709477,429
1707,21143,0.3859842990059995,0.4824543974944226,0.5935634281035831,0.3274460929213838,0.4067836657394797,0.2223846399043836,1.0,0.3793425163931809,0.5457198294943273,1.0,0.6000868369546108,0.2980717395708599,0.8212921674167302,0.4688836913067502,0.5263587607370501,0.4625311729437541,0.5913228797130494,0.5380089127990029,0.4688836913067502,0.5152528812800431,0.5275446880581658,430
100,7065,0.7816701763066666,0.5611206294886398,0.6468234813924888,0.3640971118563957,0.7839185584441798,0.2849569520931998,1.0,0.3018583255144398,0.2133957315080191,1.0,0.4316109290332546,0.2185617851017531,0.9701320359742358,0.5648420579743655,0.6004937316039776,0.25762702851122943,0.686594524478755,0.6039720554405643,0.5648420579743655,0.5150256063836918,0.5032737408616288,431
1096,20232,0.4532684132055056,0.3054113771214181,0.5603097698976152,0.4603959359288851,0.5338084970938857,0.3491950747631649,1.0,0.4256652833939347,0.5207590038047074,0.0,0.4081632948847566,0.170245089767453,1.0,0.7430174073632629,0.5079191994644288,0.47321214359932107,0.46867990155718714,0.4328605735095166,0.7430174073632629,0.5150089447644906,0.46991436123766694,432
255,8045,0.0,0.675458944340395,0.5280299696028954,0.1268166001037548,0.8630152243301409,0.1073103562736903,1.0,0.334489946688172,0.5148399272683244,1.0,0.904472517263348,0.6329953218080132,0.6784442506275288,0.4130870442838176,0.5539780224247225,0.4246649369782482,0.6194284361415172,0.6017444569716452,0.4130870442838176,0.5149875742110335,0.5441711888780124,433
485,13061,0.1734371177492522,0.8285681727471114,0.6353443709394018,0.3207686496495602,0.4581619646805335,0.2211479799811402,1.0,0.3092722698264838,0.4075067680234161,1.0,0.8224055906931651,0.5075485026792252,0.7606458862803938,0.4065635257815017,0.5660092743505091,0.35838951892494997,0.6000157188622468,0.7319562718432566,0.4065635257815017,0.5149807617241108,0.5463320177833838,434
1740,21048,0.3859842990059995,0.3572373119678751,0.5542536427163507,0.3298840295399408,0.403681490544434,0.2262092493395184,1.0,0.3958260189501041,0.6019066299847788,0.0,0.7529310577937822,0.3020479751933808,0.8212921674167302,0.7171720540196672,0.5655638748524732,0.4988663244674415,0.3919549538847786,0.4557454773421129,0.7171720540196672,0.5147656354287357,0.47381204161665896,435
2331,31059,1.0,0.5754927687975299,0.6011077799084126,0.2386855590818496,0.3600096662008017,0.573357349994861,1.0,0.2455382792908225,0.2916851318744451,1.0,0.6521927366291485,0.7403473301888605,0.0,0.6020162396286254,0.5981350167045022,0.2686117055826338,0.6344105150555024,0.5883002743529713,0.6020162396286254,0.5146362320076359,0.49484979720189126,436
437,12042,0.3324542200958938,0.2919847779294522,0.6817619568775427,0.3224958349662353,0.2944423124912038,0.192194519770634,1.0,0.4030919871140905,0.3625774600734428,0.0,0.6834563178439588,0.3016991155574312,0.8212921674167302,1.0,0.5347254552285035,0.3828347235937667,0.36182653344561466,0.48687336740349746,1.0,0.5145312091775786,0.43577734925547384,437
1615,21054,0.0,0.4490852986146356,0.6384608715162587,0.3430913550560662,0.4445051590297436,0.3253345423906397,1.0,0.4063259569145959,0.4435691933487751,1.0,0.3868866881267545,0.3375969684318979,0.869453057760477,0.6285768574637054,0.39848417857978236,0.42494757513168546,0.6225862112952899,0.5437730850654472,0.6285768574637054,0.5144514626704113,0.48931768349031407,438
94,7067,0.6883605645149053,0.2005342203781349,0.3796859462988168,0.4384373145877236,0.7872956597858065,0.3387875333109368,1.0,0.3036780572366186,0.6503219501848279,0.0,0.2731219955687065,0.4676934896660319,0.869453057760477,0.8822616494359928,0.5746572768775302,0.47700000371072326,0.5129041015368934,0.2901100833384759,0.8822616494359928,0.5143097270659525,0.4493984521858063,439
1737,21038,0.0,0.4474578973189801,0.4836081215358098,0.3603766441467857,0.3850820547100213,0.288299247074262,1.0,0.3470074830519836,0.395350379929994,1.0,0.9943551838494032,0.6471642431848788,0.7789425991309047,0.566705932174072,0.6051155065412966,0.3711789314909888,0.6067515891862139,0.46553300942739495,0.566705932174072,0.5142190389988351,0.5018752174294242,440
2330,31018,1.0,0.1865083201449648,0.4501424337437721,0.2567469072574005,0.4326502983822676,0.4209552828127916,1.0,0.2803111879425937,0.3615501859194895,1.0,0.6252714172457694,0.636460066545905,0.0,1.0,0.5654328709479186,0.3209306869310416,0.6220704976904919,0.31832537694436847,1.0,0.5141627776358828,0.4353873346544866,441
810,16064,0.575954844411742,0.321863069917928,0.4455013977899933,0.2376414380172812,0.2617836513849932,0.3612679628617895,1.0,0.5426449398675891,0.348299369357975,1.0,0.7416414254925885,0.2136103508056413,0.7789425991309047,0.6354934549794589,0.5775373049602192,0.44547215461278206,0.5721386104528128,0.38368223385396066,0.6354934549794589,0.5140400140107285,0.4874930044251075,442
699,15014,0.0,0.7725402112075381,0.6927380177571265,0.2825243754653576,0.4088894193783222,0.1787999803534041,1.0,0.5042867709744813,0.4474542553920084,1.0,0.7572731125747738,0.4353280652625853,0.8212921674167302,0.3560350993716269,0.5034733363135223,0.4758705131832448,0.5740427550394168,0.7326391144823323,0.3560350993716269,0.5139945160143992,0.5634104566665721,443
153,7049,0.6883605645149053,0.1946289006265837,0.4868684828010148,0.4257605312146116,0.8198693252423984,0.2963972603634476,1.0,0.4180955349708041,0.4277909019533986,0.0,0.3104645777071688,0.2458488523531638,0.869453057760477,0.9257153714927412,0.5285317630839287,0.42294321846210137,0.5084054233640916,0.34074869171379923,0.9257153714927412,0.5139193868126394,0.4436080132173074,444
2158,30136,0.5634396951732947,0.2133966811157773,0.4123515176257732,0.3552623720148274,0.4218230778022626,0.4019908486258243,1.0,0.7123424830809761,0.5859578653084546,1.0,0.4207555850303359,0.5785875654186121,0.0,0.7097780834867178,0.3906957114055607,0.6491501741947154,0.6358152596885829,0.31287409937077526,0.7097780834867178,0.5138086287227301,0.47393752412857537,445
2222,30144,0.5409829611285887,0.3994261151756808,0.5806922222734946,0.5365154288422623,0.6626538442391426,0.4626129283028148,1.0,0.4170701453093187,0.3643017067688542,1.0,0.3725575553637348,0.7452119612595614,0.0,0.6130176920083639,0.41468811943797124,0.3906859260390865,0.732356440276844,0.49005916872458766,0.6130176920083639,0.5133324025029007,0.49105495321074233,446
2326,31081,1.0,0.2308686230679369,0.562952135785879,0.2365023237071312,0.3881248131099454,0.312820484817411,1.0,0.4006029586899267,0.4454401930461176,0.0,0.5935736512579037,0.5974827279498045,0.0,1.0,0.5477640948019271,0.42302157586802214,0.38748952432689754,0.39691037942690793,1.0,0.5133123349679194,0.4344873390801141,447
2477,32009,0.2078174561068335,0.217024088535437,0.3603683609836935,0.1806394860323151,0.5033502127724512,0.2206808114716416,1.0,0.6372563111213289,0.3129731117892838,1.0,0.8397742239180113,0.405651950632401,0.7606458862803938,0.8079770209287339,0.5534723792344098,0.4751147114553063,0.5809341020552816,0.28869622475956525,0.8079770209287339,0.5133012044252144,0.45826385245600565,448
1681,21125,0.3859842990059995,0.5854037222061189,0.5478302590818,0.3387514103981467,0.3865818428950319,0.2392965598011258,1.0,0.4175367712593908,0.5563770847962934,0.0,0.9817629972290438,0.7328506683849703,0.0,0.6252790567992559,0.5251494911550034,0.48695692802784213,0.3929259626188609,0.5666169906439595,0.6252790567992559,0.5132034178066899,0.48847625160161356,449
160,7063,0.6883605645149053,0.164172985157024,0.3062446592022165,0.4475293306521996,0.8133515387204627,0.299074952805183,1.0,0.4747035751843393,0.7098144818675798,0.0,0.1181068508642595,0.3446423085146494,0.8429462157448122,1.0,0.4985139849096566,0.5922590285259596,0.511991164435569,0.23520882217962025,1.0,0.5130751987012848,0.4342364519788381,450
570,14074,0.0,0.55166101633486,0.5390480313078326,0.2229132873807798,0.4323873357543227,0.1842634354446413,1.0,0.386134225155717,0.3592393781820991,0.0,0.9088145720443392,0.5940497262200344,0.7947952132712555,0.8275164340507248,0.5744148778839073,0.37268680166890805,0.3679128117159488,0.5453545238213463,0.8275164340507248,0.5130433118770537,0.4552483508143172,451
702,15076,0.0,0.6565824313155308,0.7181145697229082,0.2971998540940598,0.373097364565799,0.1827225394510614,1.0,0.5878432753317689,0.860969209328814,1.0,0.857142857142857,0.5690136523933003,0.0,0.3506433723067228,0.3565391273840393,0.7244062423302915,0.5706039516221841,0.6873485005192195,0.3506433723067228,0.5129716407692416,0.5641573966463191,452
1336,20135,0.1826590576547239,0.2289257891485318,0.4813774416562334,0.46121958414199,0.5282077761353063,0.2621854204301614,1.0,0.4783632623862511,0.5301283287220434,0.0,0.7707338757916833,0.2638661096937431,0.7789425991309047,0.8822616494359928,0.4990504105677638,0.5042457955541473,0.4503225561414915,0.3551516154023826,0.8822616494359928,0.5129373455790819,0.4478999867891533,453
1763,21075,0.3484713972187253,0.3669937727422714,0.6829458058493882,0.3361999813972808,0.4601050184941352,0.3177559216165553,1.0,0.5492895576984289,0.5343573529318157,0.0,0.1680417231483009,0.040991088127238,0.869453057760477,0.8275164340507248,0.3567393165636853,0.5418234553151223,0.4228121843015943,0.5249697892958298,0.8275164340507248,0.5129244981183436,0.4551165680764898,454
209,8021,0.0,0.7316507567136282,0.6803925887932166,0.1291407477610556,0.8432759221069165,0.1137178003471353,1.0,0.4417017335265145,0.6855978020179883,1.0,0.9522361551064538,0.6384875621657838,0.6784442506275288,0.2547732100071107,0.5672919919749416,0.5636497677722514,0.6172268940430214,0.7060216727534224,0.2547732100071107,0.5129163271447411,0.6109697593711569,455
1376,20194,0.3932202598211434,0.2773896098452388,0.6160267856242784,0.5429700852803983,0.5960083769581739,0.3504229526097001,1.0,0.2594295207865662,0.3399850468627737,0.0,0.7168910299744848,0.4094632208743862,0.7789425991309047,0.9257153714927412,0.5746292774502297,0.29970728382466993,0.4978802829696544,0.44670819773475856,0.9257153714927412,0.5127932202535084,0.44239323224788163,456
815,16058,0.575954844411742,0.4760939245955334,0.7012777712134265,0.2351270442560439,0.2924414936997058,0.3097357265451552,1.0,0.5349386641141198,0.348665940968824,0.0,0.6144159697176308,0.0962704647512139,0.8429462157448122,0.6963643413004936,0.5323968736563498,0.4418023025414719,0.36746085290018093,0.58868584790448,0.6963643413004936,0.5127184362815682,0.474940862403442,457
1627,21043,0.3484713972187253,0.352279186662724,0.6588817058453529,0.3309752676310364,0.4723878776171161,0.3001031494747748,1.0,0.5041268431689833,0.782697172212752,0.0,0.2158054645166272,0.1384358403095571,0.9860016052903372,0.6130176920083639,0.42217857683381166,0.6434120076908676,0.4206932589445854,0.5055804462540384,0.6130176920083639,0.5126758225179493,0.49026997137649464,458
2105,30054,0.4532684132055056,0.1735402823457987,0.4056574994106425,0.4619044923307157,0.5724085459622421,0.3752574179428357,1.0,0.5118997788814197,0.2947548292513218,1.0,0.4255319281096026,0.6449088136633981,0.869453057760477,0.7430174073632629,0.5982905531847459,0.40332730406637074,0.6819140912471587,0.2895988908782206,0.7430174073632629,0.5126477592225459,0.46722285850235606,459
33,4002,1.0,0.6209860245619168,0.7350318798193178,0.2859334643052654,0.5386405527733935,0.272748966234154,1.0,0.3662744874346347,0.1831850673275855,1.0,0.6052974683321524,0.6150956260331738,0.832611560697172,0.4020199909643681,0.7632511637656245,0.2747297773811101,0.6194645966625625,0.6780089521906173,0.4020199909643681,0.5126424382343225,0.5447613433930697,460
861,16023,0.0,0.4765235193448227,0.4455013977899933,0.2254408548345597,0.3392082017643874,0.2467791678307713,1.0,0.2675193693963729,0.472462091849658,1.0,0.785063008554703,0.5772687012505472,0.7947952132712555,0.6844442827380792,0.5392817307691264,0.36999073062301546,0.5622856448859437,0.461012458567408,0.6844442827380792,0.51262863531203,0.47689091895083535,461
1245,20534,0.3706292612258043,0.2326029415926129,0.6444316556557035,0.473844856670258,0.5606884702631899,0.2929442276340682,1.0,0.2955110538685729,0.2952289547178558,0.0,0.782023508092877,0.4352602973858449,0.7606458862803938,1.0,0.58713973824623,0.29537000429321436,0.4654955109135033,0.4385172986241582,1.0,0.512627639393521,0.4337630190140453,462
1099,20525,0.1952794711632106,0.3045591702606262,0.5645064919850328,0.6078624143947654,0.763982034249997,0.4053583325143836,1.0,0.2341001807463528,0.3571410669724439,1.0,0.411636980119638,0.4252769153259876,0.9036320434281871,0.7532318055434659,0.48395635250925584,0.29562062385939836,0.7554405562318293,0.4345328311228295,0.7532318055434659,0.512552661762985,0.46552279747241204,463
508,13052,0.0,0.4930883828519301,0.5478302590818,0.3034456032039653,0.465688136277309,0.2187183811170152,1.0,0.3925108260408366,0.4988112152826739,1.0,0.8098131970223663,0.4360447877922539,0.7606458862803938,0.5086287365465932,0.5016259677737536,0.4456610206617553,0.597570424119658,0.5204593209668651,0.5086287365465932,0.5125217354689005,0.5134996320243816,464
1804,22012,0.0,0.6715916412163839,0.5915903099898451,0.2673409460026753,0.45508138050044,0.1864004220858079,1.0,0.2572744783018273,0.6919352281695944,1.0,0.7707338757916833,0.479688442719802,0.7789425991309047,0.3996205609227289,0.5073412294105974,0.4746048532357109,0.5817645497177846,0.6315909756031145,0.3996205609227289,0.5124985788197565,0.5453858618830875,465
492,13067,0.4519602008481309,0.4043005297371515,0.6279778495556634,0.2924972244896248,0.4606933807725613,0.2114533360150829,1.0,0.532115134870008,0.5727505289373549,1.0,0.8640902276126201,0.4581316874167716,0.0,0.4711721070476671,0.44354552896938065,0.5524328319036815,0.5929287882554538,0.5161391896464075,0.4711721070476671,0.5124285595627742,0.5232952167804401,466
2148,30050,0.3484713972187253,0.2621500732352677,0.4320288770750036,0.3237126167412038,0.4901416282019295,0.2829139216950409,1.0,0.6437852130289086,0.4993333655453611,0.0,0.4112027953465826,0.2825955332886642,0.9518127218666266,0.8514307429854822,0.4985206119301497,0.5715592892871348,0.41935363332763487,0.34708947515513566,0.8514307429854822,0.5123693212499182,0.45127530203358707,467
2322,31092,1.0,0.23681204435442,0.614754057039226,0.2356906040670959,0.3938666428788133,0.2982068085566061,1.0,0.3663408016729458,0.4194134771153284,0.0,0.5879288351073069,0.5970473813638348,0.0,1.0,0.5462440541177854,0.3928771393941371,0.38555281110050305,0.425783050696823,1.0,0.5121334527936209,0.4332403832406374,468
940,17035,0.3024799758214906,0.5110175673727201,0.5802498275569147,0.3136752102434151,0.333030397840925,0.1790402773779047,1.0,0.3668238095720219,0.6086381394648938,1.0,0.900130255431917,0.332081531496959,0.0,0.6101596542308203,0.38367294068759167,0.4877309745184578,0.5651491770924489,0.5456336974648174,0.6101596542308203,0.5120706163434396,0.4901188975639857,469
2139,30148,0.0,0.3398916715808138,0.4847060938556045,0.3908748358461473,0.4869142955547765,0.5857182469414645,1.0,0.352439883595359,0.4726001090776404,1.0,0.5084672242258952,0.469645013580152,0.8212921674167302,0.6639688805647354,0.44985110130569433,0.4125199963364997,0.6927014756684777,0.41229888271820914,0.6639688805647354,0.5120165015473326,0.47980858693654466,470
781,15043,0.3941394705475086,0.4315034623705873,0.5645064919850328,0.3036304497210597,0.3706260494739875,0.1753131742363001,1.0,0.426720373871256,0.5967527546826825,0.0,0.672166685542765,0.4905000041764139,0.8429462157448122,0.6220797127932347,0.5999380940028749,0.5117365642769692,0.3699139346862695,0.49800497717781,0.6220797127932347,0.5119961087978497,0.4876652567413763,471
458,12017,0.5164694362975522,0.2406308414338491,0.4516453437750344,0.307189012228474,0.2683784578774574,0.2178005877004616,1.0,0.4171878343830728,0.3021985357587223,1.0,0.7412070336690932,0.2131640993336393,0.8212921674167302,0.8822616494359928,0.5730331841792538,0.35969318507089754,0.5586736115612786,0.3461380926044417,0.8822616494359928,0.511945096627591,0.44681720158441113,472
290,9016,0.0,0.8400770052056163,0.7568904353685809,0.3047451069028476,0.3987564635362181,0.1769466523934093,1.0,1.0,1.0,1.0,0.8310899073055882,0.495948568697743,0.7947952132712555,0.1437582860315378,0.5304584223186466,1.0,0.576089644566495,0.7984837202870987,0.1437582860315378,0.5116913485302742,0.7028325572395467,473
2241,30205,0.5967154078961798,0.6106444539823032,0.4813774416562334,0.2691393067131334,0.6273219740255226,0.4493458899493648,1.0,0.3314549335226245,0.3535634377999209,0.0,0.4233607971938866,0.5775546712849907,0.8429462157448122,0.6550328681014498,0.6101442730299673,0.3425091856612727,0.46916143413760414,0.5460109478192683,0.6550328681014498,0.5116562720637691,0.48101332202668706,474
358,11012,0.0,0.4483903427377076,0.5484305631278117,0.2351106307704197,0.4154424122510703,0.191457400881444,1.0,0.8334681026399328,0.3746877587606251,0.0,0.8484585405304343,0.5094823875287058,0.7947952132712555,0.5873794306425648,0.5381840353325988,0.6040779307002789,0.36840208878058683,0.49841045293275965,0.5873794306425648,0.5116469011545427,0.4942916244994723,475
878,16003,0.0,0.3194212413911678,0.4931028326999798,0.2544930474317294,0.3733995213841016,0.2299458612723999,1.0,0.4159609602663539,0.596649763471722,1.0,0.8258792759280464,0.5431692394330188,0.7789425991309047,0.5542922289564466,0.5369977786229925,0.506305361869038,0.5715676860176462,0.4062620370455738,0.5542922289564466,0.5114457135674718,0.5012619409452418,476
729,15042,0.0,0.59738525791822,0.757890002977251,0.2862142487726625,0.3915749465825551,0.1859085971058778,1.0,0.4725526433283058,0.4247932395210055,1.0,0.8315240920786435,0.470834514069284,0.8212921674167302,0.3785108623427219,0.5309126933911644,0.44867294142465564,0.572739558492219,0.6776376304477354,0.3785108623427219,0.5114429614742578,0.5514128986427407,477
1714,21147,0.4661875608731715,0.2598653559166575,0.6429702065448257,0.3611824728165317,0.381028291805901,0.2504829830262958,1.0,0.4299605486101355,0.3099653327113646,0.0,0.8441162786990024,0.3632816176210043,0.7947952132712555,0.8514307429854822,0.6170951676161084,0.3699629406607501,0.3985387495297457,0.4514177812307416,0.8514307429854822,0.5113776962709181,0.45018383458012895,478
2092,29045,0.4193240488992821,0.2137989994329364,0.4372838406606411,0.3270734137175627,0.4405204404170605,0.2318755026863825,1.0,0.3650931669224569,0.4334442014443174,1.0,0.907946202498229,0.6030121883458041,0.0,0.9257153714927412,0.4825706099358288,0.3992686841833871,0.5998938713642011,0.32554142004678877,0.9257153714927412,0.5109717079320126,0.440429802903084,479
2440,32039,0.0,0.5082318220979946,0.614754057039226,0.1904182524976801,0.5643677284231186,0.160932593011895,1.0,0.2423697176569658,0.4412484173670584,1.0,0.920104204345533,0.5931169092732179,0.7390115964200016,0.550994428291997,0.5630581775096881,0.3418090675120121,0.5831437147865387,0.5614929395686103,0.550994428291997,0.5106470075553535,0.5010305266164488,480
701,15054,0.0,0.5835067629649274,0.7491671230959385,0.2960875107893338,0.3698829630494128,0.1860398683389936,1.0,0.7141995040631972,0.6794908347574315,1.0,0.8580112266889681,0.5384168052428445,0.7947952132712555,0.239266620269992,0.547805811300767,0.6968451694103144,0.5704020684355481,0.6663369430304329,0.239266620269992,0.5106272712956007,0.6171766378580396,481
154,7096,0.8335046471480598,0.2892325242971534,0.5709903685591031,0.3983972690805569,0.7871794456249205,0.3376100122172675,1.0,0.3238022016849397,0.3422147636214128,0.0,0.2878854166300013,0.1637318692145109,0.9701320359742358,0.8514307429854822,0.563813492241702,0.33300848265317623,0.504637345384549,0.43011144642812826,0.8514307429854822,0.5105756456810281,0.44930141587910455,482
1781,21095,0.4661875608731715,0.2507277187239729,0.3985118677122405,0.3525121185520444,0.3701362981810412,0.2565983519522568,1.0,0.423767529909733,0.4293279034189848,0.0,0.9274859666387908,0.678692747166194,0.7947952132712555,0.8822616494359928,0.716790371987353,0.42654771666435887,0.3958493537370685,0.32461979321810674,0.8822616494359928,0.510472586801281,0.4452113018539298,483
803,16061,0.1466320176491291,0.3680688480874504,0.5072509351768942,0.273222392789079,0.3720079716808865,0.2151458454468584,1.0,0.3794918980294355,0.4352300542391883,1.0,0.6465479204785514,0.2806055649660052,0.8212921674167302,0.7171720540196672,0.47376941762760394,0.4073609761343119,0.5720752419833648,0.43765989163217234,0.7171720540196672,0.5104485108177413,0.46885017979445676,484
93,7123,0.5361897169012327,0.233758043432964,0.4245904985296838,0.4433487337288921,0.8551523737693443,0.2534260140930675,1.0,0.3645456994033225,0.4034503136935164,0.0,0.7229700308981373,0.3315221402603108,0.8429462157448122,0.8822616494359928,0.6084070259511233,0.3839980065484194,0.5103854243182608,0.3291742709813239,0.8822616494359928,0.5103744766827739,0.44510434536574633,485
1315,20107,0.1826590576547239,0.4273644373902953,0.7193145075841159,0.4801090458077242,0.5470781502767543,0.2832557797376813,1.0,0.6149206534777041,0.6927466526488648,0.0,0.7815893233198217,0.4509648751677297,0.0,0.5648420579743655,0.35380331403556886,0.6538336530632844,0.462088595164432,0.5733394724872056,0.5648420579743655,0.510338881237098,0.4975555384164518,486
1982,27006,0.6814971807890619,0.472788457004911,0.6369140793635611,0.4276977519365962,0.7031849834024657,0.5756889942237207,1.0,0.5037524718747767,0.4139023416810944,0.0,0.4763352734649746,0.6857423070305224,0.9036320434281871,0.3648109515881675,0.6868017011781865,0.45882740677793554,0.5413143459125564,0.5548512681842361,0.3648109515881675,0.5100760594141144,0.5546598226557059,487
1005,19018,0.0,0.8777555546360793,0.6881953441358264,0.1788307028229977,0.8182805535682245,0.1072653246150208,1.0,0.3793609010073964,0.5868368304573126,1.0,0.4224924276477764,0.4916690593927149,0.7125442614903211,0.3614352373869079,0.4066764371327031,0.4830988657323545,0.6208753162012486,0.7829754493859529,0.3614352373869079,0.5100510097024269,0.555916279037777,488
995,19009,0.0,0.8722963419863733,0.5871156059080451,0.1868271781292431,0.8543724291767312,0.1375423429940414,1.0,0.3471088503445154,0.4575013730024727,1.0,0.41858445411462,0.2525214250621615,0.7947952132712555,0.5043413622292275,0.3664752731120092,0.40230511167349403,0.6357483900600032,0.7297059739472092,0.5043413622292275,0.5099781829924347,0.5113972046115673,489
27,4001,1.0,0.4500888758568122,0.7116459229844906,0.267391001628784,0.4717746206892887,0.3728155553083213,1.0,0.2423983074026519,0.2872116391694465,1.0,0.6413372891010101,0.6511633043775786,0.0,0.6285768574637054,0.5731251483696471,0.2648049732860492,0.6223962355252788,0.5808673994206514,0.6285768574637054,0.5099593866803561,0.4839827588021039,490
64,5022,0.0,0.8769811847781663,0.499940907199288,0.1448287104326692,0.981919197947481,0.0225105354617261,1.0,0.2001166651127754,0.4579481821472607,1.0,0.5570994386655517,0.7142928753128629,0.7390115964200016,0.4808481542887606,0.502600977599604,0.32903242363001806,0.6298516887683753,0.6884610459887271,0.4808481542887606,0.5099381804056141,0.5174816140586185,491
592,14125,0.0,0.5636408320299359,0.6074668909412405,0.2188880800590945,0.4004116600724717,0.2131242030862969,1.0,0.3482617263197713,0.3535339630259556,0.0,0.8471559862112688,0.5967324552134632,0.8212921674167302,0.8079770209287339,0.5662951522103655,0.35089784467286345,0.3664847886435726,0.5855538614855882,0.8079770209287339,0.5098578044088115,0.4544243418789582,492
558,14119,0.0,0.4312421918807549,0.5650195844196583,0.205220177728267,0.3183137659992642,0.32088331905416,1.0,0.3016627831189745,0.5532321299000755,1.0,0.7416414254925885,0.3773380773738196,0.7947952132712555,0.5944481503487452,0.47844367903441587,0.427447456509525,0.5688834525563383,0.49813088815020656,0.5944481503487452,0.509845819377108,0.49064805675773077,493
881,16048,0.0,0.4597441367087186,0.3736298191175524,0.2491863187095805,0.3342615837412194,0.2713377309618285,1.0,0.4445967246635807,0.3745436977170405,1.0,0.767260190556802,0.4225874960477138,0.8212921674167302,0.7028614859709643,0.5027849635053114,0.40957021119031056,0.5709571266825257,0.41668697791313547,0.7028614859709643,0.5097987464873389,0.4704690056161233,494
1515,20399,0.1826590576547239,0.3775085049034593,0.6982646758263505,0.4688539562577148,0.5361034970245961,0.2710161088500202,1.0,0.6237870782472175,0.6628559106586593,0.0,0.901433016801522,0.5301843149005562,0.0,0.5416694133502089,0.40356909733920054,0.6433214944529384,0.45519471242646625,0.5378865903649049,0.5416694133502089,0.5097927336684138,0.5021211016326134,495
992,19033,0.0,0.6785126464671275,0.5931717330893097,0.1994749485567953,0.8557407360477692,0.1829297666055702,1.0,0.2823858708869764,0.7252410428622232,1.0,0.2462005726601073,0.1866386717756399,0.7947952132712555,0.5401911821184902,0.30690861442675066,0.5038134568745998,0.647629090242027,0.6358421897782186,0.5401911821184902,0.509683300564842,0.5023294415023026,496
1442,20303,0.4532684132055056,0.2302164446429116,0.5287532036785814,0.5156141301731814,0.5770490193275624,0.3135879971551158,1.0,0.3038655105138153,0.3819292404897535,0.0,0.6747720012315359,0.198752655351189,0.869453057760477,1.0,0.5490615318871769,0.3428973755017844,0.4812502293311719,0.37948482416074647,1.0,0.5096477465231127,0.4306134942613555,497
1123,20298,0.3932202598211434,0.4110266850381781,0.7346196093353826,0.5216957825141716,0.5815483838825941,0.3277612452846054,1.0,0.3117211175957697,0.3913086736241238,0.0,0.6530613132256988,0.2903368891740698,0.7789425991309047,0.6639688805647354,0.5288902653379541,0.35151489560994675,0.48620108233627424,0.5728231471867804,0.6639688805647354,0.509634361949982,0.4770198448949485,498
2102,30051,0.3484713972187253,0.3091088089779602,0.5519626695552913,0.3178315051045092,0.505120255059403,0.2653611910973255,1.0,0.5234265702579022,0.4105450135030652,0.0,0.3986105052010034,0.3489864077881309,0.9301468010770012,0.8079770209287339,0.5065537778212151,0.4669857918804837,0.4176625902522475,0.43053573926662575,0.8079770209287339,0.5096037373634776,0.4541413044897116,499
2282,30009,0.3384686072321147,0.3876555120480718,0.5081302213907973,0.3564135946330353,0.4417539623396751,0.4583561199198501,1.0,0.4779358381822217,0.5370556484795012,0.0,0.3573599495293849,0.4078625423872961,0.869453057760477,0.6789471770362071,0.4932860392273182,0.5074957433308614,0.45130473537851207,0.44789286671943457,0.6789471770362071,0.5095681210305161,0.474289834234094,500
646,14030,0.0,0.5655032116479267,0.5766425555610933,0.2111670884075774,0.333764540974277,0.2908636166436781,1.0,0.3873950985149412,0.473184739457187,1.0,0.818497513634789,0.4479371491236651,0.7947952132712555,0.4783460157678491,0.5153074690074274,0.43028991898606406,0.5671590492051065,0.57107288360451,0.4783460157678491,0.5095575431284416,0.5176735830331847,501
143,7046,0.7118578162317731,0.2894045446758895,0.5181490228932447,0.5141652520472226,0.815981565797969,0.3030833332376833,1.0,0.3272055648878876,0.367832177549618,0.0,0.4042553213516004,0.3288662596236343,0.9036320434281871,0.7914566825269261,0.5871528601587988,0.3475188712187528,0.526646030216575,0.4037767837845671,0.7914566825269261,0.5095225117143931,0.4564018891042207,502
856,16041,0.0,0.3004430516812464,0.562952135785879,0.2684089623923226,0.3789457809992365,0.2145368656803798,1.0,0.3586240236693749,0.4173896285420125,1.0,0.7668257987333067,0.5187139213782382,0.8212921674167302,0.6789471770362071,0.5267079718820689,0.3880068261056937,0.5723783218143877,0.4316975937335627,0.6789471770362071,0.5093562153999455,0.4740433032569199,503
2433,32006,0.0,0.3116118389734011,0.4226463452550246,0.1959402653514889,0.5602804109854109,0.1467065231212831,1.0,0.3112790383812542,0.3597790768562545,1.0,0.9522361551064538,0.6782658934398667,0.7390115964200016,0.8079770209287339,0.5923784112415805,0.33552905761875434,0.5805854398916366,0.36712909211421285,0.8079770209287339,0.5091932783109359,0.45368411681489934,504
1049,20364,0.325828335174773,0.337107421080716,0.5947298991221847,0.4324704267542378,0.5190559746963193,0.2468930911421223,1.0,0.6501678652436784,0.2604990488273438,0.0,0.5336518045170537,0.1536649573332696,0.9036320434281871,0.7645232988719857,0.47919428511332085,0.4553334570355111,0.4396838985185359,0.46591866010145033,0.7645232988719857,0.5090219576254477,0.4598042326571651,505
127,7026,0.8335046471480598,0.2337113098522656,0.5008827212289277,0.4119905331639294,0.8231165970872776,0.291641582082312,1.0,0.4243189069066387,0.3485736427867573,0.0,0.3547546338406138,0.1453913883126575,0.9036320434281871,0.8514307429854822,0.5593206781823796,0.386446274846698,0.5053497424667037,0.3672970155405967,0.8514307429854822,0.5089812164988078,0.4475482490436531,506
956,18001,0.2665601486762132,0.5613848491550222,0.5301850279100012,0.1686049910242025,0.3653281695388041,0.3325388156328041,1.0,0.5456374692025358,0.2926642693115761,1.0,0.6018237830972717,0.078393715183879,0.869453057760477,0.5725003198007196,0.45405767617946025,0.4191508692570559,0.5732943952391621,0.5457849385325118,0.5725003198007196,0.5087814562142369,0.4939922767718864,507
832,16065,0.4712871487706092,0.4807925911606746,0.7486256225270465,0.2354571521547216,0.3180116091809616,0.2796951264542766,1.0,0.4283175566384894,0.417013194119715,0.0,0.6170212854064017,0.4025357349409331,0.8429462157448122,0.6130176920083639,0.5834475962156891,0.4226653753791022,0.36663277755799195,0.6147091068438605,0.6130176920083639,0.5087149425868221,0.4855398344028597,508
621,14036,0.0,0.3958245796027955,0.550211334133102,0.1935167939285332,0.3432898795453241,0.3711252830473259,1.0,0.298317676463766,0.43539003355686,1.0,0.7889708785626393,0.2919244190792743,0.8212921674167302,0.7097780834867178,0.4755468662646609,0.366853855010313,0.5815863913042366,0.47301795686794873,0.7097780834867178,0.5086981662480375,0.46805249952076544,509
796,16093,0.0,0.3681983828951462,0.4951020124005398,0.2741203598226748,0.3936302267174975,0.1978825148683678,1.0,0.6171617141245902,0.6468659604531237,0.0,0.7112462138238882,0.4045773076208579,0.8212921674167302,0.6902386703647267,0.48427892221536906,0.632013837288857,0.373126620281708,0.431650197647843,0.6902386703647267,0.5085830991722669,0.4711970721295365,510
2077,29057,0.4346167842399759,0.2082256662737217,0.4056574994106425,0.3360787150688654,0.4061295628040685,0.2429842033699707,1.0,0.5971933193141993,0.6053047770966238,0.0,0.9604862869458224,0.6043601035297407,0.0,0.9257153714927412,0.4998657936788848,0.6012490482054116,0.39703849624858095,0.3069415828421821,0.9257153714927412,0.5082234831848975,0.43747077109200233,511
2346,31084,1.0,0.3472675184314499,0.4669068020027238,0.2368037999118514,0.3519592211653622,0.4360617451062543,1.0,0.3291979483944685,0.2766365680432177,0.0,0.6204949706412828,0.6321145636533398,0.8212921674167302,0.8822616494359928,0.7684754254278381,0.3029172582188431,0.40496495323669357,0.4070871602170868,0.8822616494359928,0.5080790053835155,0.4426033651215207,512
2248,30104,0.5688996179029582,0.2370809102031669,0.4656067442112324,0.4715558618138602,0.6365322246475,0.5561549672044377,1.0,0.3474659922531266,0.4174752390713852,0.0,0.2158054645166272,0.4554187971885223,0.9036320434281871,0.8822616494359928,0.5359389807590738,0.3824706156622559,0.5328486107331596,0.35134382720719964,0.8822616494359928,0.5080768389014251,0.4426010060106778,513
1507,20418,0.3932202598211434,0.2883102484785929,0.5478302590818,0.7138105590144646,0.6679812908683673,0.5372211167087572,1.0,0.3478160190106147,0.3994247511240867,0.0,0.6139817849445757,0.3626250199234386,0.7789425991309047,0.6902386703647267,0.5371924159550157,0.37362038506735074,0.5838025933183177,0.41807025378019647,0.6902386703647267,0.5079430264982298,0.47045591274855936,514
523,13035,0.0,0.5358517062391166,0.3908492491240862,0.3124457150593659,0.4965239455703477,0.2486851937474758,1.0,0.3715045607806458,0.383034871264835,1.0,0.7594442434904896,0.3113251963453876,0.7606458862803938,0.6902386703647267,0.4578538315290677,0.3772697160227404,0.611530970875438,0.4633504776816014,0.6902386703647267,0.5078567527175644,0.47035603159470823,515
1065,20515,0.2945235276659142,0.4276759803742796,0.7248922891190801,0.683875587858848,0.684380349918004,0.6869166583392436,1.0,0.3112259444589403,0.3707818425275971,1.0,0.4181502693415651,0.4218913391424453,0.7947952132712555,0.4393817486637565,0.482340087355295,0.3410038934932687,0.8110345192232191,0.5762841347466798,0.4393817486637565,0.5078391080082727,0.5265591629447838,516
140,7043,0.8335046471480598,0.2463565247708272,0.4372838406606411,0.4356455704558847,0.7655940487563482,0.3783591172424554,1.0,0.2708111867182894,0.5020482368828936,0.0,0.2214502806672245,0.339124906757914,1.0,0.8275164340507248,0.5985199586432997,0.3864297118005915,0.5159197472909376,0.3418201827157341,0.8275164340507248,0.5077630872518215,0.44939915395341457,517
1249,20206,0.418388564882842,0.1184803634198648,0.2717650557236629,0.4197516974575948,0.4780759302476339,0.3119106364950931,1.0,0.3205312967091434,0.609186197779315,1.0,0.6656534998460579,0.495178061592688,0.7390115964200016,1.0,0.5795579306853974,0.4648587472442292,0.6419476528400644,0.19512270957176384,1.0,0.5077443026302305,0.42860410243560304,518
1852,24020,0.0,0.675028494105986,0.6852745453201295,0.2155914426349569,0.7037540906882587,0.1933041265673512,1.0,0.4813133722104529,0.4973733374397864,1.0,0.7225358461250819,0.3524528690015464,0.7125442614903211,0.3642408967060074,0.4468832441542374,0.48934335482511965,0.6225299319781133,0.6801515197130578,0.3642408967060074,0.5076828312145623,0.5516243379724308,519
677,15071,0.0,0.5801252232376659,0.4574524617213782,0.2781763742851456,0.4455367869367609,0.1908474991505717,1.0,0.3466011887922032,0.4862893451852015,1.0,0.8671299351248851,0.5731176045428422,0.7789425991309047,0.4825493021521746,0.554797534699658,0.4164452669887023,0.5829121320744957,0.5187888424795221,0.4825493021521746,0.5076513826797212,0.5141283398385629,520
2408,31003,1.0,0.3964459429132179,0.6683643556080994,0.2581363696618491,0.4471567771222018,0.3680885372792144,1.0,0.2062636660629118,0.2887688108751555,1.0,0.618323839725567,0.6222708624084905,0.0,0.7430174073632629,0.5601486755335143,0.24751623846903364,0.614676336812653,0.5324051492606586,0.7430174073632629,0.5076436383261268,0.4615289394309864,521
1757,21193,0.4661875608731715,0.1675101488747966,0.5903885574389284,0.3537538452166144,0.3795318072553413,0.2640117367357206,1.0,0.403690554695997,0.4513620154196361,0.0,0.8688666742171061,0.5171632686886691,0.7789425991309047,0.7914566825269261,0.6577900257274628,0.42752628505781654,0.3994594778415353,0.3789493531568625,0.7914566825269261,0.5075820216420901,0.4542301957626654,522
1495,20375,0.1826590576547239,0.2993948142248797,0.5036589511661931,0.4790699801972384,0.5460969958736375,0.2824566293639998,0.0,0.6630374826380259,0.758865218229213,1.0,0.8367347234561853,0.5208565328251149,0.0,0.6639688805647354,0.38506257848400605,0.7109513504336195,0.4615247210869752,0.4015268826955364,0.6639688805647354,0.5075580308917211,0.47459176539382114,523
538,13050,0.4519602008481309,0.5020582290752527,0.5650195844196583,0.2940079164361758,0.4764615797189635,0.2255018389143595,1.0,0.6171438190794775,0.4491510276171337,0.0,0.8059053270144301,0.3942926667079925,0.7390115964200016,0.4952793414443567,0.5977924477476387,0.5331474233483056,0.39919426701389976,0.5335389067474554,0.4952793414443567,0.5073640232906249,0.5104309879870198,524
152,7050,0.6667863833632685,0.1466357122029172,0.327506397791999,0.3591134830424934,0.7680710035049301,0.2898023287038002,1.0,0.3801673803526924,0.232304266970159,1.0,0.6248372324727143,0.7028728642899811,0.9301468010770012,0.9257153714927412,0.7311608203007413,0.30623582366142565,0.6833973630502447,0.23707105499745812,0.9257153714927412,0.5072471812086536,0.4364205417527906,525
836,16070,0.4358370839449917,0.524577412024189,0.5624289081512561,0.2347288266816828,0.3435256115015471,0.252479559523961,1.0,0.2901372490695341,0.4825039994764881,0.0,0.7229700308981373,0.52740587162169,0.8212921674167302,0.6963643413004936,0.6268762884703873,0.38632062427301106,0.36614679954143814,0.5435031600877225,0.6963643413004936,0.507183031884072,0.4685400972665113,526
5,1006,0.0,0.4656340360517416,0.5435301114473258,0.2124091554203092,0.5241364100557789,0.1646965921966332,1.0,0.522528887542008,0.4659436922739497,1.0,0.9522361551064538,0.5743626096897032,0.7390115964200016,0.4086942135592595,0.5664025903040396,0.49423628990797885,0.5802484315345443,0.5045820737495337,0.4086942135592595,0.506991675680963,0.5350586797800442,527
1501,20411,0.1826590576547239,0.1222955624485528,0.3225774448656947,0.4880567336467959,0.5543758813913031,0.2927506431692362,1.0,0.5029654984472924,0.5889416723768173,1.0,0.8853669378958415,0.5845350655745363,0.0,1.0,0.41314026528127545,0.5459535854120549,0.6670366516414671,0.22243650365712375,1.0,0.5068994277683697,0.4277128037067305,528
559,14014,0.0,0.3885181982779331,0.4755861980646561,0.2083795500523985,0.3010554063641673,0.341244660731443,1.0,0.312694947673624,0.438438718941849,1.0,0.7008249510688047,0.3965514281175654,0.7947952132712555,0.7645232988719857,0.47304289811440636,0.3755668333077365,0.5701359234296017,0.4320521981712946,0.7645232988719857,0.5068723744359422,0.45737834232637986,529
955,18002,0.1160724679560654,0.3432306816963448,0.4560302473381071,0.1853184482078628,0.3180893133565831,0.4389496290260736,1.0,0.5778751696945328,0.2964978923009124,1.0,0.788102509016529,0.2317819468553012,0.7947952132712555,0.673718331962919,0.4826880342747878,0.4371865309977226,0.5884714781181039,0.39963046451722595,0.673718331962919,0.5068029516509828,0.4719862297973146,530
1591,21015,0.0,0.7396214591946257,0.7505977390001375,0.3487450831334455,0.3982899550754489,0.2663724060692642,1.0,0.4108890835875279,0.5451840396742936,1.0,0.9257490204961296,0.5427606709049226,0.8212921674167302,0.2718237133806441,0.5724504647044456,0.4780365616309108,0.6026814888556318,0.7451095990973816,0.2718237133806441,0.5067093005132253,0.5920750486593238,531
1896,25010,0.4211705665827852,0.6637161835068753,0.6166574623714641,0.1169198030418422,0.5487117557980568,0.4391265604810734,1.0,0.0834244615686632,0.5299830083750842,1.0,0.7090750829081724,0.3776216732002705,0.7947952132712555,0.4759009652650052,0.5756656339906209,0.3067037349718737,0.6209516238641944,0.6401868229391697,0.4759009652650052,0.5067037174416372,0.5147110200864932,532
1429,20380,0.1826590576547239,0.2227532008503379,0.5719535877446148,0.4931231486990833,0.5588423756178417,0.29815016451342,1.0,0.4525687553140821,0.5320936554071938,0.0,0.8897089926768322,0.5744253590089554,0.0,0.8822616494359928,0.41169835233512786,0.4923312053606379,0.47002313776606897,0.39735339429747635,0.8822616494359928,0.506694291862806,0.4410960455823327,533
1652,21212,0.0,0.3454656404350936,0.708124686580585,0.3403458308890834,0.4506397809233036,0.2976463950397352,1.0,0.3407782184026776,0.4120662100189386,1.0,0.5544941229767806,0.1899261331841485,0.8212921674167302,0.6963643413004936,0.3914281058944148,0.3764222142108081,0.6177264013704244,0.5267951635078393,0.6963643413004936,0.5066643455387522,0.46794121515617143,534
344,11011,0.0,0.690080001962388,0.6599317975001339,0.2511938818040017,0.42450688201812,0.1890057072729742,1.0,0.4296937765549024,0.4593470535276843,1.0,0.8467215943877735,0.6494707525534772,0.7789425991309047,0.3412974929503528,0.5687837365180388,0.44452041504129336,0.5729412942190192,0.6750058997312609,0.3412974929503528,0.5066148719891579,0.5591961127039626,535
950,18017,0.5102444709002455,0.7337855443301433,0.81847804560531,0.1784292134502095,0.3188187844452967,0.3729223002748472,1.0,0.5503788883753028,0.298107852351313,1.0,0.5966131517197297,0.1962470095124441,0.869453057760477,0.324941198764199,0.5431394224732241,0.4242433703633079,0.5740340596340706,0.7761317949677267,0.324941198764199,0.5065716267731408,0.5660435966966563,536
184,7092,0.6883605645149053,0.2440075171621069,0.4516453437750344,0.464090241250676,0.7790071467718247,0.3356906149477022,1.0,0.4451871293250889,0.397472395228775,0.0,0.2340425708128033,0.3093843719816425,0.9518127218666266,0.8079770209287339,0.5459000572939945,0.421329762276932,0.5157576005940406,0.34782643046857065,0.8079770209287339,0.50651055623199,0.450698252120777,537
704,15083,0.0,0.2529825030883888,0.3908492491240862,0.3176965206860543,0.3901369112149851,0.1985089568551727,1.0,0.4238680318146482,0.5872342045351014,1.0,0.8480243557573786,0.7073391031520193,0.7947952132712555,0.59943370345566,0.5875396680451633,0.5055511181748749,0.5812684777512425,0.3219158761062375,0.59943370345566,0.5064452694365827,0.48554597589938664,538
189,7066,0.8335046471480598,0.2564466218984464,0.499940907199288,0.4039879668930578,0.8169122466971863,0.2985436258268663,1.0,0.3389025281761225,0.3312382988882328,0.0,0.5249674879046309,0.2598552696465928,0.9036320434281871,0.8275164340507248,0.6304898620318676,0.33507041353217765,0.5038887678834221,0.3781937645488672,0.8275164340507248,0.506439966990692,0.4479358353882001,539
1400,20243,0.1826590576547239,0.3348211151684389,0.5575998170426089,0.4857676022683883,0.5523109737600447,0.2914148156708882,1.0,0.4288204601327784,0.4988764675487273,0.0,0.8706036203597669,0.5128553082776754,0.0,0.8822616494359928,0.3915294965730416,0.46384846384075284,0.46589867833986426,0.44621046610552384,0.8822616494359928,0.5064234975864214,0.4408013947795136,540
491,13072,0.1734371177492522,0.346521273260831,0.4355609835024832,0.317750246208026,0.4567976456490408,0.21392029029711,1.0,0.3364983143236619,0.4405811482938222,1.0,0.8684324894440507,0.586933073149992,0.7606458862803938,0.6130176920083639,0.5973621416559222,0.3885397313087421,0.5976936364308354,0.39104112838165705,0.6130176920083639,0.5062551356197448,0.4826069258687045,541
159,7070,0.7493588939345635,,0.3452063428202632,0.3799514312072606,0.9685758284285358,0.176566843400133,1.0,0.3049021870884776,0.3959348904299812,0.0,0.4628745102480649,0.1689734885997498,0.9701320359742358,0.9257153714927412,0.5878347321891535,0.3504185387592294,0.5050188206071858,0.3452063428202632,0.9257153714927412,0.5062222439237443,0.43531853796754894,542
680,15061,0.0,0.3952594371004562,0.5403480890993242,0.313915354409174,0.449850208834375,0.2050877130685637,1.0,0.4068462420095774,0.4478473370480899,1.0,0.904472517263348,0.5966740174664306,0.7606458862803938,0.4952793414443567,0.5654481052525431,0.42734678952883365,0.5937706552624225,0.4678037630998902,0.4952793414443567,0.5062221813020328,0.5089954617802108,543
123,7021,0.6883605645149053,0.2536032152415344,0.4642905362206865,0.4554572901344259,0.7902294954988413,0.3259521074905807,1.0,0.3523064086766428,0.4824912776324742,0.0,0.2401215717364553,0.3371499070907698,0.869453057760477,0.8079770209287339,0.5337712752756518,0.4173988431545585,0.5143277786247695,0.35894687573111045,0.8079770209287339,0.5061918187469544,0.4503437601857877,544
1402,20249,0.4532684132055056,0.1487841939046716,0.3638425535640407,0.4270765036377346,0.4879010896146644,0.3362254164674151,1.0,0.3938822155253926,0.7990523688421529,0.0,0.4780720125571951,0.224339537845636,0.9301468010770012,0.9257153714927412,0.5214566911713345,0.5964672921837728,0.4502406019439628,0.25631337373435614,0.9257153714927412,0.50617379248619,0.43526645719456863,545
1999,28009,0.5967154078961798,0.8409980423108226,0.6552314816898896,0.2613467255336753,0.6808212937585051,0.8738497739308783,0.0,0.4659511960525989,0.6551785758649125,1.0,0.540599174986816,0.6985045471085423,0.0,0.3065239955313138,0.4589547824978845,0.5605648859587556,0.5632035586446118,0.7481147620003561,0.3065239955313138,0.5061727680616611,0.5737957816766653,546
98,7081,0.8335046471480598,0.3538148025036151,0.5887647190543933,0.4112881146245349,0.8050357950347586,0.3162795692504485,1.0,0.321237393326976,0.3892712036859604,0.0,0.3573599495293849,0.090115945747198,0.9036320434281871,0.7171720540196672,0.5461531464632075,0.35525429850646817,0.5065206957819484,0.4712897607790042,0.7171720540196672,0.506142106055554,0.4639110799872292,547
2151,30128,0.0,0.6166377757551433,0.7176307634910005,0.3537921389612339,0.4215746981223102,0.3578715666704348,1.0,0.3653055411173198,0.4916236237776897,1.0,0.5840207580489305,0.5365379355510573,0.7606458862803938,0.3942223662247969,0.4703011449700954,0.42846458244750474,0.6266476807507958,0.667134269623072,0.3942223662247969,0.5061203298519421,0.5387433381195214,548
1636,21092,0.4661875608731715,0.1809505836515448,0.5315977605821658,0.371818740032548,0.4013888266360436,0.2842100771802445,1.0,0.4494877690405054,0.3044013361960386,0.0,0.8801563065182998,0.5937787446838769,0.7789425991309047,0.8822616494359928,0.6797663028015632,0.376944552618272,0.41148352876976724,0.3562741721168553,0.8822616494359928,0.5059111605021183,0.44024402941312396,549
1984,27008,0.6814971807890619,0.6374101565244223,0.6976809091667358,0.4675352464785226,0.7116361962416873,0.4328873501511513,1.0,0.3294935017285838,0.2849988194418243,1.0,0.2713851529512658,0.4443459720939362,0.9518127218666266,0.3804773407294536,0.5872602569252225,0.30724616058520404,0.7224117585742722,0.667545532845579,0.3804773407294536,0.5058040643045287,0.5431198728485018,550
128,7027,0.5361897169012327,0.6280267370718312,0.6496241743415281,0.4474202873490743,0.8420799425574345,0.2654187595601651,1.0,0.3983412078796917,0.4818663723675629,0.0,0.086843269649449,0.1828822962462386,0.8429462157448122,0.5576947390236193,0.4122153746354331,0.4401037901236273,0.5109837978933347,0.6388254557066797,0.5576947390236193,0.5055603864930923,0.49330686532538004,551
698,15015,0.4749494163497731,0.4007227399346941,0.5775559524306617,0.3254995682040333,0.3826011121218942,0.2099297801693076,1.0,0.3673865374906653,0.4284854302057452,1.0,0.4876249057661683,0.1931516803232818,0.8429462157448122,0.5807482395941909,0.4996680545460089,0.3979359838482053,0.583606092099047,0.4891393461826779,0.5807482395941909,0.5053671669689903,0.4881033666644262,552
32,4013,1.0,0.4252261059945281,0.6389714912066646,0.26813256315563,0.474404647766795,0.364802130968358,1.0,0.2349678982430191,0.2889494256118294,1.0,0.6313504181694214,0.6412459645707076,0.0,0.668732778856004,0.5681490956850322,0.26195866192742423,0.6214678683781566,0.5320987986005964,0.668732778856004,0.5052097583002059,0.471006076785026,553
25,4003,0.979629150547926,0.6355584947032283,0.7239828124559942,0.335814684703431,0.6798769975234269,0.2867520709767612,1.0,0.218619701790633,0.4137856171179747,0.0,0.5900999660230226,0.6490204108739203,0.869453057760477,0.4305833690085505,0.7720506463013365,0.3162026594543038,0.46048875064072387,0.6797706535796113,0.4305833690085505,0.5051844796121634,0.5257728868864487,554
2327,31017,1.0,0.1512132259301696,0.4629577717208968,0.2397236464892108,0.3944742601498704,0.331532432872337,1.0,0.331265925547046,0.3849224240169364,0.0,0.5948762055770691,0.6051696227019394,0.8429462157448122,1.0,0.7607480110059551,0.3580941747819912,0.3931460679022837,0.3070854988255332,1.0,0.5051382617942684,0.4258560601271013,555
1436,20299,0.4532684132055056,0.1965179278209879,0.579805577930439,0.5227416809989254,0.5823050856430299,0.3214395503324431,1.0,0.289231213874748,0.3681808405778487,0.0,0.6261397867918796,0.1744497146073948,0.869453057760477,1.0,0.5308277430913142,0.3287060272262984,0.48529726339487966,0.3881617528757134,1.0,0.5050755816706458,0.425790008170441,556
863,16040,0.1466320176491291,0.3316686282163145,0.5564961260138294,0.257381770651126,0.3668681195263047,0.2345205487478749,1.0,0.4054825455271317,0.4709819184328565,1.0,0.633955733858192,0.3206339189415627,0.8429462157448122,0.607375859660376,0.486041971548424,0.43823223197999406,0.5717540877850611,0.4440823771150719,0.607375859660376,0.5050119873989293,0.482239440851966,557
234,8003,0.0,0.3314556368869075,0.3767011466471717,0.1408551725991577,0.7584975274523034,0.1323127920564779,1.0,0.3488240914192162,0.4065460530150271,1.0,0.8897089926768322,0.6309242847953438,0.7125442614903211,0.725114210224383,0.5582943847406243,0.37768507221712166,0.6063330984215878,0.3540783917670396,0.725114210224383,0.504942631796216,0.4612654702091217,558
2388,31027,1.0,0.2702415263307375,0.4616080288730713,0.2358966201652271,0.3480442310492104,0.4792957920859588,1.0,0.3746842245279023,0.2937770815261653,0.0,0.6387321804626789,0.7097407144025429,0.7947952132712555,0.8275164340507248,0.7858170270341194,0.3342306530270338,0.41264732866007925,0.3659247776019044,0.8275164340507248,0.5049205413178819,0.44625658953482866,559
480,13029,0.0,0.6380748618484566,0.5416323882262978,0.2799789316091358,0.4646548565530671,0.2065412347468964,1.0,0.2986266627886086,0.4409313621576787,1.0,0.8363005386831299,0.5737193170165511,0.7606458862803938,0.4696410800785576,0.5426664354950187,0.36977901247314365,0.5902350045818199,0.5898536250373771,0.4696410800785576,0.5048962005581393,0.5141159866349059,560
1734,21070,0.4661875608731715,0.1791146915605813,0.5107251277572414,0.3549826760529661,0.368520980040239,0.2582688455145272,1.0,0.4802230730005439,0.3983512927976959,0.0,0.8996960706588613,0.5425470148942514,0.7947952132712555,0.8079770209287339,0.6758064649243849,0.4392871828991199,0.39635450032154645,0.3449199096589114,0.8079770209287339,0.5048407325723652,0.4488417354942607,561
2173,30003,0.5409829611285887,0.46733104211215,0.6514510020224797,0.5039428262301876,0.6428488013589319,0.4817841610832699,1.0,0.4855069895232357,0.3792155702849168,0.0,0.3877550576728648,0.6560641047684423,0.869453057760477,0.4195561669734354,0.6135637953325932,0.43236127990407625,0.5257151577344779,0.5593910220673148,0.4195561669734354,0.504652610207962,0.5284977315795345,562
170,7109,0.8335046471480598,0.3499328511077721,0.5597732959378608,0.3937810293955399,0.8096473859111305,0.3035897260286471,1.0,0.3389889221871359,0.3042780580854992,0.0,0.3156752090847108,0.1059979429787364,0.9518127218666266,0.8079770209287339,0.5517476302695334,0.32163349013631753,0.5014036282670634,0.45485307352281645,0.8079770209287339,0.5045589000039369,0.4485285441688309,563
1751,21181,0.3859842990059995,0.1959071824906356,0.3736298191175524,0.3364688183088573,0.3992149963178956,0.240367320968176,1.0,0.5312691730318224,0.6148097791850935,1.0,0.9691706035582446,0.6725991263612872,0.0,0.6639688805647354,0.5069385072313828,0.573039476108458,0.5952102271189859,0.284768500804094,0.6639688805647354,0.5045334634820035,0.4710592531676613,564
636,14083,0.0,0.6894056769156428,0.5858617051117035,0.2009990551923587,0.3478782275895191,0.3083815966569342,1.0,0.3509049415709785,0.4720793720187034,1.0,0.7950498794862912,0.4079672448082598,0.8212921674167302,0.4305833690085505,0.5060773229278204,0.41149215679484097,0.5714517758877624,0.6376336910136732,0.4305833690085505,0.5044722792410083,0.5248465182790824,565
622,14035,0.0,0.4924328177745812,0.6064331912231685,0.2182272427472799,0.4795700787758734,0.1716894043071573,1.0,0.2492245012600324,0.4205295009748121,1.0,0.9009986249780269,0.5774785347295975,0.7606458862803938,0.5526306442751081,0.5597807614970045,0.33487700111742225,0.5738973451660622,0.5494330044988749,0.5526306442751081,0.5044492060407585,0.49307508995009064,566
99,7080,0.7493588939345635,,0.4283749501331661,0.3868942736468094,0.957082541394484,0.1840394038918034,1.0,0.318149682080692,0.3922670001226577,0.0,0.2162396492896823,0.0583271357962805,0.9701320359742358,0.8514307429854822,0.4985144287486905,0.3552083411016749,0.5056032437866194,0.4283749501331661,0.8514307429854822,0.5044159686857532,0.4425360975715835,567
126,7025,0.8335046471480598,0.2104220987821336,0.3908492491240862,0.4398668873424108,0.7736252387991556,0.3619577698582198,1.0,0.2932456670978531,0.5537335359266491,0.0,0.1168041930198737,0.2274932909839616,0.9701320359742358,0.9257153714927412,0.5369835417815327,0.4234896015122511,0.5150899791999572,0.3006356739531099,0.9257153714927412,0.5042442600713569,0.4331934039876548,568
174,7098,0.6518232958092514,0.2339231794110048,0.4009476848885993,0.4270954952933927,0.8598433206385637,0.2505739078728357,1.0,0.4476993331691647,0.3439553601742923,0.0,0.5366913049788797,0.2846071967415261,0.8429462157448122,0.8822616494359928,0.5790170033186174,0.3958273466717285,0.5075025447609585,0.317435432149802,0.8822616494359928,0.5041707290455709,0.43835168930802754,569
363,11018,0.0,0.5668386249623713,0.5484305631278117,0.2494596477170626,0.4142656876942204,0.19673786321178,1.0,0.4263793111049715,0.4569272289339197,1.0,0.854103356681031,0.518969921799338,0.7789425991309047,0.4295326736793502,0.5380039694028185,0.4416532700194456,0.5720926397246127,0.5576345940450915,0.4295326736793502,0.5041222209790135,0.5247117019613002,570
1259,20027,0.4532684132055056,0.2568036990285982,0.4501424337437721,0.4400093432850107,0.5041879223429604,0.3256064242636006,1.0,0.3116554643308137,0.5226112012203011,0.0,0.3860182150554245,0.2022659734847509,0.9036320434281871,1.0,0.4862961612934671,0.4171333327755574,0.4539607379783144,0.35347306638618514,1.0,0.5040923092133544,0.4247541096056309,571
2394,31062,1.0,0.2061140256840601,0.4186476299168636,0.2575383793244737,0.4356498747522888,0.4321078345177604,1.0,0.297715509485455,0.3853035360210725,0.0,0.6257056020188245,0.651577879253079,0.8212921674167302,0.9257153714927412,0.7746439121721584,0.34150952275326374,0.4250592177189046,0.31238082780046184,0.9257153714927412,0.5039915362638016,0.4329220289925616,572
2232,30192,0.5689366890539633,0.4111496605246691,0.5258301664190614,0.3450203603484649,0.4402574777891153,0.4002887906977455,1.0,0.4936677650525614,0.4420406544862009,0.0,0.2952670753980388,0.3365148050173957,0.869453057760477,0.6550328681014498,0.5175429068074687,0.46785420976938114,0.43711332576706513,0.4684899134718653,0.6550328681014498,0.503875053604038,0.4718867668517905,573
786,15037,0.0,0.5532932268508123,0.6985553574371804,0.3014336296239156,0.3902298825436943,0.1689274851602709,1.0,0.6106492267494852,0.6786104913475779,1.0,0.7177593995205955,0.4134659235795802,0.8212921674167302,0.2879846213779216,0.48812937262922645,0.6446298590485315,0.5721181994655762,0.6259242921439964,0.2879846213779216,0.5037840870268989,0.5793796438955994,574
678,15070,0.0,0.7373486155569896,0.779490359243203,0.3133593575986076,0.4020598485417674,0.1939473367174495,1.0,0.4559522836883064,0.6837210856033331,1.0,0.863221858066509,0.6285627620252017,0.7606458862803938,0.2291327708084712,0.5631076265930262,0.5698366846458198,0.5818733085715648,0.7584194874000962,0.2291327708084712,0.5037712607571334,0.6134369521519445,575
1620,21124,0.4285940061633923,0.419517448292821,0.6907256943783362,0.3932890907767845,0.438587698304869,0.3068087540023755,1.0,0.2773235097630475,0.4073806691404257,0.0,0.7833260624120422,0.4182263430559941,0.7390115964200016,0.673718331962919,0.5922895020128576,0.34235208945173656,0.4277371086168058,0.5551215713355786,0.673718331962919,0.5037442283564647,0.46842817905187767,576
472,13023,0.4519602008481309,0.3625276003347145,0.5966459256696569,0.2975386800857774,0.4734155176845881,0.2238663266008811,1.0,0.5539210009907305,0.459995292391319,0.0,0.8454190400686084,0.5162043072014729,0.7390115964200016,0.5238807753512185,0.6381487861345535,0.5069581466910247,0.3989641048742493,0.4795867630021857,0.5238807753512185,0.5037157210326519,0.49879692377858903,577
2348,31064,1.0,0.2107432746297378,0.311973264080358,0.2480964104326614,0.3988806533761936,0.4548266391647035,1.0,0.3421239969512194,0.358715417469225,1.0,0.6322187877155316,0.6495982729987272,0.0,1.0,0.5704542651785647,0.3504197072102222,0.6203607405947118,0.2613582693550479,1.0,0.5036606031154868,0.4242994574964212,578
1645,21033,0.0555057041487397,0.2986156374392836,0.6382046358878902,0.3301174372800046,0.3576618567438724,0.2069041566563729,1.0,0.5705827762130141,0.3557656448252753,0.0,0.8367347234561853,0.408234191821608,0.8212921674167302,0.7430174073632629,0.5304416967108158,0.4631742105191447,0.37893669013604997,0.4684101366635869,0.7430174073632629,0.50363371006579,0.4569763684435151,579
2043,29051,0.4346167842399759,0.1700076971517908,0.3767011466471717,0.3376508054762293,0.4084654087423625,0.2473552709195863,1.0,0.6986278537090905,0.6179275208668579,0.0,0.9600521021727666,0.6515765420743561,0.0,0.8822616494359928,0.5115613571217746,0.6582776872879742,0.3986942970276356,0.2733544218994812,0.8822616494359928,0.5035633092548258,0.4376916366586323,580
748,15045,0.0,0.8150907223725644,0.6091676237767683,0.286493739060082,0.4363424876729646,0.189633688346678,1.0,0.4108383463255223,0.4260846290304177,1.0,0.7529310577937822,0.4159526095440914,0.7947952132712555,0.3798178305548511,0.49091972015228225,0.41846148767797,0.5824939830159449,0.7121291730746664,0.3798178305548511,0.5035218353601857,0.5402926362584793,581
1743,21132,0.3859842990059995,0.7505771785656429,0.7677771958165254,0.3316236935436325,0.412422896683323,0.2331088063793969,1.0,0.4802840802064041,0.6958826577068844,1.0,0.9478941003254626,0.5626120364757173,0.0,0.2566316970167711,0.4741226089517949,0.5880833689566443,0.5954310793212705,0.7591771871910842,0.2566316970167711,0.503457600553475,0.5958350583374825,582
362,11035,0.0,0.6674072052185531,0.6169713985439261,0.2477811001649662,0.4438630196129686,0.1753704444242592,1.0,0.7218598634686362,0.4949509182622605,0.0,0.914025203421881,0.5860202595331949,0.7947952132712555,0.3855574417605966,0.5737101690565829,0.6084053908654483,0.3734029128404388,0.6421893018812397,0.3855574417605966,0.5032260236282504,0.537875288966045,583
34,4009,1.0,0.4918532143960989,0.5927785846579252,0.3019989120906153,0.6365242489684095,0.1987108398283725,1.0,0.1193643172196829,0.1997331519866377,1.0,0.5488493068261842,0.5315329007307432,0.852453839938568,0.8079770209287339,0.7332090118738739,0.1595487346031603,0.6274468001774794,0.5423158995270121,0.8079770209287339,0.5028863908694368,0.44667083985126577,584
489,13017,0.4519602008481309,0.2125571888617089,0.3960187319622951,0.2866981449834355,0.4615855516865147,0.2092479120739572,1.0,0.4097880244526353,0.4434796398506186,1.0,0.8037341960987143,0.4283312121772085,0.7606458862803938,0.6844442827380792,0.6111678738511119,0.426633832151627,0.5915063217487815,0.304287960412002,0.6844442827380792,0.5027587224290541,0.4654413809190873,585
1625,21203,0.4661875608731715,0.2148094443150476,0.4731780630258004,0.3670061080107674,0.392343611861626,0.2870922197423484,1.0,0.4580236306283133,0.3421576530597927,0.0,0.8884064383576675,0.6872110873909555,0.7789425991309047,0.8079770209287339,0.7051869214381749,0.40009064184405296,0.40928838792294836,0.343993753670424,0.8079770209287339,0.5026762036030004,0.4464374878979224,586
448,12028,0.7111896332312811,0.4558498691246404,0.8403464337048395,0.3359181200212131,0.3268805087942782,0.1742515299712494,1.0,0.2454779051071357,0.5652758241504643,0.0,0.4324792985793648,0.1544855853280294,0.869453057760477,0.6130176920083639,0.541901893724788,0.4053768646288,0.36741003175734815,0.6480981514147399,0.6130176920083639,0.5025842632516914,0.4782366497629208,587
1296,20077,0.1826590576547239,0.1907804786674287,0.3796859462988168,0.4616789026141357,0.5286935395887068,0.2614992595047252,1.0,0.4863506383360293,0.5201193437022077,1.0,0.8875380688115573,0.664544044872858,0.0,0.7914566825269261,0.43368529283478474,0.5032349910191185,0.6503743403415135,0.2852332124831227,0.7914566825269261,0.5025129215122759,0.4485669318074468,588
822,16020,0.0,0.4644230854685188,0.6265556351723921,0.2516555329465654,0.3799309232418985,0.2253439031261879,1.0,0.382845752139849,0.7274954793067034,0.0,0.863221858066509,0.4767580910678096,0.7789425991309047,0.5372945175374426,0.5297306370663057,0.5551706157232762,0.3713860718629304,0.5454893603204555,0.5372945175374426,0.5024133533611698,0.4940527999140908,589
1768,21136,0.3859842990059995,0.7577156551048048,0.5132579985088492,0.3375571001460333,0.400051054071179,0.2435804032360689,1.0,0.5944181740364527,0.5857858962454305,0.0,0.964394364004198,0.6574978360394391,0.0,0.4290111638173448,0.5019691247624092,0.5901020351409416,0.39623771149065623,0.635486826806827,0.4290111638173448,0.5023738374147125,0.5225966473866634,590
2404,31009,1.0,0.2264237139305755,0.3960187319622951,0.2387019548563628,0.3600793946973331,0.4889442780576689,1.0,0.4421837887161102,0.3168507828601715,0.0,0.6356926800008529,0.678239655358259,0.8212921674167302,0.8275164340507248,0.7838061256939606,0.3795172857881408,0.4175451255222729,0.3112212229464353,0.8275164340507248,0.5023401525161317,0.4434076784935793,591
2293,30037,0.3484713972187253,0.2295814319046499,0.4186476299168636,0.3197740124169869,0.5001118842187937,0.266496823832784,1.0,0.4985644676885289,0.4318926650058661,0.0,0.4051237944229306,0.3461448823791881,0.9301468010770012,1.0,0.5074717187744613,0.4652285663471975,0.41727654409371284,0.32411453091075676,1.0,0.5021577140958844,0.42271744729269534,592
674,15094,0.0,0.3175766206492487,0.4602408695082853,0.3217885266963746,0.3759807267749339,0.2008572985072128,1.0,0.4276465232485468,0.4362163731246568,1.0,0.8219714059201102,0.5785910668645041,0.8212921674167302,0.5896842520574764,0.5554636600503362,0.4319314481866018,0.5797253103957043,0.388908745078767,0.5896842520574764,0.5020558080105961,0.4822642976327994,593
1227,20112,0.3932202598211434,0.1907047812966936,0.5308937488179786,0.5090882522417387,0.572027033151092,0.3178081499007136,1.0,0.3299564693203475,0.4046766286139248,0.0,0.8111159583919718,0.3696872262635402,0.7789425991309047,0.8514307429854822,0.58824151090189,0.36731654896713617,0.47978468705870886,0.36079926505733606,0.8514307429854822,0.5018934220415295,0.43977146650584836,594
2108,30182,0.5634396951732947,0.2392653715553616,0.4101668344392095,0.3579772893581182,0.4241124380762021,0.4074911922533252,1.0,0.6402088994121703,0.6292267066455706,0.0,0.3990446899740585,0.2416391715774072,0.9036320434281871,0.668732778856004,0.526938900038237,0.6347178030288705,0.43791618393752907,0.32471610299728554,0.668732778856004,0.501761892606341,0.4669914622429299,595
205,7017,0.7118578162317731,0.4217622492920956,0.6788305942040641,0.5290722962082122,0.7920699504874186,0.3188827541735206,1.0,0.2692552512663483,0.3108794021902025,0.0,0.3430308167663649,0.1306157747649432,0.869453057760477,0.7336923924214751,0.5137393663808896,0.2900673267282754,0.5280050001738303,0.5502964217480799,0.7336923924214751,0.5016468387276795,0.45616199118161815,596
173,7093,0.4525520897336005,0.2466455199275687,0.3985118677122405,0.4089418160435368,0.8369786003881163,0.2751587961308572,1.0,0.4551441855838884,0.3184827967727881,0.0,0.454190193635642,0.2433436942846923,0.869453057760477,1.0,0.504884758853603,0.3868134911783383,0.5042158425125021,0.3225786938199046,1.0,0.5016365912470111,0.4221691655206596,597
2350,31049,1.0,0.2953560169442878,0.6888336194437232,0.2527393485381201,0.4209325587055347,0.3974822243140249,1.0,0.2423790359582068,0.3110638146585642,0.0,0.615284339263741,0.6341764626348662,0.0,1.0,0.5623652004746518,0.2767214253083855,0.41423082631153596,0.4920948181940055,1.0,0.501499479234019,0.4220249314095221,598
203,7008,0.8582324433958022,0.2794553921075389,0.5729081291618882,0.4097903395027169,0.9271485305117146,0.2096279362621667,1.0,0.2912460123311158,0.3335332719332966,0.0,0.3252279987684638,0.1061716981270074,0.9701320359742358,0.8275164340507248,0.5649410440663774,0.3123896421322062,0.5093133612553197,0.4261817606347135,0.8275164340507248,0.5014310949272908,0.44240489210448963,599
464,13028,0.2796398042993077,0.4468925239029656,0.7320059252319481,0.2852296284846246,0.5721873969540118,0.343738663206962,1.0,0.7017723669329365,0.4132720484769954,0.0,0.2479375188027681,0.3321410767644528,0.869453057760477,0.5064636110869319,0.4322928644067514,0.557522207704966,0.44023113772911965,0.5894492245674569,0.5064636110869319,0.5013524351673752,0.5000827211862796,600
432,12046,0.6190015946419424,0.4471048361389342,0.8170646847541502,0.3828914825863505,0.4231578301397142,0.1666214788755504,1.0,0.622965654969007,0.2262879455887879,0.0,0.7815893233198217,0.2139734049707877,0.9036320434281871,0.4750981894876865,0.6295490915901848,0.42462680027889743,0.394534158320323,0.6320847604465422,0.4750981894876865,0.5013442769112724,0.5081292941751676,601
1782,21102,0.3859842990059995,0.4135647593929516,0.611503698453348,0.3341406310870651,0.3942627386379566,0.2311410434128509,1.0,0.4013051488868341,0.5277971402236206,0.0,0.9409465228052591,0.6024991561245907,0.0,0.7028614859709643,0.48235749448396237,0.46455114455522734,0.3919088826275745,0.5125342289231498,0.7028614859709643,0.5012288479753298,0.46060392738708617,602
655,14013,0.0,0.7335326230494694,0.5939536804073535,0.2198657044994761,0.3801537240673537,0.2271486645778835,1.0,0.4139895907291845,0.4426084521558966,1.0,0.8706036203597669,0.4846909425848876,0.0,0.5807482395941909,0.3388236407361636,0.42829902144254056,0.5654336186289426,0.6637431517284115,0.5807482395941909,0.5012080917106647,0.4830872959693873,603
1785,21107,0.3484713972187253,0.1933532718284473,0.4455013977899933,0.3256279939749922,0.4853809528361785,0.278712539996671,1.0,0.684036793263899,0.5259654085485095,0.0,0.3239253409240787,0.0490559332625143,0.9701320359742358,0.9257153714927412,0.4228961768448885,0.6050011009062042,0.4179442973615684,0.3194273348092203,0.9257153714927412,0.5011775125202574,0.42990262953121483,604
960,18006,0.0,0.4579138830700362,0.5670474622191726,0.1890634992438941,0.3387536568222542,0.3893656050599678,1.0,0.4747666980918478,0.3623784836381285,1.0,0.7225358461250819,0.1339482150110569,0.8212921674167302,0.6020162396286254,0.41944405713821725,0.41857259086498816,0.5834365522252233,0.5124806726446044,0.6020162396286254,0.5011235733648307,0.4786620422269186,605
1014,19012,0.0,0.708181068661979,0.5018162372297665,0.1788904968868377,0.8486538422400403,0.1118455118036427,1.0,0.4234054155804014,0.4770888193406977,0.0,0.6074685992478686,0.696569375122151,0.7606458862803938,0.5251490749484011,0.5161709651626033,0.4502471174605496,0.42787797018610413,0.6049986529458729,0.5251490749484011,0.501095255223412,0.4952559614742574,606
2316,31046,1.0,0.2702749694607038,0.5899849250243449,0.2554754911675255,0.4278006395273532,0.4160472599914975,1.0,0.2703172307312753,0.3474495250072135,0.0,0.6222319167839434,0.6408570107931709,0.0,1.0,0.5657722318942786,0.30888337786924436,0.41986467813727524,0.4301299472425243,1.0,0.5009899773773048,0.4214890505626835,607
2317,31045,1.0,0.1573499253958806,0.3225774448656947,0.2580459465648611,0.4375656978941684,0.4523907106402749,1.0,0.3171307508940246,0.4103587589867394,1.0,0.630916233396366,0.6658420239597631,0.0,1.0,0.5741895643390322,0.363744754940382,0.6296004710198609,0.23996368513078764,1.0,0.5009709240144957,0.42146901337135995,608
114,7007,0.6518232958092514,0.3280901898193846,0.7465238479122107,0.4106086423370403,0.8674216175564635,0.2429047441226122,1.0,0.3808436742791551,0.2842907467731725,0.0,0.5275728035934018,0.3330630035530255,0.0,0.9257153714927412,0.37811477573891966,0.3325672105261638,0.5041870008032232,0.5373070188657977,0.9257153714927412,0.5009091236300183,0.429614873790552,609
2259,30134,0.0,0.5872594089102631,0.3603683609836935,0.3760275738093706,0.4678194687706473,0.545248883523302,1.0,0.3407091307076249,0.4093277301114895,1.0,0.5110725399146661,0.3187803563081804,0.869453057760477,0.6159540418574678,0.4248264884958308,0.3750184304095572,0.677819185220664,0.4738138849469783,0.6159540418574678,0.5008490218946671,0.4756050530415051,610
2288,30088,0.0,0.1975808998450876,0.4123515176257732,0.3707373645327105,0.4507198211212452,0.4768712074938935,1.0,0.4231609346949438,0.4733178303174851,1.0,0.5136778556034372,0.2279105865059562,0.8429462157448122,0.8822616494359928,0.39613366446355136,0.4482393825062144,0.6596656786295698,0.3049662087354304,0.8822616494359928,0.5008468594356575,0.43474224446528087,611
1816,22016,0.0,0.8916881424054044,0.768078842655688,0.2724294580980803,0.4522830139409228,0.1901898641097799,1.0,0.3003357258209079,0.8015890099186926,1.0,0.8202344597774498,0.4832610517154412,0.7789425991309047,0.2265061171241892,0.5206095276559489,0.5509623678698002,0.5829804672297566,0.8298834925305463,0.2265061171241892,0.5005840674441647,0.610346269739143,612
2211,30067,0.3484713972187253,0.2696774833360817,0.4501424337437721,0.3220748095971764,0.4942578281285853,0.2708744027254366,1.0,0.524987585998826,0.4634167841702068,0.0,0.3968736625835629,0.2204595354269479,0.9518127218666266,0.8822616494359928,0.47940432927396565,0.4942021850845164,0.41744140809023966,0.3599099585399269,0.8822616494359928,0.5004937759285426,0.43435917630683735,613
1420,20368,0.1826590576547239,0.258994547683629,0.4056574994106425,0.4972299731564219,0.5623605857697564,0.3043012319826154,1.0,0.3633204444646652,0.4334355373545241,0.0,0.8245767216088813,0.381484203168774,0.7789425991309047,0.9257153714927412,0.5419156453908209,0.3983779909095947,0.47277835818175873,0.33232602354713575,0.9257153714927412,0.5004783419821092,0.4291530876719444,614
1522,20405,0.1627695631497328,0.3628935386019314,0.3638425535640407,0.398016381224382,0.4461291370547309,0.2353103639552367,1.0,0.5611364185457802,0.2826086482428165,0.0,0.6891011339945561,0.3213466344702042,0.7947952132712555,1.0,0.49200313622143715,0.42187253339429837,0.41589117644686996,0.36336804608298606,1.0,0.5003744347616967,0.4208418205126522,615
1758,21173,0.3484713972187253,0.2415678215862479,0.4560302473381071,0.3382370175434496,0.4554236991212317,0.3167825938701627,1.0,0.4673450563107163,0.5097270933182181,0.0,0.4472428231658798,0.5378432832937948,0.869453057760477,0.7914566825269261,0.5507526403597193,0.4885360748144672,0.4220886621069688,0.3487990344621775,0.7914566825269261,0.5003246123983227,0.44612652641447265,616
2209,30065,0.0,0.5206334017236512,0.6050390476787662,0.3664855517764956,0.448701399154341,0.4741735948188731,1.0,0.4571476674685192,0.5119908719552286,1.0,0.5254016726776858,0.3132794279470796,0.8212921674167302,0.4209947129370978,0.4149933170103739,0.4845692697118739,0.657872109149942,0.5628362247012086,0.4209947129370978,0.5003102793411993,0.5223722790365712,617
271,8039,0.160498267682752,0.1750499418379763,0.3062446592022165,0.1439681227012038,0.7526530988584107,0.1228961052862342,1.0,0.4286578956022774,0.4786369546407368,1.0,0.8940512545082646,0.6347205603990436,0.7125442614903211,0.7914566825269261,0.6004535860200954,0.45364742512150713,0.6039034653691697,0.2406473005200964,0.7914566825269261,0.500258771171395,0.44605314147113545,618
2051,29046,0.0381689124905122,0.2987985150678702,0.4836081215358098,0.3430468476570915,0.4446037700152231,0.2764133487291895,1.0,0.3748194028345766,0.4463837464548457,0.0,0.7472862416431851,0.4580561765005236,0.7947952132712555,0.9257153714927412,0.5095766359763692,0.41060157464471114,0.41281279328030085,0.39120331830183996,0.9257153714927412,0.5000951633334048,0.4287424141577861,619
112,7005,0.8335046471480598,0.2325153273865523,0.3492050581584243,0.4204002419757572,0.7756765310945529,0.3634791572101636,1.0,0.2981512258961086,0.4910622623739858,0.0,0.2210160958941689,0.275192555785209,0.9701320359742358,0.9257153714927412,0.5749613337004185,0.3946067441350472,0.5119111860560948,0.2908601927724883,0.9257153714927412,0.5000712710035964,0.4287168100459648,620
530,13064,0.4519602008481309,0.171555591051369,0.311973264080358,0.2895586047218356,0.457885386716728,0.2080843646289456,1.0,0.4918101957428185,0.5109452408003299,1.0,0.8319582768516984,0.4624552422672922,0.7606458862803938,0.6963643413004936,0.6267549015618787,0.5013777182715742,0.5911056712135018,0.24176442756586353,0.6963643413004936,0.5000706478815264,0.4603414421377718,621
689,15016,0.1734371177492522,0.4889701229800841,0.5315977605821658,0.3146552651435447,0.445112776300801,0.2056341118943185,1.0,0.4041401602011591,0.422747421353555,1.0,0.8219714059201102,0.5684602221825309,0.7606458862803938,0.4300567337219686,0.5811286580330717,0.41344379077735705,0.5930804306677329,0.5102839417811249,0.4300567337219686,0.500066777976417,0.5192823551063102,622
1685,21164,0.0,0.5248872066115813,0.7327442793049043,0.3563994260037785,0.3949400844055449,0.2844486533722989,1.0,0.3230858073264603,0.4244058780333132,1.0,0.936170283251214,0.4763000273507045,0.7947952132712555,0.3965026664028639,0.5518163809682934,0.37374584267988675,0.6071576327563244,0.6288157429582428,0.3965026664028639,0.49990604384328635,0.5297231539445267,623
1235,20075,0.1952794711632106,0.2378376018741615,0.4406477225796021,0.6220218579748878,0.7582402044811292,0.4347157595963723,1.0,0.265819076894709,0.3949027447902082,1.0,0.8015632722334385,0.7674824166023329,0.0,0.8275164340507248,0.4410812899997455,0.3303609108424586,0.7629955644104778,0.3392426622268818,0.8275164340507248,0.4998771429443745,0.44069177178306373,624
934,17031,0.3024799758214906,0.593920290135558,0.5409921845824918,0.3155374733729555,0.3322969389126663,0.1767902188367083,1.0,0.3797787608043047,0.57081547822621,1.0,0.8953538088274298,0.3230186172581665,0.0,0.538733063501105,0.3802131004767717,0.4752971195152574,0.5649249262244661,0.5674562373590248,0.538733063501105,0.49987083695182316,0.4906014672665251,625
1716,21097,0.0,0.1560899309600439,0.3174079620274858,0.3579447248267475,0.3857922708061029,0.2810253527609434,1.0,0.3601503668565231,0.4200343603936033,1.0,0.9999999999999998,0.6338249066495361,0.7789425991309047,0.9257153714927412,0.6031918764451101,0.39009236362506317,0.6049524696787587,0.23674894649376482,0.9257153714927412,0.49982956774251536,0.42845780699041747,626
1596,21005,0.4749494163497731,0.3095421610631838,0.6652305706297863,0.3311632444557777,0.360549206792553,0.2099249680537771,1.0,0.5126316843915093,0.3441340212384235,0.0,0.8666955433013903,0.354310864795672,0.0,0.9257153714927412,0.4239889561117089,0.4283828528149664,0.38032748386042153,0.48738636584648504,0.9257153714927412,0.49973415975290214,0.42835557883799047,627
1201,20036,0.3932202598211434,0.1869073173358116,0.4731780630258004,0.7092374484966761,0.6617344426534669,0.4504806489367111,1.0,0.329918237010255,0.3854883821700453,0.0,0.2692140220355501,0.3388453536959409,0.869453057760477,1.0,0.4676831733282778,0.3577033095901502,0.5642905080173708,0.330042690180806,1.0,0.4997001886711167,0.42013309340073135,628
1922,26016,0.0,0.2857901769799539,0.3603683609836935,0.084916730205777,0.8919544654739321,0.2251584079656658,1.0,0.3381128802488388,0.3913417884618219,1.0,0.9270515748152952,0.6169066303511145,0.6784442506275288,0.7430174073632629,0.5556006139484846,0.36472733435533033,0.640405920729075,0.3230792689818237,0.7430174073632629,0.4996879651443663,0.45250550287130786,629
352,11014,0.0,0.5764333218823452,0.7371703675915428,0.2445636730415917,0.4865560255758036,0.1676792640540001,1.0,0.8273502980614981,0.3976386841484413,1.0,0.788102509016529,0.4599472312880088,0.7947952132712555,0.2614240035428415,0.5107112383939483,0.6124944911049697,0.579759792534279,0.6568018447369439,0.2614240035428415,0.49964449185551835,0.5874758451271044,630
430,12051,0.7111896332312811,0.3226581118547154,0.5329919041265682,0.3367816114576727,0.3288756879290053,0.1761481317247293,1.0,0.2154186736006278,0.6049832634200312,0.0,0.47763782778414,0.1229717747849105,0.869453057760477,0.8822616494359928,0.5453130733902022,0.4102009685103295,0.3683610862222815,0.42782500799064177,0.8822616494359928,0.4995235651801473,0.4333069210227664,631
2320,31006,1.0,0.3023055491736451,0.4980317856262841,0.2336198611730365,0.3381204606967005,0.39095209573438,1.0,0.2509313417060181,0.3016800823868814,0.0,0.6178896549525119,0.6553533712758336,0.8212921674167302,0.9257153714927412,0.7736337984112689,0.2763057120464497,0.3925384835208234,0.4001686673999646,0.9257153714927412,0.49946564239687674,0.4280678929283904,632
137,7039,0.8335046471480598,0.2413012826601047,0.3985118677122405,0.4131785759774051,0.7937340903148947,0.3335481354179795,1.0,0.2796570046139038,0.4270031407379445,0.0,0.3039513920104617,0.2281109342619792,0.9701320359742358,0.9257153714927412,0.5839247523486841,0.35333007267592415,0.5080921603420558,0.3199065751861726,0.9257153714927412,0.4993397331197929,0.4279330087244316,633
2372,31072,1.0,0.1255751622738893,0.3062446592022165,0.2406284205799819,0.3682228110614811,0.5068079374770883,1.0,0.5265330997927248,0.3420313789293097,0.0,0.6356926800008529,0.6689984778538925,0.8212921674167302,1.0,0.7814958313178688,0.43428223936101723,0.4231318338237102,0.21590991073805288,1.0,0.4992170419292906,0.4196253854761345,634
307,10016,0.0,0.4643739927512894,0.4486178983668503,0.1744762855304155,0.4994680929847928,0.2377643994824714,1.0,0.4234533360952857,0.3587265499400919,1.0,0.8653929889822247,0.4934434412387908,0.7390115964200016,0.5686027970051493,0.5244620066602542,0.3910899430176888,0.5823417555995359,0.4564959455590698,0.5686027970051493,0.49920957390675214,0.48322721360945126,635
539,13056,0.0,0.4824706525066344,0.5513821016331498,0.3193404329748733,0.4784199006856514,0.2282086554722708,1.0,0.3437330214722284,0.4189842918755364,1.0,0.7511941116511214,0.5315902248911131,0.7606458862803938,0.5086287365465932,0.510857555705657,0.38135865667388236,0.6051937978265591,0.5169263770698921,0.5086287365465932,0.4991964603037762,0.49686584975450565,636
1793,21082,0.4661875608731715,0.2551428097472405,0.4406477225796021,0.3686455104264755,0.3954554145529877,0.2728631836042654,1.0,0.5006639104627284,0.3077836297649605,0.0,0.9040381254398528,0.6789220083283692,0.7789425991309047,0.7645232988719857,0.7070225734430746,0.40422377011384447,0.4073928217167458,0.3478952661634213,0.7645232988719857,0.499093080878152,0.4486206446622772,637
914,17019,0.4661875608731715,0.3402522067511667,0.550211334133102,0.326500540811248,0.3364460091678147,0.1921243979252287,1.0,0.5046861928318459,0.3967006827412364,1.0,0.8528008023618658,0.4266569670072244,0.0,0.6189731165776511,0.4364113325605654,0.45069343778654114,0.5710141895808583,0.44523177044213436,0.6189731165776511,0.49904121848614924,0.472881773897286,638
483,13046,0.2159380441879529,0.3352044032300511,0.5879433709049394,0.2801468548356985,0.5794522577400676,0.3519068235326974,1.0,0.4399758193237713,0.5055222586217365,0.0,0.3169778669290961,0.3412283660068066,0.869453057760477,0.7336923924214751,0.43589933372108314,0.4727490389727539,0.4423011872216927,0.46157388706749525,0.7336923924214751,0.4987673801930178,0.45289137417633824,639
130,7031,0.7816701763066666,0.3395753653652639,0.5273017648072774,0.379956902560468,0.8215799507342283,0.2765367390420408,1.0,0.4231228165603006,0.2467035087990019,0.0,0.3452019476820807,0.0932034303244982,0.9036320434281871,0.8079770209287339,0.5309268994353582,0.33491316267965127,0.49561471846734745,0.43343856508627066,0.8079770209287339,0.49875531893325115,0.4420889632494811,640
844,16111,0.565820037979442,0.2989916745909877,0.4355609835024832,0.2405132451282526,0.3038321819087332,0.3043315825455981,1.0,0.4814444759424885,0.4371441746291741,1.0,0.7581414821208841,0.2161318598276374,0.869453057760477,0.5330912311531171,0.6023866094221101,0.4592943252858313,0.5697354019165168,0.36727632904673546,0.5330912311531171,0.49875448571351466,0.49052159709955834,641
2272,30121,0.5967154078961798,0.3004505627421919,0.4206658505700655,0.2751890378119864,0.6318678242449085,0.5155409631980268,1.0,0.3005349235362531,0.3155537288204667,1.0,0.3938341621217369,0.6281713694198725,0.8429462157448122,0.6594077639142162,0.6154167887956503,0.30804432617835986,0.6845195650509843,0.3605582066561287,0.6594077639142162,0.4987232008004633,0.46508887497561247,642
7,1005,0.0,0.8265488982412111,0.7166564726654558,0.2112898047047257,0.5042287683505436,0.1774492706378336,1.0,0.3655768293454018,0.5276959358314319,1.0,0.904906702036403,0.5194332669681031,0.7606458862803938,0.2826760663231517,0.546246463821225,0.44663638258841687,0.5785935687386206,0.7716026854533335,0.2826760663231517,0.4985168263965976,0.5744834438460612,643
974,19048,0.0,0.9097161817461938,0.7368674992175456,0.1830309491025746,0.8110020774463076,0.1206351798074401,1.0,0.5028770110389671,0.5374529106589827,1.0,0.2084238057485898,0.1308483870467281,0.7947952132712555,0.4069862879279984,0.28351685151664335,0.5201649608489749,0.6229336412712645,0.8232918404818697,0.4069862879279984,0.4984930057151679,0.5244195724316979,644
1827,23011,1.0,0.6010889942702009,0.4470711062141527,0.2108876836263932,0.2979628586654372,0.2143810007183535,1.0,0.377256273929704,0.3146692832331953,1.0,0.5570994386655517,0.6076179519092644,0.8429462157448122,0.414440789422829,0.7519159015799071,0.34596277858144964,0.5446463086020368,0.5240800502421767,0.414440789422829,0.49846499626469937,0.522008662154219,645
888,16005,0.0,0.2486739551061213,0.4206658505700655,0.2733410038919789,0.3777265586175773,0.2104753741985985,1.0,0.4202036377803043,0.4715156735914539,1.0,0.5909683355691329,0.3706034645519476,0.8212921674167302,0.8079770209287339,0.44571599188445266,0.4458596556858791,0.5723085873416309,0.3346699028380934,0.8079770209287339,0.49840278973482655,0.4416984022622967,646
869,16030,0.0,0.5278670870429525,0.4264996201026877,0.2281320818678073,0.3563407197422826,0.2306721412307701,1.0,0.2377997739871152,0.5388362027905889,1.0,0.8189319054582842,0.5564215434151587,0.7947952132712555,0.5431683198140091,0.5425371655361746,0.388317988388852,0.5630289885681721,0.4771833535728201,0.5431683198140091,0.4983718403760259,0.4877623350860439,647
1011,19022,0.344059369230186,0.3730380986916605,0.4033287599399012,0.1933652043517165,0.8850206439951277,0.162317937293893,1.0,0.2101502374477101,0.3650087180165265,1.0,0.5740338871173423,0.6279513588771681,0.7947952132712555,0.725114210224383,0.5852099571239879,0.28757947773211834,0.6481407571281474,0.38818342931578087,0.725114210224383,0.49823756423939464,0.45362186585423425,648
1499,20384,0.3706292612258043,0.2055911615980442,0.623062350172732,0.4870894582208225,0.5750923501780993,0.3122253756890373,1.0,0.2496725750221107,0.3145813051001719,0.0,0.7420756102656434,0.5108513476490889,0.7606458862803938,0.9257153714927412,0.5960505263552326,0.2821269400611413,0.4748814368175919,0.41432675588538814,0.9257153714927412,0.4979969198028345,0.4264950076675,649
1100,20526,0.325828335174773,0.2909848748377073,0.5690372555465255,0.4374419401361198,0.5252603250864105,0.2567448143387532,1.0,0.4573531212922972,0.2882130879904083,0.0,0.5644812009588092,0.1575901593515438,0.9036320434281871,0.8822616494359928,0.48788293472832833,0.3727831046413528,0.4438894159122567,0.4300110651921164,0.8822616494359928,0.49799471554840796,0.43164982329942253,650
1270,20025,0.1952794711632106,0.3512627693333313,0.5714730727228845,0.5688626561164712,0.7826936964057503,0.3892680513138147,1.0,0.1998591510482376,0.3590402703950094,1.0,0.8137212740807425,0.6771788523442436,0.0,0.7532318055434659,0.42154489939704914,0.2794497107216235,0.7481648807672073,0.46136792102810786,0.7532318055434659,0.4979940723225436,0.4490534673778058,651
1060,20118,0.3932202598211434,0.1601017924656442,0.4123515176257732,0.5039309554936485,0.5679108332244364,0.3105688575159496,1.0,0.3811706324542658,0.4588817984828446,0.0,0.7112462138238882,0.4252022305121397,0.7789425991309047,0.9257153714927412,0.577152825822019,0.42002621546855523,0.4764821292468069,0.2862266550457087,0.9257153714927412,0.49792081092895696,0.42641353267908966,652
734,15101,0.0,0.8187178349153341,0.6963555542533466,0.3016924117320704,0.3683366892000479,0.1795416296133882,1.0,0.4404380961589672,0.740757441902167,0.0,0.6717325007697099,0.3667053728762864,0.8212921674167302,0.3976612729862104,0.4649325102656816,0.590597769030567,0.3699141461091013,0.7575366945843404,0.3976612729862104,0.497897477602283,0.5266797042153396,653
1698,21138,0.4749494163497731,0.332464325942744,0.5370675366228737,0.3300103592223108,0.3917817960498292,0.2216118539358567,1.0,0.3489930003846662,0.4925312237831855,0.0,0.6587061293762957,0.3694491792281126,0.8429462157448122,0.7336923924214751,0.5865127351747483,0.42076211208392583,0.38868080184159937,0.4347659312828088,0.7336923924214751,0.49789221630505825,0.45189825789509613,654
1009,19044,0.0,0.6275125663034186,0.5416323882262978,0.1708226590023741,0.9017467545124698,0.0893967971282698,1.0,0.5988163279332269,0.2716582086119515,0.0,0.4420321917883381,0.4084079873667514,0.7606458862803938,0.6902386703647267,0.4027715163588708,0.43523726827258924,0.43239324212862273,0.5845724772648582,0.6902386703647267,0.49785202162452247,0.4588022320275907,655
1055,20439,0.2820211445059131,0.3677125821831218,0.6137893761959246,0.4672560006460289,0.5586836636321468,0.305924876570624,1.0,0.2109006804833602,0.5273925363574574,0.0,0.6860616335327301,0.3540607319293581,0.8429462157448122,0.668732778856004,0.5412724314282034,0.3691466084204088,0.46637290816975996,0.49075097918952315,0.668732778856004,0.4978429692426393,0.46243672830138227,656
1787,21019,0.4749494163497731,0.6044086077229885,0.7251184436994803,0.3366734416735563,0.3800504410372349,0.2292217790991877,1.0,0.3318657832530493,0.4490777012449009,1.0,0.8376030930022955,0.4494068000086416,0.8429462157448122,0.3068563060771436,0.6512263812763806,0.3904717422489751,0.5891891323619958,0.6647635257112344,0.3068563060771436,0.4977780153479569,0.5617730185219754,657
490,13083,0.0,0.4493068371018633,0.5416323882262978,0.3136273273845026,0.4606332797723452,0.21342336956286,1.0,0.3704939612347876,0.520686873989253,1.0,0.8384714625484049,0.5361108600326856,0.7606458862803938,0.4337987121286063,0.5338070522153711,0.4455904176120203,0.5975367953439416,0.4954696126640805,0.4337987121286063,0.49773481262143143,0.5151402174867864,658
884,16009,0.062722153472764,0.3598508856216842,0.5484305631278117,0.2469164455557505,0.2870131000626824,0.3336066098204395,1.0,0.3272647026426063,0.6795775397359067,1.0,0.630916233396366,0.1735724396829212,0.8429462157448122,0.544688488070392,0.4275392605742159,0.5034211211892565,0.5735072310877745,0.45414072437474795,0.544688488070392,0.4976878008106269,0.4865855361350127,659
332,11037,0.6111931629490474,0.9717853201944848,0.7166564726654558,0.2363582997257424,0.4537579074765304,0.1660240165527882,1.0,0.3224056263525462,0.5427779778162825,1.0,0.8675641198979409,0.5823954485243197,0.7947952132712555,0.2048644994691421,0.7139869861606408,0.43259180208441433,0.5712280447510122,0.8442208964299703,0.2048644994691421,0.4976226979135499,0.6212387684117653,660
694,15125,0.0,0.2784264725175767,0.4731780630258004,0.3055853637812454,0.4265598261307429,0.1870512168671876,1.0,0.614814474682448,0.6787491871222543,0.0,0.9283543361849008,0.5943036362958595,0.7606458862803938,0.5725003198007196,0.5708259646902885,0.6467818309023512,0.3838392813558352,0.37580226777168857,0.5725003198007196,0.49754139071280035,0.4803884822745918,661
2144,30166,0.3384686072321147,0.1359615362915566,0.3367255473426092,0.3555312172971614,0.4357876799281259,0.4328214941655373,1.0,0.6485934607412724,0.6825688484351222,0.0,0.3925315042773514,0.5053495014163074,0.869453057760477,0.8275164340507248,0.5264506676715626,0.6655811545881973,0.44482807827816495,0.2363435418170829,0.8275164340507248,0.49752424755370633,0.4381004079509753,662
118,7014,0.8335046471480598,0.2256883984153212,0.4406477225796021,0.4210685012417444,0.8113756145783677,0.3081347261432389,1.0,0.3659978953279917,0.4108585466661345,0.0,0.2622666515657879,0.0021635838703651,0.9036320434281871,0.9257153714927412,0.5003917315031,0.3884282209970631,0.5081157683926703,0.33316806049746167,0.9257153714927412,0.4974447845789963,0.42590401437324993,663
653,14016,0.0,0.5943721586162645,0.5824435576956839,0.2237897895563457,0.3822843723555984,0.2183121570722006,1.0,0.3116277751420857,0.4914395287654614,0.0,0.8823274374340155,0.5190094231262655,0.7947952132712555,0.6428874255124083,0.5490330184578841,0.40153365195377355,0.36487726379682894,0.5884078581559742,0.6428874255124083,0.49734312868708924,0.46642993987873005,664
1866,24008,0.3797002956194488,0.6639044667172412,0.5383919711269288,0.2381019657841893,0.6221668547178546,0.2334327103358955,1.0,0.2251673539213952,0.305333253723055,1.0,0.6356926800008529,0.4137658044049087,0.7606458862803938,0.5630100464373469,0.547451166576401,0.2652503038222251,0.6187403061675878,0.601148218922085,0.5630100464373469,0.4972805563144052,0.48208410470073904,665
1723,21051,0.4661875608731715,0.6323658026248686,0.5409921845824918,0.3370935805879178,0.3404034971087754,0.2091649384609513,1.0,0.4115136319514159,0.3135372319090067,1.0,0.8393400391449564,0.4342648288104926,0.0,0.5686027970051493,0.43494810720715515,0.36252543193021125,0.5773324032315289,0.5866789936036803,0.5686027970051493,0.49714408610550537,0.480729306855167,666
158,7060,0.6883605645149053,0.2029218198684936,0.3492050581584243,0.4458291038256704,0.7817918979954808,0.3448971432354031,1.0,0.3173644591787894,0.5344766969589972,0.0,0.1363438536352155,0.2116384283696346,0.9701320359742358,1.0,0.5016187206234979,0.42592057806889333,0.5145036290113109,0.276063439013459,1.0,0.4970727315284631,0.4173735507021992,667
281,9008,0.0,0.5415937553741097,0.6670047152001835,0.3050375427269108,0.3833714292181915,0.173438199413271,1.0,0.5824688315341704,0.6905148883468537,1.0,0.6730352621393154,0.3464615746939863,0.8212921674167302,0.2989973887621747,0.460197251062508,0.636491859940512,0.5723694342716746,0.6042992352871466,0.2989973887621747,0.4968972001167055,0.5641782483556976,668
1430,20294,0.1826590576547239,0.2217842483824705,0.4574524617213782,0.4539747529974286,0.5203585409103708,0.2516406069361174,1.0,0.3932314197970524,0.4408678037888859,1.0,0.6209291554143379,0.3050076797631313,0.7947952132712555,0.6963643413004936,0.4758477765258622,0.4170496117929692,0.6451947801687833,0.33961835505192434,0.6963643413004936,0.49686094141298237,0.45665102975170646,669
2185,30049,0.6258260362228523,0.492061814482067,0.3704667967482067,0.4026999429302924,0.5005614737092501,0.5530429045320244,1.0,0.3314965243183627,0.4232524543362602,0.0,0.4845854053043423,0.4427116160862058,0.8429462157448122,0.6319793675308782,0.5990173183395531,0.37737448932731144,0.49126086423431337,0.43126430561513684,0.6319793675308782,0.4968143138570171,0.46780719803762866,670
1684,21085,0.4661875608731715,0.458362290175681,0.6721555786937015,0.3437530963493942,0.3453092691243599,0.2220109542301978,1.0,0.3299523027739346,0.3279261668254918,1.0,0.8506296714461501,0.3713045118400888,0.7947952132712555,0.4502284204487662,0.6207292393576664,0.3289392347997132,0.5822146639407904,0.5652589344346912,0.4502284204487662,0.4967710428345067,0.5091398779546146,671
742,15036,0.0,0.4500789028921794,0.6265556351723921,0.3026721215248978,0.4509010917340236,0.2057311446401593,1.0,0.5104708312033945,0.4585647658880554,0.0,0.8471559862112688,0.581734104831641,0.7606458862803938,0.5401911821184902,0.5473839943308259,0.48451779854572496,0.39186087157981614,0.5383172690322857,0.5401911821184902,0.4966654005564789,0.4863433820322131,672
1175,20163,0.418388564882842,0.1466244796548625,0.3603683609836935,0.4232590192480193,0.4828366056133849,0.3329240041090029,1.0,0.3954343242772907,0.6311614443654299,0.0,0.4732957730031486,0.2791404132759235,0.9036320434281871,1.0,0.5186141986475253,0.5132978843213603,0.44780392579408146,0.253496420319278,1.0,0.4966548959033383,0.41693504543094456,673
778,15122,0.0,0.5879528266405176,0.7956394581748653,0.3144666440351223,0.3949536997414067,0.1940465153158637,1.0,0.4886738727955637,0.7753638583666891,1.0,0.8449848552955526,0.5473036067909313,0.7789425991309047,0.2192117884588112,0.5428077653043472,0.6320188655811264,0.5806933718184786,0.6917961424076915,0.2192117884588112,0.4966300576767375,0.6092917178913511,674
89,7036,0.8582324433958022,,0.3410507756685701,0.3798293936456309,0.9627778854989976,0.1750486692168833,1.0,0.2780648248739188,0.363521631449946,0.0,0.2605297054231272,0.1226852677851781,0.9518127218666266,1.0,0.5483150346176835,0.3207932281619324,0.5035311896723023,0.3410507756685701,1.0,0.49661536584821175,0.41689356466258953,675
684,15030,0.0,0.4314157490439365,0.6509972395272621,0.3121466040840007,0.4210656918367331,0.1960983138649445,1.0,0.4786275239273457,0.5742912490517715,1.0,0.8983933092892558,0.6787509384459918,0.0,0.4588066026458581,0.3942860619338119,0.5264593864895586,0.5858621219571356,0.5412064942855993,0.4588066026458581,0.4965841750364662,0.5065049331423859,676
2242,30203,0.3484713972187253,0.2596018214678753,0.41659021807376,0.3265801502577351,0.4830354794015687,0.2875869785460894,1.0,0.6195336144301065,0.5778520402477414,0.0,0.3473729750725762,0.0942942000182513,0.9701320359742358,0.8079770209287339,0.4400676520709471,0.5986928273389239,0.4194405216410786,0.33809601977081766,0.8079770209287339,0.4965541213294772,0.43965142602039364,677
788,15091,0.0,0.6152319336039466,0.623946528160716,0.3013245998644541,0.4289517852297072,0.1890407194294552,1.0,0.6646284616108173,0.7045415945435283,1.0,0.9088145720443392,0.5731147996611441,0.0,0.3287512000643687,0.37048234292637083,0.6845850280771728,0.5838634209047233,0.6195892308823313,0.3287512000643687,0.49647281982578184,0.5503671574443982,678
2206,30030,0.4532684132055056,0.3929377738342193,0.5907906580380078,0.3910421966658539,0.4386245564729072,0.3704200923630645,1.0,0.2879518930392375,0.3052071402183823,1.0,0.5167173560652631,0.4245670085113144,0.869453057760477,0.5705338414139879,0.56600145888564,0.2965795166288099,0.6400173691003651,0.4918642159361135,0.5705338414139879,0.49642703001457184,0.47945618238893517,679
1756,21192,0.3484713972187253,0.1801432898419414,0.3881667417764709,0.3279499433297279,0.4796856087316649,0.2921611439178191,1.0,0.5792994736365233,0.6286496509145565,0.0,0.2583586780326314,0.094606058162148,0.9701320359742358,1.0,0.4178920423469351,0.6039745622755399,0.41995933919584233,0.28415501580920616,1.0,0.49632832868996807,0.41659238767143514,680
177,7112,0.8335046471480598,0.251631938660422,0.3672064354830018,0.4021139616705905,0.8301201470626136,0.2811750642520749,1.0,0.3825030802437345,0.3016039377065737,0.0,0.5592705695812674,0.1494513558207734,0.9036320434281871,0.9257153714927412,0.611464653994572,0.3420535089751541,0.5026818345970557,0.3094191870717119,0.9257153714927412,0.49631415674756174,0.4246943272386328,681
2106,30053,0.6258260362228523,0.5981076345207392,0.5149135537650485,0.4019638541230816,0.480471877186143,0.4617890198941461,1.0,0.316765703315922,0.3347438841725551,0.0,0.4945722762359308,0.3875924423554817,0.9036320434281871,0.5873794306425648,0.602905699560613,0.32575479374423855,0.46884495024067413,0.5565105941428938,0.5873794306425648,0.49626348800091774,0.47578497271872183,682
2352,31024,1.0,0.2890409355054042,0.6805647307980863,0.255034435731914,0.426571789649378,0.4020791095182549,1.0,0.2476328430787207,0.3233530776611392,0.0,0.6191924163221174,0.6352711744503774,0.0,0.9257153714927412,0.5636158976931237,0.28549296036992994,0.41673706697990937,0.48480283315174527,0.9257153714927412,0.4962456111551082,0.42462101071799263,683
2219,30141,0.3789880133631159,0.4939091336612059,0.6786556092250824,0.4576686754260342,0.6090462860243646,0.418702887179758,1.0,0.3559186958407156,0.2884264365642706,1.0,0.2570560201882461,0.6036009628515973,0.9036320434281871,0.4264410150991886,0.5358192599577866,0.3221725662024931,0.6970835697260314,0.5862823714431442,0.4264410150991886,0.4962168478189439,0.5153765332442496,684
182,7118,0.8335046471480598,0.0896413458498198,0.3825889602415067,0.4220082877473375,0.7988218171483515,0.3263918063101417,1.0,0.302759491030164,0.4764643751987193,0.0,0.457229694097468,0.3713248942134845,0.9036320434281871,1.0,0.6414228197217999,0.38961193311444164,0.5094443822411662,0.23611515304566325,1.0,0.4961345353727869,0.4163890724580904,685
578,14003,0.0,0.3840597269109718,0.5403480890993242,0.1964352903305887,0.3477331309396854,0.3420091737394306,1.0,0.2556198067925637,0.5099614357258623,1.0,0.8145896436268527,0.3436319932072738,0.8212921674167302,0.5944481503487452,0.49487845106271416,0.382790621259213,0.5772355190019409,0.462203908005148,0.5944481503487452,0.49608042963179383,0.4741454889844806,686
2210,30066,0.3484713972187253,0.2573599642071449,0.5081302213907973,0.3222932794328542,0.4937063240181985,0.283121015416617,1.0,0.6609497202562902,0.4563333680989239,0.0,0.3799392141317721,0.4038988920010934,0.869453057760477,0.668732778856004,0.5004406402780169,0.558641544177607,0.41982412377353395,0.3827450927989711,0.668732778856004,0.4960701405325643,0.4603792124056546,687
1091,20202,0.2820211445059131,0.2389973807864784,0.5124204180151032,0.4465643478735946,0.5361556223457213,0.26391730315906,1.0,0.4689172397118728,0.2851574640033215,0.0,0.5575336234386066,0.1431457311417678,0.9036320434281871,1.0,0.47158313562861864,0.3770373518575971,0.44932745467567514,0.3757088994007908,1.0,0.4959882819497635,0.41623564612245445,688
1779,21090,0.3859842990059995,0.5334973258092275,0.5789114512682043,0.3370364220691428,0.3960567079621796,0.240016009569137,1.0,0.4997996905164773,0.575403713251599,0.0,0.980026051086383,0.6818813286422142,0.0,0.4962492129067289,0.5119729196836492,0.5376017018840382,0.39462182792009187,0.5562043885387159,0.4962492129067289,0.4958663005136041,0.49577061856491467,689
237,8054,0.0,0.5629551525863525,0.2061757588128866,0.1179538672296957,0.8069652335124994,0.122967142210594,1.0,0.2953819703218076,0.3545245137625432,1.0,0.8914459388194935,0.5404511702148852,0.7390115964200016,0.725114210224383,0.542727176363595,0.32495324204217535,0.6095772485905578,0.3845654556996196,0.725114210224383,0.4958628542067436,0.4509209006844553,690
617,14041,0.2916684363221723,0.274054106572368,0.407936154559633,0.1966756046384808,0.4740895598177249,0.205678046603317,1.0,0.3581751745059048,0.6951378581229015,0.0,0.8905775692733833,0.4904953823807322,0.7789425991309047,0.725114210224383,0.6129209967767981,0.5266565163144031,0.37528864221190456,0.3409951305660005,0.725114210224383,0.4957815891998116,0.45082852801755663,691
10,1002,0.2876092971283846,0.3577061573750162,0.499940907199288,0.2165863401440163,0.5345459438616893,0.1513866128602596,1.0,0.3831323867528716,0.4063014865876677,1.0,0.9418150994018106,0.5995610791920776,0.7390115964200016,0.4743013823587033,0.6419992680355686,0.39471693667026964,0.5805037793731931,0.4288235322871521,0.4743013823587033,0.4956688985920108,0.5011595251716874,692
2216,30075,0.6258260362228523,0.2455845925260361,0.4056574994106425,0.4238032961354327,0.5418436749762381,0.4919878614715169,1.0,0.3499534132015661,0.3455917077928666,0.0,0.480677328245966,0.7351841961457178,0.869453057760477,0.7914566825269261,0.6777851545937532,0.34777256049721633,0.4915269665166376,0.3256210459683393,0.7914566825269261,0.49546715102410377,0.4407190218856741,693
135,7076,0.8335046471480598,0.2132135343687153,0.4206658505700655,0.4068297168890608,0.789244353256179,0.3389371499243231,1.0,0.3037112640925171,0.3875011579103649,0.0,0.3499782907613471,0.1869882379002884,0.9518127218666266,0.9257153714927412,0.5805709744190806,0.34560621100144095,0.5070022440139126,0.3169396924693904,0.9257153714927412,0.49542756841174146,0.42374622582500027,694
1704,21170,0.0,0.4753575854531808,0.5478302590818,0.3530811187591429,0.4230512434751435,0.3331029755588308,1.0,0.2903643735291105,0.399950037577094,1.0,0.88102467606441,0.5558414753717882,0.7606458862803938,0.4943181684978905,0.549378009429148,0.34515720555310225,0.6218470675586234,0.5115939222674905,0.4943181684978905,0.49533697916710046,0.4955920097360477,695
2425,32024,0.0888030362167736,0.4365960316534404,0.5478302590818,0.2167413916928774,0.550585081115127,0.1433599576710935,1.0,0.3461987023323357,0.3426529470359617,1.0,0.9609204717188768,0.6465515956166867,0.7390115964200016,0.4962492129067289,0.6088216749930847,0.34442582468414873,0.5821372860958196,0.49221314536762023,0.4962492129067289,0.49532797173402776,0.49509792875874487,696
635,14082,0.0,0.5892605446759734,0.600009807588618,0.2073402980242752,0.2849601559500592,0.370947264826639,1.0,0.2646771206954463,0.3684173420455676,1.0,0.7264437161330182,0.3765863878127266,0.7947952132712555,0.5829133650538523,0.4744563293042501,0.31654723137050694,0.5726495437601946,0.5946351761322957,0.5829133650538523,0.49530836043656223,0.475547135501745,697
2438,32055,0.2936317492859092,0.357358004373576,0.5660383747757567,0.2025277250706999,0.503901716882838,0.1864487957306393,1.0,0.635711037162511,0.6699250591557468,0.0,0.7720364301108484,0.4355793353089766,0.7789425991309047,0.4581218075672427,0.5700475284591597,0.6528180481591289,0.3785756475368355,0.46169818957466635,0.4581218075672427,0.49526656055030627,0.5050141146292907,698
1561,20389,0.1826590576547239,0.1162402656514122,0.3796859462988168,0.4825955548854844,0.5494003808791871,0.2878851294515139,1.0,0.3794047614454428,0.4507407983643327,1.0,0.9309596518736714,0.6289685260110718,0.0,1.0,0.43564680888486673,0.4150727799048877,0.6639762130432371,0.2479631059751145,1.0,0.49517610113986527,0.41538383824775615,699
727,15005,0.0,0.5667823411694384,0.6472954348707868,0.2877919938105066,0.3751294018685642,0.1944092604961675,1.0,0.4364945843704068,0.5292417573847671,1.0,0.6977854506069787,0.4465069181613094,0.8212921674167302,0.3614352373869079,0.49139613404625454,0.48286817087758693,0.5714661312350476,0.6070388880201125,0.3614352373869079,0.4951075661388309,0.5356323900580415,700
1679,21119,0.3859842990059995,0.6772039449456037,0.7166564726654558,0.3405554741572144,0.3880720035837267,0.24427068916041,1.0,0.4430033663091333,0.6337571072070285,1.0,0.9756839963053914,0.6129855323528683,0.0,0.2699205323530032,0.49366345691606484,0.5383802367580809,0.5945796333802702,0.6969302088055298,0.2699205323530032,0.49502948362742,0.5760760923476915,701
188,7064,0.4525520897336005,0.2464265923062047,0.4767700470365016,0.3983589469289662,0.8473320210333561,0.2614458689017751,1.0,0.4398122679525326,0.2736206945747547,0.0,0.4719930116335433,0.1914108731618734,0.869453057760477,0.9257153714927412,0.4963522580723735,0.35671648126364364,0.5014273673728195,0.36159831967135314,0.9257153714927412,0.49499979384869364,0.4232889231344329,702
1590,21026,0.3859842990059995,0.2873481894220668,0.5157317306545482,0.3325787548767676,0.3970939755259668,0.2289906401917048,1.0,0.4015706192933493,0.5629776538100242,0.0,0.857142857142857,0.3992303809151,0.8212921674167302,0.6354934549794589,0.6159124261201716,0.4822741365516867,0.39173267411888785,0.4015399600383075,0.6354934549794589,0.49491260822650823,0.46492497547228834,703
2395,31075,1.0,0.331580703719414,0.7475342475828413,0.2544479010126993,0.4321781502647283,0.3803686842590024,1.0,0.2185440166489627,0.2964938687084748,0.0,0.6096395231131442,0.6234385895639933,0.0,0.9257153714927412,0.5582695281692844,0.2575189426787187,0.41339894710728603,0.5395574756511277,0.9257153714927412,0.4948886937683741,0.4231701702720916,704
1583,20038,0.4532684132055056,0.2630593892287519,0.496087632351625,0.5261729524906151,0.5847531579026641,0.3211759685653634,1.0,0.2682049065428573,0.3472606891320529,0.0,0.6196266010951725,0.1444268996358778,0.869453057760477,1.0,0.5216937429242582,0.3077327978374551,0.48642041579172857,0.3795735107901884,1.0,0.49474272983713263,0.414929465204984,705
1893,25020,0.4211705665827852,0.3770294726769302,0.5507983349735351,0.1174134721448109,0.512643123021727,0.6878546690591132,1.0,0.0792435395178199,0.5577117546667317,1.0,0.8441162786990024,0.5400751719416564,0.0,0.668732778856004,0.45134050430586103,0.31847764709227583,0.6635822528451303,0.4639139038252327,0.668732778856004,0.49457664684456815,0.45864731392687696,706
756,15029,0.0,0.5764424257907501,0.695761143826513,0.3147013244850961,0.4090866413492806,0.1984844691162925,1.0,0.3942594620842945,0.5970746956705262,1.0,0.7685627448759675,0.5503744113334418,0.7606458862803938,0.3085334931264755,0.5198957606224508,0.49566707887741035,0.5844544869901338,0.6361017848086316,0.3085334931264755,0.4944668668674886,0.5563472115419518,707
705,15024,0.0,0.8307696805346995,0.6899414318731781,0.3022843962539078,0.4245414041638389,0.1857137176401224,1.0,0.6790319537650531,0.6738668410426747,1.0,0.8953538088274298,0.5273609194450882,0.0,0.2773650428846076,0.35567868206812947,0.6764493974038639,0.5825079036115739,0.7603555562039388,0.2773650428846076,0.4944617303990562,0.5713509110440447,708
612,14048,0.0,0.5781213092798605,0.4755861980646561,0.2265834804568761,0.4024397095356919,0.1985603676121283,1.0,0.3139134751167243,0.4276434873174437,0.0,0.8792879369721895,0.5537418919896927,0.8212921674167302,0.7336923924214751,0.5635804990946531,0.370778481217084,0.3655167115209393,0.5268537536722583,0.7336923924214751,0.49435207596812364,0.4478854444662015,709
381,12058,0.5164694362975522,0.3784354534836691,0.6118332582235292,0.2982294688202626,0.2809226278111577,0.2313640336393334,1.0,0.3434445514265093,0.3487763584030681,1.0,0.666087684619113,0.2318283939661126,0.8212921674167302,0.5477950842859758,0.558919420574877,0.3461104549147887,0.5621032260541508,0.4951343558535991,0.5477950842859758,0.49424722296449,0.4816990220037111,710
629,14007,0.0,0.3211536864501927,0.41659021807376,0.1947960029735228,0.3541290636439647,0.3512043242905813,1.0,0.2798268936032867,0.5240723063869415,1.0,0.8111159583919718,0.4035450503964327,0.8212921674167302,0.673718331962919,0.5089882940512837,0.4019495999951141,0.5800258781816138,0.36887195226197633,0.673718331962919,0.4942380221239959,0.4574046759755326,711
1026,20278,0.4532684132055056,0.3156199034591245,0.4931028326999798,0.4410482217330668,0.5188531130685893,0.3833284780871715,1.0,0.379312483918753,0.4976477525808569,0.0,0.400347347818444,0.3130862395845959,0.9701320359742358,0.6639688805647354,0.5342085091456954,0.43848011824980493,0.4686459625777655,0.40436136807955214,0.6639688805647354,0.49417935023457726,0.45900647425403984,712
52,5019,0.0,0.396227365876302,0.3567763769729923,0.1448659381966223,0.9461872441351732,0.0220323806309314,1.0,0.2857958855875969,0.4746828944623575,1.0,0.630047863850256,0.6894851411232042,0.7125442614903211,0.6508295817171241,0.5080193166159453,0.3802393900249772,0.6226171125925454,0.37650187142464714,0.6508295817171241,0.4941724859746943,0.46129779724876424,713
287,9002,0.0,0.9125243130561778,0.7806336311874162,0.3044930045529329,0.4049375710941322,0.1780478759774133,0.0,0.6944848462399067,0.8828834679568918,1.0,0.8441162786990024,0.5276742183169779,0.7789425991309047,0.2171025029378355,0.5376832740367212,0.7886841570983992,0.3774956903248957,0.846578972121797,0.2171025029378355,0.49400891902186883,0.6067395145339993,714
918,17002,0.0,0.3440962020867551,0.504568427829279,0.3212632582108509,0.3680288927249738,0.1966337436023915,1.0,0.5178606451024577,0.4060594266377232,1.0,0.8310899073055882,0.3601909098292681,0.8212921674167302,0.5165708927513093,0.5031432461378966,0.46196003587009044,0.5771851789076432,0.42433231495801704,0.5165708927513093,0.4939573505968584,0.488460368609182,715
580,14055,0.0,0.3552666630679459,0.499940907199288,0.1938733839691678,0.3570725268533155,0.3519640269842876,1.0,0.3023895328982101,0.5114679766678818,1.0,0.7993921413177227,0.3375767097142822,0.8212921674167302,0.5944481503487452,0.48956525461218375,0.4069287547830459,0.5805819875613543,0.42760378513361696,0.5944481503487452,0.49393478173435046,0.47158340785605873,716
165,7104,0.8582324433958022,0.2990452435203978,0.5322971253701592,0.3962227268368764,0.9075871952668166,0.207847226078689,1.0,0.2277425243487134,0.244330143210238,0.0,0.6574033680066904,0.5424492256378906,0.8212921674167302,0.8275164340507248,0.7198443011142783,0.2360363337794757,0.5023314296364765,0.4156711844452785,0.8275164340507248,0.4937952022123266,0.4339996962642055,717
3,1009,0.0,0.6764817337784047,0.4320288770750036,0.2133890754248478,0.5391150369132525,0.1555197695613568,1.0,0.5182386187461501,0.3918164122288696,0.0,0.9366044680242688,0.6191588920563407,0.7390115964200016,0.5317259889304533,0.5736937391251528,0.45502751548750986,0.38160477637989143,0.5542553054267041,0.5317259889304533,0.4937940626603319,0.48474167332590534,718
537,13057,0.0,0.4446939912405824,0.4531272333954173,0.3183471566037769,0.473163834370184,0.2223130761808156,1.0,0.353994006179866,0.4641274130666699,1.0,0.7255753465869079,0.4572828157044458,0.7606458862803938,0.544688488070392,0.48587601214293685,0.4090607096232679,0.6027648134309553,0.44891061231799984,0.544688488070392,0.4935757765629618,0.48156536889243984,719
1642,21025,0.3484713972187253,0.2555438612819256,0.4486178983668503,0.3303625379339424,0.4738547954736335,0.3052029144926527,1.0,0.4592749554810266,0.5628851960830905,0.0,0.2796352847906334,0.2956126514083089,0.9860016052903372,0.8079770209287339,0.4774302346770012,0.5110800757820586,0.42188404958004566,0.35208087982438796,0.8079770209287339,0.4935449189237495,0.43632349974573603,720
168,7107,0.7118578162317731,0.1869934929548158,0.6389714912066646,0.4557130390648942,0.8716211613155123,0.2594242872123273,1.0,0.3588759219572187,0.3465440854991642,0.0,0.2132001488278563,0.2083231532670873,0.9301468010770012,0.7532318055434659,0.5158819798509295,0.35271000372819145,0.5173516975185468,0.4129824920807402,0.7532318055434659,0.4935405730176089,0.4440393044681127,721
1991,27011,0.6667863833632685,0.3040464018649805,0.4707139198552371,0.3691535690633267,0.734941846098406,0.3677770663500981,1.0,0.2730258229042626,0.3089640713078825,0.0,0.591402520342188,0.7358694359347183,0.9036320434281871,0.725114210224383,0.7244225957670904,0.29099494710607254,0.49437449630236613,0.3873801608601088,0.725114210224383,0.4935094318493223,0.4482473363234324,722
953,18011,0.3478176420855702,0.377510149666401,0.550211334133102,0.1748300343055572,0.3449908775408385,0.3220346092292684,1.0,0.2942407186467471,0.353588348070485,1.0,0.6165871006333465,0.1008301445655492,0.9036320434281871,0.6963643413004936,0.49221673267816324,0.3239145333586161,0.5683711042151328,0.46386074189975146,0.6963643413004936,0.49350162627207533,0.45279498088862946,723
682,15120,0.0,0.5306516252451847,0.7495265920775225,0.3034012661365691,0.4369597324403373,0.1948420279904852,1.0,0.5746952627522346,0.5385554926833289,1.0,0.8931828849621539,0.5562709303431921,0.7606458862803938,0.2531478508509464,0.5525249253964349,0.5566253777177818,0.5870406053134782,0.6400891086613536,0.2531478508509464,0.49344589509201675,0.5830500868661478,724
1437,20300,0.6190015946419424,0.3066956738062579,0.6677837876859579,0.3973466859899062,0.4450742663155376,0.1830281497280621,1.0,0.3613666732644414,0.2001066767616035,0.0,0.7724706148839038,0.2566628512446933,0.9036320434281871,0.8275164340507248,0.6379417760496817,0.28073667501302246,0.4050898204067012,0.48723973074610794,0.8275164340507248,0.4934352478324707,0.43360427460569556,725
1312,20233,0.3932202598211434,0.1428953832718466,0.3934655149061234,0.509707987162829,0.5725127966044925,0.3169105440785758,1.0,0.3555277729716425,0.4334633016404373,0.0,0.695614319691263,0.4360847168965592,0.7789425991309047,1.0,0.5759654738849675,0.3944955373060399,0.47982626556917946,0.268180449088985,1.0,0.4933895369094927,0.41351133542126683,726
2373,31070,1.0,0.2512983938403656,0.4588558382735587,0.2311925546097665,0.3273838754230844,0.3449283558798098,1.0,0.2694962092353149,0.3377150112340394,0.0,0.6031263374164373,0.6538518917476721,0.8212921674167302,0.9257153714927412,0.7695675991452098,0.30360561023467714,0.3807009571825321,0.3550771160569621,0.9257153714927412,0.49338749618383065,0.42156622127631543,727
811,16063,0.0,0.3917351660419403,0.4264996201026877,0.237996288533992,0.3586164646803611,0.2414252995963319,1.0,0.286254219669548,0.5205227340366244,1.0,0.7928789556210158,0.4762340597209837,0.7947952132712555,0.6046625485289482,0.5159770571533138,0.4033884768530862,0.5676076105621369,0.409117393072314,0.6046625485289482,0.493347146527605,0.4688808635430299,728
2224,30152,0.5967154078961798,0.202425326338944,0.327506397791999,0.2702488095460783,0.64885524557297,0.6163518962418598,1.0,0.3435585419158645,0.3807731192883462,1.0,0.4103343222752524,0.6668130602099218,0.8429462157448122,0.6844442827380792,0.6292022515315416,0.36216583060210533,0.7070911902721816,0.2649658620654715,0.6844442827380792,0.49333308080109706,0.45455953583761455,729
589,14044,0.177075147406797,0.7359544595939438,0.4790987865072429,0.2099525274985957,0.3441644472838714,0.2805718729811524,1.0,0.403092809511691,0.4682296474209615,1.0,0.8289187763898724,0.4661938210593862,0.0,0.5290465977439713,0.3680469362140139,0.43566122846632627,0.5669377695527239,0.6075266230505934,0.5290465977439713,0.49332071240620246,0.48477275747200843,730
962,18008,0.0,0.4693104978456397,0.5958836678446106,0.1781452817887566,0.3000510091288731,0.4257234935497914,1.0,0.5184883483275111,0.2622021602950114,1.0,0.5887972046534171,0.2081821254851179,0.869453057760477,0.5807482395941909,0.416608096974753,0.39034525431126127,0.5807839568934842,0.5325970828451252,0.5807482395941909,0.4933050727818587,0.4735845233486287,731
1993,27017,0.7816701763066666,0.3988617794387089,0.5903885574389284,0.3428791109928276,0.7643515835425115,0.2411115979977791,1.0,0.3033431913994845,0.1945574383540811,1.0,0.4854537748504526,0.2727090903305746,0.9036320434281871,0.5786259907364864,0.6108662712289703,0.24895031487678282,0.6696684585066237,0.49462516843881865,0.5786259907364864,0.4930813358330175,0.47374945185587425,732
1467,20343,0.1826590576547239,0.1267204570496029,0.3603683609836935,0.4893083833267768,0.5554925049479378,0.2941916886744642,1.0,0.4888411584011365,0.5731058675663092,1.0,0.860182357604683,0.5424982356810247,0.0,0.8514307429854822,0.3963349127351079,0.5309735129837229,0.6677985153898358,0.2435444090166482,0.8514307429854822,0.493062105367299,0.43012006266078273,733
1708,21142,0.0,0.4231627568568342,0.7430527317500544,0.3644911803154592,0.3987428482003561,0.3168209695195042,1.0,0.2599627427193128,0.3278621447340387,1.0,0.8219714059201102,0.5448000545439753,0.7125442614903211,0.5303779200216894,0.5198289304886017,0.29391244372667574,0.6160109996070638,0.5831077443034443,0.5303779200216894,0.4929469983841117,0.48400954256923817,734
371,11023,0.0,0.7029414110340994,0.664632525500951,0.2339397462971356,0.3920494307224136,0.2086781995985707,1.0,0.3950645315190498,0.493685401120067,1.0,0.8293529611629278,0.4274857868438267,0.7947952132712555,0.3293653568463511,0.5129084903195025,0.4443749663195584,0.5669334753236239,0.6837869682675252,0.3293653568463511,0.4929286516697896,0.5452059648772851,735
298,10039,0.4505843000360231,0.5277699802233474,0.5027416001483273,0.1592357251836785,0.5695517302197354,0.2416505052880166,1.0,0.1815714059333306,0.3858105172176008,1.0,0.7854971933277579,0.4145482734716738,0.7125442614903211,0.566705932174072,0.5907935070814441,0.2836909615754657,0.5940875921382861,0.5152557901858373,0.566705932174072,0.4928360487625701,0.47592513752075655,736
2041,28012,0.5967154078961798,0.4322074677678424,0.5597732959378608,0.2440348763795271,0.7117733172124302,0.4561587138696901,1.0,0.2278863513254042,0.2949398512694455,1.0,0.394268346894792,0.4238172818593908,0.8212921674167302,0.5873794306425648,0.5590233010167732,0.26141310129742484,0.6823933814923295,0.4959903818528516,0.5873794306425648,0.4927615481407022,0.47159189255520667,737
823,16021,0.0,0.3740256707255091,0.727905384506156,0.2320244037848077,0.3163995946746105,0.2757073489797665,1.0,0.3767912683528598,0.3681501019752785,0.0,0.6513243670830382,0.425250790749177,0.8429462157448122,0.8079770209287339,0.47988034339425684,0.3724706851640691,0.3648262694878369,0.5509655276158325,0.8079770209287339,0.49268225400814414,0.4353703983004612,738
1425,20285,0.4028778282085332,0.232803346263576,0.4602408695082853,0.3910832484366719,0.4519984602980265,0.1835489034331012,1.0,0.5392484642331734,0.1840464502595795,0.0,0.7811549314963264,0.4152054625423234,0.869453057760477,0.9257153714927412,0.617172820001915,0.3616474572463765,0.40532612243356,0.34652210788593063,0.9257153714927412,0.492652901552644,0.420781790607771,739
1129,20324,0.2820211445059131,0.445432454176332,0.6683643556080994,0.492568883300679,0.5825624086142042,0.3416076992543381,1.0,0.1669228386933282,0.5755369872400484,0.0,0.6109422844827497,0.1915792686267822,0.9301468010770012,0.5765449532098653,0.5036723746731115,0.3712299129666883,0.4833477982338443,0.5568984048922156,0.5765449532098653,0.49264263873618186,0.4736490858786064,740
2392,31098,0.6453138971959967,0.3105333331304841,0.6815917506068984,0.2536415228232899,0.4609762825982314,0.3075937929931212,1.0,0.1466744515410107,0.2238141411339194,1.0,0.5831523885028203,0.5788238506536346,0.832611560697172,0.7914566825269261,0.6599754242624059,0.18524429633746503,0.6044423196829285,0.49606254186869125,0.7914566825269261,0.4926270005240925,0.43756338843882897,741
534,13059,0.0,0.3673953360362408,0.5072509351768942,0.2794891093308568,0.479712839403388,0.217875779767408,1.0,0.2796803277774331,0.4012403415207326,1.0,0.7520624811972316,0.5309334035890297,0.7390115964200016,0.6467849483079785,0.5055018703015657,0.3404603346490829,0.5954155457003305,0.43732313560656755,0.6467849483079785,0.49253189933041996,0.46010078889104067,742
24,4005,1.0,0.4318923556522336,0.5090022705990835,0.2728029219737743,0.490691480495091,0.3390823340852656,1.0,0.2968265745094007,0.2558065554843868,1.0,0.6335215490851371,0.640465799874672,0.0,0.6319793675308782,0.5684968372399523,0.2763165649968937,0.6205153473108261,0.4704473131256586,0.6319793675308782,0.49251592657326976,0.4627534056524904,743
43,5003,0.0,0.4890179563309506,0.4560302473381071,0.1460717041640581,0.953484975249722,0.0252629652643916,1.0,0.2901605459718077,0.4832008242059895,1.0,0.6161529158602914,0.7194720371689541,0.7125442614903211,0.4952793414443567,0.5120423036298917,0.3866806850888986,0.6249639289356343,0.47252410183452886,0.4952793414443567,0.4924447260747782,0.4917386107276116,744
547,14114,0.0,0.3806903561539375,0.4813774416562334,0.2020205995954634,0.3279473430521067,0.3104119542519946,1.0,0.3091066597706504,0.440855360333003,1.0,0.7854971933277579,0.4469247240951219,0.7947952132712555,0.6220797127932347,0.5068042826735338,0.3749810100518267,0.5680759793799129,0.4310338989050855,0.6220797127932347,0.4924052655899131,0.46445308398713236,745
1772,21110,0.0,0.6830831917641238,0.614754057039226,0.3747961233624645,0.4068500906015602,0.3201555349898265,1.0,0.3008644251478061,0.3044249666988742,1.0,0.8471559862112688,0.5703452838371108,0.7606458862803938,0.4359971495292171,0.5445367890821933,0.30264469592334015,0.6203603497907701,0.6489186244016749,0.4359971495292171,0.4923292548869463,0.5075147177308105,746
2323,31061,1.0,0.5276230493786185,0.300188532020952,0.2224419115451631,0.2872976537055784,0.3046112226252278,1.0,0.1858209317457039,0.3056733872246354,0.0,0.6061658378782633,0.7306957451221587,0.7947952132712555,1.0,0.7829141990679194,0.24574715948516965,0.36287015757519386,0.4139057906997853,1.0,0.49223340850865543,0.4123004967949156,747
1028,20482,0.4028778282085332,0.4260426698636592,0.6509972395272621,0.3872610199421423,0.4528441455476256,0.1833288130526724,1.0,0.5995992711734871,0.1731656476466172,0.0,0.7594442434904896,0.4135183370672071,0.869453057760477,0.5612088264721999,0.6113233666316767,0.38638245941005217,0.40468679570848803,0.5385199546954607,0.5612088264721999,0.49220582082958564,0.4763238290283645,748
2128,30042,0.5689366890539633,0.1580786689656141,0.3736298191175524,0.3456298297802731,0.4389260290861155,0.399921334301352,1.0,0.57084278321371,0.4289481565928558,0.0,0.2835431547985698,0.4981987505236902,0.9036320434281871,0.8822616494359928,0.5635776594511026,0.4998954699032829,0.4368954386335481,0.26585424404158325,0.8822616494359928,0.4921418484386327,0.4253177617509318,749
1973,26019,0.2107587214462406,0.520093909075943,0.4813774416562334,0.086573440970939,0.9390017393419652,0.1640669395009268,1.0,0.1777960958443873,0.3170776800865711,1.0,0.8762484365103635,0.55507788522042,0.7390115964200016,0.6130176920083639,0.5952741598992565,0.2474368879654792,0.6379284239627662,0.5007356753660882,0.6130176920083639,0.49204746020738244,0.465736731369676,750
943,17028,0.3024799758214906,0.5853262962762669,0.6088296541738063,0.31286818786746,0.3404635981089914,0.1769997842536057,1.0,0.3886421797336893,0.832756497994366,1.0,0.9036039406667976,0.2923355555427331,0.0,0.3728190789030994,0.37460486800775533,0.6106993388640276,0.5660663140460114,0.5970779752250366,0.3728190789030994,0.4919936208458719,0.5273206848038691,751
1876,24036,0.5454589984878422,0.586021183495173,0.4629577717208968,0.2565809446209569,0.6098102792587973,0.3161380149566393,1.0,0.1921517292337684,0.4015891942635037,1.0,0.4255319281096026,0.1360345424338932,0.869453057760477,0.5873794306425648,0.4941196316979537,0.29687046174863607,0.6365058477672787,0.5244894776080349,0.5873794306425648,0.49178061058761613,0.47041869065586384,752
1883,24021,0.0,0.6271366246581384,0.3410507756685701,0.2309201212566639,0.5761512087568379,0.171946541192596,1.0,0.443653661321868,0.4343156929573899,1.0,0.8228397754662204,0.5015070865188824,0.6784442506275288,0.4534469826141075,0.5006977781531579,0.43898467713962896,0.5958035742412195,0.48409370016335423,0.4534469826141075,0.49171880272176477,0.5017812051890064,753
1289,20063,0.1826590576547239,0.2280363050594795,0.4389791309185027,0.461860418212734,0.5288851219028947,0.2622511550278428,1.0,0.5017983395341391,0.5360066350608852,0.0,0.9196700195724776,0.6794000051389335,0.0,0.8275164340507248,0.4454322705915338,0.5189024872975121,0.45059933902869426,0.3335077179889911,0.8275164340507248,0.49170893422472794,0.4317088655175007,754
433,12040,0.7111896332312811,0.3734629894129864,0.7694257258017364,0.3114553112943498,0.2656441801577007,0.2228024208639343,1.0,0.4145769599298795,0.3094970761778927,0.0,0.5071646699067298,0.0609823778063904,0.869453057760477,0.7171720540196672,0.5371974346762196,0.3620370180538861,0.35998038246319697,0.5714443576073613,0.7171720540196672,0.49153292056082276,0.44723411399985397,755
1916,26045,0.2040145944256144,0.2235951811259852,0.4101668344392095,0.0881063796592626,0.8878807633720852,0.238965941642542,1.0,0.2601459438949268,0.3261657211095186,1.0,0.8315240920786435,0.5067182039931413,0.7125442614903211,0.8514307429854822,0.5637002879969301,0.29315583250222266,0.6429906169347779,0.3168810077825973,0.8514307429854822,0.4914500617096846,0.4283629596737596,756
1447,20312,0.4028778282085332,0.2513869107587741,0.5115761635028553,0.3950980990526835,0.4565443105174123,0.1877122289551986,1.0,0.513903491309966,0.1838289036458098,0.0,0.7590100587174342,0.3268451926214954,0.9036320434281871,0.8822616494359928,0.5980912807439125,0.34886619747788794,0.40787092770505884,0.3814815371308147,0.8822616494359928,0.4913647618081509,0.42447846234993597,757
345,11027,0.0,0.9390022894902972,0.7133004838727838,0.2446812309470748,0.434028232749622,0.1822500892871845,1.0,0.4774958449516385,0.6831192581365537,1.0,0.895788200650925,0.5773841526144121,0.7947952132712555,0.1840794658454211,0.5669918916341481,0.5803075515440961,0.5721919105967762,0.8261513866815404,0.1840794658454211,0.49132442346946875,0.6279992211141828,758
632,14072,0.0,0.3091195386584489,0.4283749501331661,0.2256693483019171,0.4349243915031205,0.1789684350186642,1.0,0.4850417907797911,0.4033710612883344,0.0,0.923143704807359,0.5286564950676984,0.7789425991309047,0.8514307429854822,0.5576856997514905,0.44420642603406274,0.36791243496474035,0.3687472443958075,0.8514307429854822,0.49126902769041053,0.42816572524641844,759
1466,20342,0.1826590576547239,0.1652106621927435,0.3062446592022165,0.4760266905340325,0.5431864029927798,0.2796338151491166,1.0,0.5364290191434143,0.6130558183645065,1.0,0.923143704807359,0.5690254908060265,0.0,0.7645232988719857,0.41870706331702734,0.5747424187539605,0.6597693817351857,0.23572766069748,0.7645232988719857,0.4912645129734501,0.4398418616062772,760
762,15011,0.0,0.4314942626101794,0.6353443709394018,0.3102235222413739,0.4179867594738646,0.1917870468288762,1.0,0.5411111154439164,0.6418183293264579,0.0,0.9036039406667976,0.6652787998251521,0.7606458862803938,0.4053051543945407,0.5823821566930859,0.5914647223851872,0.38399946570882293,0.5334193167747906,0.4053051543945407,0.49120601764890587,0.5153877199947393,761
2150,30004,0.5634396951732947,0.2738820675128194,0.4681911011296974,0.3651294159191673,0.4590451923032651,0.5101459951162344,1.0,0.4339135155970106,0.4868491470392736,0.0,0.5145462251495474,0.360850416127199,0.8429462157448122,0.6285768574637054,0.5704456380487133,0.4603813313181421,0.4668641206677334,0.3710365843212584,0.6285768574637054,0.4912013114268052,0.46183282796953645,762
722,15064,0.0,0.3504938311219802,0.5235837208403724,0.276965023041574,0.3994610399755288,0.1908293187601661,1.0,0.6619978668712334,0.698184956553648,1.0,0.8024316417795487,0.4367076812669825,0.0,0.5401911821184902,0.3097848307616328,0.6800914117124407,0.5734510763554538,0.4370387759811763,0.5401911821184902,0.4909511193973303,0.4793590660616029,763
990,19045,0.0,0.8062627750420883,0.5645064919850328,0.1757615751296556,0.8622913928981981,0.1028480847362871,1.0,0.3461910667454053,0.3779720871941994,1.0,0.3039513920104617,0.4726351690693215,0.7606458862803938,0.4759009652650052,0.3843081118400442,0.36208157696980237,0.6281802105528282,0.6853846335135605,0.4759009652650052,0.4909126643044406,0.49473900180145625,764
85,7090,0.6883605645149053,0.1224960479686941,0.3367255473426092,0.4415434413189067,0.7829646347127857,0.3443175125645838,1.0,0.296548135976468,0.6047370162005152,0.0,0.2405557565095104,0.4182352403497065,0.9701320359742358,0.9257153714927412,0.5793208993370895,0.4506425760884916,0.5137651177192553,0.22961079765565162,0.9257153714927412,0.4909046692153151,0.41891613190645105,765
874,16080,0.0,0.2277919116552207,0.4226463452550246,0.2709647872954884,0.3863557384351258,0.2064703043291622,1.0,0.4404516990512933,0.4906654040089068,1.0,0.6196266010951725,0.3925801228741008,0.8212921674167302,0.7171720540196672,0.4583747228465009,0.46555855153010006,0.5727581660119553,0.32521912845512263,0.7171720540196672,0.4909001216647592,0.4465145190248879,766
792,15095,0.0,0.8184686065584568,0.6382046358878902,0.2979710217264685,0.4212147763261124,0.182658673026729,1.0,0.5715757948174972,0.6199289997459346,0.0,0.7933131403940707,0.4678471967925893,0.8212921674167302,0.3316478646454163,0.5206131261508475,0.5957523972817159,0.38036889421586195,0.7283366212231734,0.3316478646454163,0.4908615923082111,0.5414140396211131,767
2361,31088,1.0,0.1784063660475404,0.4455013977899933,0.2406795563899982,0.3684376362078462,0.4769653354464154,1.0,0.4365676100313017,0.3230454681569586,0.0,0.6352582881773576,0.6700065239518255,0.0,1.0,0.5763162030322958,0.37980653909413015,0.41721650560885193,0.31195388191876683,1.0,0.4908344409077712,0.41083627786755045,768
851,16052,0.3000426638495201,0.8688475204549629,0.7097041451064998,0.2427615545809128,0.1717395629185968,0.6532952222917353,1.0,0.4426693382209692,0.3522553825050295,1.0,0.7021277124384102,0.3064257045358303,0.8212921674167302,0.2774914972534521,0.5324720620601227,0.39746236036299937,0.613559267958249,0.7892758327807314,0.2774914972534521,0.4906655511804206,0.56580859428778,769
172,7088,0.6814971807890619,0.174941429985337,0.3174079620274858,0.4444722624472801,0.755623792739484,0.3922829423297818,1.0,0.3011037394344981,0.4158954654135411,0.0,0.3100303929341135,0.5081520363371309,0.9860016052903372,1.0,0.6214203038376609,0.35849960242401957,0.5184757995033091,0.2461746960064114,1.0,0.4906470631212476,0.4106402394681822,770
2475,32042,0.1443527715165505,0.3729287410773904,0.5685432994971402,0.1831975652726077,0.532901059026845,0.1975666859743623,1.0,0.3739039647534645,0.4097936201187535,1.0,0.8523664105383706,0.4810668762546018,0.7606458862803938,0.4719459014934692,0.5596079861474792,0.391848792436109,0.582733062054763,0.4707360202872653,0.4719459014934692,0.49048795322861727,0.49523619343023567,771
2137,30149,0.5688996179029582,0.2712010823659693,0.5098672009589315,0.4799753988557925,0.6394428175283577,0.5281376908422496,1.0,0.3812312115843478,0.4058815195106522,0.0,0.1567520908471074,0.2712058966170965,0.9036320434281871,0.7336923924214751,0.47512241219883733,0.3935563655475,0.52951118144528,0.3905341416624504,0.7336923924214751,0.490424461034538,0.4434418223459513,772
2213,30070,0.5409829611285887,0.1987543694680953,0.4338096480802939,0.5395298762842554,0.6958487423026528,0.4733624363474418,1.0,0.2939539505961408,0.4151523644524663,0.0,0.2983065758598651,0.5683174603587269,0.9036320434281871,0.8079770209287339,0.577809760193842,0.35455315752430355,0.5417482109868701,0.3162820087741946,0.8079770209287339,0.4903965915866289,0.43284713910755845,773
1621,21169,0.4661875608731715,0.3336634766159297,0.443908083844807,0.3637747819192218,0.3861160186393576,0.2639132260395427,1.0,0.5745817585610006,0.3236732473575276,0.0,0.8315240920786435,0.4004103854031314,0.7947952132712555,0.6467849483079785,0.6232293129065505,0.44912750295926407,0.40276080531962444,0.38878578023036836,0.6467849483079785,0.4903509262920644,0.45755549342150487,774
1097,20235,0.3706292612258043,0.2143290626492942,0.5072509351768942,0.5124851918753291,0.5870946434977289,0.3361930158557411,1.0,0.2289493204060232,0.3065605136338949,0.0,0.8041683808717697,0.4621994993750962,0.7606458862803938,1.0,0.599410756938266,0.26775491701995907,0.4871545702457599,0.3607899989130942,1.0,0.48986527174881994,0.40982251565675604,775
772,15028,0.0,0.4399841717055441,0.5655302041100643,0.3121970142986671,0.4229718874822967,0.1968152560095182,1.0,0.4714549123962974,0.5669284954888268,1.0,0.8901433845003279,0.6145627175603002,0.0,0.4896375090963688,0.376176525515157,0.5191917039425621,0.5863968315580964,0.5027571879078042,0.4896375090963688,0.4898113041458569,0.48985476252110005,776
1360,20188,0.4028778282085332,0.275741084312175,0.5891730177511487,0.4027987176490606,0.4666171653593011,0.1964418050246341,1.0,0.43335125398311,0.1988887680662382,0.0,0.6904038953641614,0.1587495296190115,0.9036320434281871,0.9257153714927412,0.5389158241549733,0.3161200110246741,0.41317153760659914,0.4324570510316619,0.9257153714927412,0.4897616278977665,0.4176972114420186,777
687,15108,0.0,0.7219609222939192,0.7018421048015607,0.3037390710681099,0.4234808937678745,0.185250429695498,1.0,0.5767088316561606,0.6963490535917326,1.0,0.8836299917531802,0.5512664888206464,0.0,0.2973096363197096,0.35872412014345667,0.6365289426239467,0.5824940789062965,0.71190151354774,0.2973096363197096,0.48966586541553747,0.5547183615789042,778
2146,30164,0.0,0.3172179788975322,0.5507983349735351,0.3660272131816277,0.4339472249395487,0.4277221443077045,1.0,0.587732687803532,0.5312981053175654,0.0,0.5089014089989503,0.1161355300287364,0.869453057760477,0.6963643413004936,0.37362249919704094,0.5595153965605487,0.4455393164857762,0.4340081569355337,0.6963643413004936,0.48965828002284345,0.44839137212249897,779
2111,30111,0.5409829611285887,0.2556167997229226,0.3908492491240862,0.4772015963267938,0.679977944531226,0.6726629768739172,1.0,0.4465952658276044,0.4300866052543161,1.0,0.3768997136699461,0.675894961527608,0.0,0.6508295817171241,0.39844440908153567,0.4383409355409602,0.7659685035463875,0.32323302442350443,0.6508295817171241,0.48963757460483154,0.45601234658778445,780
996,19029,0.0,0.3065335371404403,0.4531272333954173,0.1979976659908587,0.8512181286605605,0.1762809074899869,1.0,0.3357023655807287,0.5958010968597381,1.0,0.6079027840209237,0.7005145329283711,0.0,0.7532318055434659,0.3271043292373237,0.4657517312202334,0.6450993404282812,0.3798303852679288,0.7532318055434659,0.48955010094582424,0.43955605611456594,781
1300,20084,0.1826590576547239,0.2386206085240685,0.3796859462988168,0.4701219664540238,0.5373788325669255,0.270344345486698,1.0,0.5424741037804186,0.5646323463194205,0.0,0.5649153857318643,0.1665036363748349,0.7789425991309047,0.8514307429854822,0.42325516972308197,0.5535532250499196,0.45556902890152945,0.30915327741144266,0.8514307429854822,0.48947194699865837,0.4262088132537321,782
1520,20403,0.1826590576547239,0.3540282725949916,0.3881667417764709,0.4805166646030521,0.5474613149051304,0.2845130974916796,1.0,0.5284771301443156,0.6030493720797925,0.0,0.8684324894440507,0.5620668776892767,0.0,0.7171720540196672,0.4032896061970128,0.565763251112054,0.46249821539997243,0.37109750718573126,0.7171720540196672,0.489434573094456,0.44484884331118535,783
1720,21159,0.4661875608731715,0.2220402083718248,0.6810794850770838,0.3472426239749474,0.3636513819875987,0.2431992187908229,1.0,0.3537001833082531,0.4298242120397922,0.0,0.9196700195724776,0.4547805424915099,0.0,0.8822616494359928,0.4601595307342897,0.39176219767402265,0.3908186449506738,0.4515598467244543,0.8822616494359928,0.4893772638693388,0.42233335766542596,784
2149,30046,0.0,0.3944690587067129,0.4656067442112324,0.3675802264070954,0.43321376601129,0.4239163328210302,1.0,0.5219114746538194,0.4906112078633543,0.0,0.4363873756377412,0.0593968499446597,0.9036320434281871,0.8275164340507248,0.349854067252647,0.5062613412585868,0.44494206504788314,0.43003790145897264,0.8275164340507248,0.48929379028640585,0.4290599454868439,785
1774,21020,0.4661875608731715,0.3215160435071541,0.5911912384043506,0.3589475802246596,0.3777610807632954,0.2768894583902841,1.0,0.4268566940870184,0.402618093279996,0.0,0.9305254671006168,0.4964412594762239,0.0,0.7771461144782232,0.47328857186250306,0.41473739368350715,0.40271962387564775,0.45635364095575237,0.7771461144782232,0.48926172367260695,0.4358137028856574,786
871,16033,0.062722153472764,0.359778327641296,0.4802442396168488,0.2407034279949266,0.2773370251850305,0.3438067038100116,1.0,0.3814033869624073,0.4348924935227125,1.0,0.6860616335327301,0.1759106243981778,0.7947952132712555,0.6639688805647354,0.42987240616873185,0.40814794024255985,0.5723694313979937,0.4200112836290724,0.6639688805647354,0.4891572090579706,0.4531830330868052,787
521,13080,0.2889724990448923,0.3129832424694832,0.6091676237767683,0.2919003351539332,0.5553354447794678,0.3192373683557979,1.0,0.4260046288155111,0.3555163905459234,0.0,0.4081632948847566,0.2447956453899548,0.9036320434281871,0.7771461144782232,0.46139087068694773,0.39076050968071724,0.4332946296578398,0.4610754331231257,0.7771461144782232,0.48911110892157683,0.43564600775656764,788
642,14094,0.0,0.7332574122728619,0.5709903685591031,0.196260667929733,0.3847965334549931,0.3108967003890348,1.0,0.2357481871173827,0.4619101029131502,1.0,0.6052974683321524,0.1265998162531243,0.8212921674167302,0.5477950842859758,0.3882973630005017,0.34882914501526646,0.5783907803547522,0.6521238904159825,0.5477950842859758,0.48909065136262214,0.47542516880553976,789
495,13044,0.0,0.3329293529254199,0.3367255473426092,0.2819229693842612,0.4515591825089802,0.1984640445274117,1.0,0.3417245666958246,0.4181892219143864,1.0,0.8436820939259475,0.5871058662351891,0.7789425991309047,0.6789471770362071,0.5524326398230104,0.3799568943051055,0.5863892392841306,0.33482745013401455,0.6789471770362071,0.4890703550607785,0.4505626390462541,790
429,12050,0.457891543547254,0.4082292300998557,0.623062350172732,0.2798857919668606,0.2554687264907875,0.2986809786715126,1.0,0.6412918460181238,0.2377808200368542,0.0,0.6799826326090777,0.2472580133222092,0.8212921674167302,0.6101596542308203,0.5516060892238177,0.439536333027489,0.3668070994258321,0.5156457901362939,0.6101596542308203,0.48907031781525184,0.4627572808040098,791
909,17003,0.4661875608731715,0.3927426164082147,0.6021944907751817,0.3324151842867303,0.3377309722064601,0.2007147628332768,1.0,0.4770061194410365,0.3454908873423524,1.0,0.9227095200343036,0.4236366581555527,0.0,0.5251490749484011,0.45313343476575696,0.41124850339169444,0.5741721838652933,0.49746855359169817,0.5251490749484011,0.48897219626858635,0.480324296364098,792
41,5032,0.0,0.4648223962841297,0.5525400736038433,0.1465873903090785,0.9130155889038406,0.025106325181633,1.0,0.359462144784141,0.4196846775010543,1.0,0.639166365235734,0.58070589985386,0.7390115964200016,0.4666431205323492,0.48972096537739884,0.3895734111425977,0.6169418608789105,0.5086812349439864,0.4666431205323492,0.48892536183498647,0.4946602246142351,793
1040,20327,0.7118578162317731,0.295068065112896,0.4910652048884324,0.5709415923998427,0.7815770728491156,0.3911428361948855,1.0,0.202431545067877,0.3549696051454102,1.0,0.6977854506069787,0.4886570054150118,0.0,0.7171720540196672,0.47457506806344085,0.2787005751066436,0.7487323002887687,0.3930666350006642,0.7171720540196672,0.48884567637300413,0.4441798810356036,794
808,16102,0.575954844411742,0.6819444688484944,0.8579496912307066,0.236465899290165,0.2985432452647725,0.3049836909308627,1.0,0.752888508091561,0.3690240811118204,1.0,0.5987842826354457,0.1118546311836537,0.8429462157448122,0.2134908804820505,0.5323849934939134,0.5609562946016907,0.56799856709716,0.7699470800396004,0.2134908804820505,0.4887293887861207,0.6011609151954317,795
349,11005,0.0,0.8984355682377732,0.6350804769531918,0.2562840382255583,0.4483952544964933,0.1711501033787639,1.0,0.343910133680556,0.525228881550521,1.0,0.9101173334139449,0.5448966739342983,0.7789425991309047,0.2604482450709282,0.558489151619787,0.43456950761553853,0.5751658792201632,0.7667580225954824,0.2604482450709282,0.488707916443471,0.5719806786865576,796
2413,31021,1.0,0.2177896174699417,0.4574524617213782,0.2326406373763513,0.3837609177084314,0.2879543820236383,1.0,0.4025838984982866,0.4567022398438702,0.0,0.5796787032679389,0.5985818236319584,0.0,0.9257153714927412,0.5445651317249743,0.4296430691710784,0.3808711874216842,0.3376210395956599,0.9257153714927412,0.4886169717405351,0.416477281441532,797
1580,20509,0.2820211445059131,0.2166743876748105,0.3881667417764709,0.4734914283437237,0.5649208843507313,0.3137407264820304,1.0,0.2103268530562926,0.5395328743603671,0.0,0.6439426047897805,0.2923565431455364,0.869453057760477,1.0,0.5219433375504268,0.37492986370832987,0.4704306078352971,0.3024205647256407,1.0,0.48858041796424007,0.4084793165946993,798
628,14006,0.1527616787260211,0.6120973703560104,0.6098403459140975,0.1953632387811176,0.3286150613233791,0.3636999058556409,1.0,0.2403632582296346,0.3869422156989477,1.0,0.7854971933277579,0.3181506549010606,0.8212921674167302,0.4842778890646183,0.5194254235928925,0.3136527369642912,0.5775356411920275,0.610968858135054,0.4842778890646183,0.4885769320377652,0.48965764263003775,799
575,14121,0.0,0.6650820336398036,0.5397000541697546,0.2129606414171606,0.2718179962416179,0.3668901644005449,1.0,0.2908793348198883,0.305062781170664,1.0,0.7763786919422799,0.2955663433214869,0.8212921674167302,0.5745035569136432,0.4733093006701243,0.2979710579952761,0.5703337604118647,0.602391043904779,0.5745035569136432,0.4885667262000956,0.4691715585692239,800
1801,21069,0.4749494163497731,0.2753541098574004,0.5173493709414074,0.3367464613012209,0.3668986538324776,0.2222322637127354,1.0,0.384232753719368,0.3881982261407873,1.0,0.903169755893743,0.4068896460596718,0.0,0.6963643413004936,0.446252204575797,0.38621548993007765,0.5851754757692869,0.3963517403994039,0.6963643413004936,0.48856538600940536,0.4471407360399979,801
853,16050,0.0,0.4274135476149002,0.6429702065448257,0.2675462191263459,0.3952558565597096,0.20269985426887,1.0,0.3766835752924381,0.4349496027295342,1.0,0.7629179287253705,0.4872862789649971,0.8429462157448122,0.426950137506385,0.523287605858795,0.40581658901098616,0.5731003859909851,0.5351918770798629,0.426950137506385,0.4884695808112466,0.505187521733454,802
2235,30211,0.5689366890539633,0.606873592933891,0.5197304459927093,0.3315886764702204,0.4709249476001438,0.338509027820573,1.0,0.3100015391845451,0.3298393720022301,0.0,0.3821102415222679,0.6395187314254872,0.869453057760477,0.5851231354069573,0.6150046799405489,0.3199204555933876,0.42820453037818745,0.5633020194633002,0.5851231354069573,0.4883284796428255,0.46674346838852504,803
90,7121,0.6883605645149053,0.1152815252742007,0.2717650557236629,0.4292299200099526,0.7883890405102639,0.3401252135539055,1.0,0.2771435197028197,0.6249793813397417,0.0,0.3061224194009577,0.5224915247330217,0.9701320359742358,1.0,0.6217766361557802,0.4510614505212807,0.5115488348148244,0.1935232904989318,1.0,0.4883127795157367,0.40819963570787454,804
2393,31042,1.0,0.1838421030348066,0.4501424337437721,0.2458428127217499,0.3897793254411057,0.4164722079886802,1.0,0.3010183693072843,0.3013887949955629,1.0,0.6226661015569985,0.6151851566284217,0.0,0.8514307429854822,0.559462814546355,0.3012035821514236,0.6104188692303072,0.31699226838928934,0.8514307429854822,0.48830532598334775,0.42493939440371364,805
980,19005,0.0,0.6384859925254075,0.4755861980646561,0.1613356820479458,0.9571947677158246,0.0639054170421329,1.0,0.1887733077132334,0.2236281009906146,1.0,0.5688232557398005,0.7352905964664604,0.7390115964200016,0.7430174073632629,0.5107813621565657,0.206200704351924,0.6364871733611807,0.5570360952950317,0.7430174073632629,0.4882468318061617,0.4395917620960602,806
2264,30130,0.4532684132055056,0.3732256199146609,0.5919878841174642,0.5108101901520098,0.6038984581906927,0.3428613927954528,1.0,0.3603965183923499,0.2550719922768664,0.0,0.4090316644308669,0.537928084716687,0.9036320434281871,0.6594077639142162,0.5759650514453116,0.30773425533460813,0.491514008227631,0.4826067520160625,0.6594077639142162,0.48816997541978624,0.45281970458471316,807
399,12015,0.2434577598737922,0.3929422543594406,0.5690372555465255,0.3114238274210031,0.307404169198999,0.1934641457627901,1.0,0.2625621976774223,0.4002617885101934,1.0,0.7585758739443789,0.2221846378424011,0.8212921674167302,0.6046625485289482,0.5113776097693256,0.33141199309380787,0.5624584284765584,0.480989754952983,0.6046625485289482,0.48816861098489683,0.4627368077730882,808
1608,21040,0.4661875608731715,0.2702794274396087,0.4144920627651705,0.3508741070004414,0.3918379092104994,0.2663258561736403,1.0,0.3652234447396071,0.5227084400715057,0.0,0.9535389164760592,0.5679240220140416,0.7947952132712555,0.6508295817171241,0.695611428158632,0.4439659424055564,0.40180757447691623,0.3423857451023896,0.6508295817171241,0.4879142346978812,0.4540069903107844,809
1766,21089,0.3484713972187253,0.2755582437282167,0.5315977605821658,0.3210424019949289,0.4968742398702305,0.2642644323466705,1.0,0.4635232736531399,0.4315429765213492,0.0,0.2648718637293386,0.1011386410403395,0.9518127218666266,0.8822616494359928,0.4165736559637575,0.4475331250872445,0.416436214842366,0.40357800215519124,0.8822616494359928,0.4878856822341442,0.42072492450672283,810
176,7105,0.4817047495775224,0.2397321068533792,0.4245904985296838,0.3643303883999843,1.0,0.1600859737544755,1.0,0.5101327689629608,0.4902970908943391,0.0,0.0534085575189227,0.0126438509437358,1.0,0.8514307429854822,0.3869392895100452,0.5002149299286499,0.5048832724308919,0.3321613026915315,0.8514307429854822,0.48786286848644733,0.42445814755258254,811
75,6005,0.055513511687732,0.5876364152348217,0.5329919041265682,0.2109583732867631,0.2380483512355438,0.4399165918952619,1.0,0.4898408503423445,0.2508074517091336,1.0,0.7277464775026237,0.3107571614022872,0.8429462157448122,0.4759009652650052,0.48424084158436376,0.370324151025739,0.5777846632835137,0.5603141596806949,0.4759009652650052,0.4878333973238213,0.49086296327429113,812
2179,30015,0.4013003736159663,0.3319089050737102,0.4847060938556045,0.4424671033412278,0.590853257650505,0.3967268577099405,1.0,0.5198428403438035,0.2583456136050331,0.0,0.3056882346279024,0.7435782116187629,0.9036320434281871,0.607375859660376,0.5885497158227047,0.3890942269744183,0.48600944374033467,0.40830749946465733,0.607375859660376,0.48773677997066595,0.4617081085413928,813
1986,27010,0.77398120155134,0.3850029897971024,0.6348159240549716,0.4156873276557046,0.6951305505274812,0.6418152208441329,1.0,0.4098803181046182,0.4731863175320585,0.0,0.5062960933101794,0.7109405413744505,0.0,0.4471037074103583,0.4978044590589925,0.4415333178183384,0.5505266198054637,0.509909456926037,0.4471037074103583,0.4876861083217016,0.49839469777222767,814
2308,30061,0.7458238413671683,0.3659913754234649,0.5542536427163507,0.5045359399816719,0.7303053605726314,0.4343590346036535,1.0,0.3230004296142893,0.3382344118477152,1.0,0.1867130142175326,0.2854769935044757,0.9518127218666266,0.4554255630916615,0.5424566427389508,0.33061742073100225,0.7338400670315913,0.4601225090699078,0.4554255630916615,0.4876594155607701,0.49606823245178316,815
317,10022,0.0,0.3187147540532627,0.5063642908338386,0.1759392528642444,0.5218005641174852,0.2185677122739955,1.0,0.3878359772630746,0.3631522693108121,1.0,0.8866694922150062,0.6181604621094605,0.7606458862803938,0.538733063501105,0.5663689601512152,0.37549412328694337,0.583261505851145,0.41253952244355063,0.538733063501105,0.4876194485950532,0.47561754428016473,816
478,13070,0.4519602008481309,0.4211640006347178,0.5322971253701592,0.2951356189362196,0.4593619320695614,0.2112465603250117,1.0,0.5339741023642939,0.6228644656174627,0.0,0.8801563065182998,0.5700422044615493,0.0,0.5344740898901891,0.475539677956995,0.5784192839908783,0.39314882226615855,0.4767305630024385,0.5344740898901891,0.4875702862942729,0.47650216079637137,817
712,15098,0.0,0.204839453733048,0.4389791309185027,0.2999562700181805,0.3625619891026869,0.1847757732542121,1.0,0.4781577308732228,0.6676977097008663,0.0,0.7798523771771613,0.4417064042709975,0.8212921674167302,0.7914566825269261,0.5107127372162222,0.5729277202870445,0.3694588064750159,0.32190929232577536,0.7914566825269261,0.48752921121737186,0.43191075184774497,818
671,15072,0.0,0.5771550094169524,0.5531143480757917,0.2979505571247972,0.3610622009176764,0.1881095817899103,1.0,0.5287143684618829,0.5947428904441254,0.0,0.8445506705224981,0.5874180379974442,0.0,0.6550328681014498,0.35799217712998554,0.5617286294530042,0.36942446796647677,0.565134678746372,0.6550328681014498,0.4873805128426395,0.4526571947194776,819
1676,21154,0.0,0.6218394031525991,0.6836163991049587,0.3655822574990993,0.3896149737986403,0.2974606773072209,1.0,0.3546729142237902,0.3561226552932284,1.0,0.8697350437632163,0.5927286493710334,0.7606458862803938,0.3491514215505454,0.5557773948536608,0.3553977847585093,0.6105315817209921,0.652727901128779,0.3491514215505454,0.4873196732226176,0.5296804901040875,820
916,17001,0.4339710659788844,0.2694547514936711,0.4056574994106425,0.3108985889388699,0.3197663843148273,0.1893530153318767,1.0,0.2933967751238819,0.4656548812772282,1.0,0.8302215377594779,0.2666096398004685,0.8212921674167302,0.6467849483079785,0.5880236027388903,0.379525828200555,0.5640035977171147,0.3375561254521568,0.6467849483079785,0.48730938291426623,0.4540105980838055,821
201,7084,0.8335046471480598,0.2071236937598955,0.3530583330060873,0.429562456816032,0.7715603311678971,0.3697827248773938,1.0,0.2660372834043236,0.5506899315758558,0.0,0.1589231182376032,0.265454821909514,1.0,0.8275164340507248,0.5644706468237943,0.4083636074900897,0.5141811025722646,0.2800910133829914,0.8275164340507248,0.48727716721772646,0.4268506236690478,822
1992,27013,0.77398120155134,0.4262999959064401,0.6758158176443988,0.408464213315331,0.7012884152532182,0.5803647984675168,1.0,0.4547883941633572,0.4152597927455275,0.0,0.5388624358945955,0.7179921416184193,0.0,0.4190809109167064,0.5077089447660887,0.4350240934544424,0.5380234854072132,0.5510579067754194,0.4190809109167064,0.48717488957405736,0.5058615255419339,823
1215,20564,0.0,0.1506930902799227,0.5977791277090415,0.4321501004591858,0.4944477586255483,0.2296948137766374,1.0,0.2634606223323952,0.3340346477111857,0.0,0.8549717262271417,0.5996713545456738,0.8212921674167302,1.0,0.5689838120473865,0.29874763502179047,0.4312585345722743,0.3742361089944821,1.0,0.4871442220216769,0.4069789478853586,824
1061,20568,0.1546603173784129,0.1866548610018449,0.559234091818974,0.381407568365215,0.4186199555994183,0.241126195895637,1.0,0.548873016594084,0.2812116590344322,0.0,0.8532349871349207,0.4671144826328916,0.7947952132712555,0.7645232988719857,0.5674512501043703,0.41504233781425814,0.4082307439720541,0.37294447641040945,0.7645232988719857,0.48707104663645256,0.43515373097669785,825
2325,31011,1.0,0.2900216659196228,0.3672064354830018,0.2568406200687178,0.4330062323389214,0.4440533359162483,1.0,0.2553487900583903,0.3316444289271307,0.0,0.650455997536928,0.697666720246803,0.7789425991309047,0.8514307429854822,0.781766329228659,0.29349660949276046,0.42678003766477746,0.32861405070131233,0.8514307429854822,0.487016775372318,0.42353818302248136,826
732,15103,0.3859842990059995,0.3526360150530708,0.5235837208403724,0.3223784598566971,0.3969488788761334,0.2093937491667259,1.0,0.3408086335568708,0.5338263085879859,1.0,0.5644812009588092,0.1843714402548341,0.8212921674167302,0.4992126293212406,0.48903227690909323,0.43731747107242835,0.5857442175799112,0.4381098679467216,0.4992126293212406,0.4870148370691316,0.48401224553334005,827
1117,20006,0.0538605071821859,0.3380630434354347,0.614754057039226,0.4290818632888585,0.4905135135167645,0.2484585983910485,1.0,0.3007675407900373,0.3284490620167392,1.0,0.7920103790244652,0.383014056314268,0.7789425991309047,0.5745035569136432,0.5019568854129559,0.31460830140338825,0.6336107950393343,0.47640855023733036,0.5745035569136432,0.48697457390236565,0.4672611541219767,828
2319,31029,1.0,0.2444650099562337,0.4226463452550246,0.2322127077789556,0.3319161103066093,0.4082420563120917,1.0,0.2650945636999932,0.2723831769693225,0.0,0.6187582315490623,0.6833919908455113,0.7947952132712555,1.0,0.7742363589164573,0.2687388703346578,0.39447417487953135,0.33355567760562915,1.0,0.4869430736935843,0.4067688999531905,829
2450,32032,0.0,0.6432948956461484,0.4486178983668503,0.2016021850299715,0.538853726102533,0.1560430752173967,1.0,0.3452217720719408,0.3394933512791572,1.0,0.9630916026345926,0.7217906514114905,0.0,0.59943370345566,0.42122056351152076,0.342357561675549,0.5792997972699803,0.5459563970064993,0.59943370345566,0.4868087734206538,0.4621284505615227,830
971,19031,0.0,0.7010766513334161,0.7127941346142723,0.1844681995930855,0.8407348785185733,0.1284154888790822,1.0,0.4908860437876037,0.5472534013565493,1.0,0.4099001375021975,0.2867955523568863,0.7947952132712555,0.3166057574753272,0.3728727257825848,0.5190697225720765,0.6307237133981483,0.7069353929738442,0.3166057574753272,0.48674870152307437,0.5420025127619733,831
1736,21076,0.5689366890539633,0.3432590043167763,0.5008827212289277,0.3334005281366536,0.4666364203519322,0.3193395819305238,1.0,0.5742484105071499,0.4908492500472828,0.0,0.2240555963559949,0.2093805338857674,0.9701320359742358,0.5807482395941909,0.4931262138174904,0.5325488302772163,0.4238753060838219,0.422070862772852,0.5807482395941909,0.4866153261886681,0.46557028466361167,832
1927,26029,0.3334247565859515,0.6959601896469669,0.6824400608285648,0.0949594473167189,0.720897887979695,0.5949927148473761,1.0,0.3715763824856719,0.4579490615025479,1.0,0.7307859779644497,0.3911680287116403,0.0,0.3841790296374356,0.3638446908155104,0.4147627219941099,0.682170010028758,0.6892001252377659,0.3841790296374356,0.48651639144313974,0.5161054346119572,833
2107,30183,0.5689366890539633,0.3997960784300752,0.6282600158494341,0.3353578913731632,0.4620576998040531,0.3344101591026431,1.0,0.5078545642907327,0.4149209931143183,0.0,0.3043855767835168,0.336212253039249,0.9701320359742358,0.4943181684978905,0.5449166387127413,0.4613877787025255,0.4263651500559719,0.5140280471397547,0.4943181684978905,0.4864455658605934,0.48449708443365663,834
2336,31047,1.0,0.2584396828215766,0.6482330815271957,0.2575506759379745,0.437083922280313,0.3910980566003027,1.0,0.2363438857168469,0.3166211895603827,0.0,0.6191924163221174,0.6302543182248774,0.0,0.9257153714927412,0.5623616836367487,0.2764825376386148,0.417146530963718,0.45333638217438615,0.9257153714927412,0.4863781126658787,0.4140932584581327,835
1964,26027,0.3143558572872766,0.2405453882054054,0.3603683609836935,0.0895277544421008,0.9575779323442004,0.1639438862862621,1.0,0.1096510517019521,0.3886411682131964,1.0,0.857142857142857,0.5315727096609401,0.7390115964200016,0.9257153714927412,0.6105207551277688,0.24914610995757425,0.6422099146145126,0.30045687459454945,0.9257153714927412,0.4862036715795189,0.4139076219202233,836
1168,20246,0.4532684132055056,0.1528563431850428,0.4656067442112324,0.5235730723649881,0.5829030754177709,0.3206276192860507,1.0,0.2813653275788718,0.3602427121535099,0.0,0.6265739715649348,0.3067319181361386,0.869453057760477,1.0,0.564006840166764,0.32080401986619084,0.4854207534137619,0.3092315436981376,1.0,0.48616675799365955,0.4059584404112046,837
2436,32034,0.0,0.37373131227735,0.5685432994971402,0.2084383513633735,0.4454869976379548,0.2173638425538067,1.0,0.6655527242380087,0.3469327350284114,0.0,0.7299174013678995,0.3990687509175952,0.7947952132712555,0.6319793675308782,0.48094534138918754,0.50624272963321,0.374257838311027,0.4711373058872451,0.6319793675308782,0.4860659112031023,0.4551905425914523,838
1917,26041,0.3143558572872766,0.8371354538854143,0.4320288770750036,0.0929865492292073,0.9284759913751688,0.1815606533780862,1.0,0.0956154317497338,0.283708250382063,1.0,0.731220162737505,0.3492248204774552,0.7390115964200016,0.6594077639142162,0.5334531092305596,0.1896618410658984,0.6406046387964924,0.634582165480209,0.6594077639142162,0.4860283945903254,0.45033794187521303,839
357,11002,0.0,0.6166713284749733,0.66014057270205,0.2585850058271742,0.3983484042584392,0.2067339546029762,1.0,0.4445069388617019,0.4243185494817258,1.0,0.7564047430286636,0.3539625537613317,0.7947952132712555,0.3584315485062691,0.4762906275153127,0.4344127441717138,0.5727334729377179,0.6384059505885116,0.3584315485062691,0.4860109596898672,0.5244523326460053,840
2362,31087,1.0,0.1806128460004566,0.3225774448656947,0.2529495855102542,0.4180508483136251,0.5127739228627656,1.0,0.3453241378644759,0.4139379809754639,0.0,0.6430742352436702,0.707419301510589,0.7789425991309047,0.8275164340507248,0.7823590339712909,0.3796310594199699,0.43675487133732893,0.25159514543307565,0.8275164340507248,0.48562037081321835,0.4250372210552716,841
1670,21189,0.0,0.4448770621096574,0.5784615423939182,0.3624315156842,0.3834899794013965,0.2866768886467035,1.0,0.3954475674758663,0.379144807842909,1.0,0.9526703398795092,0.6432623532809718,0.0,0.5630100464373469,0.39898317329012023,0.38729618765938767,0.60651967674646,0.5116693022517877,0.5630100464373469,0.48558989524986,0.4679592269692358,842
659,14079,0.0,0.4188358687989189,0.5205123933107532,0.2101758731005542,0.2900575102798319,0.3517874178781031,1.0,0.3242049828219047,0.3764449203099352,1.0,0.7299174013678995,0.3055850043946904,0.7947952132712555,0.6285768574637054,0.45757440475846134,0.3503249515659199,0.5704041602516978,0.469674131054836,0.6285768574637054,0.4855725207078647,0.4552270180580283,843
2363,31086,1.0,0.1952796305818624,0.4531272333954173,0.2399482202158508,0.3653587038449777,0.4605897087982543,1.0,0.3941399403515627,0.3079284819982222,0.0,0.633955733858192,0.6600025935075844,0.0,1.0,0.573489581841444,0.3510342111748924,0.41317932657181655,0.3242034319886398,1.0,0.4854742883220461,0.4052357875481897,844
2347,31079,0.6453138971959967,0.4591271572868209,0.7494368391024894,0.2595042968666504,0.4721753884930708,0.3170166415780076,1.0,0.1435250636412411,0.2304156093301581,1.0,0.5783759418983336,0.5869965651925118,0.8212921674167302,0.5944481503487452,0.6579946429258932,0.1869703364856996,0.6097392653875457,0.6042819981946551,0.5944481503487452,0.48539866054930414,0.4614182013385922,845
113,7006,0.8582324433958022,,0.4372838406606411,0.3751830222228945,0.9557510926914844,0.1683446294771715,1.0,0.2444226143800003,0.3265144940889023,0.0,0.3834128993666534,0.0520898255669667,0.8429462157448122,0.8079770209287339,0.5341703460185586,0.2854685542344513,0.4998557488783101,0.4372838406606411,0.8079770209287339,0.48534329708169827,0.4272789942880616,846
921,17004,0.0555057041487397,0.7850851835359672,0.6166574623714641,0.3216853011946151,0.3453461272923988,0.1886876866996438,1.0,0.5494025572080183,0.4654425557115796,1.0,0.8619193037473438,0.3378705386504239,0.0,0.422452831554483,0.31382388663662686,0.507422556459799,0.5711438230373316,0.7008713229537157,0.422452831554483,0.4853371698377355,0.5024697083877553,847
1806,22005,0.0,0.7975418155845639,0.5613746369583712,0.2660493016368773,0.4818474755311778,0.2027019226538799,1.0,0.256594317593843,0.4316205096616299,1.0,0.7841944319581524,0.3351931188589003,0.7606458862803938,0.4148958646932897,0.47000835927436163,0.34410741362773645,0.5901197399643869,0.6794582262714676,0.4148958646932897,0.4852531064679258,0.5046329784189457,848
516,13008,0.4193240488992821,0.7641477717028461,0.5981541843155089,0.3236283176107263,0.4519015011297719,0.2266878783896313,1.0,0.3211951665278224,0.3816228065569621,1.0,0.8501954866730947,0.5827705769944164,0.0,0.4036499853536101,0.4630725281416983,0.3514089865423923,0.6004435394260259,0.6811509780091776,0.4036499853536101,0.4851058105556447,0.5079188847271872,849
2280,30007,0.0,0.2410697459602094,0.311973264080358,0.3908889781109061,0.479074687826157,0.5307651216268879,1.0,0.3003743307803086,0.408660952161011,1.0,0.5171515408383183,0.48550156636402,0.8212921674167302,0.8822616494359928,0.4559863186547671,0.3545176414706598,0.6801457575127902,0.2765215050202837,0.8822616494359928,0.4849574039932942,0.41757081998998935,850
609,14050,0.0,0.4006559373504623,0.5460086661223579,0.2070794056859085,0.3306527382829154,0.3018432721925862,1.0,0.362370173170922,0.7470006637882205,0.0,0.7676943753298573,0.4924387129188405,0.7947952132712555,0.5401911821184902,0.5137320753799883,0.5546854184795713,0.36791508323228206,0.47333230173641005,0.5401911821184902,0.48489636861927027,0.4719807564086594,851
931,17013,0.0555057041487397,0.3167557691685751,0.499940907199288,0.3280691596104733,0.3472851932664553,0.199272013270058,1.0,0.7986136682193082,0.3814838265362792,1.0,0.8910117540464386,0.4312830500462142,0.0,0.5612088264721999,0.3444501270603481,0.5900487473777938,0.5749252732293973,0.40834833818393157,0.5612088264721999,0.4847928272702081,0.4673735263371433,852
607,14053,0.0,0.840326498979413,0.7151780294119702,0.2242024609711005,0.484835772587657,0.1555424019647784,1.0,0.2986436797096342,0.3780482239161939,1.0,0.7581414821208841,0.5253565676131968,0.7947952132712555,0.341068252081851,0.519573315751334,0.33834595181291405,0.5729161271047072,0.7777522641956915,0.341068252081851,0.4845697399363457,0.5290357718629564,853
697,15073,0.0,0.6418922726971834,0.6227659768866467,0.2981542913271694,0.3640850201198745,0.1862844053138272,1.0,0.5518419117712664,0.6311739871346962,0.0,0.8484585405304343,0.5858783077657511,0.0,0.538733063501105,0.35858421207404634,0.5915079494529814,0.36970474335217424,0.632329124791915,0.538733063501105,0.4845568281016313,0.47188643120587703,854
1007,19016,0.1065708227692954,0.5061544143054273,0.2869270738870932,0.1826056544561104,0.8740420029034237,0.1253122035769065,1.0,0.3269679523945061,0.4600213882083163,0.0,0.510204170368556,0.5003429170449702,0.7789425991309047,0.8275164340507248,0.4740151273284316,0.39349467030141116,0.4363919721872881,0.3965407440962603,0.8275164340507248,0.4845453729897672,0.42386143742507165,855
765,15018,0.0,0.4090356832947985,0.608150463510298,0.2955945912140264,0.3600249333538891,0.1918688548009277,1.0,0.5940874873039765,0.5499656998075257,0.0,0.8098131970223663,0.4559667326381927,0.8212921674167302,0.4759009652650052,0.5217680242693223,0.5720265935557511,0.36949767587376864,0.5085930734025482,0.4759009652650052,0.48448293416478355,0.4866524993706032,856
1084,20153,0.2820211445059131,0.2637155280474964,0.504568427829279,0.4472176514905801,0.5369123241061571,0.2707648298239118,1.0,0.3714823366562299,0.3207724270799206,0.0,0.6482848666212122,0.1842886804028573,0.9036320434281871,0.8822616494359928,0.5045566837395424,0.34612738186807523,0.4509789610841298,0.38414197793838767,0.8822616494359928,0.48448270087589956,0.41705995576624477,857
1624,21202,0.3484713972187253,0.2643973834009825,0.6221707316093196,0.3322314751682493,0.469397928743411,0.2901664243613757,1.0,0.4733709449304234,0.5454109765904267,0.0,0.2466348609583826,0.0348185278752809,0.869453057760477,0.7532318055434659,0.37484446095321644,0.509390960760425,0.41835916565460723,0.44328405750515104,0.7532318055434659,0.48440930462620785,0.43379389251341927,858
1303,20083,0.1826590576547239,0.3197393776066246,0.5322971253701592,0.4820015296896489,0.5488488767688003,0.2856962077595033,1.0,0.5538288134780043,0.6264501431180443,0.0,0.8106817736189165,0.4707973003561729,0.0,0.6252790567992559,0.36603453290745336,0.5901394782980243,0.46330932284359055,0.4260182514883919,0.6252790567992559,0.484361896828824,0.454405933299923,859
1933,26035,0.0,0.3435775538161641,0.3881667417764709,0.0859494269370163,0.9554801543844488,0.1761643029374875,1.0,0.2958547476589873,0.3693268176365141,1.0,0.8428137243798373,0.4657376797050775,0.7125442614903211,0.673718331962919,0.505273916393809,0.33259078264775066,0.6435187768517905,0.3658721477963175,0.673718331962919,0.484352120463287,0.4459969775131024,860
824,16022,0.1466320176491291,0.3501817258707896,0.4320288770750036,0.2566648635301675,0.3555664148064407,0.2452576860304482,1.0,0.4761542616019593,0.431092755828826,1.0,0.7021277124384102,0.182090923797486,0.8429462157448122,0.5612088264721999,0.4684492174074594,0.45362350871539264,0.5714977928734113,0.39110530147289657,0.5612088264721999,0.484348729617138,0.4668384118975174,861
2337,31036,1.0,0.2644936098863535,0.4669068020027238,0.2504081440895226,0.408084580136306,0.4427004741531871,1.0,0.3076922223960189,0.3586081808446515,0.0,0.6196266010951725,0.6287781276878661,0.0,0.9257153714927412,0.5621011821957597,0.3331502016203352,0.42023863967580316,0.36570020594453867,0.9257153714927412,0.48429573939583986,0.41187832850683653,862
1840,24013,0.5252848794142257,0.6650040526584756,0.7199094186399911,0.2550162788231552,0.6354132650685462,0.3643066106261117,1.0,0.1944797355829866,0.5368211356039926,1.0,0.4524532474929814,0.2755321073090392,0.869453057760477,0.304551484662232,0.5306808229941808,0.3656504355934896,0.6509472309035627,0.6924567356492334,0.304551484662232,0.48428356159163033,0.5438253892227332,863
1634,21094,0.3393034787428914,0.3811407844086926,0.6046876265251271,0.3504052667274018,0.4286672315868098,0.3061347437192674,1.0,0.2811554554273343,0.3615204248753321,1.0,0.7985237717716125,0.4190519561795811,0.7606458862803938,0.4704038595631332,0.5793812732436197,0.3213379401513332,0.6170414484066958,0.49291420546690984,0.4704038595631332,0.48428007574048426,0.4878126215546363,864
1486,20363,0.1826590576547239,0.2642600510619303,0.3908492491240862,0.4817001760867219,0.5485683109654489,0.2814890012001028,1.0,0.4582569436686279,0.5238767415890282,0.0,0.5614417004969832,0.165684874332532,0.8212921674167302,0.8275164340507248,0.4327694499752423,0.49106684262882805,0.4623514976504547,0.3275546500930082,0.8275164340507248,0.48426822555770194,0.4235584118587263,865
1469,20346,0.1411963327174469,0.1669611027938539,0.5970250079369728,0.397879769947899,0.4459143119083658,0.2284629649352598,1.0,0.4608734165681081,0.2670732406423149,0.0,0.6773773169203068,0.3813852630523309,0.7947952132712555,0.9257153714927412,0.498688531490335,0.3639733286052115,0.414451409358305,0.38199305536541334,0.9257153714927412,0.4841512985613905,0.4117247812357062,866
1839,24059,0.0,0.7965630247290812,0.6552314816898896,0.2383483452647522,0.5738482331470374,0.1915353066575125,1.0,0.5117794558523834,0.6779156149120522,0.0,0.857142857142857,0.5862660440792851,0.0,0.425429969250002,0.3608522253055355,0.5948475353822178,0.4007463770138604,0.7258972532094854,0.425429969250002,0.48401807334101293,0.49988482506482707,867
2286,30090,0.0,0.2183763562764801,0.3567763769729923,0.39759467859975,0.5051305667608132,0.6568388554221879,1.0,0.4380142165397893,0.5344100518449332,0.0,0.5180199103844285,0.6858114853260038,0.8429462157448122,0.725114210224383,0.5116944028638111,0.4862121341923612,0.5119128201565502,0.2875763666247362,0.725114210224383,0.4839922582804231,0.43746812484354075,868
855,16042,0.0,0.4825973786064431,0.4033287599399012,0.2252750660704819,0.3499912727023577,0.2387409064228201,1.0,0.2710001146408283,0.5514119511942412,0.0,0.8567086723698021,0.5370216540067558,0.7947952132712555,0.7336923924214751,0.5471313849119533,0.41120603291753477,0.3628014490391319,0.44296306927317214,0.7336923924214751,0.4838829625316124,0.43606066187024706,869
846,16017,0.0,0.2411187206196233,0.3704667967482067,0.271983985590854,0.4090946170283713,0.1888180477711898,1.0,0.4642176314798767,0.5174499891629875,1.0,0.8115501431650267,0.4564929934621407,0.7947952132712555,0.5969119385149223,0.5157095874746057,0.4908338103214321,0.573979330078083,0.305792758683915,0.5969119385149223,0.48385438173144035,0.45910897380068044,870
456,12067,0.5164694362975522,0.3751206614098545,0.5775559524306617,0.2847373387714725,0.2555015968192807,0.2829671033649863,1.0,0.4727912013193357,0.2537411951288777,0.0,0.7194963456632559,0.2587774833946408,0.8212921674167302,0.725114210224383,0.5790088581930448,0.3632661982241067,0.3646412077911479,0.47633830692025814,0.725114210224383,0.48374843575408366,0.43719266107353416,871
1323,20115,0.1826590576547239,0.4098448537316617,0.5564961260138294,0.4832673354608907,0.5500216134861052,0.2875552275946096,1.0,0.4902564784862673,0.5614193507287986,0.0,0.8467215943877735,0.449777501258372,0.0,0.607375859660376,0.3697895383252173,0.5258379146075329,0.4641688353083211,0.4831704898727455,0.607375859660376,0.4837356388092883,0.4569784542832492,872
2147,30126,0.0,0.2205555293303067,0.3960187319622951,0.3804537637575137,0.4789295911763233,0.6068218559484898,1.0,0.358187304522843,0.4783611184315681,1.0,0.5319148583743931,0.4317963611299517,0.8212921674167302,0.6639688805647354,0.4462508467302687,0.41827421147720556,0.6932410421764653,0.30828713064630087,0.6639688805647354,0.4837327663646702,0.4469098751969822,873
111,7004,0.7816701763066666,0.3091007607292874,0.5357263366801679,0.3794561244067841,0.852611330181001,0.2320487831995585,1.0,0.3572606381923933,0.2068544317517524,0.0,0.3703864244480188,0.0964012346089416,0.9301468010770012,0.8275164340507248,0.544651159110157,0.28205753497207287,0.49282324755746865,0.42241354870472764,0.8275164340507248,0.4836512988326926,0.42288403641403893,874
1820,23007,1.0,0.3141599145091183,0.4642905362206865,0.2144950619127078,0.2988975274041999,0.2355530999745438,1.0,0.2843308325634242,0.3634416716224656,1.0,0.5549283077498357,0.5967986251120013,0.869453057760477,0.5053972334810175,0.7552949976555785,0.32388625209294486,0.5497891378582903,0.3892252253649024,0.5053972334810175,0.4836239762882222,0.4783288372647564,875
2266,30125,0.0,0.5522332166409658,0.5098672009589315,0.3927532722746639,0.4737953786785124,0.4898865632724506,1.0,0.2627164179119589,0.3647889818825802,1.0,0.4385582995030168,0.2961275867705381,0.869453057760477,0.5896842520574764,0.4010347360085079,0.3137526998972695,0.6712870428451254,0.5310502087999487,0.5896842520574764,0.4836003074550308,0.4602071140911945,876
1328,20126,0.1301851996254693,0.2560234368826296,0.7330591484242722,0.5170397990188571,0.6010127599592381,0.3544861785752811,1.0,0.1893448607370063,0.3235406152621195,0.0,0.5649153857318643,0.2296437075026711,0.7606458862803938,1.0,0.4213475447850996,0.2564427379995629,0.4945077475106753,0.4945412926534509,1.0,0.4835053752520095,0.40318246268679037,877
666,14105,0.0,0.698133346406369,0.4790987865072429,0.2162750565941759,0.3729585917778294,0.2397108486984229,1.0,0.7032545034253921,0.3957180865025874,0.0,0.8862353074419518,0.4767079273029251,0.0,0.6550328681014498,0.3407358086862192,0.5494862949639897,0.36578889941408566,0.588616066456806,0.6550328681014498,0.48343720876517643,0.4480838787393491,878
394,12055,0.1396676845982992,0.4913339116379659,0.835596809533374,0.3052607990284209,0.3059276238461655,0.2047341293762405,1.0,0.2529482458086811,0.4341621826902765,1.0,0.7194963456632559,0.1571859974124813,0.8212921674167302,0.4477214040204251,0.45941054877269166,0.34355521424947877,0.5631845104501654,0.66346536058567,0.4477214040204251,0.48343140951545177,0.49279536646392397,879
2270,30002,0.3384686072321147,0.2496376903576317,0.5343679413983259,0.3536548682211149,0.4296065723702118,0.4174333284603337,1.0,0.5290682638509869,0.5737513391954882,0.0,0.466348195482946,0.4984468281409492,0.0,0.8514307429854822,0.3258159077140025,0.5514098015232376,0.4401389538103321,0.3920028158779788,0.8514307429854822,0.4833870567768589,0.41959609720477675,880
1715,21204,0.3484713972187253,0.2044977049273999,0.5243378406124412,0.3359758891775889,0.4606236522760288,0.3133538798191668,1.0,0.4971927566276434,0.5622568566066766,0.0,0.1997394891361665,0.1458004095491714,0.869453057760477,0.8275164340507248,0.390866088416135,0.52972480661716,0.42199068425455694,0.36441777276992054,0.8275164340507248,0.4832273079228266,0.42242068777893355,881
1025,20513,0.3932202598211434,0.2809936110312198,0.5265685204920176,0.7375190917620248,0.6749655858510715,0.4531913088458116,0.0,0.3662838073528024,0.4202691404188146,0.0,0.2818063121811294,0.506276846797301,0.9036320434281871,0.8514307429854822,0.5212338655569403,0.3932764738858085,0.3731351972917816,0.4037810657616187,0.8514307429854822,0.48303479675038985,0.4192139152043198,882
542,13069,0.0,0.7832317979346877,0.713047611722465,0.3059042889499209,0.4445051590297444,0.2008819199140687,1.0,0.7444546234048313,0.4590632908986329,1.0,0.9096829415904496,0.6148370731076511,0.0,0.2593743877378405,0.3811300036745252,0.6017589571517321,0.5902582735787468,0.7481397048285763,0.2593743877378405,0.4829359278848032,0.5641312037765798,883
1392,20226,0.3932202598211434,0.1223727344932567,0.4501424337437721,0.5338125769941,0.5900188517144478,0.3411048519724787,1.0,0.2820292390618863,0.3619225961133739,0.0,0.755536166432113,0.4025381895093007,0.7606458862803938,1.0,0.5779851255107378,0.3219759175876301,0.4929872561362053,0.28625758411851443,1.0,0.48291038976698947,0.4025623796062524,884
2358,31097,1.0,0.2005120178694275,0.3881667417764709,0.240851973637708,0.3696239882610121,0.3910455996885228,1.0,0.2717733081073318,0.3344754020778758,1.0,0.6170212854064017,0.6028004499754752,0.0,0.8822616494359928,0.5549554338454692,0.3031243550926038,0.6003043123174485,0.2943393798229492,0.8822616494359928,0.4827688445289867,0.4152165862711857,885
1674,21156,0.4285940061633923,0.7436298750407834,0.8770736364419333,0.3869713442605108,0.4281549216667815,0.3108769704129105,1.0,0.2894875278160513,0.3558113804957254,1.0,0.612244838801915,0.3671184855078025,0.7390115964200016,0.2985344503958405,0.5367422317232778,0.32264945415588836,0.6252006472680406,0.8103517557413583,0.2985344503958405,0.482655023698032,0.5442487305916806,886
718,15107,0.4339710659788844,0.2813743422272789,0.4531272333954173,0.3008172674777279,0.3275170085542833,0.2022158038234482,1.0,0.2962854007685467,0.7288680773673,0.0,0.8545375414540863,0.2250765598612141,0.8212921674167302,0.6508295817171241,0.5837193336777288,0.5125767390679233,0.36611001597109183,0.3672507878113481,0.6508295817171241,0.4826151163502716,0.4478518058041943,887
368,11042,0.0,0.6206998071512166,0.6605568930046455,0.244796523476518,0.4083226481148485,0.2010447760822085,1.0,0.4004491516731833,0.4877948873964157,1.0,0.8115501431650267,0.5101382841127775,0.7947952132712555,0.304551484662232,0.5291209101372649,0.44412201953479946,0.570832789534715,0.6406283500779311,0.304551484662232,0.4825769825206049,0.5414309453230712,888
927,17011,0.0,0.8511785488959749,0.7295430273191631,0.3133455405551856,0.3530173955390076,0.1784490535740162,1.0,0.4327114292531362,0.5702371072297734,1.0,0.8475901709843241,0.2756095344129901,0.8212921674167302,0.2387365116945257,0.4861229682035111,0.5014742682414548,0.5689623979336419,0.7903607881075689,0.2387365116945257,0.4825746650614256,0.5754080539457884,889
428,12049,0.4339710659788844,0.2877571702509277,0.5639909027404086,0.3025546791604484,0.3221815862459685,0.2019373544390823,1.0,0.2692784349083074,0.5752549437219402,0.0,0.8128529045346322,0.2193618432462232,0.8212921674167302,0.6963643413004936,0.5718694952941175,0.4222666893151238,0.3653347239690999,0.42587403649566813,0.6963643413004936,0.48254573237853454,0.4402648036771314,890
1072,20190,0.6806413939763865,0.3212967768783987,0.7095734191421178,0.5818548910111726,0.634136277708991,0.349274686413455,1.0,0.2285517718919444,0.2640568539183087,0.0,0.3703864244480188,0.146748857777052,0.9036320434281871,0.7645232988719857,0.5253521799074111,0.24630431290512655,0.5130531710267237,0.5154350980102582,0.7645232988719857,0.4825362324699606,0.430095332972948,891
343,11029,0.0,0.5532522324633486,0.4802442396168488,0.2436669658965612,0.5155553677198106,0.1792418987456041,1.0,0.3768407145547321,0.3265310039606837,1.0,0.7993921413177227,0.5316242425163247,0.7606458862803938,0.4681316175876462,0.5229155675286103,0.3516858592577079,0.5876928464723952,0.5167482360400988,0.4681316175876462,0.48247717426330133,0.4861317330614955,892
1319,20111,0.6190015946419424,0.2339339367693036,0.3985118677122405,0.3962434069269265,0.4531383266868382,0.1867664470315602,1.0,0.4407118549618717,0.1866715746804735,0.0,0.746417665046635,0.3191802795217792,0.9036320434281871,1.0,0.6470578956596359,0.3136917148211726,0.40722963612906493,0.31622290224077204,1.0,0.4824538509162634,0.40208671257186474,893
1769,21077,0.3484713972187253,0.1573596878089944,0.3704667967482067,0.3280707985005382,0.4793914275924523,0.2815425881009532,1.0,0.5901533505563996,0.5402243874600962,0.0,0.3030829189391317,0.0740051549048941,0.9518127218666266,1.0,0.4193430482323444,0.5651888690082478,0.4178009628387887,0.2639132422786006,1.0,0.482434917438003,0.4020669882431251,894
1710,21115,0.0,0.4839092701018454,0.6265556351723921,0.368003284295671,0.3942401800108736,0.3112052184468329,1.0,0.2982361711515329,0.3354064622874129,1.0,0.7920103790244652,0.5146687466133866,0.7606458862803938,0.4673847848429501,0.5168312529795613,0.3168213167194729,0.6146897365506755,0.5552324526371187,0.4673847848429501,0.4823849030003859,0.48620955757413864,895
466,13021,0.4193240488992821,0.5469577070982128,0.4719531548088408,0.3199818388819809,0.4406791524027555,0.2160311145699003,1.0,0.3250830778086435,0.3886369043244494,1.0,0.8384714625484049,0.542992064726821,0.0,0.5358750257235614,0.45019689404362695,0.3568599910665464,0.5953384211709274,0.5094554309535269,0.5358750257235614,0.48235501260446006,0.4698320245441716,896
2367,31055,1.0,0.24310968051055,0.3881667417764709,0.259416741869498,0.4427095378882953,0.4331604457130287,1.0,0.2920492541253212,0.3849947683968941,0.0,0.6313504181694214,0.6557320669765331,0.0,1.0,0.5717706212864886,0.33852201126110765,0.4270573450941644,0.3156382111435105,1.0,0.48227739205792125,0.4019028905390094,897
2002,28021,0.5967154078961798,0.5781127212144016,0.6356076092877035,0.2464334155236526,0.683666145982377,0.4137910904425151,1.0,0.2082273263056919,0.3453877621692182,1.0,0.4268345859539879,0.4910238943531202,0.8429462157448122,0.3938469890803873,0.589380025987025,0.276807544237455,0.668778130389709,0.6068601652510526,0.3938469890803873,0.48223009686737844,0.5072662958343503,898
120,7016,0.6667863833632685,0.1778558507734941,0.3410507756685701,0.3675903553987366,0.7638057190888953,0.3276368798464567,1.0,0.3041313446076024,0.258501263823047,1.0,0.6139817849445757,0.6947125464391263,0.9301468010770012,0.7097780834867178,0.7264068789559929,0.2813163042153247,0.6918065908668177,0.2594533132210321,0.7097780834867178,0.4820679633530121,0.43762758797300155,899
1600,21145,0.4532684132055056,0.1240209157910751,0.3603683609836935,0.4230501737785558,0.4825560398100335,0.3716394516232537,1.0,0.7270746827162278,0.4603401790173088,0.0,0.2548848892725306,0.0384793290078763,0.9701320359742358,0.9257153714927412,0.4291911668650371,0.5937074308667682,0.45544913304236856,0.2421946383873843,0.9257153714927412,0.48201552672143305,0.4094556951883585,900
1311,20102,0.1826590576547239,0.1611772488743627,0.4245904985296838,0.4567047866788519,0.5233581172803918,0.2560624286149024,1.0,0.4407075711908377,0.4876908870192193,0.0,0.8284845916168175,0.3284674789163113,0.7789425991309047,0.8079770209287339,0.5296384318296894,0.46419922910502853,0.4472250665148293,0.29288387370202323,0.8079770209287339,0.48201538758199547,0.42361992197616916,901
2430,32052,0.2876092971283846,0.3159873283563464,0.4755861980646561,0.219030533699064,0.539451715877274,0.1440444916176384,1.0,0.3283105925551541,0.3634569167835356,0.0,0.9626574178615372,0.6196908672655488,0.7390115964200016,0.7645232988719857,0.6522422946688681,0.34588375466934485,0.3805053482387953,0.3957867632105012,0.7645232988719857,0.4818483494641376,0.42932906271202265,902
2370,31074,1.0,0.2125192415532258,0.3736298191175524,0.2460866088467878,0.3907701073405387,0.5003210027562519,1.0,0.4256868428496639,0.3960924652173003,0.0,0.6287451024806507,0.6582477343583584,0.0,0.8822616494359928,0.5717482092097523,0.4108896540334821,0.4274355437887157,0.2930745303353891,0.8822616494359928,0.48180935309328576,0.41418530147959337,903
1881,24035,0.0,0.7069582374535993,0.7531424973798964,0.2364229459541386,0.587079376344642,0.1907742018947578,1.0,0.4907944334273956,0.5174046274545818,1.0,0.8024316417795487,0.6464521806900653,0.6784442506275288,0.2199488619636471,0.5318320182742857,0.5040995304409888,0.6028553048387078,0.7300503674167478,0.2199488619636471,0.4817654827011548,0.5860898104577074,904
1284,20522,0.4532684132055056,0.1301683954800775,0.4422904435579479,0.5142137043909469,0.575988508931598,0.3143207511171957,1.0,0.3173065017628288,0.3956862906581088,0.0,0.609205338340089,0.1824696071000179,0.869453057760477,1.0,0.5285991041015223,0.3564963962104688,0.4809045928879481,0.2862294195190127,1.0,0.4817158678925319,0.40131804731862897,905
1030,20330,0.4532684132055056,0.1683602169849641,0.4056574994106425,0.4480436092504842,0.5136627874101081,0.331934273551359,1.0,0.2951038258523646,0.5655325361055046,0.0,0.3174120517021512,0.090249684948987,0.9701320359742358,1.0,0.4577655464577199,0.4303181809789346,0.4587281340423903,0.2870088581978033,1.0,0.4817000541999436,0.4013015793791983,906
604,14057,0.0,0.2624049831366774,0.3603683609836935,0.2141944469017588,0.3150625063148398,0.3046318313471173,1.0,0.5839940077160123,0.3858075147738071,0.0,0.785063008554703,0.5147889781056056,0.8212921674167302,0.8822616494359928,0.5302860385192597,0.48490076124490966,0.36677775691274317,0.31138667206018544,0.8822616494359928,0.48160689311065413,0.41396775811070524,907
2384,31035,1.0,0.2589997143900474,0.4226463452550246,0.2452363233913422,0.3873080103492943,0.4687733976310405,1.0,0.3940526285538366,0.3519832315313237,0.0,0.6296134720267608,0.647364146438172,0.0,0.8514307429854822,0.5692444046162332,0.37301793004258016,0.4202635462743354,0.340823029822536,0.8514307429854822,0.4815547731868748,0.4176089359596462,908
293,10036,0.0,0.7149675791295147,0.4320288770750036,0.1571027332299569,0.6975978777797474,0.1141843652432013,1.0,0.1950311490059234,0.2753070995864924,1.0,0.8202344597774498,0.5234570877187574,0.6304410739041073,0.6550328681014498,0.49353315535007863,0.2351691242962079,0.5937769952505811,0.5734982281022591,0.6550328681014498,0.4815296517240688,0.44587489600691277,909
2401,31057,1.0,0.2419110006443002,0.4755861980646561,0.2280227084777505,0.3131154646616926,0.3362243998575441,1.0,0.2314561853208427,0.3041443954476676,0.0,0.6026921526433819,0.6765333891794295,0.8212921674167302,0.9257153714927412,0.7751294273098854,0.2678002903842551,0.37547251459939746,0.3587485993544781,0.9257153714927412,0.4815110099787533,0.40892005316152563,910
770,15001,0.0,0.5439354694943219,0.6451548897313895,0.2799918651810996,0.4221205625759269,0.1763440730523811,1.0,0.5096228530703516,0.4313371517860774,0.0,0.7885366937895839,0.4887165104659804,0.7947952132712555,0.4750981894876865,0.518012104381705,0.4704800024282145,0.3756913001618815,0.5945451796128557,0.4750981894876865,0.4814332602774236,0.4830301831611795,911
938,17032,0.0555057041487397,0.3035373850006196,0.499940907199288,0.3278656982460409,0.3618806554955528,0.2051836908458997,1.0,0.5305853353095703,0.3673420115317192,0.0,0.8171949593156238,0.4126275534840823,0.8212921674167302,0.7171720540196672,0.526655096091294,0.44896367342064475,0.3789860089174987,0.4017391460999538,0.7171720540196672,0.4812665044207459,0.4355882998995488,912
2234,30210,0.6806413939763865,0.2168449545776747,0.3908492491240862,0.5616465458029649,0.7282308254450569,0.4084816842157702,1.0,0.2286343050783119,0.6267722849166802,0.0,0.1723838814545126,0.2479380373374733,0.9518127218666266,0.7171720540196672,0.5131940086587496,0.42770329499749604,0.5396718110927583,0.30384710185088043,0.7171720540196672,0.4812452687631536,0.435564274871619,913
1121,20414,0.0,0.2871035353310655,0.5752575243263669,0.3955860707157382,0.4664816962057834,0.1966662216263783,1.0,0.4584754391197003,0.1795709216490758,0.0,0.7928789556210158,0.4775997407729886,0.869453057760477,0.8514307429854822,0.5349829385386203,0.31902318038438804,0.41174679770957995,0.4311805298287162,0.8514307429854822,0.4811939677805163,0.4172178551941363,914
643,14095,0.0,0.2496435296869095,0.3603683609836935,0.1981904395927872,0.3489619808176606,0.327742327011823,1.0,0.2887918267518219,0.5013850960362024,1.0,0.8762484365103635,0.3999563452119887,0.8212921674167302,0.7097780834867178,0.5243742372847706,0.39508846139401216,0.5749789494844542,0.3050059453353015,0.7097780834867178,0.4811535624535988,0.4365902027795983,915
354,11001,0.0,0.5786838681024478,0.6021944907751817,0.2381767330150509,0.412587932530883,0.1953659018140214,1.0,0.591295979636876,0.4199009854701114,1.0,0.9083803872712845,0.5579158829221673,0.0,0.4139876383664461,0.36657406754836297,0.5055984825534937,0.569226113471991,0.5904391794388147,0.4139876383664461,0.48115274907898054,0.49958210204039166,916
1401,20244,0.418388564882842,0.1448516777600968,0.3367255473426092,0.4180920396543686,0.4757865699736944,0.3193278977434801,1.0,0.3483836397992145,0.704650796219398,0.0,0.6217977320108883,0.4949974568339598,0.7390115964200016,0.8079770209287339,0.5685488375369229,0.5265172180093063,0.4426413014743086,0.24078861255135298,0.8079770209287339,0.48112004175725226,0.42263655549167833,917
252,8044,0.4079913363254404,0.4130240216151982,0.2717650557236629,0.1439552927413724,0.7193924601379144,0.1493705804323644,1.0,0.2309408851532064,0.3014058392106573,1.0,0.8914459388194935,0.5789630951173695,0.7390115964200016,0.7171720540196672,0.6543529916705763,0.2661733621819318,0.6025436666623303,0.34239453866943054,0.7171720540196672,0.4810863993200937,0.4353845458369711,918
543,13039,0.0,0.3280420394952704,0.4868684828010148,0.3109980316971191,0.4799100613743463,0.2307786503975324,1.0,0.5011144296658989,0.6150366363542599,0.0,0.7029960819845205,0.4730075350104843,0.7606458862803938,0.5786259907364864,0.48416237581884963,0.5580755330100794,0.40433734869379956,0.40745526114814257,0.5786259907364864,0.48103995408902034,0.45933226459002613,919
35,4007,0.979629150547926,0.2220150699438703,0.3825889602415067,0.3587894507976251,0.720706305665507,0.3489772317119609,1.0,0.2427472548041079,0.3837391731073496,0.0,0.5896655741995274,0.6690671190077179,0.0,1.0,0.5595904609387927,0.31324321395572874,0.4856945976350186,0.3023020150926885,1.0,0.4809625460164301,0.4005337090710415,920
1278,20040,0.418388564882842,0.1293420054697926,0.4033287599399012,0.4350409405513769,0.4980861707778936,0.3337134261609469,1.0,0.3510168456505097,0.6266475468807562,0.0,0.4025184787341598,0.1583927830492557,0.9036320434281871,0.9257153714927412,0.47073296752361116,0.48883219626563296,0.45336810749804346,0.2663353827048469,0.9257153714927412,0.4809039509500665,0.4082757286488616,921
1695,21180,0.3859842990059995,0.5307124058749384,0.6407395266652492,0.3248902834508712,0.4152773764035106,0.2201524823088896,1.0,0.3685034680392823,0.4818889132407751,0.0,0.6943117653720974,0.2657578529525867,0.8212921674167302,0.486034814726526,0.5418365211868534,0.42519619064002867,0.3920640284326543,0.5857259662700938,0.486034814726526,0.4808784319560365,0.47959790659054213,922
985,19051,0.0,0.2653019241503474,0.327506397791999,0.1712747507222835,0.8857308600912093,0.0898016940848633,1.0,0.5985934290706406,0.2907260048538579,1.0,0.2870169435586711,0.4717885164992737,0.7390115964200016,0.8275164340507248,0.37445426411948657,0.44465971696224926,0.6293614609796713,0.2964041609711732,0.8275164340507248,0.48083661085208,0.41980997388475727,923
312,10008,0.0,0.4794977263840472,0.5519626695552913,0.1730009292771516,0.5451174932877458,0.2085365124146057,1.0,0.2387579706226918,0.3865661566743735,1.0,0.8640902276126201,0.542771750279472,0.7390115964200016,0.5075407062352487,0.5364683935780235,0.31266206364853266,0.5853309869959007,0.5157301979696692,0.5075407062352487,0.4808203692403779,0.4743630492608451,924
1340,20142,0.4532684132055056,0.1381386364904524,0.279617045909487,0.4214629787503778,0.4804117761859277,0.337291446552172,1.0,0.4217066508114919,0.5910847182563563,0.0,0.487190720993113,0.3253560445246274,0.9036320434281871,1.0,0.5423618055378583,0.5063956845339241,0.4478332402976955,0.20887784119996972,1.0,0.4807923601956521,0.4003565587312064,925
872,16076,0.0,0.5928516561933905,0.7927557946807162,0.2195964831316962,0.3296675960402533,0.2721194467393835,1.0,0.4039404417965742,0.4066760767670413,0.0,0.824142329785386,0.5045119401536442,0.7947952132712555,0.4727253235846721,0.5308623708025715,0.40530825928180775,0.3642767051822666,0.6928037254370534,0.4727253235846721,0.4807104638212471,0.4827277359272986,926
1784,21106,0.4661875608731715,0.4701921594266815,0.5833084880555318,0.3409566554457135,0.3792841117804832,0.240739926523066,1.0,0.3748286983089793,0.5439000369661044,0.0,0.8892748079037778,0.5468809588040725,0.0,0.5686027970051493,0.4755858318952555,0.45936436763754185,0.39219613874985254,0.5267503237411066,0.5686027970051493,0.48068510618254956,0.46091791054114695,927
2204,30028,0.0,0.5396387542433572,0.6617961279582493,0.3933356506711765,0.5089662008841176,0.8370528878687056,1.0,0.6907267110005701,0.7245844407914299,0.0,0.5657837552779745,0.7937878835288447,0.0,0.3241560665701543,0.3398929097017048,0.707655575896,0.5478709478848,0.6007174411008032,0.3241560665701543,0.4806769989790469,0.530430072032679,928
1398,20241,0.1826590576547239,0.19232834181094,0.4144920627651705,0.4805867053749728,0.5494893643683505,0.2850162533952376,1.0,0.2852983280613277,0.3600232908531556,0.0,0.788102509016529,0.5144932822658476,0.7789425991309047,1.0,0.5660493620170013,0.3226608094572416,0.46301846462771223,0.30341020228805526,1.0,0.4806686559753343,0.40022780199774366,929
903,16098,0.1466320176491291,0.3049793827028546,0.5265685204920176,0.2694466835193824,0.3656585246409615,0.2243395283715599,1.0,0.3203651527733423,0.3825690361506134,1.0,0.7112462138238882,0.2310179117733881,0.8429462157448122,0.6354934549794589,0.4829605897478044,0.3514670944619779,0.5718889473063807,0.41577395159743613,0.6354934549794589,0.48063488085154704,0.44822010835523113,930
809,16071,0.0,0.4307737952951525,0.6064331912231685,0.2419315745622617,0.3765946679078557,0.2267971921916582,1.0,0.3535720409518439,0.3988244182872307,1.0,0.743378164584809,0.45001696061636,0.7947952132712555,0.4644484349938461,0.4970475846181061,0.3761982296195373,0.5690646869323551,0.5186034932591606,0.4644484349938461,0.4805624784151271,0.48467759859545234,931
693,15074,0.0,0.4060928830871986,0.637432189837009,0.2808345367426926,0.3908879733186506,0.1924604623095853,1.0,0.6321402397586168,0.4913561079674459,1.0,0.8237081450123307,0.4647727043850438,0.0,0.4735104557787167,0.3221202123493436,0.5617481738630313,0.5728365944741857,0.5217625364621038,0.4735104557787167,0.48048360501426796,0.48224287892202194,932
696,15055,0.0,0.4717865376140588,0.5624289081512561,0.2967950624130572,0.3670517261614024,0.1868757000846324,1.0,0.6583686756854974,0.6461674786043592,0.0,0.8792879369721895,0.5853515928892926,0.0,0.5594373801050112,0.36615988246537057,0.6522680771449283,0.3701444977318184,0.5171077228826575,0.5594373801050112,0.48035259094167426,0.4623941187241246,933
555,14116,0.0,0.383011884121851,0.5531143480757917,0.2108230574889434,0.4764254057560186,0.1930858418223278,1.0,0.3294076495376692,0.4127245492913175,0.0,0.9248806509500204,0.4306224979209279,0.7789425991309047,0.7336923924214751,0.5336114370004632,0.37106609941449337,0.376066861013458,0.46806311609882134,0.7336923924214751,0.4803435704323687,0.43207732282045747,934
1367,20180,0.6190015946419424,0.2257881796126912,0.3638425535640407,0.3803400398658068,0.4291802257119335,0.168343578040172,1.0,0.4499294446688272,0.2103729884484422,0.0,0.800260510863833,0.3941869446020136,0.8429462157448122,1.0,0.6640988164631503,0.3301512165586347,0.39557276872358244,0.29481536658836593,1.0,0.4803352094973144,0.3998807776627173,935
1080,20015,0.3706292612258043,0.137000525755604,0.5531143480757917,0.4982330547766745,0.5717096091797025,0.3134052173137561,1.0,0.2558245803012778,0.3317515989952313,0.0,0.8501954866730947,0.416527655251452,0.7606458862803938,0.8822616494359928,0.5994995723576863,0.29378808964825454,0.4766695762540266,0.3450574369156979,0.8822616494359928,0.48029255878218174,0.4125560613803069,936
1441,20302,0.4028778282085332,0.2440075171621069,0.4422904435579479,0.3998463812280762,0.4601090063336813,0.1922009503366153,1.0,0.4434032335875169,0.1938293363287477,0.0,0.7038644515306307,0.2660944601392214,0.9036320434281871,1.0,0.5691171958266431,0.31861628495813227,0.4104312675796745,0.3431489803600274,1.0,0.48021814512145033,0.399758960735291,937
1043,20517,0.3932202598211434,0.4011448753350485,0.3367255473426092,0.5518186635257666,0.6014792684200063,0.3562787044489982,1.0,0.2404933059695064,0.3217145023364192,0.0,0.6439426047897805,0.3910281520336341,0.7947952132712555,0.8822616494359928,0.5557465574789533,0.2811039041529628,0.5019153272789542,0.36893521133882884,0.8822616494359928,0.4801581723970339,0.4124117743787657,938
1953,26001,0.2040145944256144,0.2607238316930904,0.4101668344392095,0.0931125846119499,0.8472895232085476,0.252538824098107,1.0,0.1464265308022142,0.607861751922194,0.0,0.8354319620865789,0.3817513420512338,0.7390115964200016,0.8514307429854822,0.5400523737458571,0.37714414136220414,0.43858818638372093,0.33544533306614993,0.8514307429854822,0.4801249238499298,0.4160595377764619,939
2275,30118,0.0,0.778685435888197,0.6921229020631928,0.3888856518375932,0.4410726287325415,0.3845767297558671,1.0,0.2793133311675129,0.2969235529820957,1.0,0.5071646699067298,0.4080272365528089,0.9036320434281871,0.411750186219267,0.45470598747193147,0.2881184420748043,0.6429070020652004,0.7354041689756949,0.411750186219267,0.48008922154427747,0.49887758781984953,940
1647,21031,0.4661875608731715,0.200228369251924,0.4101668344392095,0.3532206101978542,0.3648769282311227,0.2464616298711053,1.0,0.4247952350025774,0.3636661777653593,0.0,0.901433016801522,0.5079876044963627,0.7947952132712555,0.8079770209287339,0.6676008488605779,0.39423070638396834,0.3929118336600165,0.30519760184556677,0.8079770209287339,0.48007436133998127,0.4214886542413931,941
1176,20166,0.4532684132055056,0.2318586850785338,0.4501424337437721,0.4782428630009017,0.5582619890185068,0.3338864539344449,1.0,0.4694059456582746,0.3762727630817558,0.0,0.373425924909845,0.1524253840765722,0.9701320359742358,0.7645232988719857,0.48731293954153965,0.4228393543700152,0.4740782611907706,0.3410005594111529,0.7645232988719857,0.4799498281579558,0.4272156162887258,942
2152,30145,0.5409829611285887,0.2067920262739044,0.4422904435579479,0.4992702945054824,0.6604109696295574,0.5472969197771478,1.0,0.5997306666165807,0.4729001209821268,0.0,0.4155449536527942,0.6583442628278668,0.0,0.668732778856004,0.4037180444023124,0.5363153937993538,0.5413956367824375,0.3245412349159261,0.668732778856004,0.4798518065747175,0.4416424036966581,943
1694,21207,0.3484713972187253,0.3806914079690679,0.612489318404433,0.3362443496763551,0.4600024196691107,0.3021710625353694,1.0,0.4024726202573216,0.5168493550690145,0.0,0.3065567076992326,0.181981362126901,0.869453057760477,0.6220797127932347,0.42661563120133394,0.4596609876631681,0.41968356637616705,0.4965903631867504,0.6220797127932347,0.4797866283094922,0.44962315150711524,944
840,16095,0.1680849407544698,0.5341248335561081,0.4470711062141527,0.2257506959375227,0.300023778457151,0.276400573029153,1.0,0.2723453732220616,0.3117838493597599,1.0,0.7016935276653549,0.2073454316670168,0.8429462157448122,0.6594077639142162,0.48001752895791344,0.29206461129091077,0.5604350094847653,0.4905979698851304,0.6594077639142162,0.4797646212060299,0.4430949085843807,945
1658,21186,0.0,0.5164909293318447,0.5845927871825055,0.3378671011131009,0.456269384370831,0.3118619427250048,1.0,0.4258668371160921,0.5110118288254303,1.0,0.2023448048249376,0.0326339899179356,0.869453057760477,0.5745035569136432,0.2761079631258375,0.4684393329707612,0.6211996856417874,0.550541858257175,0.5745035569136432,0.479743739471158,0.45860466120296245,946
947,18014,0.0,0.4836298341157615,0.4056574994106425,0.1832702217984713,0.3287465426373518,0.39415726023079,1.0,0.3659501647302706,0.3266013770069251,1.0,0.7134173447396039,0.1646749918006244,0.8429462157448122,0.6594077639142162,0.4302596380712601,0.34627577086859784,0.5812348049333227,0.444643666763202,0.6594077639142162,0.47966065753431375,0.44297489002809115,947
2355,31106,1.0,0.1315352904859605,0.3225774448656947,0.2367615233054766,0.3517772663474903,0.5098096034056921,1.0,0.4200797363995944,0.3122321052323004,0.0,0.6439426047897805,0.7212861501367582,0.7789425991309047,0.9257153714927412,0.7860428385143609,0.3661559208159474,0.4196696786117318,0.2270563676758276,0.9257153714927412,0.47965194081478574,0.4069475037206401,948
763,15121,0.0,0.9312796759180272,0.7979934366597065,0.3010422051140494,0.4175146113563256,0.1806010522276082,1.0,0.7154156702619707,0.6151611665633478,1.0,0.8923143083656038,0.4993989826935214,0.7789425991309047,0.140220763187027,0.5426639725475075,0.6652884184126593,0.5798315737395967,0.8646365562888668,0.140220763187027,0.47962051021563845,0.652257530291797,949
1651,21002,0.5689366890539633,0.2327378170901181,0.4009476848885993,0.3315041693339838,0.4711261574106478,0.320749004513074,1.0,0.4636862386641035,0.4344503536926525,0.0,0.3543204490675586,0.4377110310589625,0.869453057760477,0.7532318055434659,0.5576053067352403,0.449068296178378,0.42467586625154113,0.31684275098935866,0.7532318055434659,0.4796162180300432,0.4284352174354015,950
2379,31066,1.0,0.2039158578406175,0.3960187319622951,0.2645239515421701,0.4614909285405799,0.37649696018218,1.0,0.217210480338909,0.306552579578715,0.0,0.621363340187393,0.6293627424458859,0.8212921674167302,1.0,0.7680045625125023,0.261881529958812,0.42050236805298596,0.2999672949014563,1.0,0.4795812601593671,0.39909634976505254,951
475,13022,0.0,0.2154605136783021,0.3410507756685701,0.3130441269697351,0.4710892992426099,0.2224981607285552,1.0,0.403915011312426,0.6031701448469537,1.0,0.7798523771771613,0.5552166791369446,0.7606458862803938,0.5745035569136432,0.5239287356486249,0.5035425780796898,0.60132631738818,0.2782556446734361,0.5745035569136432,0.47954687687976,0.4583694380431086,952
2197,30021,0.0,0.5244965599765345,0.5149135537650485,0.3909172663893905,0.463395472368918,0.4531925106292988,1.0,0.2746708364643493,0.3272254813423504,1.0,0.4059921639690409,0.2111892664640318,0.869453057760477,0.6594077639142162,0.3716586220483874,0.30094815890334986,0.6615010498775215,0.5197050568707915,0.6594077639142162,0.47952967505361604,0.44282368946471884,953
31,4004,1.0,0.5917262561947804,0.5966459256696569,0.2969292432693374,0.5898601397287526,0.2214658929745467,1.0,0.2210126726529739,0.1924357111210199,1.0,0.58228401895671,0.5345875822687293,0.852453839938568,0.4471037074103583,0.7423313602910019,0.2067241918869969,0.6216510551945273,0.5941860909322186,0.4471037074103583,0.47948310363487606,0.487937915979369,954
860,16035,0.1375795172557881,0.3277693139199311,0.5466193501224008,0.2451831391979227,0.2526454652818672,0.3964398298975458,1.0,0.3032877649619482,0.3759982559652557,1.0,0.5336518045170537,0.2261827567807129,0.7606458862803938,0.7097780834867178,0.4145149912084871,0.33964301046360196,0.5788536868754671,0.437194332021166,0.7097780834867178,0.4792760939290807,0.4344617654300712,955
720,15082,0.457891543547254,0.4141438132300465,0.6064331912231685,0.2840152076694596,0.3146730178245996,0.2412440692674493,1.0,0.6013842036788397,0.3438961768447626,0.0,0.5735997023442871,0.1139542450290514,0.869453057760477,0.5648420579743655,0.5037246371702674,0.47264019026180115,0.3679864589523017,0.5102885022266075,0.5648420579743655,0.4791369873429885,0.4598253029134517,956
1013,19039,0.0,0.9409438023502388,0.9070891504443268,0.1829053302633309,0.8270412146997452,0.1223659961255405,1.0,0.7922631760806582,0.8862458983476009,1.0,0.211897490983471,0.070444178088746,0.7947952132712555,0.1929579682106474,0.2692842205858681,0.8392545372141296,0.6264625082177233,0.9240164763972828,0.1929579682106474,0.47910248597574256,0.6014089003307603,957
929,17024,0.3024799758214906,0.3637496148898017,0.5536855267134492,0.3178083373485968,0.3403048861232964,0.1802973710212525,1.0,0.4550091696086212,0.5591186534414712,1.0,0.8475901709843241,0.2915836988907775,0.0,0.5303779200216894,0.3604134614241481,0.5070639115250462,0.5676821188986292,0.45871757080162545,0.5303779200216894,0.47909313356039623,0.4670663443044935,958
1536,20270,0.418388564882842,0.1281212084430328,0.4989906462943148,0.4218768133123808,0.4809729077926304,0.276273890859787,1.0,0.3135397756645004,0.392107043663403,0.0,0.6422058656975602,0.2518500327769498,0.7789425991309047,1.0,0.5228467656220641,0.3528234096639517,0.4358247223929597,0.31355592736867377,1.0,0.4789737792431169,0.39846453552257605,959
648,14026,0.0,0.3464982465794743,0.4470711062141527,0.2122400392833824,0.3073254974112448,0.3201854793508454,1.0,0.4411710459575616,0.4068729057001388,0.0,0.7559705582556082,0.4624976516949952,0.7947952132712555,0.8079770209287339,0.5033158558054647,0.4240219758288502,0.36795020320909455,0.3967846763968135,0.8079770209287339,0.478844369611572,0.42013922418009664,960
1500,20387,0.1826590576547239,0.1782802465924845,0.4033287599399012,0.4811051948182083,0.5480128190155171,0.2853969513877681,1.0,0.3622111429100214,0.4339537744156273,0.0,0.9296568905040664,0.4808236955627565,0.7789425991309047,0.7914566825269261,0.5930205607131128,0.3980824586628243,0.46290299304429877,0.29080450326619284,0.7914566825269261,0.47875377548322123,0.42221482387915416,961
668,14091,0.0,0.427194020295661,0.6036263150066016,0.2128162498990843,0.4611525977593327,0.1951686778596681,1.0,0.3733421239728344,0.3670069975070891,0.0,0.8037341960987143,0.4943842586269991,0.7789425991309047,0.6789471770362071,0.5192652634641546,0.37017456073996174,0.373827505103617,0.5154101676511313,0.6789471770362071,0.47873062691463797,0.438687256649004,962
637,14084,0.1411157730694472,0.3637141631330149,0.5559399390112435,0.18433071761337,0.2592256888263377,0.5364264510122128,1.0,0.2938547647261572,0.5444217925426567,0.0,0.5128092790068866,0.1066488228903696,0.869453057760477,0.8079770209287339,0.4075067331817951,0.4191382786344069,0.3959965714903841,0.4598270510721292,0.8079770209287339,0.4786691225244423,0.41994703019366575,963
2159,30138,0.4532684132055056,0.3967653964216535,0.5435301114473258,0.3883782709942103,0.4374518197556023,0.3760661501272181,1.0,0.2749888897136863,0.2930298288056442,1.0,0.5045593542179589,0.2573630807994208,0.869453057760477,0.5630100464373469,0.5211609764958406,0.28400935925966525,0.6403792481754061,0.4701477539344896,0.5630100464373469,0.47851819993693473,0.4594561184687228,964
812,16062,0.0,0.3506303184621429,0.5018162372297665,0.2230708390620069,0.3457396036221843,0.2479669834665987,1.0,0.3026503596538876,0.552941972269039,0.0,0.7763786919422799,0.5105950575395253,0.7947952132712555,0.725114210224383,0.5204422406882652,0.4277961659614633,0.363355485230158,0.4262232778459547,0.725114210224383,0.4781860975615441,0.43091794287889446,965
364,11008,0.0,0.5317347779156932,0.5675484247632663,0.2303605553413906,0.4169325729397649,0.1866632458568138,1.0,0.4332665280919903,0.388669818536248,0.0,0.8523664105383706,0.5010938671797733,0.7947952132712555,0.5612088264721999,0.5370638727473498,0.41096817331411917,0.3667912748275938,0.5496416013394798,0.5612088264721999,0.47806994652526275,0.45928597154787976,966
2239,30209,0.5688996179029582,0.2930859859968709,0.4602408695082853,0.4643694446581968,0.6311968023391852,0.551472542695469,1.0,0.3098692206014773,0.3952381535975999,0.0,0.1250543248592419,0.2600800897564638,0.9301468010770012,0.7532318055434659,0.4710452083989163,0.3525536870995386,0.5294077579385702,0.3766634277525781,0.7532318055434659,0.4779605491815169,0.4265872803178739,967
676,15081,0.0,0.7162356066056389,0.780029906587073,0.3073350785645757,0.4304283305825404,0.1904599267172797,1.0,0.5339929015596134,0.5952142753240175,1.0,0.9005644402049715,0.5887902888482077,0.7606458862803938,0.1791661054425913,0.5625001538333932,0.5646035884418155,0.5856446671728792,0.748132756596356,0.1791661054425913,0.4779109699620685,0.6107588741316673,968
446,12032,0.7111896332312811,0.299461797978605,0.5429013061554958,0.3030354576142845,0.2423073117897142,0.2431927808811964,1.0,0.6139698163342513,0.258095278228592,0.0,0.3213200252353076,0.0479689696657199,0.869453057760477,0.7771461144782232,0.4874829214731964,0.43603254728142166,0.35770711005703903,0.42118155206705044,0.7771461144782232,0.47774437394747066,0.4230277006404602,969
717,15104,0.0,0.8831757326343233,0.8352777927152026,0.3040775903940781,0.4100020550954117,0.1784189410124916,1.0,0.8125494449838625,0.8424101608992265,1.0,0.8393400391449564,0.4527582375600922,0.7606458862803938,0.1178714220589106,0.5131860407463606,0.8274798029415444,0.5784997173003963,0.859226762674763,0.1178714220589106,0.47771660967465984,0.6778144076548006,970
410,12079,0.7111896332312811,0.2087558024888041,0.4669068020027238,0.3413699617386253,0.3392988370707768,0.1664468844941831,1.0,0.2098787872361818,0.5231687524692895,0.0,0.5900999660230226,0.205756629980567,0.8429462157448122,0.9257153714927412,0.5874981112449207,0.36652376985273566,0.3694231366607171,0.33783130224576396,0.9257153714927412,0.4777074505554488,0.4048863631506717,971
779,15099,0.3859842990059995,0.7012802097263862,0.7557968218890183,0.3153295398155172,0.4162489033103117,0.2015641235218712,1.0,0.3984476794028888,0.5205382847832257,1.0,0.6052974683321524,0.240394924813537,0.8212921674167302,0.246787194556781,0.5132422148921048,0.4594929820930572,0.5866285133295401,0.7285385158077022,0.246787194556781,0.4776919381745923,0.5634485097921555,972
2420,32029,0.0743203252013212,0.5604382229552549,0.5181490228932447,0.1822110017140584,0.5683620745321177,0.1816338657695639,1.0,0.2518510015200877,0.3266662907265988,0.0,0.9470255237289112,0.685639664270208,0.7606458862803938,0.668732778856004,0.6169078498702085,0.2892586461233433,0.386441388403148,0.5392936229242498,0.668732778856004,0.47767623508682483,0.43914090359402164,973
2295,30084,0.3789880133631159,0.1863280898147369,0.3704667967482067,0.4391043529293864,0.5558179045984175,0.4329973874944453,1.0,0.5048103564154752,0.2920553639783672,0.0,0.4489795622581003,0.7167027227749501,0.869453057760477,0.7645232988719857,0.6035308390391608,0.3984328601969212,0.4855839290044498,0.2783974432814718,0.7645232988719857,0.4776117226184694,0.42461569297982754,974
2426,32008,0.0,0.2573467667242106,0.3985118677122405,0.2086219338718523,0.5462444285457904,0.1584087993135041,1.0,0.4202876426575994,0.3609248342235429,1.0,0.895788200650925,0.5460555598949101,0.7606458862803938,0.6046625485289482,0.5506224117065572,0.39060623844057113,0.5826550323462294,0.32792931721822555,0.6046625485289482,0.4775947843224351,0.45024220391247327,975
873,16075,0.1680849407544698,0.4422380373615174,0.66014057270205,0.2293876751492144,0.3068918592789695,0.2787512361103683,1.0,0.3355753527808113,0.3185640297480222,1.0,0.5579678082116617,0.2429992416809796,0.8429462157448122,0.538733063501105,0.45299955159798083,0.32706969126441676,0.5630061541077105,0.5511893050317836,0.538733063501105,0.4772930665692715,0.46306078048786764,976
2294,30085,0.0,0.8140897244870823,0.6118332582235292,0.3904656679734316,0.4473892054439733,0.3975748363768437,1.0,0.2917946402439859,0.299606812966417,1.0,0.3247937104701888,0.156753053762624,0.9036320434281871,0.5238807753512185,0.34629470191524997,0.2957007266052014,0.6470859419588497,0.7129614913553057,0.5238807753512185,0.4772124306033765,0.4662099834959324,977
454,12061,0.3837299387575024,0.3534949767879167,0.716778750094712,0.3259069578114522,0.3029456506515506,0.1913298393349569,1.0,0.3235162062595125,0.4465576984447509,0.0,0.7260095313599633,0.3360542598596394,0.8429462157448122,0.5765449532098653,0.5721849864304793,0.3850369523521317,0.36403648955959195,0.5351368634413144,0.5765449532098653,0.47719552930738124,0.4551579828555795,978
1868,24034,0.5967154078961798,0.2737607705065899,0.4868684828010148,0.2662750908031267,0.6250558565837604,0.4229152208621271,1.0,0.2949086313413999,0.4143175771564507,0.0,0.4489795622581003,0.5625762187527348,0.8429462157448122,0.6467849483079785,0.6128043511629568,0.3546131042489253,0.4628492336498028,0.38031462665380233,0.6467849483079785,0.47718174458897533,0.44224690231693414,979
1665,21126,0.3859842990059995,0.139753229302924,0.2937651483864014,0.3366004553401707,0.3905858165003469,0.2354056476333164,1.0,0.4141334157982893,0.5125195527387231,1.0,0.9787234967672178,0.6931706016788743,0.0,0.8079770209287339,0.514469599363023,0.4633264842685062,0.5925183838947667,0.2167591888446627,0.8079770209287339,0.4771611096336767,0.4182939155514668,980
365,11041,0.0,0.5336400869539585,0.7742227886407291,0.2494138933522295,0.3901392472373048,0.2163701103260149,1.0,0.3900472893314841,0.5182404776321989,0.0,0.8666955433013903,0.5088571001395966,0.7947952132712555,0.4135363953201607,0.5425869641780606,0.45414388348184154,0.37118465018310987,0.6539314377973438,0.4135363953201607,0.4771553060343556,0.4945341219918321,981
142,7045,0.8335046471480598,0.1717175706420361,0.3062446592022165,0.4260962533959304,0.7651082853029477,0.3832026702505081,1.0,0.2913459942577545,0.4785305131110822,0.0,0.2605297054231272,0.3729234508382594,0.9860016052903372,0.8514307429854822,0.6132398521749459,0.38493825368441836,0.5148814417898773,0.23898111492212631,0.8514307429854822,0.4771427379169213,0.4128317266462654,982
2271,30005,0.6258260362228523,0.1344485726868212,0.3174079620274858,0.4354540913633946,0.5591910181004985,0.4445606210106286,1.0,0.4470597724236288,0.3023328473357619,0.0,0.4550585631817523,0.7637349118113518,0.869453057760477,0.8822616494359928,0.6785181422441083,0.3746963098796954,0.4878411460949043,0.2259282673571535,0.8822616494359928,0.47710883223979483,0.40914049849851164,983
1722,21144,0.0,0.5692901400358663,0.6356076092877035,0.3622079136233823,0.384236369460422,0.2944456554877817,1.0,0.3352726573730106,0.3763688314496742,1.0,0.9869734215561456,0.6600664397080217,0.0,0.4601894613829301,0.41175996531604186,0.35582074441134237,0.6081779877143172,0.6024488746617849,0.4601894613829301,0.47703757578238115,0.48134511584846723,984
279,9013,0.0,0.7351253206334345,0.767171313503942,0.3105382564745965,0.3868896393701061,0.1846507883818948,1.0,0.7960326456704655,0.5905127812434015,0.0,0.7546677968860027,0.4676184658163875,0.8212921674167302,0.2462186517636385,0.5108946075297801,0.6932727134569334,0.3764157368453195,0.7511483170686882,0.2462186517636385,0.4768589839689436,0.5625449419250343,985
275,9005,0.0,0.7950400253005231,0.8688191677346246,0.3062307546941937,0.4088060755459296,0.1820964346348492,1.0,0.6595934292610395,0.8094811295051201,1.0,0.8171949593156238,0.4573287528895634,0.7606458862803938,0.1367962870894914,0.5087923996213952,0.7345372793830798,0.5794266529749945,0.8319295965175739,0.1367962870894914,0.4768071532330521,0.6514931821649632,986
891,16010,0.3000426638495201,0.3355459237831669,0.5343679413983259,0.2424901450303515,0.1990242917312282,0.5435506501520176,1.0,0.3218234374849931,0.4020836103584376,1.0,0.6187582315490623,0.1462145876579053,0.8212921674167302,0.5559799813989118,0.4715769126183045,0.3619535239217153,0.5970130173827195,0.4349569325907464,0.5559799813989118,0.47680292549726516,0.4588374427034682,987
1838,24015,0.0,0.5106800128839747,0.454588682506295,0.2171469768721751,0.6608270045864264,0.168393925600703,1.0,0.2440023550985693,0.3236542370432972,1.0,0.7959184560828418,0.4698391925988004,0.7125442614903211,0.5969119385149223,0.4945754775429908,0.28382829607093324,0.6092735814118609,0.48263434769513486,0.5969119385149223,0.4767885546402962,0.4507437470510424,988
2029,28043,0.3229240850661943,0.2990987749421774,0.4602408695082853,0.2366900332118618,0.717178468017277,0.3656786005761659,1.0,0.3602264092399054,0.246989594414641,1.0,0.4637428797941751,0.6187707660108185,0.8429462157448122,0.5725003198007196,0.5620959866540001,0.3036080018272732,0.6639094203610609,0.3796698222252314,0.5725003198007196,0.47674140099846246,0.45541743410604985,989
546,14097,0.0,0.891618888606311,0.7725034262753707,0.2059472680121231,0.3448650358836369,0.2852495656756924,1.0,0.4725320750127024,0.6076006546425133,1.0,0.7603126130365998,0.4825279818687327,0.8212921674167302,0.1871393750355826,0.5160331905805157,0.5400663648276078,0.5672123739142905,0.8320611574408409,0.1871393750355826,0.47669234444518294,0.6022217380042596,990
2453,32005,0.0,0.7636743901480096,0.5824435576956839,0.199703472563118,0.536461767003569,0.1547851956070214,1.0,0.4112725349424883,0.31713518214126,1.0,0.9752496044818966,0.7054739409183033,0.0,0.4126395694576821,0.42018088635004996,0.36420385854187415,0.5781900870347416,0.6730589739218468,0.4126395694576821,0.47653531811958816,0.4939990902210414,991
519,13054,0.5230991341809489,0.2694750266774001,0.4980317856262841,0.2975656321879784,0.4799236767102078,0.230283558143151,1.0,0.4961273283787327,0.4204231009566341,0.0,0.8037341960987143,0.4962808242909544,0.7390115964200016,0.5431683198140091,0.6405314377476548,0.4582752146676834,0.4015545734082675,0.38375340615184206,0.5431683198140091,0.47651833357767687,0.4611751630179045,992
517,13007,0.4193240488992821,0.3961595228714565,0.4574524617213782,0.3275166546661111,0.4505371820982791,0.2359014763363507,1.0,0.3790614266616087,0.4005493794896199,1.0,0.7277464775026237,0.479213533713489,0.0,0.6020162396286254,0.40657101502884874,0.3898054030756143,0.6027910626201483,0.42680599229641736,0.6020162396286254,0.47642874635679994,0.4493610187188253,993
1798,21122,0.3859842990059995,0.2513897644376724,0.4486178983668503,0.3286883622542244,0.4061856759647386,0.2252045291823539,1.0,0.3975513367274937,0.5880671133822897,0.0,0.7325227170566702,0.2755751335895086,0.8212921674167302,0.6550328681014498,0.5538435792672272,0.49280922505489166,0.3920157134802634,0.3500038314022613,0.6550328681014498,0.47636633731156475,0.439906680360282,994
569,14078,0.0,0.5874363016295473,0.6242396220701355,0.2193225272645077,0.4244026313758695,0.1945789404060767,1.0,0.2904164371426684,0.3193833542959615,0.0,0.8818932526609611,0.5961185283838693,0.7947952132712555,0.6354934549794589,0.5682017485790214,0.304899895719315,0.3676608198092908,0.6058379618498414,0.6354934549794589,0.47633769596010556,0.44321649914568595,995
161,7057,0.4817047495775224,0.3620344808063339,0.5895797490786086,0.3800416518836795,0.9776675288673076,0.1785279281013085,1.0,0.3451650350497631,0.4544776423228638,0.0,0.1450281702476386,0.0529458406798233,0.9860016052903372,0.6101596542308203,0.4164200914488304,0.3998213386863134,0.5072474217704592,0.4758071149424712,0.6101596542308203,0.4763195230328938,0.4477257845936655,996
1223,20570,0.0,0.3843395175458938,0.5871156059080451,0.4608453804004643,0.5278109961710693,0.2618105786386948,1.0,0.3067883116372949,0.3790531921741868,1.0,0.6013893912737762,0.08699642577981,0.9036320434281871,0.5686027970051493,0.39800446512044335,0.3429207519057409,0.6500933910420457,0.48572756172696946,0.5686027970051493,0.4762684800974311,0.45563025289335823,997
658,14073,0.0,0.7241380405560546,0.6067788795581732,0.2186920023468609,0.4518228293420187,0.1825353354209908,1.0,0.2959135767408588,0.323567314213112,0.0,0.895788200650925,0.515723489596017,0.7789425991309047,0.5851231354069573,0.5476135723444617,0.3097404454769854,0.37061003342197407,0.6654584600571138,0.5851231354069573,0.4761584581082878,0.452248943982547,998
518,13006,0.4519602008481309,0.3867227387615049,0.4283749501331661,0.2867915361795402,0.4765080653833179,0.2213636236256262,1.0,0.3976545242480531,0.398768956585019,0.0,0.8072080883840356,0.443530608095144,0.7390115964200016,0.6220797127932347,0.610427623436828,0.39821174041653606,0.3969326450376969,0.4075488444473355,0.6220797127932347,0.47609996803778604,0.44530870077051615,999
735,15090,0.0,0.6479877537740268,0.6791796995633599,0.2971191958745763,0.3535728874889395,0.1936539707953761,1.0,0.4771024164422532,0.5600083740393103,0.0,0.6578375527797453,0.3306953831916764,0.8212921674167302,0.4259342998991253,0.45245627584703796,0.5185553952407818,0.36886921083177837,0.6635837266686934,0.4259342998991253,0.4760981615962492,0.48953638553894513,1000
2122,30197,0.5689366890539633,0.2075096737017193,0.4101668344392095,0.3480064625180482,0.4337821890919887,0.4049933268017852,1.0,0.6102413345775797,0.4757667680861325,0.0,0.0442900561334447,0.1674568236759529,0.9036320434281871,0.7914566825269261,0.421078903072887,0.5430040513318561,0.4373563956823644,0.3088382540704644,0.7914566825269261,0.4760275134448854,0.41921158977545137,1001
1039,20318,0.2820211445059131,0.4807155885632038,0.7166564726654558,0.4428006757527568,0.5317356137835371,0.2672533992116583,1.0,0.3418373586300861,0.3275445975004043,0.0,0.7368649788881017,0.2589122391230897,0.869453057760477,0.5064636110869319,0.5368128550693954,0.33469097806524517,0.44835793774959043,0.5986860306143298,0.5064636110869319,0.47595712186130346,0.4686220561749073,1002
1488,20369,0.1826590576547239,0.2111404409161303,0.3736298191175524,0.4823284892997681,0.5491526854043288,0.2869378550964439,1.0,0.4356549070450992,0.5066297630886867,0.0,0.8962223854239799,0.5729930123144693,0.0,0.9257153714927412,0.4129686138482933,0.47114233506689296,0.46368380596010816,0.29238513001684135,0.9257153714927412,0.47593185334775984,0.403006078559181,1003
104,7011,0.8582324433958022,,0.3322162123140422,0.3834436369986969,0.9523218660287328,0.1780083632827793,1.0,0.2657160338858144,0.3437003667791056,0.0,0.2618323632675123,0.0229927770360632,0.9301468010770012,0.9257153714927412,0.5183010961940947,0.30470820033246,0.5027547732620418,0.3322162123140422,0.9257153714927412,0.47593117571451576,0.40300536130768305,1004
30,4011,0.7806827529059838,0.2947434246120725,0.4560302473381071,0.3143541280672047,0.6839875577933117,0.2145150060629139,1.0,0.1917967966397515,0.2125069977272552,1.0,0.5384280440711002,0.5582989182135454,0.852453839938568,0.7336923924214751,0.6824658887822994,0.20215189718350335,0.642571338384686,0.3753868359750898,0.7336923924214751,0.4759207444101751,0.42711004943263964,1005
435,12062,0.6190015946419424,0.2986540934222868,0.6725273453231561,0.3813652984793241,0.418546239263342,0.1686883336969735,1.0,0.3848688664156147,0.2430609277585856,0.0,0.4524532474929814,0.1164137278941467,0.9036320434281871,0.7771461144782232,0.5228751533643144,0.3139648970871001,0.39371997428792793,0.48559071937272147,0.7771461144782232,0.4758257284697404,0.42090514208525176,1006
573,14123,0.0,0.464006469340364,0.4186476299168636,0.2139880401526092,0.3599655165587669,0.256671759549949,1.0,0.6047857476026037,0.3689532204944321,0.0,0.8732089360485376,0.4970758099005807,0.7947952132712555,0.5725003198007196,0.5412699898050934,0.48686948404851793,0.366125063252265,0.4413270496286138,0.5725003198007196,0.47577152821399527,0.4542596140740121,1007
1628,21217,0.4532684132055056,0.2214050307167358,0.454588682506295,0.413918055231703,0.4699228863871698,0.3549441272104062,1.0,0.5219414950822808,0.4534496687319869,0.0,0.2366478865015742,0.0012147000061413,0.9036320434281871,0.8275164340507248,0.39869076078535204,0.48769558190713386,0.44775701376585586,0.3379968566115154,0.8275164340507248,0.4756673429845395,0.4141760796358348,1008
2398,31015,1.0,0.1876465863158178,0.3704667967482067,0.2504365388163528,0.4081968064576465,0.4638484675461809,1.0,0.3320715000936873,0.3938478133298905,0.0,0.621363340187393,0.6404789654350381,0.0,1.0,0.5654605764056078,0.36295965671178887,0.424496362564036,0.27905669153201224,1.0,0.4755163129633076,0.39487239642534394,1009
200,7083,0.8582324433958022,0.2583303097927986,0.4406477225796021,0.4029027845989095,0.9045876188967956,0.2099146940360234,1.0,0.2384499232650924,0.2531372923524169,0.0,0.6409031043279545,0.4393161814705202,0.8429462157448122,0.8079770209287339,0.6953494862347722,0.24579360780875464,0.5034810195063457,0.3494890161862003,0.8079770209287339,0.4754642557644692,0.4164353507969424,1010
2306,30063,0.3443446855572439,0.2477488110752069,0.4144920627651705,0.2827369291014373,0.6023266054868308,0.4157970841369165,1.0,0.2923780103842615,0.2832108618344569,1.0,0.1767260397607242,0.4503135733386339,0.8429462157448122,0.8514307429854822,0.45358262860035353,0.2877944361093592,0.6601721237450369,0.33112043692018867,0.8514307429854822,0.47545154245296667,0.4110034751523632,1011
2472,32044,0.2936317492859092,0.5344636597375293,0.4824986519146431,0.2036526594918722,0.4837135093742514,0.2054575498215434,1.0,0.3139972027613436,0.3784265903807955,0.0,0.7207988999824215,0.3846703577672245,0.7789425991309047,0.668732778856004,0.544510901541615,0.34621189657106954,0.3785647437375334,0.5084811558260862,0.668732778856004,0.4753387733797413,0.4364564325765293,1012
669,14092,0.0,0.4329363899363238,0.3410507756685701,0.2096178632979951,0.3147819405114884,0.3179001726102509,1.0,0.3570588947266059,0.5030794232534969,0.0,0.7303517931913948,0.4712585861766632,0.7947952132712555,0.7914566825269261,0.49910139815982835,0.4300691589900514,0.36845999528394685,0.38699358280244694,0.7914566825269261,0.4751707166591845,0.41826863404867665,1013
122,7020,0.7493588939345635,0.211285231701524,0.5660383747757567,0.4210514248402081,0.9061803784105152,0.2186740517159586,1.0,0.2319632622361925,0.2805176190481279,0.0,0.3204515521639772,0.1209584415554774,0.9701320359742358,0.8822616494359928,0.5402252309070634,0.2562404406421602,0.5091811709933364,0.38866180323864036,0.8822616494359928,0.47495539702158523,0.4068334779236135,1014
923,17017,0.2434577598737922,0.4075997120040061,0.5315977605821658,0.314035432937349,0.3195515591684621,0.1841011521062405,1.0,0.3129498680337969,0.4700419173574016,1.0,0.755536166432113,0.366852372141039,0.8212921674167302,0.4264410150991886,0.5467846164659186,0.39149589269559926,0.5635376288424103,0.4695987362930859,0.4264410150991886,0.47490906700934415,0.48786350817198826,1015
326,10020,0.0,0.2629515275050563,0.3960187319622951,0.169090374796306,0.5602083464665595,0.2226491081716561,1.0,0.2729080828417974,0.4417660531369044,1.0,0.8406425934641215,0.5824044067406121,0.7390115964200016,0.6428874255124083,0.5405146491561837,0.35733706798935094,0.5903895658869043,0.3294851297336757,0.6428874255124083,0.4748965258936765,0.44026585795784,1016
2444,32020,0.0208506711951414,0.499147239784846,0.6695160341285998,0.197645917190458,0.5082191266199978,0.1747186339430895,1.0,0.5987331284115502,0.3921184659145096,0.0,0.8884064383576675,0.4521429408379187,0.7789425991309047,0.414440789422829,0.5350856623804081,0.4954257971630299,0.37611673555070907,0.5843316369567229,0.414440789422829,0.47486405470652093,0.49129913275216436,1017
515,13009,0.5230991341809489,0.2561120173598605,0.4355609835024832,0.3035015388021266,0.4787044543285484,0.2298721715898808,1.0,0.4283709298310678,0.4995670952460042,0.0,0.710377844277778,0.4228042428035301,0.7947952132712555,0.6101596542308203,0.6127691086333781,0.46396901253853595,0.4024156329441112,0.34583650043117187,0.6101596542308203,0.4748484226463731,0.44599796569115435,1018
1897,25009,0.2665601486762132,0.4642399270493925,0.6032701688538229,0.1620975306793676,0.3631503513811118,0.4191490138236688,1.0,0.3350554479755513,0.3052685241172854,1.0,0.6904038953641614,0.3101051390557368,0.8429462157448122,0.45410245906211,0.5275038497102309,0.3201619860464183,0.5888793791768296,0.5337550479516077,0.45410245906211,0.47470468622473794,0.4799996661886805,1019
216,8055,0.0,0.264834239090118,0.3796859462988168,0.1272458506380184,0.842995356303565,0.1195854437132677,1.0,0.3043261782151581,0.4724633570817245,1.0,0.9153277577410476,0.5923926034386537,0.7125442614903211,0.5612088264721999,0.5550661556675056,0.3883947676484413,0.6179653301309702,0.3222600926944674,0.5612088264721999,0.4746600164339936,0.4551946920614014,1020
1631,21099,0.4532684132055056,0.2750406006502042,0.4422904435579479,0.3817020352576981,0.4191329497245409,0.3293683452749797,1.0,0.2822330859675152,0.2990908795220419,1.0,0.7199305304363113,0.5340760638278828,0.7125442614903211,0.6101596542308203,0.6049548172400052,0.2906619827447785,0.6260406660514437,0.35866552210407604,0.6101596542308203,0.47464549900652325,0.44575973520745393,1021
587,14022,0.102882906803072,0.4193155791236914,0.5570494086324103,0.1953031548675389,0.1998955558353236,0.5741010380243945,1.0,0.1913423336278017,0.689293021538384,0.0,0.7034302667575754,0.2492056410228337,0.8429462157448122,0.59943370345566,0.4746162575820733,0.44031767758309287,0.3938599497454514,0.4881824938780508,0.59943370345566,0.4746295599661494,0.44772174609903764,1022
1476,20349,0.1826590576547239,0.1770452140288525,0.4694600190588954,0.488119399203216,0.5544319945519735,0.2931614899769662,1.0,0.4799071248301263,0.5545170731529456,0.0,0.8297871459359827,0.4780320956599767,0.0,0.8275164340507248,0.37261957481267083,0.517212098991536,0.4671425767464311,0.32325261654387394,0.8275164340507248,0.47461394463015755,0.413029870091396,1023
26,4012,1.0,0.3870331545685449,0.4283749501331661,0.292815936885816,0.5553434204585587,0.2565648574721884,1.0,0.3996005852313292,0.1779019530000465,0.0,0.6821537635247934,0.6379894231776688,0.832611560697172,0.6159540418574678,0.7881886868499086,0.2887512691156878,0.4209448429633126,0.4077040523508555,0.6159540418574678,0.4745200046645839,0.44456071281808246,1024
1588,21152,0.0,0.2265422907079973,0.4355609835024832,0.3599354443058881,0.3998362289248136,0.3003135026012004,1.0,0.2962639578200182,0.3686066751186718,1.0,0.8666955433013903,0.5079504482541436,0.7606458862803938,0.668732778856004,0.5338229694589819,0.332435316469345,0.6120170351663804,0.3310516371052402,0.668732778856004,0.4744639879333495,0.4354526278046965,1025
1471,20539,0.1826590576547239,0.2298806961399677,0.4226463452550246,0.4632348952387358,0.530328796927235,0.2636285202878972,1.0,0.5202159342117647,0.5535672933380884,0.0,0.904472517263348,0.5705713077817106,0.0,0.7336923924214751,0.41442572067494565,0.5368916137749266,0.45143844249077353,0.32626352069749615,0.7336923924214751,0.47446357742003503,0.4254760266087714,1026
1738,21078,0.3484713972187253,0.224245060197262,0.5403480890993242,0.3312687322322064,0.4716872890173506,0.2840418508480646,1.0,0.4601514988880519,0.5019287665635835,0.0,0.208857990521645,0.0447180056563057,0.869453057760477,0.8514307429854822,0.3678751127892882,0.4810401327258177,0.41739957441952436,0.3822965746482931,0.8514307429854822,0.4744568171492578,0.40992889513471986,1027
864,16039,0.0,0.2343344655808507,0.3530583330060873,0.2486885870527698,0.3278888938691173,0.2788970292131385,1.0,0.491114774871266,0.3917904435946612,1.0,0.6717325007697099,0.3718949827871503,0.8212921674167302,0.6963643413004936,0.4662299127433976,0.4414526092329636,0.5710949020270052,0.293696399293469,0.6963643413004936,0.47444462451017416,0.43104516893350364,1028
1792,21150,0.4661875608731715,0.1929866129615384,0.3672064354830018,0.350323861051469,0.3700801850203709,0.2520165295068279,1.0,0.3892607356697812,0.444394131622369,0.0,0.9118540725061652,0.5128575708397988,0.7947952132712555,0.7771461144782232,0.6714236043725977,0.4168274336460751,0.39448411511573356,0.2800965242222701,0.7771461144782232,0.47441516590832805,0.4193460290730377,1029
438,12044,0.7111896332312811,0.2614152530489676,0.4588558382735587,0.3297994468692142,0.3124301432150144,0.1881843250338208,1.0,0.2419829041479294,0.487675338310137,0.0,0.6547980523179193,0.1094892281866209,0.869453057760477,0.8514307429854822,0.5862324928740745,0.3648291212290332,0.36608278302360986,0.36013554566126316,0.8514307429854822,0.47431930485840323,0.4097803878916977,1030
1048,20177,0.418388564882842,0.2650588940748483,0.4206658505700655,0.4329904905874475,0.4955122568610577,0.284833277063139,1.0,0.2549317201859985,0.3841415374356089,1.0,0.5379938592980451,0.0750154821591582,0.7789425991309047,0.7532318055434659,0.4525851263677375,0.3195366288108037,0.6426672049023289,0.34286237232245687,0.7532318055434659,0.4742977978316176,0.42250487345972404,1031
583,14025,0.2614115765947605,0.3686016933959308,0.562952135785879,0.1972987353648857,0.4611758405915098,0.2201136419815443,1.0,0.2995502097589343,0.4412104458620229,0.0,0.7807207467232715,0.3245201308955898,0.7789425991309047,0.6902386703647267,0.5363987633361316,0.3703803278104786,0.37571764358758797,0.46577691459090487,0.6902386703647267,0.474280100588948,0.4318111053974368,1032
2349,31001,1.0,0.1880984957427048,0.3410507756685701,0.2550661707267215,0.4262311228458113,0.4665182953966388,1.0,0.3535681449610408,0.4465932900456124,0.0,0.6257056020188245,0.6516852010376842,0.0,0.9257153714927412,0.5693477007641272,0.4000807175033266,0.4295631177938343,0.26457463570563744,0.9257153714927412,0.47414980031162673,0.4011207200060396,1033
883,16024,0.4712871487706092,0.4042657651229672,0.6944114009786875,0.2362363141809426,0.3277341697229675,0.2702734992900235,1.0,0.3674315814376416,0.4786092132601034,0.0,0.6530613132256988,0.3872332829188566,0.0,0.7430174073632629,0.3778954362287911,0.42302039734887253,0.3668487966387867,0.5493385830508273,0.7430174073632629,0.47403655068722733,0.42365763696843817,1034
801,16074,0.0,0.3358736398574876,0.4779408145365494,0.2173896846660373,0.3308074624290651,0.277928763622725,1.0,0.4590824664260569,0.380485833651346,0.0,0.8041683808717697,0.4898029288799815,0.7947952132712555,0.7336923924214751,0.5221916307557517,0.4197841500387014,0.3652251821435655,0.4069072271970185,0.7336923924214751,0.4738983707555312,0.42484255842169444,1035
377,12060,0.1396676845982992,0.2737181645046532,0.4879333498617709,0.301424154401552,0.314365221349526,0.2075431156300096,1.0,0.2736418118230767,0.5315554495537809,0.0,0.7238384004442475,0.1609555411916815,0.8212921674167302,0.9257153714927412,0.4614384484127396,0.40259863068842877,0.3646664982762175,0.38082575718321204,0.9257153714927412,0.4738240992857677,0.4007763293456831,1036
1153,20367,0.4028778282085332,0.2690413189335327,0.5789114512682043,0.4032954934313368,0.4784936170217287,0.202533135842962,1.0,0.4332775494253308,0.1964319603303521,0.0,0.7542336121129478,0.5593738865071168,0.0,1.0,0.42912133170714944,0.3148547548778414,0.41686444925920546,0.42397638510086855,1.0,0.47381126019650655,0.3931033292763551,1037
730,15049,0.0,0.3069941026697355,0.4588558382735587,0.3004741963175169,0.3567079330124784,0.1869837704698211,1.0,0.4367688972074558,0.571651083761721,0.0,0.7854971933277579,0.4535025735046779,0.8212921674167302,0.6508295817171241,0.5150729835622915,0.5042099904845885,0.36883317995996323,0.3829249704716471,0.6508295817171241,0.4737816483706855,0.437628877879606,1038
283,9010,0.0,0.7263227317752926,0.7811008279537472,0.3047849797492367,0.3895525367761058,0.1746530482772617,1.0,0.7394155838570264,0.7649434336053461,1.0,0.6891011339945561,0.2344299274130991,0.8212921674167302,0.1682189176370417,0.43620580720609636,0.7521795087311862,0.5737981129605207,0.7537117798645199,0.1682189176370417,0.47377314394418213,0.6137540062582193,1039
2341,31071,1.0,0.1463544022299527,0.3672064354830018,0.244157299471598,0.3828880017871101,0.4067866026822688,1.0,0.2900239771572487,0.3057533286372272,1.0,0.615284339263741,0.6067001079061944,0.0,0.9257153714927412,0.5554961117924839,0.297888652897238,0.6067663807881953,0.25678041885647723,0.9257153714927412,0.473760855711858,0.4007094635389945,1040
1535,20431,0.418388564882842,0.1209401469344835,0.2632842602460088,0.4189232072938528,0.4769360638588221,0.2982653145791569,1.0,0.2792524914803419,0.5106815648577043,1.0,0.650455997536928,0.2794744730970237,0.7789425991309047,0.9257153714927412,0.5318154086619247,0.3949670281690231,0.6388249171463664,0.19211220359024617,0.9257153714927412,0.4737478009139804,0.40069566131427403,1041
1347,20146,0.3706292612258043,0.1189819173261158,0.5072509351768942,0.5201330702604002,0.5987233996852985,0.3533383661805365,1.0,0.2023088443420262,0.3067465908095218,0.0,0.7355622175184962,0.5554699596249345,0.7606458862803938,1.0,0.6055768311624071,0.254527717575774,0.49443896722524705,0.31311642625150504,1.0,0.4737449301791086,0.39303454108851443,1042
859,16036,0.0,0.2893177140723521,0.4642905362206865,0.2481875939770305,0.3751606203798314,0.2297364449363506,1.0,0.3747850848660481,0.4974065068983943,0.0,0.866261358528335,0.4998139354261953,0.7947952132712555,0.725114210224383,0.5402176268064465,0.4360957958822212,0.3706169318586425,0.3768041251465193,0.725114210224383,0.4737176808726873,0.4258904375591008,1043
908,17008,0.3024799758214906,0.6703618817589343,0.6493935901793763,0.3139087323866593,0.347163339448799,0.176943285737245,1.0,0.4297983401072521,0.683614019869281,1.0,0.8402084086910662,0.3322936763180008,0.0,0.3100657362028995,0.36874551520763943,0.5567061799882665,0.5676030715145407,0.6598777359691552,0.3100657362028995,0.47365590497794496,0.5265810796290015,1044
798,16088,0.0,0.543302851583943,0.6029128215313078,0.2521507013644913,0.3640833683026486,0.2398473505720986,1.0,0.5382808006205815,0.5210633190610999,0.0,0.8380372777753504,0.4724409136641669,0.7789425991309047,0.4048889594436562,0.5223551976426055,0.5296720598408406,0.37121628404784773,0.5731078365576254,0.4048889594436562,0.4736248243313678,0.49255994018131755,1045
1668,21194,0.1176289148132409,0.499891389280646,0.6160267856242784,0.3120789207901969,0.5203137070632415,0.2790857265023203,1.0,0.3934764011100853,0.3475130325261487,0.0,0.3603994499912109,0.4894389117129019,0.869453057760477,0.5944481503487452,0.45923008356945766,0.37049471681811696,0.4222956708711518,0.5579590874524623,0.5944481503487452,0.4736189416483518,0.44746372502031484,1046
506,13048,0.0,0.6863210938598028,0.7938242411871135,0.3077233515024641,0.4725001039384571,0.2241779392170466,1.0,0.4322633587436465,0.7008483541711137,1.0,0.8024316417795487,0.5355464291966192,0.7606458862803938,0.1802840584126617,0.5246559893141405,0.56655585645738,0.6008802789315936,0.7400726675234581,0.1802840584126617,0.47361713034326397,0.6029689116694137,1047
1459,20325,0.3932202598211434,0.2589247629513009,0.5228241951456672,0.569677287433041,0.6116411067510585,0.3805410697576677,1.0,0.2152303925959396,0.2973553779247663,0.0,0.6109422844827497,0.3374168251607238,0.7606458862803938,0.8822616494359928,0.5255563139362527,0.25629288526035293,0.5123718927883535,0.39087447904848405,0.8822616494359928,0.4734947463483568,0.40527013907063636,1048
630,14008,0.0,0.7278482208896663,0.6605568930046455,0.2223707555470196,0.4072797408942903,0.2021726344676881,1.0,0.2895978977953101,0.3563476607356836,0.0,0.8697350437632163,0.4772683120267192,0.8212921674167302,0.5344740898901891,0.5420738808016664,0.32297277926549683,0.36636462618179955,0.6942025569471559,0.5344740898901891,0.47348929059115447,0.4593630265677373,1049
1985,27004,0.8335046471480598,0.8204056200436304,0.8365481369632248,0.4070146290527833,0.7206774231765598,0.4987181370050824,1.0,0.6252659314332856,0.3438475142542716,0.0,0.4910985910010494,0.6789270368486269,0.9301468010770012,0.1537259324121066,0.7334192690186844,0.4845567228437786,0.5252820378468851,0.8284768785034275,0.1537259324121066,0.47339471344078593,0.6271081869840571,1050
876,16082,0.4392302202036184,0.5178791248540418,0.5985279179682351,0.2513641499980882,0.3045287826689536,0.307439304450658,1.0,0.3610616497787686,0.4653315853730866,0.0,0.6565349984605797,0.2063480556445419,0.8429462157448122,0.5153996235502176,0.5362648725133881,0.4131966175759276,0.37266644742354,0.5582035214111385,0.5153996235502176,0.47332409594633873,0.4633532817473651,1051
1718,21200,0.3484713972187253,0.2705286603022309,0.3322162123140422,0.3357379379603595,0.4611751563864156,0.295536242211321,1.0,0.3997827881263196,0.4904366825510744,0.0,0.4198871119590055,0.1889348261880181,0.869453057760477,0.9257153714927412,0.45668659828155644,0.445109735338697,0.41848986731161925,0.30137243630813654,0.9257153714927412,0.47322781404064673,0.4001459809536082,1052
1821,23009,1.0,0.4183164874533846,0.5228241951456672,0.2237276328358145,0.3645538646029617,0.2380207394419806,1.0,0.2379838454003198,0.4845989768968819,1.0,0.5727311257477368,0.5963201982471728,0.869453057760477,0.324941198764199,0.7596260954388466,0.36129141114860086,0.5652604473761513,0.4705703412995259,0.324941198764199,0.4731807717077728,0.5197956798535823,1053
1565,20039,0.1546603173784129,0.4405456049186957,0.6788305942040641,0.3837992701860103,0.4227593983582512,0.2418726677731291,1.0,0.6173779128088435,0.2858343092513642,0.0,0.8224055906931651,0.3569616966911708,0.7947952132712555,0.4300567337219686,0.5322057045085011,0.45160611103010384,0.4096862672634781,0.5596880995613799,0.4300567337219686,0.47309952657750354,0.4845172055480438,1054
2284,30092,0.0,0.3840843815666574,0.6299374131104298,0.3606142544789511,0.4210663760418268,0.3995894628477205,1.0,0.5661289398225764,0.5187600266228931,0.0,0.3243595256971336,0.1323520098226536,0.9036320434281871,0.5807482395941909,0.3400858947369936,0.5424444832227348,0.4362540186736997,0.5070108973385437,0.5807482395941909,0.4730834013999303,0.4494435609640508,1055
1712,21108,0.3393034787428914,0.3061524815327757,0.5273017648072774,0.3581020215606889,0.4127635634868898,0.3202299052757892,1.0,0.258192985922871,0.3350002731965688,1.0,0.9244464661769644,0.5788247909502419,0.7125442614903211,0.4851527515977523,0.6387797493401047,0.2965966295597199,0.6182190980646736,0.4167271231700266,0.4851527515977523,0.4730183699252322,0.47003249596266544,1056
1321,20116,0.4532684132055056,0.2010210513835076,0.4372838406606411,0.442709610827758,0.5074255666915237,0.3375820627050908,1.0,0.3251764057031144,0.5514092391416217,0.0,0.1806339097686604,0.0733839990691733,0.9701320359742358,0.8822616494359928,0.41935458950439375,0.438292822422368,0.4575434480448745,0.3191524460220743,0.8822616494359928,0.4730148069157457,0.4047567213617062,1057
614,14046,0.0,0.5617531308308982,0.5858617051117035,0.216047787103068,0.438175651187545,0.1961528489501491,1.0,0.3313047650748733,0.3308553360851057,0.0,0.904906702036403,0.4772407636281747,0.7789425991309047,0.6220797127932347,0.5402725161988706,0.33108005057998946,0.3700752574481524,0.5738074179713009,0.6220797127932347,0.4728132374678125,0.4414693166132546,1058
175,7100,0.8335046471480598,0.2310140409073665,0.4101668344392095,0.3887797362795028,0.801018206093582,0.3115189913122383,1.0,0.3061888672231982,0.2920572758773463,0.0,0.3725575553637348,0.0566152849714505,0.9701320359742358,0.8822616494359928,0.5582023808643702,0.2991230715502723,0.5002633867370646,0.320590437673288,0.8822616494359928,0.47280020515275567,0.40452719213201715,1059
892,16110,0.0,0.4280474279164259,0.5815715084873977,0.2601237025363881,0.3822299110121541,0.2193644100263583,1.0,0.3438356081289475,0.4311836860583602,1.0,0.6283109177075954,0.2947447577666627,0.8429462157448122,0.476709799784738,0.44150047280476756,0.3875096470936539,0.5723436047149801,0.5048094682019117,0.476709799784738,0.47255288582777133,0.47151933350963526,1060
1480,20353,0.3706292612258043,0.1318357545097477,0.4501424337437721,0.4819162364634013,0.5703549176445255,0.3057561788102048,1.0,0.2650189736510944,0.3116821184860472,0.0,0.7616153744062053,0.4703545187740467,0.7789425991309047,1.0,0.5953854383842403,0.2883505460685708,0.47160546658362634,0.2909890941267599,1.0,0.4725360058849937,0.391781236528719,1061
372,11038,0.0911132153950776,0.2799578320638787,0.4486178983668503,0.264161784261491,0.4022497790387298,0.2005112896494323,1.0,0.3269513438438861,0.3760302937834368,1.0,0.8349977773135244,0.4719105696303235,0.7947952132712555,0.5851231354069573,0.5482041939025453,0.3514908188136614,0.5733845705899305,0.3642878652153645,0.5851231354069573,0.4724967910241116,0.44790587773569346,1062
339,11026,0.0,0.5120584634140395,0.5833084880555318,0.2345775634000063,0.4366815026593054,0.1765351351930795,1.0,0.4347322694197169,0.4307071078589329,0.0,0.9040381254398528,0.5729435526584252,0.7789425991309047,0.476709799784738,0.5639810693072957,0.43271968863932486,0.36955884025047825,0.5476834757347857,0.476709799784738,0.47248464508688365,0.4714342206874018,1063
121,7019,0.6518232958092514,0.5040381546131029,0.7489869302282033,0.3973614117870262,0.893758062294471,0.218384361618644,1.0,0.2542007767662163,0.2336703845471134,0.0,0.6200607858682277,0.4336440986132893,0.8429462157448122,0.4816953528916529,0.6371185990088951,0.24393558065666482,0.5019007671400283,0.626512542420653,0.4816953528916529,0.47245788799913246,0.4701763347545244,1064
708,15067,0.0,0.5111070251088352,0.6908818526684911,0.295262521497918,0.3892158578120841,0.1762350799557814,1.0,0.4606822568807738,0.5064035529687473,0.0,0.7828918776389873,0.4388116531094573,0.8212921674167302,0.4259342998991253,0.5107489245412937,0.48354290492476054,0.3721426918531567,0.6009944388886632,0.4259342998991253,0.47240339258396274,0.48479218040927596,1065
1613,21166,0.4749494163497731,0.2199509067739466,0.4283749501331661,0.3405846861209913,0.3639319477909497,0.2281423170315903,1.0,0.3437840183797194,0.39609065413883,1.0,0.917064703883707,0.5289226701886407,0.0,0.6963643413004936,0.4802341976055302,0.3699373362592747,0.5865317901887062,0.3241629284535564,0.6963643413004936,0.4723832993486618,0.4287054828728538,1066
1750,21060,0.3859842990059995,0.2066128383365963,0.3985118677122405,0.3335017123901382,0.4001167947281651,0.231971855534365,1.0,0.4319927559580343,0.6135964992000762,0.0,0.9669994726425284,0.5161848944108344,0.0,0.8079770209287339,0.4672921665148406,0.5227946275790553,0.39311807253053366,0.3025623530244184,0.8079770209287339,0.4722057869355602,0.41287099983461634,1067
444,12035,0.4043773903293471,0.5406802993808498,0.7269105097722821,0.3099014842261608,0.2816424714035551,0.2072696596442773,1.0,0.3723752642890515,0.3250264864602233,1.0,0.7824576928659319,0.217403278685167,0.8212921674167302,0.341068252081851,0.556382632324294,0.3487008753746374,0.5597627230547987,0.6337954045765659,0.341068252081851,0.47219805254186553,0.5122062996833403,1068
1949,26020,0.0,0.2248490929471283,0.4101668344392095,0.0871854132104471,0.8560734271722452,0.2686002419845235,1.0,0.1971243904162749,0.3148246284759426,1.0,0.909248756817395,0.5509945278153839,0.7125442614903211,0.8275164340507248,0.543196886530775,0.2559745094461088,0.6423718164734431,0.3175079636931689,0.8275164340507248,0.47216560113793743,0.41036826982940283,1069
651,14021,0.2023157850710615,0.5648698587294833,0.5008827212289277,0.1954573074903697,0.2335529745200573,0.4888509408460716,1.0,0.2029264511931083,0.4949402061643453,0.0,0.5419019363564215,0.2404843506679605,0.869453057760477,0.7097780834867178,0.4635387824639801,0.3489333286787268,0.38357224457129974,0.5328762899792054,0.7097780834867178,0.47215537400449303,0.42640817777937345,1070
2244,30079,0.0,0.2277880260892809,0.4486178983668503,0.3641350585677402,0.4219681744520963,0.3968380397867805,1.0,0.4841759730007088,0.4634247915500635,0.0,0.3738602132081201,0.0625238025733035,0.9036320434281871,1.0,0.3350040148024027,0.4738003822753861,0.4365882545613234,0.33820296222806556,1.0,0.4720401881596241,0.39126744870467134,1071
862,16025,0.0,0.4883775758368008,0.8115150996941517,0.2335660144174166,0.3312427523785662,0.2628290144250744,1.0,0.3326575296869255,0.4285344125167568,0.0,0.678245686466417,0.3920301076283823,0.8212921674167302,0.5477950842859758,0.4728919903778824,0.3805959711018412,0.3655275562442114,0.6499463377654763,0.5477950842859758,0.4719851992216972,0.45473244523301076,1072
745,15117,0.457891543547254,0.2761777132000235,0.407936154559633,0.2964702386829921,0.3157760260453732,0.2160751368063818,1.0,0.3322320871042152,0.5263555288767929,0.0,0.612244838801915,0.1930284761284147,0.8429462157448122,0.8275164340507248,0.5265277685555989,0.4292938079905041,0.3656642803069494,0.3420569338798283,0.8275164340507248,0.4718747011809735,0.4100522606873879,1073
314,10001,0.0,0.4092766934510334,0.4900315051703603,0.1620087754760916,0.543281026138714,0.2597007261518196,1.0,0.2674178920274325,0.3455276407368169,1.0,0.8067736965605403,0.4115934385945122,0.7947952132712555,0.5686027970051493,0.5032905871065769,0.30647276638212473,0.5929981055533251,0.4496540993106969,0.5686027970051493,0.4718351708827961,0.4503349360911948,1074
557,14118,0.0,0.350914986716917,0.5422687467799874,0.2091840070614791,0.4183938511395113,0.2291676456767502,1.0,0.4105710451968329,0.4766157715925866,0.0,0.7963526408558967,0.3086966468252638,0.7947952132712555,0.668732778856004,0.474961125238104,0.44359340839470973,0.3713491007755481,0.4465918667484522,0.668732778856004,0.4717563877207661,0.4323486267253324,1075
505,13025,0.2889724990448923,0.2925864941600665,0.4767700470365016,0.2896855627744433,0.5627029043905484,0.3421151724019667,1.0,0.4601561333920166,0.3358435337788906,0.0,0.3899261885885805,0.3232166475795134,0.869453057760477,0.7430174073632629,0.46789209824336575,0.3979998335854536,0.43890072791339174,0.3846782705982841,0.7430174073632629,0.4717352277844851,0.4210882658747927,1076
882,16001,0.4392302202036184,0.3357610866723778,0.5081302213907973,0.2515770733636723,0.3270760789480113,0.279118434192199,1.0,0.4018823660234618,0.3757931513031389,0.0,0.6621798146111768,0.3940264128309824,0.8429462157448122,0.6550328681014498,0.5845956658476474,0.38883775866330034,0.37155431730077654,0.42194565403158757,0.6550328681014498,0.47166449882925265,0.43448592598285135,1077
282,9009,0.0,0.538077972856484,0.6741843390004781,0.3133419316863454,0.3798396037304156,0.1872451861681965,1.0,0.51931719104561,0.5053369348360146,0.0,0.7407728488960379,0.4830866193400564,0.8212921674167302,0.3908903859825862,0.5112879089132061,0.5123270629408123,0.3760853443169915,0.606131155928481,0.3908903859825862,0.47165469881546157,0.49432942140420955,1078
2233,30195,0.4532684132055056,0.2344022047457073,0.4264996201026877,0.3974904287955261,0.4453010549805378,0.3580924458034786,1.0,0.3337793520580593,0.3480998489083826,0.0,0.5505862529688443,0.2860469511970966,0.8429462157448122,0.8822616494359928,0.5332119582790646,0.3409396004832209,0.4401767859159085,0.3304509124241975,0.8822616494359928,0.4716086522714109,0.4032532301255429,1079
933,17020,0.0,0.443383396677141,0.5733821942958884,0.3136505181667252,0.3644545694123892,0.1829926801839607,1.0,0.4277718103845632,0.4682595870643129,1.0,0.722101661352027,0.1526137157830904,0.8212921674167302,0.42196458439947,0.4240018861379619,0.448015698724438,0.5722195535526151,0.5083827954865148,0.42196458439947,0.4715612524035218,0.4848458024217881,1080
565,14108,0.055513511687732,0.5493030224077621,0.5931717330893097,0.2122056948424101,0.2563768487629213,0.3978219217730954,1.0,0.3463612476935053,0.2747749818653144,1.0,0.55275717683412,0.0908008471158391,0.8429462157448122,0.5944481503487452,0.3855044378456258,0.3105681147794098,0.5732808930756853,0.5712373777485359,0.5944481503487452,0.4715164649214031,0.44498214286646215,1081
1629,21101,0.3484713972187253,0.1305158842075091,0.3704667967482067,0.3320601456818126,0.4698043362039641,0.2952938289617028,1.0,0.4978555297515058,0.6306633722146273,0.0,0.3369518158427125,0.1654106014617391,0.9301468010770012,0.8822616494359928,0.4452451539000445,0.5642594509830665,0.4194316621694959,0.2504913404778579,0.8822616494359928,0.4714393992987642,0.403072336641318,1082
1461,20328,0.3932202598211434,0.2985047760119125,0.6262688870117397,0.5125279500463137,0.5746995580534076,0.3210336867235092,0.0,0.2897069101722335,0.3639793054190557,0.0,0.7394702945768723,0.2944412982286439,0.7606458862803938,1.0,0.5469444347267634,0.3268431077956446,0.2816522389646461,0.4623868315118261,1.0,0.4714115738872485,0.39061624528834243,1083
591,14070,0.0,0.8589922649783992,0.7450367585087097,0.2082485886999184,0.3562789669248414,0.2699253410010263,1.0,0.5474891633966904,0.5475865137901995,1.0,0.8762484365103635,0.4971979041908869,0.0,0.2723048368156867,0.3433615851753126,0.547537838593445,0.5668905793251572,0.8020145117435544,0.2723048368156867,0.4713901821046556,0.5407067949737894,1084
597,14064,0.0,0.353209978260991,0.5329919041265682,0.2246274241521845,0.5180306706511671,0.142077599228138,1.0,0.5175910193924634,0.3369140498029793,0.0,0.8831958069801258,0.5128867380119161,0.7606458862803938,0.6046625485289482,0.5391821078181089,0.4272525345977214,0.37694713880629793,0.4431009411937796,0.6046625485289482,0.4713497302341595,0.44289503426692073,1085
1563,20012,0.2820211445059131,0.247340701542117,0.5008827212289277,0.4854485051738888,0.5762225890705952,0.3297182282972829,1.0,0.1966354359698457,0.5246000352184292,0.0,0.483716828707792,0.066637246568372,0.9518127218666266,0.8079770209287339,0.4460469854121759,0.36061773559413746,0.47827786450835336,0.37411171138552235,0.8079770209287339,0.4713045767826411,0.41188627363290176,1086
42,5006,0.0,0.7079076144030084,0.5280299696028954,0.1646323012847502,0.8239197845120679,0.0657395700512792,1.0,0.3777394341680208,0.2217509477878791,1.0,0.6369952343200183,0.4288139518918086,0.7125442614903211,0.4615903972163024,0.44458836192553697,0.29974519097794994,0.6108583311696195,0.617968792002952,0.4615903972163024,0.4711669561255068,0.47359198057962004,1087
513,13011,0.2889724990448923,0.2362957984760904,0.4186476299168636,0.2886750495157099,0.5652728304678389,0.3350284392759036,1.0,0.5340838911745425,0.3650921610803241,0.0,0.3821102415222679,0.2782436787667584,0.9036320434281871,0.7771461144782232,0.4632396156905264,0.4495880261274333,0.4377952638518905,0.327471714196477,0.7771461144782232,0.47110052941090724,0.41568688279699717,1088
601,14060,0.0,0.2505086434429456,0.3881667417764709,0.2110790245307178,0.4353347868032187,0.2132183814250441,1.0,0.5072673529638747,0.3784824621402693,0.0,0.8862353074419518,0.466586111861469,0.7789425991309047,0.8275164340507248,0.5329410046085814,0.44287490755207204,0.37192643855179613,0.31933769260970823,0.8275164340507248,0.4710736526548014,0.40918232098871304,1089
315,10035,0.4863074710471081,0.3477650441582754,0.4283749501331661,0.1452229292245174,0.5910000061175646,0.2242833720831059,1.0,0.2853804337056224,0.3440584163658126,1.0,0.474598327322314,0.04053772026204,0.8212921674167302,0.7028614859709643,0.45568392151204806,0.3147194250357175,0.5921012614850376,0.38806999714572077,0.7028614859709643,0.4709259374390797,0.426062515468814,1090
526,13019,0.4519602008481309,0.2443149032230738,0.3530583330060873,0.2918159933566709,0.4746347400662474,0.2228272551908026,1.0,0.5588245896356424,0.4515647986678989,0.0,0.8019974570064938,0.3776450789663786,0.7390115964200016,0.6508295817171241,0.5926535833102512,0.5051946941517707,0.39785559772274415,0.2986866181145805,0.6508295817171241,0.470905370807575,0.4343104044275397,1091
393,12075,0.4036197980047128,0.4732977715621218,0.7716331677426977,0.3147443810954687,0.2744320719609439,0.2099646426564361,1.0,0.5209613946563862,0.3265073720960071,0.0,0.6287451024806507,0.1242175612186796,0.8212921674167302,0.4933655394239652,0.49446865728019335,0.4237343833761967,0.35982821914256974,0.6224654696524098,0.4933655394239652,0.47089312955521073,0.465436823127236,1092
2141,30064,0.3484713972187253,0.1452987469086065,0.279617045909487,0.3230060022221265,0.4919123546939754,0.27939471333204,1.0,0.6434680508560126,0.4884357309438381,0.0,0.4229266124208315,0.2843921389682226,0.9301468010770012,0.9257153714927412,0.4964842374211952,0.5659518908999253,0.41886261404962843,0.21245789640904675,0.9257153714927412,0.47087039546319764,0.3976558392839076,1093
1337,20136,0.418388564882842,0.2525002812414862,0.5280299696028954,0.4634979867595239,0.5306037230738155,0.3142257606838549,1.0,0.3048401434285288,0.4546108437342325,0.0,0.1558836177757772,0.0124290263245788,1.0,0.8514307429854822,0.3966753022457995,0.37972549358138064,0.4616654941034389,0.39026512542219083,0.8514307429854822,0.47070442474416324,0.405880343406109,1094
631,14009,0.0,0.6139148774089078,0.5027416001483273,0.200029726739117,0.3605113810123828,0.3076454663570792,1.0,0.339686447417128,0.5008234233902165,1.0,0.8215372211470553,0.4281298146893474,0.0,0.5493828179949455,0.3124167589591007,0.4202549354036722,0.5736373148217158,0.5583282387786175,0.5493828179949455,0.4706844397185641,0.4528386983701038,1095
1184,20547,0.1627695631497328,0.1528045553769279,0.2937651483864014,0.3995093637622292,0.4484649829930247,0.2518774433021549,1.0,0.5878161905785797,0.3245284167484038,0.0,0.8389058543719006,0.5513548719530745,0.7789425991309047,0.9257153714927412,0.5829932221514031,0.45617230366349176,0.4199703580114818,0.22328485188166464,0.9257153714927412,0.4706191107096454,0.3973905906509828,1096
501,13081,0.307593730724641,0.6082700033108434,0.6299374131104298,0.29724385788942,0.5268779792495317,0.2798797561752366,1.0,0.333950113138777,0.5126000117893903,0.0,0.2917932866379376,0.0595002100811862,0.7606458862803938,0.5896842520574764,0.3548832784310396,0.42327506246408364,0.4208003186628376,0.6191037082106365,0.5896842520574764,0.4705799756429694,0.4447714696534985,1097
414,12064,0.457891543547254,0.2668420839513841,0.4186476299168636,0.2833503833554399,0.2684618017098499,0.2771950351181338,1.0,0.4610334598669211,0.2708614739239198,0.0,0.6917064496833267,0.2019271876117687,0.8212921674167302,0.9257153714927412,0.5432043370647699,0.36594746689542046,0.3658014440366847,0.3427448569341238,0.9257153714927412,0.4705601682178243,0.3973283778540754,1098
415,12019,0.2434577598737922,0.3752009420906215,0.7228348772759766,0.330515013203549,0.3141487443859351,0.1727208742966304,1.0,0.2732936002899229,0.3253045891711564,0.0,0.7095092676812274,0.2385487956707026,0.7947952132712555,0.7771461144782232,0.4965777591242444,0.2992990947305396,0.3634769263772229,0.549017909683299,0.7771461144782232,0.47046978981231785,0.4149913139456993,1099
328,10013,0.2671280001888875,0.5197159919335241,0.4629577717208968,0.1572003533881621,0.6969069166762973,0.1360161631221788,1.0,0.1754973748281871,0.2741706052924563,1.0,0.6061658378782633,0.4510744867214514,0.6784442506275288,0.6963643413004936,0.5007031438540327,0.2248339900603217,0.5980246866373277,0.49133688182721047,0.6963643413004936,0.4704088217734635,0.4264667642327565,1100
1678,21118,0.0,0.3486553908240613,0.5624289081512561,0.3597201211666264,0.3882403430657372,0.2893878274724094,1.0,0.3273887495094613,0.3986610445598161,0.0,0.9952235533955124,0.6433284788473047,0.7789425991309047,0.5648420579743655,0.6043736578434304,0.3630248970346387,0.4074696583409546,0.4555421494876587,0.5648420579743655,0.4702822218730572,0.4492276145791267,1101
700,15056,0.0,0.4376630869351433,0.6111731104138872,0.2887216777199503,0.4105575470453436,0.1728747838215079,1.0,0.3819858431305363,0.4192685339119941,0.0,0.7368649788881017,0.4311396446288948,0.8212921674167302,0.5873794306425648,0.49732419773343167,0.4006271885212652,0.3744308017173604,0.5244180986745153,0.5873794306425648,0.47018589509744907,0.4447411476815225,1102
939,17033,0.0555057041487397,0.4734257836454626,0.6947128332750008,0.3273755622677267,0.3558350170911563,0.2019766215395149,1.0,0.6332583710518733,0.380468354846753,0.0,0.8923143083656038,0.503378394006637,0.0,0.566705932174072,0.3627996016302451,0.5068633629493131,0.37703744017967955,0.5840693084602318,0.566705932174072,0.4700595333110976,0.44859212118864633,1103
2001,28022,0.344059369230186,0.8408129560608422,0.787684702562304,0.195617514059769,0.9786815535989176,0.1592963527870838,1.0,0.396620347650028,0.4534269644879188,1.0,0.4928353300932699,0.8092224361070374,0.0,0.2415945494720693,0.41152928385762333,0.4250236560689734,0.6667190840891541,0.814248829311573,0.2415945494720693,0.47002418152301567,0.5551092564078989,1104
1374,20192,0.1826590576547239,0.1468264134608161,0.4338096480802939,0.490236578105897,0.5563149473653599,0.295978733969009,1.0,0.3930399923137119,0.4630899694813009,0.0,0.8827616222070704,0.636078869792375,0.0,0.9257153714927412,0.42537488741354235,0.4280649808975064,0.46850605188805317,0.29031803077055496,0.9257153714927412,0.4699694713558816,0.3967050149915351,1105
1832,24032,0.0,0.387392917628485,0.5157317306545482,0.2465830291850858,0.5537915069524233,0.2048168636773422,1.0,0.4703414068811477,0.3856644932618852,1.0,0.5892313894264722,0.2288918957310046,0.7789425991309047,0.4933655394239652,0.3992664710720954,0.42800295007151645,0.6010382799629703,0.45156232414151665,0.4933655394239652,0.4697855450060576,0.4640687871913587,1106
239,8002,0.0,0.530701022427386,0.4642905362206865,0.1192546248866052,0.8955424041223784,0.087982215818184,1.0,0.2476203503253921,0.3215824752623052,1.0,0.7755101153457298,0.5334444717939717,0.6784442506275288,0.5238807753512185,0.49684970944180756,0.28460141279384865,0.6205558489654335,0.49749577932403627,0.5238807753512185,0.46973504852294484,0.45709670592066504,1107
664,14103,0.055513511687732,0.2835129715037289,0.3854145511769584,0.2111191715468766,0.2494855251089255,0.4167330452855909,1.0,0.3955202653735612,0.2646432488853041,1.0,0.7711680605647382,0.2660359008944682,0.8429462157448122,0.7430174073632629,0.48391592222293767,0.33008175712943266,0.5754675483882786,0.3344637613403436,0.7430174073632629,0.4696259279194646,0.4187360342094082,1108
1603,21165,0.4749494163497731,0.1466469431009465,0.5063642908338386,0.3331031327299741,0.3606053199532232,0.2130110558207247,1.0,0.4740856286102615,0.3506703558245241,0.0,0.910551518187,0.3937254717776768,0.0,1.0,0.44480660157861246,0.4123779922173928,0.38134390170078436,0.32650561696739255,1.0,0.4696072935942612,0.3887483348347586,1109
1653,21199,0.0,0.4338092671053862,0.6358701952478565,0.3446362678720353,0.4410991751991695,0.3357862213482225,1.0,0.4205759692481031,0.4917382273185997,0.0,0.3499782907613471,0.3280840397451877,0.7606458862803938,0.6130176920083639,0.3596770541967321,0.4561570982833514,0.42430433288388547,0.5348397311766213,0.6130176920083639,0.4695482881127699,0.4392705367240425,1110
603,14058,0.1327490533927501,0.3498211045023489,0.5336821566048857,0.1846712987018871,0.2808808141914417,0.5505159500631434,1.0,0.4529882903744163,0.4953331009288414,0.0,0.5801128880409943,0.054090223516796,0.869453057760477,0.6594077639142162,0.4091013056777544,0.4741606956516289,0.40321361259129446,0.4417516305536173,0.6594077639142162,0.4693801982890551,0.4311391300204846,1111
1152,20401,0.2820211445059131,0.3639253178092529,0.6039812680377051,0.4508805781063316,0.5410982525293442,0.2811119856620603,1.0,0.2768139008383692,0.3812806500884645,0.0,0.7351280327454413,0.3465563647431609,0.869453057760477,0.5630100464373469,0.5582896499387481,0.32904727546341683,0.4546181632595472,0.483953292923479,0.5630100464373469,0.46926358118433015,0.4483756580812478,1112
423,12023,0.4028778282085332,0.3663157581008782,0.5624289081512561,0.3719838174713223,0.4173927575386691,0.1588076437801082,1.0,0.4121768604521756,0.2195932786232235,0.0,0.8080764579301458,0.4776351067989289,0.8429462157448122,0.6285768574637054,0.632883902170605,0.31588506953769957,0.38963684375801994,0.4643723331260672,0.6285768574637054,0.4691887367781074,0.4361088255982294,1113
1232,20406,0.4532684132055056,0.1982928558712841,0.3736298191175524,0.4307061544195668,0.4926056518197451,0.3673050533351307,1.0,0.4908054539114003,0.503633529166882,0.0,0.2540165197264197,0.0055733011863728,0.9701320359742358,0.8275164340507248,0.42074756752313347,0.49721949153914113,0.45812337191488856,0.2859613374944182,0.8275164340507248,0.46895074595594893,0.4068786313076482,1114
470,13003,0.5230991341809489,0.626469508618753,0.6829458058493882,0.3019625116231631,0.4870626958390616,0.2373027754715753,1.0,0.4291703218036663,0.4456927872929929,0.0,0.5557968843463863,0.1939628703645945,0.7390115964200016,0.3876588829170103,0.5029676213279828,0.4374315545483296,0.40526559658676,0.6547076572340707,0.3876588829170103,0.4687458188578375,0.49154051891230754,1115
898,16044,0.4358370839449917,0.2706507546241623,0.3704667967482067,0.2401014174917873,0.3549162997105746,0.2468754064122409,1.0,0.3225616566558619,0.5763473617992105,1.0,0.7468518498196899,0.4315652918099991,0.0,0.6844442827380792,0.40356355639367014,0.4494545092275362,0.5683786247229206,0.3205587756861845,0.6844442827380792,0.46870138638631315,0.4263691489265408,1116
1359,20171,0.4532684132055056,0.197199234555009,0.3985118677122405,0.44009421778314,0.5042905211679849,0.3538759433678233,1.0,0.3719655539213286,0.5362888978409064,0.0,0.205818490059819,0.0016085058048786,0.9860016052903372,0.8822616494359928,0.4116742535901351,0.4541272258811175,0.4596521364637896,0.2978555511336248,0.8822616494359928,0.4685465300770102,0.39998302177566725,1117
1220,20499,0.1627695631497328,0.1929008056144877,0.3796859462988168,0.40457821835386,0.4562348622251129,0.2303992975176021,1.0,0.4399084003806135,0.2713805666763845,0.0,0.7681285601029122,0.3933949046190373,0.7947952132712555,1.0,0.5297720602857344,0.355644483528499,0.418242475619315,0.2862933759566523,1.0,0.4684561153765533,0.38755749567949094,1118
2364,31083,1.0,0.1874360950168695,0.3062446592022165,0.2376889926978701,0.3557579971206284,0.5737558321980918,1.0,0.4457488621799376,0.3392080455338052,0.0,0.6860616335327301,0.7494737350741396,0.0,0.8822616494359928,0.6088838421517174,0.3924784538568714,0.4334405644033181,0.24684037710954299,0.8822616494359928,0.4684450834358382,0.3998747725591028,1119
1587,21206,0.4661875608731715,0.1381888280814208,0.3410507756685701,0.3575196797468597,0.3736976903628591,0.2565403189317872,1.0,0.5372213466398833,0.3593820718668798,0.0,0.8966565701970353,0.5111621002654425,0.7947952132712555,0.7914566825269261,0.6672003611517262,0.44830170925338153,0.3975515378083012,0.23961980187499546,0.7914566825269261,0.46841844944177957,0.41085228111800925,1120
1391,20225,0.4028778282085332,0.1764543621454053,0.3985118677122405,0.4024224230084742,0.4719293448354388,0.1993716189640191,1.0,0.4531961987090461,0.1972975980398685,0.0,0.746417665046635,0.459143539007276,0.9036320434281871,0.9257153714927412,0.6280177689226578,0.3252468983744573,0.41474467736158643,0.2874831149288229,0.9257153714927412,0.46839380975531725,0.3950431765166915,1121
1457,20322,0.4532684132055056,0.0929080332191281,0.2439666749308854,0.4237050577695626,0.4834345953881259,0.3379896574096943,1.0,0.4186570415611836,0.6323832539456854,0.0,0.510204170368556,0.374641055397546,0.9301468010770012,1.0,0.5670651100121522,0.5255201477534345,0.44902586211347656,0.16843735407500676,1.0,0.4683671345742147,0.38746547970146733,1122
1895,25018,0.4863074710471081,0.5405749944719913,0.6496241743415281,0.1310288154519124,0.4756647161560378,0.309386257965059,1.0,0.3842171577146109,0.4163719846545057,1.0,0.7694311144220778,0.4651015695589595,0.0,0.3768992520456704,0.43021003875703634,0.4002945711845583,0.5832159579146018,0.5950995844067597,0.3768992520456704,0.4683180668853712,0.4944470858368438,1123
86,7022,0.8335046471480598,0.1744512116953394,0.300188532020952,0.4131460673285475,0.8159543351262466,0.3015095871727917,1.0,0.3812666874120449,0.3669924046713868,0.0,0.2674771794181094,0.1608017781984481,0.9036320434281871,0.9257153714927412,0.5413539120482012,0.37412954604171583,0.5061219979255172,0.2373198718581457,0.9257153714927412,0.468289064492994,0.39493275195633887,1124
527,13077,0.0,0.6234715672601615,0.7444736745579703,0.316797150833512,0.4850074157041187,0.2364646287862093,1.0,0.3540949243506557,0.4013715519757057,1.0,0.7564047430286636,0.4859581837797879,0.7606458862803938,0.2864605223667046,0.5007522032722114,0.3777332381631807,0.6076538390647681,0.683972620909066,0.2864605223667046,0.4682885755829391,0.5295119413555665,1125
1514,20398,0.0,0.2490603198324651,0.4824986519146431,0.4769150104205041,0.5440417157386952,0.2791095452129812,1.0,0.3025891264691325,0.376354387218353,0.0,0.818497513634789,0.25461744313577,0.7789425991309047,0.8514307429854822,0.4630143889753659,0.33947175684374276,0.4600132542744362,0.3657794858735541,0.8514307429854822,0.46828196358333585,0.40327096695401415,1126
2301,30040,0.3484713972187253,0.3068160144602252,0.5308937488179786,0.3164328216252009,0.5087643068685193,0.2690444241438776,1.0,0.4872199757579695,0.3836376907836889,0.0,0.3577941343024398,0.4827520082530188,0.869453057760477,0.5725003198007196,0.5146176493836652,0.4354288332708292,0.41884831052751953,0.4188548816391019,0.5725003198007196,0.4682303804097823,0.445277296915936,1127
2311,30060,0.5967154078961798,0.2972072098336901,0.5063642908338386,0.2860104594463583,0.596439679068129,0.4112638401391528,1.0,0.2155201055936209,0.3047010667140261,0.0,0.3664785544400828,0.5826902828645367,0.869453057760477,0.7771461144782232,0.603834325740319,0.2601105861538235,0.45874279573072807,0.40178575033376435,0.7771461144782232,0.4681968188250268,0.4124866555662253,1128
2250,30102,0.5689366890539633,0.6039143383772436,0.6356076092877035,0.3331269320654895,0.4672808957910274,0.3358592569037627,1.0,0.3750026208835451,0.366922863846137,0.0,0.304819761556572,0.449378574682405,0.9036320434281871,0.4113082471799641,0.5566917671802819,0.37096274236484106,0.427253416952056,0.6197609738324736,0.4113082471799641,0.46817094334352455,0.4835748609688438,1129
1796,21162,0.3484713972187253,0.1950951235066701,0.4144920627651705,0.3280246830413833,0.4795036539137929,0.274124255143455,1.0,0.4622532440657995,0.4650057915596316,0.0,0.322622683079693,0.0734063607632278,0.9036320434281871,0.9257153714927412,0.41203312112245827,0.46362951781271555,0.4163305184197263,0.3047935931359203,0.9257153714927412,0.4679559273488742,0.39458159313811514,1130
2310,30014,0.0,0.6805247395517013,0.5771002382627934,0.3931851452220393,0.4596953073991313,0.4280476254237704,1.0,0.2999250400682733,0.304432690291191,1.0,0.4081632948847566,0.0655120540263373,0.9036320434281871,0.5226273100076635,0.3443268480848203,0.30217886517973214,0.6561856156089882,0.6288124889072474,0.5226273100076635,0.4679451901218812,0.4551931411615839,1131
776,15088,0.0,0.4456193913504596,0.6644324246280844,0.3003530780683346,0.3463873826957314,0.1930659389568387,1.0,0.3826521759174266,0.7874749924644489,0.0,0.8059053270144301,0.2545370373330277,0.8429462157448122,0.3945990627994913,0.47584714502306746,0.5850635841909377,0.36796127994418093,0.555025907989272,0.3945990627994913,0.4679380839368472,0.48831096689930115,1132
670,15116,0.2254445032821548,0.3731014312777369,0.3322162123140422,0.2806747185679213,0.32961877435358,0.236431005256714,1.0,0.4654796831104772,0.3311374224635609,0.0,0.7051672129002362,0.1852828654509716,0.8429462157448122,0.8822616494359928,0.4897101993445437,0.39830855278701904,0.3693448996356431,0.35265882179588953,0.8822616494359928,0.4678521270898448,0.3992421723778631,1133
2247,30103,0.3484713972187253,0.227997564578186,0.3567763769729923,0.3227234621707233,0.492622570790057,0.2746193865847373,1.0,0.5481285150813773,0.4796271303615168,0.0,0.3894920038155254,0.2556192779277245,0.9518127218666266,0.7336923924214751,0.4863488502071504,0.513877822721447,0.41799308390910356,0.2923869707755892,0.7336923924214751,0.46783184372978703,0.4180552871124054,1134
1626,21042,0.4661875608731715,0.175628647266869,0.3603683609836935,0.3546696274405142,0.3678765046011437,0.2404999750698784,1.0,0.3829089137076096,0.3255370537662445,0.0,0.8675641198979409,0.4689052273283286,0.7947952132712555,0.9257153714927412,0.6493630303426742,0.35422298373692707,0.39260922142230725,0.26799850412528126,0.9257153714927412,0.46780722790658824,0.3944248696929669,1135
894,16108,0.0,0.6829963478129869,0.7368674992175456,0.228793724493754,0.3446326075618657,0.2415289644011116,1.0,0.2447400495779129,0.4554363693969172,1.0,0.809379012249311,0.4976124623261331,0.7947952132712555,0.304551484662232,0.5254466719616748,0.35008820948741504,0.5629910592913463,0.7099319235152662,0.304551484662232,0.4677534625414082,0.5207221881711197,1136
800,16084,0.0,0.3754040936147613,0.6025542649092888,0.2264055130519638,0.3262479968738181,0.2540459499679441,1.0,0.2673987792533394,0.3925754121979884,1.0,0.6886669492215007,0.3784072654936322,0.7947952132712555,0.5303779200216894,0.4654673569965971,0.32998709572566387,0.5613398919787451,0.48897917926202505,0.5303779200216894,0.46762484725574777,0.45313292051733917,1137
731,15052,0.3024799758214906,0.3463113095169414,0.5895797490786086,0.3039803601237288,0.3414351250157924,0.1899363310291499,1.0,0.3281452151840633,0.5666262723185083,0.0,0.7989579565446678,0.19528145124127,0.8212921674167302,0.5493828179949455,0.5295028877560397,0.4473857437512858,0.3670703632337342,0.467945529297775,0.5493828179949455,0.4675994958019517,0.44913176788024073,1138
1853,24001,0.0,0.3529087878244125,0.4101668344392095,0.227646858504945,0.5894617079472899,0.1667147351968299,1.0,0.3250267495259488,0.3549875104110159,1.0,0.8050369574683198,0.5196761722804096,0.6784442506275288,0.5765449532098653,0.5007893450940646,0.34000712996848237,0.596764660329813,0.38153781113181096,0.5765449532098653,0.4675880377258081,0.4437322014193267,1139
1683,21175,0.4749494163497731,0.2209474726334782,0.4574524617213782,0.334106760987122,0.3884086825477481,0.228085409018321,1.0,0.3629297696910863,0.4743191152156419,0.0,0.7485887959623507,0.4559014485278953,0.8429462157448122,0.6391266864816243,0.6305964691462078,0.4186244424533641,0.3901201705106382,0.3391999671774282,0.6391266864816243,0.46748045190383336,0.4323222434601696,1140
2207,30033,0.3484713972187253,0.2120719440932328,0.4056574994106425,0.3100315143739401,0.5258543270216054,0.2930754170024848,1.0,0.280798514282145,0.5556598062830147,0.0,0.3712548975193492,0.595174816430482,0.869453057760477,0.7430174073632629,0.5460885422322583,0.41822916028257984,0.4257922516796061,0.30886472175193763,0.7430174073632629,0.4674428108066996,0.4163042636871113,1141
2131,30115,0.4532684132055056,0.3061915087608804,0.5343679413983259,0.3888182274440509,0.4344851137140744,0.3671242529910975,1.0,0.2712373399608885,0.2959085863181095,1.0,0.5605731239004328,0.2340816647464251,0.8429462157448122,0.5612088264721999,0.5227173543992939,0.283572963139499,0.6380855188298445,0.42027972507960315,0.5612088264721999,0.467406462027134,0.446516248432673,1142
1799,21182,0.0,0.3450753127028271,0.5370675366228737,0.3591502663913221,0.3815173588937524,0.2805950162112907,1.0,0.3890537310225319,0.4069999658385637,0.0,0.9778549201706676,0.639222413358717,0.0,0.7771461144782232,0.40426933338234616,0.3980268484305478,0.404252528299273,0.4410714246628504,0.7771461144782232,0.4673578080746428,0.41156289026212184,1143
893,16109,0.3504080760997187,0.211866453670908,0.3908492491240862,0.232137074137204,0.3665586712340052,0.2279623698346369,1.0,0.2742353673565837,0.5302369372454094,0.0,0.8315240920786435,0.6115824194883154,0.7947952132712555,0.7771461144782232,0.6470774502344833,0.4022361523009966,0.36533162304116923,0.3013578513974971,0.7771461144782232,0.4672420976007439,0.411435523546659,1144
338,11030,0.6111931629490474,0.5929556610942865,0.6209701138820871,0.2357303764619432,0.5072107415451585,0.1589197378884406,1.0,0.3012200652225112,0.3385455559400906,1.0,0.716022660428375,0.4632405913002991,0.7947952132712555,0.3056976994937972,0.6463129069872442,0.3198828105813009,0.5803721711791084,0.6069628874881868,0.3056976994937972,0.46721730933428385,0.5194881105475846,1145
2221,30143,0.3789880133631159,0.316190557032765,0.5115761635028553,0.4577634524249239,0.5980483899400293,0.3890598735425151,1.0,0.3967398074491808,0.2655854713739854,0.0,0.3617021078355962,0.6968009844327101,0.9036320434281871,0.566705932174072,0.5852807872649023,0.3311626394115831,0.4889743431814937,0.41388336026781014,0.566705932174072,0.4670737714986485,0.44503319944164177,1146
1935,26050,0.2040145944256144,0.2476859362071753,0.4009476848885993,0.0909029309526304,0.8544381698337171,0.2632554001454767,1.0,0.1730709237873146,0.4140636006707873,0.0,0.8558403028236918,0.5096557180140793,0.7125442614903211,0.9257153714927412,0.5705137191884266,0.29356726222905094,0.4417193001863648,0.3243168105478873,0.9257153714927412,0.46699626306253267,0.3935703634419827,1147
707,15009,0.0,0.5424085655883428,0.5911912384043506,0.3241823243082232,0.390496833011184,0.2103894726628581,1.0,0.3315082189746593,0.475860365947283,1.0,0.5388624358945955,0.1729566243188822,0.8212921674167302,0.432716177013528,0.383277806907552,0.40368429246097115,0.585013725996453,0.5667999019963468,0.432716177013528,0.4669505547344264,0.4759242527519657,1148
1874,24022,0.0,0.4184831635036301,0.4283749501331661,0.2258037066776216,0.6165548544457333,0.1707419165055934,1.0,0.248572138985708,0.3005601268408659,1.0,0.8085106427032007,0.5842473435953152,0.7125442614903211,0.6020162396286254,0.5263255619472093,0.27456613291328696,0.6026200955257897,0.4234290568183981,0.6020162396286254,0.46694613048664246,0.4382091326003041,1149
1928,26069,0.3977933701207409,0.2135138525382466,0.3367255473426092,0.1071257136690745,0.7336568830597607,0.2721786697496557,1.0,0.224413312922412,0.682881213325891,0.0,0.6795484478360225,0.2697464242355329,0.7789425991309047,0.7914566825269261,0.5315077103308002,0.4536472631241515,0.4225922532956982,0.2751196999404279,0.7914566825269261,0.4668954558875246,0.4091831782493456,1150
36,5010,0.0,0.8105369052306808,0.6453948748412152,0.1594796167301272,0.8256207825075823,0.0527919881390988,1.0,0.5581748047248415,0.2461313810264045,1.0,0.7147198990587695,0.5811020072284483,0.0,0.38486601958708,0.32395547657180446,0.402153092875623,0.6075784774753616,0.727965890035948,0.38486601958708,0.46685277424612415,0.4899452344899966,1151
306,10033,0.2078174561068335,0.2046713990684396,0.3881667417764709,0.1774113480891376,0.4904693638747294,0.2394972228337972,1.0,0.4067543146868693,0.2670082077449589,1.0,0.7116803985969435,0.2850416600275219,0.7606458862803938,0.7771461144782232,0.4912963502529232,0.3368812612159141,0.5814755869595329,0.29641907042245524,0.7771461144782232,0.46682288674301536,0.41097414899431495,1152
2017,28019,0.3229240850661943,0.2462680871227974,0.3825889602415067,0.231796760360525,0.7431549909590857,0.3471396632569993,1.0,0.4816373039601899,0.2222376922640618,1.0,0.3230568678527481,0.3491075030428434,0.8212921674167302,0.6639688805647354,0.454095155844629,0.3519374981121258,0.664418282915322,0.314428523682152,0.6639688805647354,0.4668149214851764,0.4274585229143104,1153
910,17036,0.0555057041487397,0.2559051697067238,0.4629577717208968,0.3287386424842889,0.3701595410132183,0.2104222945758695,1.0,0.4367398592283644,0.3726913256043774,0.0,0.7859313781008133,0.3686976834036092,0.8429462157448122,0.7771461144782232,0.5132702453494935,0.4047155924163709,0.3818640956146753,0.3594314707138103,0.7771461144782232,0.4667719247865345,0.41091806840818357,1154
647,14029,0.0,0.2654302750560323,0.3567763769729923,0.2089193163220332,0.3993318946838753,0.2398238221607254,1.0,0.3095777718366578,0.7951102484517788,0.0,0.7186279761171457,0.3111748264654976,0.7947952132712555,0.7645232988719857,0.4561495039634747,0.5523440101442183,0.3696150066333268,0.3111033260145123,0.7645232988719857,0.4667371459260014,0.41256537492996104,1155
780,15004,0.457891543547254,0.2578807615890016,0.3934655149061234,0.2938362681768364,0.3236156337739927,0.2167440998814733,1.0,0.3841747298902986,0.5039624176469736,0.0,0.7034302667575754,0.2145550374340712,0.869453057760477,0.7430174073632629,0.5613324763748444,0.44406857376863607,0.3668392003664605,0.3256731382475625,0.7430174073632629,0.46664366576140387,0.4154148063144201,1156
1018,20334,0.325828335174773,0.4301443099211349,0.684779820464763,0.4148110338645049,0.4953920548606271,0.2259013132622467,1.0,0.3814679179481178,0.2317191949445584,0.0,0.6244030476996592,0.1722162003181152,0.869453057760477,0.607375859660376,0.49797516023825605,0.3065935564463381,0.4272208803974758,0.5574620651929489,0.607375859660376,0.4664651514073437,0.4366763015982781,1157
1755,21215,0.3484713972187253,0.210353796771672,0.4470711062141527,0.3295987394491173,0.4756912626226657,0.2779020700800589,1.0,0.4600446046743147,0.4773085625926658,0.0,0.2930959444823231,0.0690751058052452,0.9036320434281871,0.8514307429854822,0.40356862273362015,0.46867658363349024,0.4166384144303684,0.32871245149291234,0.8514307429854822,0.4663404508450968,0.40118208250851917,1158
991,19038,0.0,0.6939053509459215,0.5322971253701592,0.1934835337192985,0.8486674575759017,0.1595300897725191,1.0,0.3267470944793654,0.4051817916636495,1.0,0.3443334746107502,0.0399111887874386,0.7947952132712555,0.5201635218414863,0.2947599691673611,0.36596444307150744,0.6403362162135439,0.6131012381580403,0.5201635218414863,0.46622709500305926,0.4536405969407637,1159
1925,26043,0.0,0.7985861014286776,0.7099651141563911,0.0824759105873101,0.9903335526186644,0.1545328975176934,1.0,0.2275077233113069,0.3050300958730549,1.0,0.8614851189742889,0.5308796761685859,0.7125442614903211,0.3227957754950816,0.526227264158299,0.2662689095921809,0.6454684721447336,0.7542756077925343,0.3227957754950816,0.4661925716062253,0.5110633362941546,1160
1405,20247,0.418388564882842,0.1618245439447565,0.3736298191175524,0.4913290347317522,0.5572768467758448,0.2866120194598549,1.0,0.3383925886501631,0.4097204564586192,0.0,0.621363340187393,0.1515922004922549,0.8429462157448122,0.9257153714927412,0.5085725803268255,0.37405652255439115,0.46704358019349035,0.26772718153115443,0.9257153714927412,0.4661905914414161,0.3927218018812497,1161
1719,21151,0.0,0.3165029148017236,0.5343679413983259,0.3594489671519172,0.3832319722251279,0.283407162135268,1.0,0.3688865117572865,0.4054720390773358,0.0,0.9913156833875773,0.6417555223332954,0.0,0.8079770209287339,0.4082678014302181,0.3871792754173111,0.40521762030246256,0.42543542810002477,0.8079770209287339,0.4661821532427843,0.40629810988780235,1162
618,14040,0.0,0.269290098244943,0.3796859462988168,0.1921925975932713,0.3586845413596665,0.3516232687434689,1.0,0.3308489254201888,0.4389690939181965,1.0,0.7186279761171457,0.2181625864970083,0.8212921674167302,0.6902386703647267,0.439520682507721,0.3849090096691926,0.5805000815392813,0.3244880222718799,0.6902386703647267,0.4660875767210663,0.4225076602623479,1163
2140,30147,0.4532684132055056,0.2557597731401836,0.5429013061554958,0.3943601520537183,0.4403159269721057,0.3608522134013,1.0,0.3059238414974518,0.3255520630064964,0.0,0.4342162447220254,0.1874195484769891,0.8429462157448122,0.8275164340507248,0.4794626055373331,0.3157379522519741,0.4391056584854248,0.3993305396478397,0.8275164340507248,0.4659635476460477,0.4036414634208833,1164
2354,31094,1.0,0.2427207288664482,0.642478542643126,0.2524901496652393,0.4375368154052202,0.3502393226482655,1.0,0.1818471633523354,0.2595754770877112,0.0,0.5987842826354457,0.6030869654221197,0.0,1.0,0.5504678120143913,0.22071132022002332,0.40805325754374505,0.4425996357547871,1.0,0.4658615721115373,0.384876247780775,1165
1885,24005,0.3797002956194488,0.3430020002565492,0.4951020124005398,0.2525487102946516,0.6037550133580848,0.2831638260519655,1.0,0.1880682540490069,0.3068020700374978,1.0,0.6096395231131442,0.5191223229619933,0.8212921674167302,0.5786259907364864,0.5824385772778291,0.24743516204325236,0.6278935099409404,0.4190520063285445,0.5786259907364864,0.46585705924622517,0.4412821563325587,1166
1891,25015,0.0,0.4810416784170461,0.6507696274511339,0.1254517987566584,0.527304325907811,0.4015075555398535,1.0,0.184713589116015,0.3591906664690659,1.0,0.7455492955005247,0.4532389586141417,0.7789425991309047,0.4719459014934692,0.49443271331139277,0.2719521277925404,0.6108527360408645,0.56590565293409,0.4719459014934692,0.4658375432599241,0.46432284700039905,1167
795,16045,0.0,0.5509162571268356,0.5931717330893097,0.2205431134713603,0.3232155501753039,0.2755838308309328,1.0,0.4011279616717301,0.3876512492420286,0.0,0.7811549314963264,0.5015875061733421,0.7947952132712555,0.514241016966871,0.519384412735231,0.39438960545687934,0.3638684988955194,0.5720439951080727,0.514241016966871,0.46579089539715823,0.45440914778876723,1168
1854,24045,0.0,0.5272822781743788,0.4707139198552371,0.2228024724124705,0.6357522800548872,0.1736970592611486,1.0,0.2045815738045634,0.2697389327483598,1.0,0.7998263260907781,0.5174461361244912,0.7125442614903211,0.6020162396286254,0.5074541809263976,0.23716025327646162,0.6064503623457013,0.49899809901480796,0.6020162396286254,0.4657879185262895,0.4368508881332728,1169
1994,27002,0.6814971807890619,0.6610656040145506,0.7586335385246777,0.4396735857159869,0.6826136112655031,0.5150565383153961,1.0,0.3516183364558742,0.3551407032931173,0.0,0.4324792985793648,0.6738970832972276,0.0,0.370684753864734,0.4469683906664136,0.3533795198744958,0.5274687470593772,0.7098495712696142,0.370684753864734,0.46577609313948154,0.49314009122787217,1170
746,15046,0.0,0.4147181773542915,0.4101668344392095,0.2982242616526344,0.3993215829824661,0.1676722680361084,1.0,0.4611731222729919,0.5507215697841553,0.0,0.7503257421050116,0.3373233953687654,0.8212921674167302,0.5896842520574764,0.47723532622262677,0.5059473460285736,0.3730436225342418,0.41244250589675047,0.5896842520574764,0.4657105695313758,0.43902599490184935,1171
366,11028,0.0,0.5566762613247989,0.6437034508600855,0.2536090397261149,0.4062112548192358,0.2025585573587265,1.0,0.7327103860010371,0.4404423787288865,1.0,0.8215372211470553,0.5106488724156714,0.0,0.3263291746051544,0.33304652339068164,0.5865763823649618,0.5724757703808154,0.6001898560924421,0.3263291746051544,0.46569998967272164,0.5090012041143819,1172
6,1004,0.0,0.4682681506012707,0.4101668344392095,0.2107481639121461,0.546571480013496,0.1568705555532041,1.0,0.5077077626579601,0.3516116139047004,1.0,0.923143704807359,0.5731525359599318,0.0,0.5317259889304533,0.37407406019182265,0.4296596882813303,0.5828380398957693,0.4392174925202401,0.5317259889304533,0.46558558062622635,0.4503782717327177,1173
2200,30024,0.0,0.5034034420195925,0.41659021807376,0.3720561889162617,0.4471551253049762,0.4602873920605973,1.0,0.4344644595703869,0.46176376020519,0.0,0.3577941343024398,0.0414262264763137,0.869453057760477,0.7336923924214751,0.31716835463480764,0.44811410988778844,0.455899741256367,0.45999683004667624,0.7336923924214751,0.46554678714617087,0.41550443458802333,1174
2182,30117,0.4532684132055056,0.234906574334432,0.4406477225796021,0.4047387361676582,0.4796029491043666,0.4416308044117822,1.0,0.3523421365764295,0.321896883277461,1.0,0.3239253409240787,0.1986795113771563,0.9036320434281871,0.6130176920083639,0.46987632723373196,0.3371195099269453,0.6651944979367614,0.33777714845701706,0.6130176920083639,0.4653330241228221,0.4343467652935259,1175
1167,20185,0.6190015946419424,0.2345695126413768,0.4009476848885993,0.3921027496886141,0.4392763233859993,0.178358328813835,1.0,0.4056389657718051,0.2052562053382768,0.0,0.7503257421050116,0.2609199323333417,0.9036320434281871,0.8822616494359928,0.6334698281271207,0.3054475855550409,0.4019474803776896,0.317758598764988,0.8822616494359928,0.4652703003709458,0.3964900685925176,1176
1057,20467,0.2487655717825037,0.3340574369666121,0.6014712566994957,0.4031848449052948,0.4783252775397181,0.2068298418215952,1.0,0.374070498999435,0.1948937415297423,0.0,0.5992184674085008,0.2656118526696393,0.9036320434281871,0.7771461144782232,0.5043069838222077,0.28448212026458863,0.4176679928533217,0.4677643468330539,0.7771461144782232,0.46518123804538924,0.4091683829301547,1177
105,7024,0.4525520897336005,0.2219228249266292,0.3736298191175524,0.3985885807350272,0.8638336789080172,0.2443497536701622,1.0,0.3694017953367946,0.2563473170383794,0.0,0.4819800896155715,0.2096656688590403,0.869453057760477,0.9257153714927412,0.5034127264921723,0.31287455618758697,0.5013544026626413,0.2977763220220908,0.9257153714927412,0.46511610919326274,0.3915906900269925,1178
733,15050,0.0,0.3281717667795926,0.5212886120255843,0.3184758773524322,0.3807975153013553,0.1968850493322969,1.0,0.4023071292921937,0.4907185921008986,0.0,0.82110282932356,0.4792211354767975,0.8212921674167302,0.5705338414139879,0.5304040330542719,0.44651286069654617,0.3792316883972169,0.42473018940258844,0.5705338414139879,0.4651017677960921,0.44194134725323797,1179
644,14096,0.0,0.3441454141542806,0.4694600190588954,0.2141058393921745,0.3250560051638811,0.2934330710375454,1.0,0.5073625694521289,0.3958434243065344,0.0,0.7898392481087495,0.518995350678955,0.7947952132712555,0.6130176920083639,0.52590745301474,0.45160299687933164,0.3665189831187202,0.406802716606588,0.6130176920083639,0.4648618363545379,0.4337970703395949,1180
2267,30124,0.5689366890539633,0.4571071088416823,0.6727127406122622,0.3200241356254903,0.4994713966192435,0.2889877179346342,1.0,0.3810190512422274,0.37319578764607,0.0,0.3399913163045389,0.5031668447255595,0.869453057760477,0.4234360500578044,0.5703869769611347,0.3771074194441487,0.4216966500358736,0.5649099247269722,0.4234360500578044,0.4648152549056154,0.47577707125376284,1181
549,14112,0.0,0.3283586470187161,0.4406477225796021,0.2177845159478021,0.3038497850841393,0.3052499576536102,1.0,0.4785655750973486,0.3157459159211431,0.0,0.6726008703158202,0.3100194494779442,0.8429462157448122,0.8514307429854822,0.45639163388464415,0.3971557455092458,0.3653768517371103,0.3845031847991591,0.8514307429854822,0.46474825160623784,0.39947064786543635,1182
2218,30109,0.5689366890539633,0.437602404822855,0.6399854068931805,0.341887698073328,0.4471816717716042,0.3741409788443934,1.0,0.4293815223010642,0.4000273623780248,0.0,0.0963959558079821,0.1619024451776925,0.9036320434281871,0.5177551044154516,0.4327167833669563,0.4147044423395445,0.4326420697378651,0.5387939058580178,0.5177551044154516,0.46464754616992815,0.452244675741694,1183
374,11021,0.0,0.5157710894429767,0.7700188883345146,0.2479627484831886,0.3840374956722382,0.2218461540058494,1.0,0.3383654994607349,0.4934701203916336,0.0,0.818063328861734,0.4891660605930403,0.7947952132712555,0.4153528805891099,0.5255061506815075,0.41591780992618427,0.37076927963225526,0.6428949888887456,0.4153528805891099,0.4645679728887883,0.4777572390965606,1184
2454,32010,0.0,0.6659357249863708,0.7019827197932555,0.1942894479680438,0.5268610602792196,0.1618818308422482,1.0,0.5102056814165903,0.3812406261093481,1.0,0.8623534885203987,0.5430785066918363,0.7390115964200016,0.2293747808439331,0.5361108979080591,0.4457231537629692,0.5766064678179024,0.6839592223898132,0.2293747808439331,0.4644671927419625,0.5540607524876551,1185
1293,20072,0.0,0.218949903321538,0.4629577717208968,0.4979776508462459,0.5629914458729905,0.3040049390359213,1.0,0.3126203433060385,0.3855622978084047,0.0,0.6517585518560933,0.2256883498083058,0.7789425991309047,0.9257153714927412,0.41409737519882595,0.3490913205572216,0.47299480715103154,0.3409538375212174,0.9257153714927412,0.46431658015280214,0.39074944625155034,1186
1752,21044,0.0,0.2563263328951226,0.5018162372297665,0.3467691019396113,0.4364507261547591,0.3148651882603924,1.0,0.3074589176399515,0.3803414610279454,1.0,0.7199305304363113,0.3906179569499124,0.7606458862803938,0.5705338414139879,0.46779859341665436,0.34390018933394845,0.6196170032709526,0.3790712850624446,0.5705338414139879,0.46421951155078145,0.44089369208177204,1187
1930,26039,0.2498587899463197,0.3418088751635671,0.300188532020952,0.0855430215970113,0.969613095992323,0.147229254266811,1.0,0.122041593908811,0.4201821902648722,1.0,0.875379859913813,0.6278484621227328,0.0,0.8822616494359928,0.43827177799571637,0.2711118920868416,0.6404770743712291,0.32099870359225957,0.8822616494359928,0.46419372849258306,0.3953436206917458,1188
650,14023,0.0,0.6044647132454026,0.6783047698956095,0.2096527629692043,0.2741538421799118,0.3803193413493463,1.0,0.279759349436383,0.3281374502218104,1.0,0.7364307941150467,0.3482498961891017,0.7947952132712555,0.410429799104577,0.46986897589385096,0.3039483998290967,0.5728251892996925,0.6413847415705061,0.410429799104577,0.46412103254888787,0.47860732477140266,1189
2357,31103,1.0,0.2100701794579121,0.4123515176257732,0.2464678352512271,0.3923163811899035,0.4482004428032236,1.0,0.3491235683092555,0.3379718222048239,0.0,0.630047863850256,0.6367875353224253,0.0,0.8514307429854822,0.5667088497931703,0.3435476952570397,0.4173969318488709,0.31121084854184267,0.8514307429854822,0.4641090834261638,0.3987840260847791,1190
1661,21158,0.3484713972187253,0.1370132649605318,0.3367255473426092,0.3264604149007671,0.4833296605407813,0.2978419793307666,1.0,0.4748967702000018,0.4905769228185381,0.0,0.4042553213516004,0.4415533804905779,0.9036320434281871,0.8514307429854822,0.5244780356222727,0.48273684650926996,0.42152641095446297,0.23686940615157048,0.8514307429854822,0.4640707209301765,0.3987428229682154,1191
1451,20315,0.1826590576547239,0.1285777387829871,0.4144920627651705,0.4908884376903287,0.5568896943079238,0.2962885654035551,1.0,0.3489715919872848,0.4207216884260958,0.0,0.914025203421881,0.6596584583611615,0.0,1.0,0.4390856798594416,0.3848466402066903,0.4688133394803615,0.27153490077407877,1.0,0.4640155324598675,0.3829707876139126,1192
1856,24044,0.0,0.2084111317318759,0.3322162123140422,0.2032127580997663,0.724857711942976,0.1581343734318749,1.0,0.350049638733594,0.3594702959705961,1.0,0.877985175602584,0.5871326857405513,0.7390115964200016,0.6594077639142162,0.5510323644407842,0.35475996735209503,0.6172409686949234,0.27031367202295903,0.6594077639142162,0.4639997059974332,0.42497033734964484,1193
2212,30068,0.0,0.6540662170313503,0.5854404187487525,0.388397962002267,0.4485851849934553,0.4089258719597715,1.0,0.2783756255122119,0.3134586161512743,1.0,0.4476770079389349,0.2044652983736147,0.9036320434281871,0.4644484349938461,0.3889435874351842,0.2959171208317431,0.6491818037910988,0.6197533178900514,0.4644484349938461,0.46399775822592443,0.4638851573557846,1194
1254,20263,0.2820211445059131,0.2233279083132373,0.4186476299168636,0.4811797589710076,0.5722843561222664,0.3132354229440538,1.0,0.2516704644548926,0.362998595078166,0.0,0.59748152126584,0.2045098799152139,0.9036320434281871,0.9257153714927412,0.4969111472787885,0.3073345297665293,0.4733399076074655,0.32098776911505045,0.9257153714927412,0.4638801999182711,0.3902904509626241,1195
2403,31010,1.0,0.2119334181856217,0.5507983349735351,0.2502226933171029,0.4207642192235238,0.3736027161835937,1.0,0.2180488382241368,0.2793425586733009,0.0,0.6009552065007211,0.6141334552745811,0.0,1.0,0.5537721654438256,0.24869569844871883,0.4089179257448441,0.38136587657957843,1.0,0.46386913404979213,0.38281975790914646,1196
2187,30099,0.4532684132055056,0.32758203920474,0.5265685204920176,0.3869794288751895,0.4286310576238659,0.3575052328144781,1.0,0.2555348405209016,0.2904474271247754,1.0,0.5935736512579037,0.4130806018959426,0.7606458862803938,0.5226273100076635,0.5551421381599364,0.27299113382283846,0.6346231438627067,0.4270752798483788,0.5226273100076635,0.4638238061526571,0.4501873311227149,1197
1211,20056,0.6190015946419424,0.172161253090145,0.3410507756685701,0.386603876407818,0.4373468849082587,0.1746759879200776,1.0,0.4192798042303161,0.2035652945897942,0.0,0.7989579565446678,0.3989737979407937,0.869453057760477,1.0,0.6715966017219702,0.31142254941005515,0.39972534984723085,0.25660601437935754,1.0,0.4637644063501937,0.38271172447320867,1198
8,1010,0.0,0.5454549081074525,0.4320288770750036,0.2181343842202107,0.5163857858163229,0.1557647997415434,1.0,0.3184966987087878,0.460375941144711,0.0,0.9313938366467271,0.608236931688465,0.7390115964200016,0.5226273100076635,0.5696605911887984,0.3894363199267494,0.37805699395561543,0.488741892591228,0.5226273100076635,0.46363510771652366,0.4499584044167308,1199
1422,20283,0.418388564882842,0.0879904135011997,0.4144920627651705,0.4101326542352334,0.4644712499179694,0.2719709689517362,1.0,0.3768120601779112,0.3918929244656578,0.0,0.6495874209403776,0.3850899242842901,0.7789425991309047,0.9257153714927412,0.5580021273096036,0.3843524923217845,0.4293149746209878,0.2512412381331851,0.9257153714927412,0.4635984751164858,0.38999418332859914,1200
1744,21216,0.3484713972187253,0.1290739671058096,0.2717650557236629,0.3300200281617381,0.4746772378910556,0.2932512030179141,1.0,0.5783523701448505,0.7340748598629216,0.0,0.1719495931562378,0.099777392390156,0.9301468010770012,1.0,0.38758629596053007,0.6562136150038861,0.4195896938141416,0.20041951141473624,1.0,0.46348500955194744,0.3824235383399123,1201
288,9012,0.3941394705475086,0.7233581024705406,0.8036861737715303,0.3076763709123818,0.3790171613129937,0.1772838458428505,1.0,0.5439051680556596,0.5893305261592253,1.0,0.7047330281271809,0.3991010330267852,0.8212921674167302,0.1487784436157185,0.5798164247795512,0.5666178471074425,0.5727954756136452,0.7635221381210354,0.1487784436157185,0.4634345386481449,0.6156735469617989,1202
82,6001,0.0,0.500953256139525,0.5472265344814569,0.206506332321208,0.1971396871006157,0.6051827023812523,1.0,0.3475901253657463,0.3228351269290164,1.0,0.6851932639866192,0.1944757818699216,0.8212921674167302,0.4750981894876865,0.42524030331831775,0.33521262614738134,0.6017657443606151,0.5240898953104909,0.4750981894876865,0.4633554572371324,0.46046540720065854,1203
2434,32013,0.0,0.3666033689098039,0.3492050581584243,0.1987624958302202,0.5352657874540869,0.1539457394272929,1.0,0.469720406510892,0.3043543103119656,1.0,0.9821971820020988,0.7070770456903024,0.0,0.6319793675308782,0.4223185569231003,0.3870373584114288,0.57759480454232,0.35790421353411406,0.6319793675308782,0.46333724106768637,0.42874175902395806,1204
968,19014,0.0,0.4717026218807822,0.4743889719851997,0.2112472450434873,0.7437048432522468,0.1980664888496759,1.0,0.4351964898329065,0.3804390856139018,0.0,0.7229700308981373,0.2861074375103277,0.7125442614903211,0.5969119385149223,0.43040543247469654,0.40781778772340416,0.430603715429082,0.473045796932991,0.5969119385149223,0.4632837070348593,0.43484173258627823,1205
1987,27003,0.9630565706271034,0.4164790807206622,0.6236526212297023,0.3856644543101289,0.6968083056908184,0.4797518262967349,1.0,0.2879214489474483,0.322974445062191,0.0,0.5544941229767806,0.7184760603029164,0.0,0.4688836913067502,0.5590066884767001,0.30544794700481964,0.5124449172595364,0.5200658509751823,0.4688836913067502,0.46326018260671525,0.46186487544918176,1206
1770,21088,0.3484713972187253,0.1385891789917078,0.3174079620274858,0.3289256571773218,0.4773168924648779,0.2942203421691431,1.0,0.5663927207272386,0.6805685407303061,0.0,0.229700412506592,0.0546724523442944,0.9860016052903372,0.8822616494359928,0.40471146683998727,0.6234806307287724,0.42009257836226854,0.2279985705095968,0.8822616494359928,0.46320005488053456,0.3942860413715431,1207
1657,21195,0.4532684132055056,0.2851653107064515,0.4602408695082853,0.3987754604332586,0.447319476947442,0.3467512161775824,1.0,0.3509507507039999,0.3816874431175225,0.0,0.5479809372800732,0.2444516360141662,0.7606458862803938,0.7097780834867178,0.5015867181950346,0.3663190969107612,0.43856923071165654,0.3727030901073684,0.7097780834867178,0.46317580522762986,0.4162954701598638,1208
369,11039,0.4046394463408198,0.3498155916404113,0.5441552069518375,0.2564583291362637,0.4199939021272273,0.1910863851041373,1.0,0.4833131819257124,0.4116036544301332,1.0,0.7533652425668376,0.5223111036683918,0.0,0.4422862642440504,0.4200789481440123,0.44745841817792276,0.5735077232735257,0.4469853992961244,0.4422862642440504,0.46315241430506865,0.4685209900148425,1209
225,8036,0.0,0.5174507845392519,0.5273017648072774,0.1449658065520144,0.7855634432790237,0.1026513835237452,1.0,0.2909592953655819,0.3599117201846713,1.0,0.8297871459359827,0.5764685924076659,0.6784442506275288,0.3965026664028639,0.5211749972427944,0.32543550777512664,0.6066361266709567,0.5223762746732646,0.3965026664028639,0.4631495721151935,0.4814930866848513,1210
901,16032,0.0,0.2448949323910625,0.4681911011296974,0.2423807367524305,0.327416745751578,0.2778001362949902,1.0,0.5112368749279232,0.4819308323968131,1.0,0.7724706148839038,0.4389287507047946,0.0,0.6963643413004936,0.3028498413971746,0.4965838536623682,0.5695195237597998,0.35654301676037997,0.6963643413004936,0.4629514026195243,0.41803257398943305,1211
969,19032,0.0,0.3816753266516803,0.3410507756685701,0.1632084561945826,0.9167253813699432,0.0684071457143413,1.0,0.2661591888129524,0.2375103774131558,1.0,0.4376899299569066,0.4519438153655332,0.7125442614903211,0.9257153714927412,0.4005445017031902,0.25183478311305413,0.6296681966557734,0.36136305116012524,0.9257153714927412,0.4628709162919854,0.3892292756539058,1212
1545,20449,0.3932202598211434,0.1816429350015502,0.4056574994106425,0.5297885709708938,0.5918553188634799,0.3472821154393281,1.0,0.2424485092319704,0.3208670224198046,0.0,0.7685627448759675,0.3253271141549371,0.7606458862803938,0.9257153714927412,0.5619390012831105,0.2816577658258875,0.49378520105474033,0.29365021720609635,0.9257153714927412,0.462861816558049,0.38921971069200134,1213
2397,31016,1.0,0.270134409902432,0.6725273453231561,0.2512947891729465,0.43886826410822,0.3381448340997663,1.0,0.1793418866238123,0.2525046295028295,0.0,0.5992184674085008,0.6137466279753837,0.0,0.9257153714927412,0.5532412738459711,0.2159232580633209,0.4056615774761866,0.471330877612794,0.9257153714927412,0.4624196152677808,0.38875495832603163,1214
634,14081,0.2916684363221723,0.1901155715478725,0.3452063428202632,0.1982251190327099,0.4734586997144907,0.2089331232835383,1.0,0.3625176196431676,0.5173982545868168,0.0,0.8758142517373091,0.5101800619287165,0.7789425991309047,0.7771461144782232,0.6141513372797757,0.4399579371149922,0.3761233884061478,0.26766095718406785,0.7771461144782232,0.4624032961448529,0.40611635674404634,1215
2168,30078,0.5967154078961798,0.256168333365919,0.41659021807376,0.2862822362441465,0.5883852461931446,0.3840815581820551,1.0,0.332349898764852,0.2939383691011845,0.0,0.3282674992302898,0.5182545099808888,0.8429462157448122,0.7771461144782232,0.5715459082130427,0.3131441339330182,0.4517498081238692,0.3363792757198395,0.7771461144782232,0.4623864062978388,0.4060978144567334,1216
1439,20301,0.1826590576547239,0.1773990479423985,0.3672064354830018,0.4877027048998665,0.5540584574199136,0.2933635618623291,1.0,0.3453249629471775,0.4173975569838581,0.0,0.9248806509500204,0.6351619686229916,0.0,1.0,0.435675419306934,0.38136125996551784,0.4670249448364219,0.27230274171270014,1.0,0.4623579663072375,0.3812614814011522,1217
1031,20170,0.3932202598211434,0.1203563425265727,0.5235837208403724,0.5263456823301336,0.6005734821701918,0.3595764509370835,1.0,0.2036791864273731,0.2977985486526265,0.0,0.7503257421050116,0.368874824271584,0.7606458862803938,0.9257153714927412,0.5682666781195331,0.2507388675399998,0.4972991230874818,0.32197003168347255,0.9257153714927412,0.4623138391741633,0.3886438043987738,1218
512,13012,0.2225375353754443,0.3242854289171309,0.5228241951456672,0.3053933907643297,0.4982056885732304,0.2484045599534972,1.0,0.609543532104754,0.4608032525735952,0.0,0.5049935389910141,0.253242199475706,0.7606458862803938,0.5213883359176172,0.4353547900306395,0.5351733923391746,0.41040072785821147,0.4235548120313991,0.5213883359176172,0.4622994522859268,0.4486047789708976,1219
690,15112,0.0,0.3900731597921062,0.5685432994971402,0.2933112325570356,0.4145382778184817,0.1770344524624976,1.0,0.4009472822328337,0.5157884112633275,0.0,0.7077725285890073,0.3629541970766469,0.8212921674167302,0.538733063501105,0.4730047232705961,0.4583678467480806,0.37697679256760297,0.4793082296446232,0.538733063501105,0.4622496073054997,0.44488962816629396,1220
382,12010,0.7111896332312811,0.2042707824800542,0.41659021807376,0.3435969488675765,0.3442510947507157,0.1635095758674103,1.0,0.2029251413733895,0.4458313932489908,0.0,0.5922708898882982,0.2723656981494304,0.869453057760477,0.9257153714927412,0.6113198197573717,0.3243782673111901,0.37027152389714046,0.3104305002769071,0.9257153714927412,0.46222824498519166,0.3885538631118192,1221
1724,21055,0.1546603173784129,0.1950533989223594,0.4320288770750036,0.3775034733788008,0.4117286319454226,0.2424746391695289,1.0,0.4468795414454592,0.2771943292084008,0.0,0.8484585405304343,0.5117501827164518,0.7947952132712555,0.7914566825269261,0.5774160634741385,0.36203693532693004,0.40634134889875045,0.3135411379986815,0.7914566825269261,0.46213715680214945,0.403977170062179,1222
1981,26002,0.1510850624970373,0.6770705733459771,0.6282600158494341,0.0889905044117663,0.9684636021071954,0.1415475788334801,1.0,0.0579325476524745,0.4025086487548637,1.0,0.5423361211294766,0.4378220112578242,0.7125442614903211,0.4750981894876865,0.4609468640936648,0.2302205982036691,0.6398003370704883,0.6526652945977056,0.4750981894876865,0.46202202643372486,0.4588096110923092,1223
760,15119,0.4339710659788844,0.217006194015005,0.443908083844807,0.3027922089511338,0.3317125644737865,0.1962222634237536,1.0,0.3016455317767833,0.5853984465945855,0.0,0.7915761942514103,0.1790887482326831,0.8212921674167302,0.7028614859709643,0.556482043969927,0.4435219891856844,0.3661454073697348,0.330457138929906,0.7028614859709643,0.46174367765606705,0.41570357601549995,1224
419,12036,0.6190015946419424,0.2436357518147911,0.4501424337437721,0.373940938789098,0.4052918532335602,0.1571007141821376,1.0,0.5123663737996299,0.2582812472765321,0.0,0.7689969296490229,0.1479073466240241,0.869453057760477,0.673718331962919,0.6013397321688666,0.385323810538081,0.3872667012409592,0.3468890927792816,0.673718331962919,0.4616629075699183,0.42003611878490926,1225
754,15102,0.0,0.4799014820642599,0.3567763769729923,0.2847016413858571,0.4210368093477854,0.1782884168663179,1.0,0.3951208553534888,0.3847780000658911,0.0,0.778984007631051,0.4684531461946615,0.8212921674167302,0.6594077639142162,0.5171823303106107,0.38994942770968993,0.37680537351999205,0.4183389295186261,0.6594077639142162,0.46162601779716805,0.4222545457820351,1226
2193,30135,0.4532684132055056,0.324092719636819,0.5220591854634506,0.3919582840020226,0.4438245096277043,0.3822947613693767,1.0,0.2976045376098214,0.3034481121111617,0.0,0.400347347818444,0.3577443621339946,0.9036320434281871,0.7028614859709643,0.5287480416465329,0.3005263248604916,0.4436155109998207,0.42307595255013486,0.7028614859709643,0.4616206419126299,0.41556512069566043,1227
660,14093,0.0,0.7613592762744124,0.7011362169095514,0.2147608723030331,0.3976269088488157,0.221289478405962,1.0,0.3870498945714868,0.4283111926523243,0.0,0.6608770532415713,0.2910268273484147,0.8212921674167302,0.4321789825796731,0.44329901200167904,0.40768054361190553,0.36673545191156215,0.7312477465919819,0.4321789825796731,0.4615508610580844,0.4692005863539379,1228
1468,20345,0.6190015946419424,0.1669438814088961,0.3530583330060873,0.3904725132745398,0.4451071366440307,0.1802906018908885,1.0,0.4363069212269008,0.1944326759693099,0.0,0.7807207467232715,0.4329256893803181,0.9036320434281871,0.9257153714927412,0.6840700185434299,0.3153697985981053,0.4031740503618918,0.2600011072074917,0.9257153714927412,0.4615015674779422,0.3877904473986216,1229
1454,20360,0.1826590576547239,0.1859193316974568,0.4302176640695926,0.4840999216762117,0.550787942742857,0.2892568047900827,1.0,0.4005730913731,0.4714714427434844,0.0,0.905340886809458,0.6056774248807578,0.0,0.7914566825269261,0.4234193423362349,0.43602226705829217,0.4648289338418303,0.3080684978835247,0.7914566825269261,0.46145503758773676,0.4032319645377715,1230
679,15026,0.0,0.3870418668172236,0.5173493709414074,0.2899592469546347,0.4213967311439842,0.1804695087646,1.0,0.3728884553534108,0.4352423857273467,0.0,0.7668257987333067,0.3942163393329349,0.8212921674167302,0.6101596542308203,0.49558357637074296,0.40406542054037875,0.3783650973726438,0.4521956188793155,0.6101596542308203,0.4613705818572658,0.430230804249104,1231
1610,21016,0.3484713972187253,0.2467031881025865,0.3410507756685701,0.3349140773697731,0.4630909795282952,0.2701638062240958,1.0,0.5243061436999596,0.376703907115712,0.0,0.5948762055770691,0.205446810162254,0.7789425991309047,0.7914566825269261,0.48193425302223825,0.4505050254078358,0.4136337726244328,0.2938769818855783,0.7914566825269261,0.4612955121411422,0.40305772497470505,1232
906,16113,0.0,0.3171757459305428,0.5250866308716348,0.2399307513295546,0.3879196154598967,0.2163204206058531,1.0,0.4456941734538072,0.3724175893947345,1.0,0.8462874096147186,0.5428637403641366,0.0,0.6130176920083639,0.3472877874947138,0.40905588142427085,0.568834157479061,0.42113118840108876,0.6130176920083639,0.4611791313719505,0.42950557617125673,1233
961,18020,0.1160724679560654,0.57332590627328,0.6967991838506171,0.1770600849360496,0.2546990935995837,0.6828322466191025,1.0,0.5627191554252635,0.3142575541775985,0.0,0.6200607858682277,0.2343897273647638,0.869453057760477,0.3845219741385992,0.45999400973738347,0.438488354801431,0.42291828503094714,0.6350625450619485,0.3845219741385992,0.4610424062035185,0.48244276808264086,1234
1641,21022,0.0555057041487397,0.2818107145513148,0.4889876210546557,0.3325255688707217,0.3683655716889953,0.2160966578987446,1.0,0.4234501249557191,0.3727682926187354,0.0,0.8245767216088813,0.3940891644707813,0.8429462157448122,0.668732778856004,0.5292794514933037,0.3981092087872272,0.3833975596916923,0.3853991678029852,0.668732778856004,0.4609990146376088,0.42006049862103867,1235
2104,30055,0.2889724990448923,0.169634485452412,0.3567763769729923,0.2844791893782333,0.5785039736654436,0.3615042450734584,1.0,0.5747816491368204,0.3778627804157003,0.0,0.4337820599489703,0.442387194606036,0.869453057760477,0.7336923924214751,0.5086487028400939,0.47632221477626036,0.4448974816234271,0.2632054312127021,0.7336923924214751,0.460975153589901,0.41041043367415175,1236
550,14111,0.0,0.4167604592472657,0.3881667417764709,0.2143847551163059,0.4199826228136853,0.2092472271636776,1.0,0.3360594251905983,0.3989034060208238,0.0,0.8493269100765446,0.3818121773017047,0.7947952132712555,0.7532318055434659,0.5064835751623762,0.367481415605711,0.3687229210187338,0.4024636005118683,0.7532318055434659,0.46092602295875945,0.40766823468312,1237
757,15087,0.0,0.449681686870323,0.662817865680182,0.2927297971786732,0.3897577344261549,0.1788996250269903,1.0,0.4551187211937056,0.4784731318626058,0.0,0.7481546111892954,0.4297908430905254,0.8212921674167302,0.4305833690085505,0.4998094054241377,0.4667959265281557,0.37227743132636365,0.5562497762752525,0.4305833690085505,0.4609194748322991,0.4688317445938623,1238
1980,26056,0.0,0.2069299705882025,0.3825889602415067,0.0898317854764901,0.8395813967938999,0.298483049408545,1.0,0.1421690012911489,0.3867898847524347,1.0,0.8727745442250423,0.4918223723176601,0.6784442506275288,0.8079770209287339,0.5107602917925578,0.2644794430217918,0.645579246335787,0.2947594654148546,0.8079770209287339,0.46077093432768723,0.4004115462682626,1239
1238,20459,0.131951524421951,0.2430556008382785,0.3881667417764709,0.3796460431124148,0.4155313957402338,0.2684231342849787,1.0,0.3142708947342467,0.3158229446725646,0.0,0.8471559862112688,0.6024795990432438,0.7947952132712555,0.8514307429854822,0.5940955807369297,0.31504691970340565,0.41272011462752545,0.3156111713073747,0.8514307429854822,0.4607207558249599,0.3951480932504183,1240
146,7056,0.8335046471480598,0.0919954071848694,0.2328033721056162,0.4134928474490662,0.830549797355344,0.2831998966221616,1.0,0.4862197970836057,0.3450270943062956,0.0,0.4598350097862389,0.4321271660981128,0.9036320434281871,0.9257153714927412,0.6572747166151497,0.41562344569495063,0.5054485082853144,0.1623993896452428,0.9257153714927412,0.4607200902060964,0.38696979675111826,1241
1747,21171,0.0,0.3448302369465166,0.4951020124005398,0.360927430464903,0.3805232733598684,0.2812700329840767,1.0,0.4206557459779821,0.3890157267682586,0.0,0.9635257874076484,0.6608579907587445,0.0,0.7430174073632629,0.40609594454159825,0.4048357363731203,0.40454414736176963,0.41996612467352823,0.7430174073632629,0.4606990677147161,0.40881038497449407,1242
1017,20378,0.0,0.1623658970560748,0.4101668344392095,0.4712832087291666,0.5385379539483693,0.2737971070930856,1.0,0.344654610499154,0.41626269295963,0.0,0.8132870893076876,0.2015815062353516,0.7789425991309047,0.9257153714927412,0.448452798668486,0.380458651729392,0.4567236539541243,0.28626636574764214,0.9257153714927412,0.46024078482341985,0.3864666371745783,1243
1564,20028,0.3706292612258043,0.3363635341545452,0.5705054552152529,0.4915429627175135,0.5600808529921328,0.2992439816481994,1.0,0.2846135998398736,0.3592529037633563,0.0,0.6930092110529322,0.2578556682133406,0.7606458862803938,0.5765449532098653,0.5205350066931177,0.3219332518016149,0.47017355947156914,0.45343449468489905,0.5765449532098653,0.46000689608310863,0.43475755150127304,1244
790,15097,0.457891543547254,0.2559455086187538,0.4245904985296838,0.2904733848018132,0.3304740870994952,0.2185937213004456,1.0,0.4446935596792601,0.437022911515746,0.0,0.612244838801915,0.2209064699216211,0.869453057760477,0.6902386703647267,0.5401239775078168,0.44085823559750303,0.3679082386403508,0.3402680035742188,0.6902386703647267,0.4599074722808898,0.41551648695015037,1245
1689,21176,0.4749494163497731,0.2520602712924282,0.3174079620274858,0.3381370096742896,0.3524947739175682,0.2174916026762143,1.0,0.3998597425383295,0.3428291180104784,1.0,0.9465913389558572,0.4617557236565942,0.0,0.7097780834867178,0.47082411974055616,0.37134443027440395,0.5816246772536144,0.28473411665995696,0.7097780834867178,0.45979908952123416,0.4125052568173125,1246
2103,30056,0.2159380441879529,0.1487514254186224,0.3322162123140422,0.2815894764716981,0.5825873032636063,0.3607038179804933,1.0,0.5166732265269743,0.4346465672433598,0.0,0.4389926913265121,0.4733099662380894,0.869453057760477,0.8079770209287339,0.4994234398782579,0.4756598968851671,0.4449761195431595,0.2404838188663323,0.8079770209287339,0.45974541489925813,0.3992978814145354,1247
395,12006,0.5164694362975522,0.295322290985561,0.5018162372297665,0.2999695478445793,0.2552731563370544,0.2399034115126035,1.0,0.3708021918107979,0.2803021021292829,0.0,0.7056013976732911,0.2252004740673471,0.8212921674167302,0.7771461144782232,0.56714086886373,0.3255521469700404,0.35902922313884744,0.3985692641076638,0.7771461144782232,0.45971593573609537,0.4031682078500502,1248
747,15115,0.0,0.4121710169783639,0.614754057039226,0.2969672157616253,0.390388594529389,0.1733459807486854,1.0,0.4384082395535086,0.5093870041727061,0.0,0.7859313781008133,0.4312551330161025,0.8212921674167302,0.4446679192613652,0.5096196696334114,0.47389762186310735,0.37214035820793995,0.513462537008795,0.4446679192613652,0.45965967825079784,0.46348593692117895,1249
1733,21067,0.0,0.3757190380395157,0.5597732959378608,0.3615438522861129,0.4058954826650711,0.3489364300650651,1.0,0.3118988513941773,0.3730291674173031,0.0,0.7346938479723859,0.5271354975376037,0.7125442614903211,0.6130176920083639,0.4935934017500777,0.3424640094057402,0.4232751530032498,0.46774616698868826,0.6130176920083639,0.4596402591560585,0.42771484498691065,1250
1873,24023,0.5454589984878422,0.2843185662666883,0.4206658505700655,0.2567504909903756,0.5915050245635971,0.2831393283813019,1.0,0.226589389782686,0.3154771089783196,1.0,0.4711246420874324,0.2721376748642222,0.869453057760477,0.6354934549794589,0.5395435932999935,0.27103324938050277,0.6262789687870549,0.3524922084183769,0.6354934549794589,0.4596375581467551,0.4238787211829349,1251
1070,20071,0.2820211445059131,0.1800635403946493,0.4283749501331661,0.496435762693055,0.5858890364519309,0.3446436815340968,1.0,0.1797724791596457,0.4895378017652101,0.0,0.5379938592980451,0.1070755871098283,0.9518127218666266,0.8822616494359928,0.4697258281951033,0.3346551404624279,0.48539369613581657,0.3042192452639077,0.8822616494359928,0.4594772698787574,0.3903288836512423,1252
1308,20095,0.2820211445059131,0.1765075742149038,0.4033287599399012,0.4976057386093619,0.5868798183513639,0.3342130740624659,1.0,0.2127558021309928,0.3568024881457738,0.0,0.6174554701794568,0.3298862783608676,0.8212921674167302,1.0,0.512663765115742,0.2847791451383833,0.4837397262046384,0.2899181670774025,1.0,0.4594577674894895,0.37827444042668806,1253
2166,30161,0.2159380441879529,0.3857331624990558,0.5197304459927093,0.2740777961853188,0.6121846351823543,0.4217726112788759,1.0,0.3085526347601778,0.3560460719981232,0.0,0.4025184787341598,0.5256569835212332,0.8429462157448122,0.5920397329227105,0.4967649305470395,0.3322993533791505,0.46160700852930975,0.45273180424588255,0.5920397329227105,0.4592286087565271,0.4309714054109495,1254
1811,22007,0.0,0.603779818402765,0.608150463510298,0.2726954262384896,0.4813384692456003,0.2109484793327662,1.0,0.2717744243804738,0.4384256735549081,0.0,0.8098131970223663,0.4915148355724003,0.7390115964200016,0.4727253235846721,0.510084907253692,0.35510004896769093,0.39299647496337126,0.6059651409565314,0.4727253235846721,0.4590792612172416,0.4557297451760406,1255
2157,30131,0.3484713972187253,0.6358118667088573,0.6984101163168486,0.3140791904694148,0.5149686572586105,0.277323217596537,1.0,0.3861634371406279,0.4013593090448492,0.0,0.3612679230625411,0.5493983038423538,0.8429462157448122,0.3501437440583883,0.525520959967108,0.3937613730927385,0.4212742130649125,0.6671109915128529,0.3501437440583883,0.45895118910072136,0.4910735369227584,1256
951,18013,0.1160724679560654,0.2066128383365963,0.3672064354830018,0.1822377729870766,0.3081286848360349,0.4516042354356192,1.0,0.3906431713554292,0.2785088360967994,1.0,0.7568389278017185,0.2642701999751465,0.7947952132712555,0.7430174073632629,0.48299420225104644,0.3345760037261143,0.5883941386517462,0.28690963690979904,0.7430174073632629,0.458532194673718,0.4064082779435782,1257
253,8031,0.5406557772729131,0.4595625268649512,0.4802442396168488,0.1183453902887129,0.7194718161307618,0.1726249971899731,1.0,0.2487933691345666,0.2069789745856209,1.0,0.8315240920786435,0.445556751866338,0.7789425991309047,0.4842778890646183,0.6491698050871998,0.22788617186009374,0.6020884407218896,0.4699033832409,0.4842778890646183,0.45853021332943067,0.45231010095747964,1258
924,17015,0.3024799758214906,0.2843797571837098,0.4264996201026877,0.3080759493606132,0.3406223100946863,0.1839524443080376,1.0,0.3245007421357386,0.5434489993698153,0.0,0.8619193037473438,0.2566671323285681,0.8212921674167302,0.6391266864816243,0.5605896448285332,0.43397487075277696,0.36653014075266743,0.35543968864319875,0.6391266864816243,0.45847371703049,0.4219357430234108,1259
692,15123,0.457891543547254,0.3194200693269003,0.4989906462943148,0.2783709217576061,0.3144485651819185,0.2536199236691727,1.0,0.4061383723929203,0.2935791333178102,0.0,0.516283171292208,0.1005576649034195,0.8212921674167302,0.8079770209287339,0.4740061367899029,0.3498587528553653,0.36928788212173946,0.4092053578106075,0.8079770209287339,0.4584335750487425,0.39787419155636067,1260
723,15109,0.0,0.8404711776133509,0.7988417468813728,0.3038743929020268,0.4180893582988894,0.181297375913231,1.0,0.5933107894275971,0.8254857888117959,1.0,0.7989579565446678,0.4929753341256753,0.0,0.185679048751723,0.3229833226675858,0.7093982891196965,0.5806522254228295,0.8196564622473619,0.185679048751723,0.45843336681111196,0.5746515061160109,1261
1019,20437,0.4532684132055056,0.2529070064330335,0.4931028326999798,0.5425292224368145,0.5957278111548225,0.3383140930312647,1.0,0.2396047785258355,0.320316613567399,0.0,0.3247937104701888,0.1269197713196358,0.869453057760477,0.8822616494359928,0.4436087381889518,0.2799606960466172,0.49531422532458025,0.3730049195665066,0.8822616494359928,0.45841411757158546,0.38920026699533716,1262
1269,20024,0.418388564882842,0.111960661040383,0.3492050581584243,0.4331345811572166,0.4956942116789297,0.3157456944790082,1.0,0.3055530950815514,0.5250179398966741,0.0,0.4415980070152829,0.3047767845698838,0.869453057760477,0.9257153714927412,0.5085541035571214,0.41528551748911274,0.4489148974630309,0.23058285959940364,0.9257153714927412,0.4583851004561063,0.3845198347933017,1263
2441,32038,0.2225624775348869,0.3254088384243298,0.4616080288730713,0.2242665161165421,0.5645128250729523,0.1510907699890888,1.0,0.3190745520743646,0.3166366011200625,1.0,0.8983933092892558,0.5672813161628997,0.7390115964200016,0.4534469826141075,0.606812174851761,0.31785557659721353,0.5879740222357166,0.3935084336487006,0.4534469826141075,0.4583788431332949,0.4596201669271154,1264
434,12013,0.238801820487719,0.2720203064110904,0.4560302473381071,0.3726370206396224,0.4035539970700074,0.1539148186901044,1.0,0.4890219296632053,0.2517361686675915,0.0,0.7867997476469235,0.2241926210089403,0.869453057760477,0.7336923924214751,0.5298118117260149,0.37037904916539843,0.38602116727994684,0.36402527687459874,0.7336923924214751,0.4583581365505968,0.4075000603766124,1265
920,17023,0.0,0.2053466240527952,0.3062446592022165,0.3164971662304875,0.3731166195584307,0.1908051234047649,1.0,0.4253208780003374,0.4492398862937128,1.0,0.7746417457996195,0.2943806847566316,0.8212921674167302,0.6639688805647354,0.4725786494932453,0.43728038214702514,0.5760837818387367,0.25579564162750584,0.6639688805647354,0.45830238902952214,0.41773726610170303,1266
641,14089,0.0,0.2082908810932369,0.2869270738870932,0.2060073447398039,0.3061431331976239,0.3387435848749212,1.0,0.2724686788866888,0.4714695512376027,1.0,0.7985237717716125,0.3474742828263623,0.7947952132712555,0.7914566825269261,0.48519831696730753,0.37196911506214575,0.5701788125624698,0.24760897749016506,0.7914566825269261,0.45806399451759783,0.39953139108946045,1267
1101,20052,0.2945235276659142,0.2481368898423708,0.4767700470365016,0.6379417854886663,0.6591933990651241,0.5213417212784408,1.0,0.26302088827826,0.32681174695261,0.0,0.519322671754034,0.2533029507569385,0.7789425991309047,0.725114210224383,0.4615229373269478,0.294916317615435,0.5636953811664462,0.3624534684394362,0.725114210224383,0.4580564987153253,0.40836377261037204,1268
1713,21112,0.1546603173784129,0.2963466757302695,0.4302176640695926,0.3737663872516158,0.4049727774449446,0.2456943047558701,1.0,0.367591552811384,0.2735374104241841,0.0,0.8831958069801258,0.4971494292064329,0.7947952132712555,0.7336923924214751,0.5824501917090568,0.32056448161778406,0.40488669389048615,0.36328216989993106,0.7336923924214751,0.4579870092800474,0.40708766703337507,1269
2245,30069,0.3484713972187253,0.3181197941393841,0.5124204180151032,0.321094124496468,0.4967427585562578,0.2984601739273961,1.0,0.3010892275231809,0.3801155993519725,0.0,0.3651758965956972,0.5902966420977457,0.869453057760477,0.6189731165776511,0.5433492484181612,0.3406024134375767,0.42325941139602435,0.4152701060772437,0.6189731165776511,0.45791742963307736,0.42468411920451316,1270
1151,20279,0.1301851996254693,0.2185431721931124,0.4283749501331661,0.4996787897554364,0.5886176745149166,0.3435876343263057,1.0,0.1948419574361457,0.4056076861661257,0.0,0.5210594108462545,0.1482591508904646,0.9036320434281871,1.0,0.4257839511975939,0.3002248218011357,0.4863768197193317,0.32345906116313927,1.0,0.45781035850795215,0.37657979838932837,1271
498,13014,0.2889724990448923,0.284535295246764,0.5157317306545482,0.2903439695105912,0.5502942036103657,0.3097188183535116,1.0,0.3951292346629763,0.3960089187276452,0.0,0.2344767555858584,0.0648880375748965,0.9036320434281871,0.7914566825269261,0.3729923339084586,0.3955690766953107,0.43007139829489366,0.40013351295065613,0.7914566825269261,0.4577401163305163,0.39917830706211344,1272
2142,30074,0.4532684132055056,0.5701830365547553,0.3672064354830018,0.3901993021804462,0.4400121183365771,0.3771620875320609,1.0,0.2861137245414005,0.2995810980686058,0.0,0.4216239545764459,0.2091134872839897,0.869453057760477,0.6789471770362071,0.4883647282066046,0.29284741130500314,0.44147470160981683,0.46869473601887857,0.6789471770362071,0.45772381903251597,0.41475859467796594,1273
1957,26023,0.0740876306066447,0.6095007658661759,0.3985118677122405,0.095313220459955,0.8831337033421957,0.2186271211971178,1.0,0.1218242716862179,0.3601570754811906,0.0,0.8119843279380821,0.4014746054528099,0.7390115964200016,0.7430174073632629,0.5066395401043845,0.24099067358370424,0.4394148089998537,0.5040063167892082,0.7430174073632629,0.45772200836130805,0.40551086639704187,1274
963,18016,0.2665601486762132,0.3722129030185656,0.5619030838428014,0.1660356478079375,0.3397580540575482,0.3484498235138468,1.0,0.4395489977651854,0.2504673981113862,0.0,0.7520624811972316,0.3491413433215905,0.869453057760477,0.59943370345566,0.559304257738878,0.3450081979382858,0.3708487050758665,0.4670579934306835,0.59943370345566,0.4574643495215614,0.4275739906264857,1275
695,15053,0.0,0.4743505285948911,0.5931717330893097,0.3030002219925408,0.4263121306558848,0.1867541894116413,1.0,0.6116090595522651,0.6305145807855146,0.0,0.9244464661769644,0.5681201256028572,0.0,0.422452831554483,0.3731416479449554,0.6210618201688898,0.3832133084120134,0.5337611308421004,0.422452831554483,0.45741969726658877,0.4666046057362275,1276
2432,32054,0.0888030362167736,0.2507421095870787,0.3638425535640407,0.2198799361771249,0.5698153770527741,0.14174994266107,1.0,0.2650747708478898,0.2819918587449371,1.0,0.9400781532591498,0.6703032704937067,0.7125442614903211,0.673718331962919,0.6029321803649879,0.2735333147964134,0.5862890511781937,0.3072923315755597,0.673718331962919,0.45738731183483183,0.41517916383642245,1277
260,8024,0.0,0.4237788596641468,0.2937651483864014,0.1236745889618539,0.809043756479619,0.1348708465789914,1.0,0.3322261569323728,0.4158341085072021,1.0,0.9448545998636366,0.6071965052828953,0.0,0.6252790567992559,0.388012776286633,0.37403013271978747,0.6135178384040929,0.3587720040252741,0.6252790567992559,0.45718760581627227,0.4227655491453075,1278
1470,20347,0.1301851996254693,0.2049181023751002,0.4910652048884324,0.507831606378228,0.595238059861877,0.3493879725404258,1.0,0.1906758437266825,0.3559501001790923,0.0,0.5071646699067298,0.2278879735390378,0.8429462157448122,1.0,0.42704601470401227,0.2733129719528874,0.4904915277561061,0.3479916536317663,1.0,0.45694828457598796,0.3756936149186497,1279
1509,20393,0.1826590576547239,0.1570858679371902,0.4186476299168636,0.4947415041199403,0.5602395649778277,0.3012948385446118,1.0,0.3360102116906845,0.4079260424175603,0.0,0.9183672582028736,0.6883751087379258,0.0,0.8822616494359928,0.44735035614888086,0.3719681270541224,0.4712551815284759,0.2878667489270269,0.8822616494359928,0.45691951987073126,0.3876147449205185,1280
709,15031,0.0,0.6085149515328754,0.8554043382429929,0.3125033993588134,0.4075868531642703,0.1936627681058857,1.0,0.4323558804719408,0.5844305908273539,1.0,0.872340359451987,0.6511151446454113,0.7606458862803938,0.1608127762943396,0.571025347594448,0.5083932356496473,0.5827506041257939,0.7319596448879342,0.1608127762943396,0.45690837030392756,0.5932069836417396,1281
761,15008,0.457891543547254,0.3048688749677425,0.4574524617213782,0.2847240160451539,0.2980358907964209,0.2522191715193265,1.0,0.408227119324501,0.3274012987263764,0.0,0.588363019880362,0.1089568049060031,0.869453057760477,0.7645232988719857,0.506166106523524,0.3678142090254387,0.36699581567218026,0.38116066834456036,0.7645232988719857,0.4568948851898008,0.40171929241742327,1282
766,15019,0.0,0.4551254591373453,0.5871156059080451,0.3003029360766268,0.3713033952415759,0.1798308609722001,1.0,0.4787480858143752,0.7670562996859036,0.0,0.7485887959623507,0.5308723286116459,0.0,0.5177551044154516,0.31986528114349916,0.6229021927501395,0.3702874384580806,0.5211205325226952,0.5177551044154516,0.4568753252061915,0.4428085847516344,1283
1861,24053,0.5252848794142257,0.3029450327194817,0.4847060938556045,0.2732207474583098,0.5830634392206911,0.3422867804828462,1.0,0.2768460902842692,0.5090511000134474,0.0,0.4081632948847566,0.1570068313529579,0.9301468010770012,0.5786259907364864,0.5051504516822354,0.3929485951488583,0.43971419343236945,0.3938255632875431,0.5786259907364864,0.4567996497380362,0.4305838319595491,1284
1139,20470,0.3932202598211434,0.1053548533993008,0.3492050581584243,0.6743606151141277,0.6529697936824008,0.4537390944520988,1.0,0.3023837621635707,0.3604634087665225,0.0,0.3560572916849991,0.2456461108037537,0.9036320434281871,1.0,0.4746389264345209,0.3314235854650466,0.5562139006497254,0.22727995577886254,1.0,0.45678301620694434,0.3755237722204986,1285
1671,21188,0.0555057041487397,0.3068643739879273,0.5903885574389284,0.3306823400672615,0.3767238131995083,0.2169239280955992,1.0,0.3792244793790587,0.4059075073937119,0.0,0.6170212854064017,0.1357228563617571,0.8429462157448122,0.7097780834867178,0.41279901541542763,0.3925659933863853,0.38486601627247385,0.44862646571342785,0.7097780834867178,0.4566607375109578,0.4089888288864985,1286
2254,30179,0.0,0.2776754435230568,0.3638425535640407,0.3781818833715977,0.4550276033620889,0.4740692280864459,1.0,0.3612870299456514,0.4026511968766221,0.0,0.5245333031315758,0.3037557960310078,0.869453057760477,0.8275164340507248,0.42443553923076516,0.3819691134111367,0.4614557429640265,0.3207589985435487,0.8275164340507248,0.4566517265846331,0.3935838079032785,1287
455,12052,0.2644493959937323,0.3706853084096955,0.7189559509620967,0.3615142469600226,0.3816840465585382,0.147180907594794,1.0,0.3343373250479754,0.3046642761717344,0.0,0.6100739149366394,0.1216901839480611,0.869453057760477,0.6467849483079785,0.46641663815972745,0.3195008006098549,0.37807584022267093,0.5448206296858962,0.6467849483079785,0.4566333975246069,0.418571460845993,1288
2089,29047,0.0381689124905122,0.2048604346163291,0.3672064354830018,0.3428129693023998,0.4428891566838475,0.2705141556659232,1.0,0.3789254176731169,0.4910189257576911,0.0,0.8762484365103635,0.6361720867798486,0.0,1.0,0.3876473589451811,0.43497217171540403,0.4112432563304341,0.28603343504966544,1.0,0.45654414635416374,0.37527831803138473,1289
292,10017,0.4326154053495746,0.2196619193401336,0.3767011466471717,0.1446228807396777,0.6936307623424707,0.1612864111385656,1.0,0.2510610292104054,0.2488597342393271,1.0,0.722101661352027,0.4047281507991279,0.7606458862803938,0.7645232988719857,0.5800227759452807,0.24996038172486626,0.5999080108441428,0.29818153299365263,0.7645232988719857,0.45651438966352526,0.40130115335644145,1290
379,12082,0.1900173123930223,0.2382487481694059,0.4355609835024832,0.3446246098696145,0.3465132243529331,0.1675112384704151,1.0,0.251344977390868,0.2989032942726835,0.0,0.7846288237816477,0.4818827331121326,0.8429462157448122,1.0,0.5748687712579037,0.27512413583177575,0.37172981453859255,0.33690486583594453,1.0,0.4564218400470625,0.37515265283432475,1291
45,5009,0.0,0.6181663723784205,0.5383919711269288,0.1594874240370399,0.7100049267427042,0.1027678180625375,1.0,0.2547198260241147,0.2728950788720213,1.0,0.678245686466417,0.5363979821037953,0.6304410739041073,0.4735104557787167,0.4612711856185799,0.263807452448068,0.5944520337684563,0.5782791717526747,0.4735104557787167,0.4564208395777992,0.4522456920012463,1292
1815,22008,0.0911132153950776,0.6142698117574336,0.4302176640695926,0.2647668928836016,0.4438590317734234,0.1765560906831522,1.0,0.260691214036387,0.5009181689996207,0.0,0.806339511787485,0.5216734442501275,0.7789425991309047,0.4800076004491876,0.5495171926408986,0.3808046915180039,0.37703640306803543,0.5222437379135131,0.4800076004491876,0.45628652438774636,0.45054173279284476,1293
1517,20402,0.4028778282085332,0.1791367213369034,0.3452063428202632,0.3804624675140904,0.4352819772770002,0.1707278649657722,1.0,0.3951770022057319,0.1992852680841014,0.0,0.8050369574683198,0.5030959760657673,0.8429462157448122,1.0,0.6384892443718582,0.2972311351449166,0.3972944619513726,0.2621715320785833,1.0,0.45623561653416744,0.3749613312449798,1294
1742,21080,0.3484713972187253,0.1141905195490507,0.300188532020952,0.3298607074739786,0.4750604025194316,0.2885277731639331,1.0,0.5780493204329749,0.6096832835997619,0.0,0.2514112040376492,0.1232758444198744,0.9301468010770012,0.9257153714927412,0.4133263116883125,0.5938663020163684,0.41868977663146867,0.20718952578500135,0.9257153714927412,0.45597798263763506,0.3819974573747288,1295
1375,20193,0.1826590576547239,0.1850952002628559,0.3367255473426092,0.4603394894868072,0.5272731073965436,0.2576945676436588,1.0,0.4065662328860969,0.4495639757732694,0.0,0.5866260737377014,0.2328619421129684,0.7789425991309047,0.8822616494359928,0.4452724181590746,0.42806510432968314,0.44906143290540196,0.2609103738027325,0.8822616494359928,0.455938247253519,0.38657448083100565,1296
831,16012,0.575954844411742,0.46372278405069,0.5383919711269288,0.2294396158646315,0.2616617975673366,0.3298060263599669,1.0,0.3842381474243765,0.2680924940379794,0.0,0.6335215490851371,0.3156323779426523,0.7789425991309047,0.5745035569136432,0.576012842642609,0.326165320731178,0.364181487958387,0.5010573775888094,0.5745035569136432,0.45590420699909756,0.4302974964396983,1297
1585,21053,0.0381689124905122,0.4408110099788075,0.6704662950335731,0.3303408083478776,0.4621330679573556,0.2500607708142977,1.0,0.5731220065331173,0.381631249402122,0.0,0.6895353187676108,0.3227677266015779,0.7789425991309047,0.3972736773913539,0.4573536392476514,0.47737662796761965,0.4085069294239062,0.5556386525061903,0.3972736773913539,0.45586787856931427,0.4718199413695931,1298
624,14033,0.3504080760997187,0.3950413597592273,0.5322971253701592,0.227221369880057,0.3842234383296551,0.2095539434257463,1.0,0.2835086491703261,0.5164252078966397,0.0,0.8879722535846126,0.5285636340956956,0.0,0.6594077639142162,0.4417359909450067,0.3999669285334829,0.3641997503270917,0.4636692425646932,0.6594077639142162,0.4558036213835419,0.4156078099918022,1299
54,5037,0.0,0.1416587698162735,0.2937651483864014,0.148779949222345,0.9422722540190216,0.031775879075389,1.0,0.3200996473807512,0.3840452622188379,1.0,0.588363019880362,0.7332106229401535,0.7125442614903211,0.8079770209287339,0.5085294760777092,0.35207245479979454,0.6245656164633511,0.21771195910133745,0.8079770209287339,0.4557865544008997,0.39500458291304913,1300
1619,21213,0.3484713972187253,0.2218892536705009,0.4389791309185027,0.3175884878841638,0.505751115162637,0.2577270280825336,1.0,0.4168320081093756,0.3953499171951742,0.0,0.3022145493930213,0.0727814796621137,0.9301468010770012,0.8514307429854822,0.41340355683771535,0.4060909626522749,0.4162133262258669,0.3304341922945018,0.8514307429854822,0.45573204220708935,0.38980699116253104,1301
370,11032,0.0,0.8614753060551019,0.633483159555182,0.2572259317557422,0.4933543779010908,0.1950490465134517,1.0,0.2750749075969749,0.3664895716367898,1.0,0.7147198990587695,0.4647695371146025,0.7606458862803938,0.2865981846401761,0.48503383061344146,0.32078223961688235,0.5891258712340569,0.747479232805142,0.2865981846401761,0.45563030436290375,0.5116198584977196,1302
625,14004,0.0,0.1908498021457936,0.311973264080358,0.2058775452342202,0.2966121549698058,0.3548386702846375,1.0,0.2611852768639823,0.4144928875795853,1.0,0.7624837439523156,0.3402149302343357,0.7947952132712555,0.8514307429854822,0.47437347186447665,0.3378390822217838,0.5714656740977327,0.25141153311307585,0.8514307429854822,0.45548176116507405,0.38953941451501034,1303
1119,20009,0.4532684132055056,0.2233567364730972,0.4056574994106425,0.4964517827021986,0.5630884050412441,0.3062736110642441,1.0,0.3351186214983253,0.3486179926005931,0.0,0.3599652652181555,0.1241836961748796,0.9701320359742358,0.8079770209287339,0.47688735264319415,0.3418683070494592,0.4731627597615374,0.31450711794186986,0.8079770209287339,0.45547331539360814,0.3946652787717701,1304
1075,20101,0.0,0.1448171792990181,0.3603683609836935,0.4794011838308166,0.5490268437471272,0.2847880504067674,1.0,0.2795112470366249,0.3545310610875467,0.0,0.8514980409922603,0.4849853708104981,0.7789425991309047,1.0,0.5288565027334158,0.31702115406208575,0.46264321559694227,0.25259277014135584,1.0,0.4554268604250677,0.37413066110799376,1305
638,14085,0.0,0.6146249311024403,0.5132579985088492,0.2152993531884858,0.2840214993717515,0.3392077918252687,1.0,0.3524494430547915,0.3111742113147444,0.0,0.7064697672194014,0.2196811512318748,0.8429462157448122,0.6428874255124083,0.4422742835490221,0.3318118271847679,0.3677057288771012,0.5639414648056448,0.6428874255124083,0.4552925890006568,0.41766635635459376,1306
2302,30032,0.5688996179029582,0.3630122580870484,0.5828769054600584,0.4656660966067832,0.6174935110240412,0.4666682368555785,1.0,0.2834961115668175,0.3291620981654454,0.0,0.1441598007015283,0.270345815281158,0.9036320434281871,0.5612088264721999,0.47175931932845794,0.3063291048661314,0.5099655688972806,0.4729445817735534,0.5612088264721999,0.4552782157071152,0.43208079660549303,1307
1342,20160,0.1546603173784129,0.0946790822743647,0.3492050581584243,0.3815496819265813,0.4188676510742766,0.2345118656280718,1.0,0.5933754360653505,0.2695676351232806,0.0,0.8554059110001966,0.3619584209661251,0.7947952132712555,0.9257153714927412,0.5417049656539975,0.4314715355943155,0.40698583972578595,0.2219420702163945,0.9257153714927412,0.4552000225602492,0.38118295706614486,1308
948,18007,0.0,0.3375673149173771,0.5719535877446148,0.1868939899906351,0.3372073829728894,0.3900952587899442,1.0,0.4926103943796415,0.3252267232921276,0.0,0.6113764692558048,0.0762710192238732,0.8429462157448122,0.7171720540196672,0.38264842605612254,0.40891855883588457,0.38283932635069373,0.45476045133099596,0.7171720540196672,0.4551681538307085,0.40626461382549534,1309
686,15093,0.0,0.387162767733344,0.5603097698976152,0.3160634986971483,0.4272235565624699,0.2050886155050368,1.0,0.3847721504789012,0.4694134667377739,0.0,0.7138515295126588,0.3952446064758415,0.7947952132712555,0.5201635218414863,0.47597283731493895,0.42709280860833754,0.389675134152931,0.4737362688154796,0.5201635218414863,0.455089410485359,0.4401350342735931,1310
649,14024,0.0,0.5598752001604683,0.5018162372297665,0.2002586126792901,0.3240227254396389,0.32309373720988,1.0,0.2741222447754587,0.3917089985501455,0.0,0.7646548748680313,0.4576446285539916,0.8212921674167302,0.5851231354069573,0.5108979177096882,0.3329156216628021,0.3694750150657618,0.5308457186951174,0.5851231354069573,0.45508633440285334,0.42737137047902474,1311
1797,21209,0.131951524421951,0.2896869296229994,0.4767700470365016,0.3875745793856375,0.4291689463983915,0.2906960079653592,1.0,0.2830074388102308,0.3665365002393497,0.0,0.8323924616247538,0.3925608468106863,0.7390115964200016,0.7097780834867178,0.5239791073193482,0.32477196952479026,0.4214879067498776,0.38322848832975054,0.7097780834867178,0.45504212198659405,0.4071775769795578,1312
1419,20533,0.2820211445059131,0.2556248997004907,0.3452063428202632,0.4932146292761111,0.583123540220907,0.3262402326904883,1.0,0.2261390599438809,0.3460159132838235,0.0,0.6369952343200183,0.3419173989288126,0.7789425991309047,0.9257153714927412,0.5099690942214121,0.2860774866138522,0.4805156804375013,0.3004156212603769,0.9257153714927412,0.45497445991328656,0.38094686494684105,1313
103,7010,0.8582324433958022,,0.2328033721056162,0.3763573073080597,0.96402997820915,0.1712752261926473,1.0,0.2652236144414588,0.3530547720322792,0.0,0.3955710047391774,0.2280694896282738,0.8429462157448122,0.9257153714927412,0.5812047883770164,0.309139193236869,0.5023325023419714,0.2328033721056162,0.9257153714927412,0.45476627973517764,0.3807289926904433,1314
2411,31028,1.0,0.1657548859566401,0.3530583330060873,0.2298262814071233,0.3212685085221566,0.3932028541071063,1.0,0.235620976512335,0.263216971333537,0.0,0.633955733858192,0.6970263302319494,0.7606458862803938,1.0,0.7729069875926338,0.249418973922936,0.38885952880727725,0.2594066094813637,1.0,0.45474308222207205,0.3734286428921135,1315
407,12071,0.0,0.3258895999688998,0.7202647684890892,0.3887296945851105,0.4311000366933581,0.175839145789725,1.0,0.3938214655629098,0.2221923482458823,0.0,0.5814156494105998,0.1207092698685096,0.9036320434281871,0.7532318055434659,0.4014392406768241,0.308006906904396,0.3991337754136387,0.5230771842289945,0.7532318055434659,0.45473526693088717,0.400835459460122,1316
1221,20058,0.418388564882842,0.1264284233171587,0.279617045909487,0.4279127541618684,0.4889944703391219,0.3195969018145412,1.0,0.3308034208749093,0.5758880281595897,0.0,0.4680851416256064,0.0989763437087137,0.9036320434281871,1.0,0.47227052341133735,0.4533457245172495,0.44730082526310627,0.20302273461332285,1.0,0.45472930952847174,0.37341450551704947,1317
1908,25017,0.0,0.3645825785212869,0.4951020124005398,0.1230659545341349,0.5751411718647729,0.3962937649253226,1.0,0.1194547495763376,0.5172970930685938,1.0,0.5749022566634525,0.0663392919376619,0.7947952132712555,0.6391266864816243,0.35900919046809243,0.3183759213224657,0.6189001782648461,0.42984229546091335,0.6391266864816243,0.4546869583041942,0.4175840327054526,1318
1047,20059,0.3706292612258043,0.4024022253467526,0.6691335305337834,0.4901096037969481,0.5771340149771808,0.3161586235048699,1.0,0.2404006303395105,0.3135616445471449,0.0,0.6413372891010101,0.3584152570446687,0.7606458862803938,0.5153996235502176,0.5327569234129692,0.2769811374433277,0.47668044845579977,0.535767877940268,0.5153996235502176,0.45463773673980395,0.4406013536041067,1319
2011,28027,0.5965682944966286,0.8078677473171002,0.6965036372693324,0.1612307439576089,0.9889459907549945,0.0631809967202945,1.0,0.1478477780498547,0.1913123872523752,1.0,0.5666521248240848,0.7485498485687955,0.7390115964200016,0.3573598389236794,0.6626954660773776,0.16958008265111496,0.6426715462865795,0.7521856922932163,0.3573598389236794,0.45459195467082286,0.4827816400480088,1320
1808,22017,0.0,0.5499154456987655,0.7008525396833576,0.271678418214711,0.4697097130580306,0.201401597154432,1.0,0.240362873601568,0.5197882354242696,1.0,0.8423795396067824,0.5849634889487548,0.0,0.3887252605229248,0.35683575713888427,0.38007555451291875,0.5885579456854347,0.6253839926910616,0.3887252605229248,0.45455183077921013,0.47268146541497136,1321
1214,20549,0.1411963327174469,0.2203887711092403,0.4516453437750344,0.3872495665600163,0.4286230819447757,0.2221309156976998,1.0,0.4297199468127566,0.2505386092464881,0.0,0.6591403141493508,0.2932745988012384,0.7947952132712555,0.8822616494359928,0.47210161473482287,0.34012927802962234,0.4076007128404983,0.33601705744213733,0.8822616494359928,0.4545426429702471,0.38509594064058694,1322
2445,32023,0.0,0.3504461982081071,0.4406477225796021,0.2044402045180503,0.4331712681864808,0.2384952387620853,1.0,0.4002247884485193,0.3649389002586846,0.0,0.7399044793499276,0.4098892160736488,0.7947952132712555,0.7028614859709643,0.48614722717370795,0.38258184435360193,0.37522134229332327,0.3955469603938546,0.7028614859709643,0.45453727095638435,0.4076096324786732,1323
1592,21014,0.3484713972187253,0.144263076279709,0.3960187319622951,0.3261450199332794,0.4841056172938491,0.270295364503659,1.0,0.4675246607592612,0.4541233023845074,0.0,0.3204515521639772,0.0449111667523994,0.9036320434281871,0.9257153714927412,0.4043665398908223,0.4608239815718843,0.4161092003461575,0.27014090412100206,0.9257153714927412,0.454482416452268,0.3804319539895568,1324
880,16091,0.0,0.4166248299641593,0.4588558382735587,0.2264004517290306,0.3151378744681421,0.2630665441672069,1.0,0.2721922081139895,0.3545847555146758,1.0,0.6556664218640296,0.3502864504910604,0.8212921674167302,0.550994428291997,0.456811259942955,0.31338848181433265,0.5609209740728759,0.437740334118859,0.550994428291997,0.4543777499642446,0.4329966326804955,1325
536,13058,0.3518237035234802,0.2615203036823129,0.4743889719851997,0.2859879042562717,0.4893328011203695,0.23173873757103,1.0,0.3484204008007067,0.3531678846637409,0.0,0.7841944319581524,0.4031800448475814,0.7125442614903211,0.6639688805647354,0.5629356104548837,0.35079414273222376,0.40141188858953425,0.36795463783375626,0.6639688805647354,0.45436896370765284,0.41326049545994303,1326
768,15022,0.0,0.5138575553887718,0.4123515176257732,0.318105533706804,0.3942763539738181,0.2002650953763327,1.0,0.4125702308441249,0.6407244022865142,0.0,0.8302215377594779,0.7175896660480472,0.0,0.5358750257235614,0.3869528009518813,0.5266473165653196,0.38252939661139096,0.46310453650727246,0.5358750257235614,0.4542731284052518,0.43589353758510246,1327
348,11004,0.0,0.6415031813901619,0.623062350172732,0.2587989973701353,0.4366077863232289,0.1782005541951841,1.0,0.3413530638174878,0.436140198916939,0.0,0.8701694355867116,0.5279431860186039,0.7789425991309047,0.3859048328756713,0.544263805184055,0.38874663136721344,0.37472146757770963,0.6322827657814469,0.3859048328756713,0.4542712435430746,0.4731774101000338,1328
2369,31077,1.0,0.1653075011394419,0.4616080288730713,0.2392708980535233,0.3624945966284743,0.4213712856972514,1.0,0.3155241581741002,0.2977178705540506,0.0,0.6231002863300537,0.6308140904380338,0.0,0.8822616494359928,0.5634785941920218,0.3066210143640754,0.4046273560758499,0.3134577650062566,0.8822616494359928,0.45421576413442477,0.38474980041298873,1329
388,12007,0.5164694362975522,0.3802129188966415,0.5784615423939182,0.2916270064406087,0.2616362187128406,0.2579734822969308,1.0,0.549301874031243,0.2856694446287882,0.0,0.6296134720267608,0.1981902204216715,0.0,0.7914566825269261,0.3360682821864961,0.4174856593300156,0.36224734149007604,0.4793372306452799,0.7914566825269261,0.4539714295803325,0.3950743774912976,1330
1393,20228,0.4532684132055056,0.1577977111878968,0.220323861289801,0.4221457697270528,0.4813368174283743,0.3415224170356656,1.0,0.4427373454793606,0.5882566369271982,0.0,0.3117672355515544,0.0665238435907155,0.9301468010770012,1.0,0.4404265733561942,0.5154969912032794,0.44900100083821853,0.1890607862388489,1.0,0.4539308337781165,0.37259507033823513,1331
739,15080,0.457891543547254,0.2462772405904165,0.4056574994106425,0.2916390703271966,0.3106786717156006,0.2287119381147737,1.0,0.4124794654085982,0.4252847556891033,0.0,0.5197568565270891,0.0990342295357213,0.869453057760477,0.7914566825269261,0.48653392184263533,0.4188821105488507,0.3662059360315142,0.3259673700005295,0.7914566825269261,0.4538437086644833,0.39493544395006897,1332
2194,30176,0.4532684132055056,0.2160925028265617,0.4056574994106425,0.4590851098665915,0.5620086396526477,0.3779748611562172,1.0,0.530065738473453,0.3283936575075354,0.0,0.4507165084007609,0.6431258812665368,0.0,0.7771461144782232,0.38677770071820083,0.42922969799049415,0.4798137221350913,0.3108750011186021,0.7771461144782232,0.453797884432728,0.3966910604450994,1333
926,17009,0.0,0.4131844100954213,0.5181490228932447,0.308716004275441,0.365402853487013,0.1750864373839675,1.0,0.4162462363452798,0.4601796756024068,1.0,0.6686930003078839,0.2303364435497788,0.869453057760477,0.3740580529931456,0.4421206254045349,0.4382129559738433,0.5698410590292843,0.465666716494333,0.3740580529931456,0.45373134965138223,0.47617186532014155,1334
556,14117,0.0,0.2094800233960246,0.3567763769729923,0.2127368985470211,0.4286118026312338,0.211295086526285,1.0,0.4049178262539624,0.3940732655883113,0.0,0.8514980409922603,0.4488016407216945,0.7789425991309047,0.8822616494359928,0.5198105702112149,0.39949554592113684,0.37052875754090797,0.28312820018450846,0.8822616494359928,0.4536823665540548,0.3841851060131687,1335
1739,21047,0.4661875608731715,0.3343212044776246,0.5322971253701592,0.3417455475477217,0.340138882663605,0.2049932750847261,1.0,0.3022138400716192,0.2797556420417734,0.0,0.8323924616247538,0.3207521509373147,0.7947952132712555,0.668732778856004,0.6035318466766239,0.2909847410566963,0.37737554105921056,0.4333091649238919,0.668732778856004,0.45360614415759526,0.41165700288998924,1336
1577,20487,0.1826590576547239,0.0482227879000019,0.2937651483864014,0.4458091708769433,0.5110752581574111,0.2432794241499396,1.0,0.3525222347549125,0.4086602633058583,1.0,0.7676943753298573,0.3023709515477734,0.7390115964200016,0.9257153714927412,0.497933995238089,0.38059124903038544,0.6400327706368587,0.17099396814320164,0.9257153714927412,0.45358450565727637,0.3794926724457784,1337
825,16067,0.0,0.3070933206564827,0.4320288770750036,0.2349647252006667,0.3633771400461121,0.2338319935540156,1.0,0.2874669231118281,0.4509451979793116,0.0,0.8171949593156238,0.5030032826928047,0.7947952132712555,0.725114210224383,0.528748363819921,0.3692060605455698,0.36643477176015893,0.3695610988657432,0.725114210224383,0.45344168297445786,0.40322754951768724,1338
1449,20314,0.0,0.1275178452581499,0.4455013977899933,0.4499820151224938,0.540080239958189,0.2641582977276366,1.0,0.4452289938114723,0.2710422822002208,0.0,0.7498913502815163,0.1976199881912379,0.8429462157448122,0.9257153714927412,0.4476143885543916,0.3581356380058466,0.45084411056166385,0.2865096215240716,0.9257153714927412,0.45343906510048887,0.3793405745111541,1339
327,10032,0.4863074710471081,0.5372724115150443,0.5724319333909151,0.1512943032205113,0.5617161103306612,0.258064400589062,1.0,0.1644984027086896,0.4570911916044743,1.0,0.3122015238498294,0.0159289111040227,0.8212921674167302,0.4574413604231944,0.40893251835442257,0.310794797156582,0.5942149628280469,0.5548521724529798,0.4574413604231944,0.45343635585426156,0.4524405955910031,1340
431,12045,0.3061859246211213,0.3454272810922402,0.6700872127662573,0.3416788272656039,0.3399897981742262,0.1822251859681702,1.0,0.203706679548381,0.3183088092389011,0.0,0.772905006707399,0.2630193510634532,0.8212921674167302,0.7171720540196672,0.5408506124521759,0.26100774439364105,0.37277876228160006,0.5077572469292487,0.7171720540196672,0.45341123174465503,0.4043053638685458,1341
886,16007,0.0,0.2575997612147263,0.4101668344392095,0.2707700613571605,0.3768247602073078,0.2138846492084738,1.0,0.3840741984674283,0.4397531391194594,1.0,0.7277464775026237,0.4456834043658228,0.0,0.8275164340507248,0.29335747046711164,0.4119136687934438,0.5722958941545884,0.3338832978269679,0.8275164340507248,0.45314695046090586,0.3898115205934628,1342
1058,20559,0.4532684132055056,0.2677782239281925,0.4422904435579479,0.478409621757387,0.5454701236099484,0.3154637778379873,1.0,0.3486079068066035,0.4120681893519363,0.0,0.2166739375879576,0.0153636819654534,1.0,0.7171720540196672,0.42132650818972917,0.38033804807926985,0.4678687046410645,0.3550343337430702,0.7171720540196672,0.45306577169885326,0.4039203435078193,1343
219,8043,0.0,0.3826103386482086,0.2540651106953986,0.1136189297587172,0.7379646653006042,0.1754399940570801,1.0,0.2105880060678926,0.2141647784311451,1.0,0.9318280214197812,0.6151489418348888,0.7606458862803938,0.8079770209287339,0.576905712383766,0.21237639224951885,0.6054047178232803,0.3183377246718036,0.8079770209287339,0.4530110539805251,0.3920001623452642,1344
1632,21098,0.4661875608731715,0.1996185886175401,0.3736298191175524,0.3634222925943019,0.3854290453754532,0.2767254290270837,1.0,0.5583358859098221,0.3561691982689987,0.0,0.8788537521991351,0.5333912107608239,0.0,0.7645232988719857,0.4696081309582826,0.45725254208941035,0.4051153533993677,0.2866242038675462,0.7645232988719857,0.4529338774914741,0.3973706852474301,1345
136,7038,0.4525520897336005,0.1387512246049199,0.2717650557236629,0.4074500495940433,0.8517656449314017,0.2589175110909683,1.0,0.4340953681478099,0.2936523505635465,0.0,0.5649153857318643,0.3004828887606954,0.869453057760477,0.9257153714927412,0.5468508554966592,0.3638738593556782,0.5036266411232827,0.2052581401642914,0.9257153714927412,0.452836330775726,0.37871038073281826,1346
1159,20543,0.0,0.1863347725941824,0.4355609835024832,0.4203562736988286,0.5031058209320449,0.2259772555678223,1.0,0.4059317344631864,0.2247502730090906,0.0,0.6851932639866192,0.2508613805923045,0.869453057760477,1.0,0.4513769255848502,0.3153410037361385,0.42988787003973916,0.3109478780483328,1.0,0.4527646564417287,0.3713989291298173,1347
396,12037,0.1396676845982992,0.2555060139371849,0.5107251277572414,0.3012276411494695,0.2956303163615957,0.2179612959809207,1.0,0.2781511797361093,0.4048452002296326,0.0,0.7451151107274694,0.2966451384823284,0.8429462157448122,0.7914566825269261,0.5060935373882273,0.34149818998287096,0.3629638506983972,0.38311557084721315,0.7914566825269261,0.45273899776599225,0.39373415853998595,1348
1680,21120,0.4285940061633923,0.1291445946749864,0.4245904985296838,0.3946190615025221,0.4407319619289748,0.3328091963921105,1.0,0.3164203737481624,0.3815448762282,0.0,0.6921406344563816,0.3875383373829504,0.7390115964200016,0.8079770209287339,0.5618211436056815,0.3489826249881812,0.43363204396472155,0.2768675466023351,0.8079770209287339,0.4527295716145469,0.39169572010074943,1349
685,15044,0.0,0.3798756010795423,0.5513821016331498,0.3037670877461308,0.4299890527934943,0.1898285617660942,1.0,0.5389228424549675,0.5849565111668453,0.0,0.9192358347994228,0.5915090623753562,0.0,0.4992126293212406,0.37768622429369475,0.5619396768109064,0.38471694046114385,0.4656288513563461,0.4992126293212406,0.4525405702517614,0.44157096462533535,1350
2118,30204,0.5409829611285887,0.3332117149678202,0.4847060938556045,0.4634849473349146,0.6747547485442515,0.6354097958755321,1.0,0.4562402450857709,0.3782334440778778,0.0,0.3933998738234616,0.6678186877639358,0.0,0.5002189284063843,0.4005503806789965,0.4172368445818243,0.5547298983509397,0.40895890441171234,0.5002189284063843,0.4524725458008976,0.4412657918023422,1351
1888,24011,0.0,0.4461354813350956,0.6245319074436053,0.2476088206025181,0.5873463268121322,0.2350368973705705,1.0,0.2718578494896955,0.3140083252940217,1.0,0.6044290987860426,0.2979505117466502,0.7789425991309047,0.4681316175876462,0.42033055241589934,0.2929330873918586,0.6139984089570442,0.5353336943893505,0.4681316175876462,0.4523804595636263,0.4485261859486465,1352
199,7082,0.8335046471480598,0.2243629982406872,0.3452063428202632,0.3975565480908637,0.8219534878662884,0.2896600851731964,1.0,0.3854453984911117,0.3019756272755242,0.0,0.5653495705049194,0.2635747197607241,0.0,0.9257153714927412,0.41560723435342584,0.34371051288331794,0.5018340242260697,0.2847846705304752,0.9257153714927412,0.452153628428383,0.37799682898571235,1353
1306,20090,0.4028778282085332,0.2739203318841879,0.4743889719851997,0.3988990260707693,0.4710604167536625,0.1969409751538515,1.0,0.5089625691696207,0.1890907401570147,0.0,0.7711680605647382,0.4683139288924471,0.0,0.8514307429854822,0.41058995441642965,0.34902665466331767,0.4133800835956567,0.37415465193469377,0.8514307429854822,0.45202597127635424,0.3858485772356107,1354
1826,23003,1.0,0.3635879791400814,0.4501424337437721,0.2062911085059787,0.2567928837197899,0.2061784213325734,1.0,0.3984566625277357,0.3878521340720033,0.0,0.5631784395892037,0.6579408299158708,0.8212921674167302,0.4644484349938461,0.7606028592304512,0.39315439829986953,0.3338524827116684,0.40686520644192675,0.4644484349938461,0.45199408534425717,0.44893303436595056,1355
672,15003,0.0,0.4917436556622004,0.4574524617213782,0.2793617281332897,0.4360619218696131,0.1851683372876325,1.0,0.399995210902885,0.4312994945560686,0.0,0.767260190556802,0.5192893057924279,0.7947952132712555,0.4834101105163604,0.5203361774051214,0.4156473527294768,0.38011839745810705,0.4745980586917893,0.4834101105163604,0.4519744902129231,0.4444403409680692,1356
887,16006,0.1375795172557881,0.5669444884274288,0.6805647307980863,0.2346808499475107,0.2435345098504634,0.3785660023829461,1.0,0.4882721134036444,0.2881714170398581,1.0,0.5874946503342517,0.139460193570431,0.8429462157448122,0.3191882936482926,0.42687014422632075,0.3882217652217512,0.571356272436184,0.6237546096127575,0.3191882936482926,0.4519274038858013,0.49297410498630556,1357
72,5027,0.0,1.0,0.6642319451346081,0.1742126320530862,0.8066886555486932,0.0881837595755472,1.0,0.2717523776825731,0.3014486510900269,1.0,0.5262700422237965,0.4976806789271468,0.7125442614903211,0.296249287802439,0.4341237456603161,0.28660051438629996,0.6138170094354652,0.8321159725673041,0.296249287802439,0.45180821163250595,0.5020862420576696,1358
1649,21045,0.0,0.4508955453707035,0.6304906957290106,0.376268221590031,0.4095129880075595,0.3390648068378595,1.0,0.2458891258922957,0.2877311913886494,1.0,0.6712983159966548,0.4133850941924358,0.7606458862803938,0.4521479356160076,0.4613323241173711,0.26681015864047253,0.62496920328709,0.5406931205498571,0.4521479356160076,0.45171160895344825,0.45160259306918576,1359
2013,28007,0.5965682944966286,0.3360030130389665,0.4245904985296838,0.1827281203233938,0.9555923807057892,0.124172529372597,1.0,0.1245135017118513,0.3387603137359282,1.0,0.5371254897519349,0.7606340268747495,0.0,0.6902386703647267,0.4735819527808282,0.23163690772388973,0.6524986060803559,0.38029675578432515,0.6902386703647267,0.45162802111310324,0.40618724153736063,1360
1492,20374,0.4532684132055056,0.0664219807640915,0.2328033721056162,0.4259789878320977,0.4864574145903241,0.3371371197627244,1.0,0.4039599789708055,0.7196695545167943,0.0,0.480677328245966,0.2823491107961776,0.9301468010770012,0.9257153714927412,0.5366104133311626,0.5618147667437998,0.4499147044370293,0.14961267643485385,0.9257153714927412,0.4516121945139812,0.37743112065464507,1361
783,15065,0.0,0.4336639518287962,0.5729081291618882,0.3155441631208698,0.434983808298242,0.2060082521514907,1.0,0.38273279991965,0.4517288167870009,1.0,0.8449848552955526,0.5630845487794389,0.0,0.4290111638173448,0.35201735101874787,0.41723080835332543,0.5913072447141206,0.5032860404953422,0.4290111638173448,0.45144767812498343,0.4572378049806152,1362
1059,20169,0.4532684132055056,0.0766711117258413,0.2717650557236629,0.4354308766262865,0.5022720992010807,0.3706190506007942,1.0,0.4054315391885097,0.4890630314976389,0.0,0.469387695944772,0.1902568643302453,0.9701320359742358,1.0,0.5207612523636898,0.44724728534307434,0.4616644052856323,0.1742180837247521,1.0,0.4513580578413099,0.36995721383030206,1363
945,18003,0.1160724679560654,0.2939756214010376,0.41659021807376,0.1888300506209242,0.3243169065788515,0.4202354629520269,1.0,0.4257395497253035,0.3428569551051807,0.0,0.7763786919422799,0.2425820496272039,0.8212921674167302,0.725114210224383,0.48908134423556987,0.38429825241524207,0.38667648403036053,0.3552829197373988,0.725114210224383,0.4513106714374145,0.40086016356584264,1364
2447,32036,0.0,0.5588179748180796,0.5173493709414074,0.2105102694950987,0.565035446694391,0.1468241206986655,1.0,0.342734110881795,0.307146104674041,1.0,0.9248806509500204,0.6120085905076005,0.0,0.476709799784738,0.38422231036440524,0.32494010777791804,0.584473967377631,0.5380836728797436,0.476709799784738,0.451285098494312,0.4451436900720071,1365
2292,30036,0.3384686072321147,0.2982501106211063,0.4588558382735587,0.3526845312286225,0.4238776737321108,0.4003784404252214,1.0,0.5850994679294939,0.5319482180769084,0.0,0.4259661128826577,0.3439628514441955,0.0,0.7336923924214751,0.27709939288974195,0.5585238430032011,0.43538812907719093,0.3785529744473325,0.7336923924214751,0.45127254370398895,0.39964108994511166,1366
2387,31031,1.0,0.1658335651750379,0.3736298191175524,0.2378953460601635,0.3566405405382657,0.4240312984653006,1.0,0.3162217974206599,0.292142233552514,0.0,0.6231002863300537,0.6349036807665669,0.0,1.0,0.5645009917741551,0.30418201548658697,0.4037134370127459,0.2697316921462951,1.0,0.45119126677036264,0.3697863331173771,1367
889,16004,0.0,0.2800873392252253,0.4372838406606411,0.2379568825812231,0.3724223548205296,0.2286417123775856,1.0,0.339638692372898,0.4262277165272281,1.0,0.8267476454741567,0.4943317580328718,0.0,0.725114210224383,0.33026985087675714,0.38293320445006307,0.5678041899558677,0.3586855899429332,0.725114210224383,0.4510889400823868,0.4006139977492691,1368
1022,20447,0.0,0.2919847779294522,0.5771002382627934,0.4003915109670138,0.4498349416812885,0.1888069173257185,1.0,0.4037024529149449,0.2042158810246026,0.0,0.6287451024806507,0.094726430305246,0.9036320434281871,0.8514307429854822,0.406775894053521,0.30395916696977376,0.4078066739948042,0.4345425080961228,0.8514307429854822,0.45098414666068903,0.38473727309426503,1369
2470,32012,0.2936317492859092,0.1264576769384059,0.2540651106953986,0.2057768349213141,0.5341299089048203,0.1652442266196561,1.0,0.3578890748343785,0.4181961375150399,1.0,0.7872341394704188,0.5390040330308739,0.7789425991309047,0.725114210224383,0.5997031302295266,0.3880426061747092,0.581030194089158,0.19026139381690227,0.725114210224383,0.45097690749347796,0.4004896308398624,1370
904,16097,0.2527124296839909,0.3365604896723509,0.5063642908338386,0.2549194767446109,0.2778749139595564,0.3441833754973825,1.0,0.2421725893646519,0.3905587093735214,0.0,0.6821537635247934,0.2755609289096797,0.7947952132712555,0.7430174073632629,0.5013055838474298,0.3163656493690866,0.37539555324030993,0.42146239025309473,0.7430174073632629,0.4509285786404614,0.3980017242919452,1371
465,13045,0.2225375353754443,0.1689413013855055,0.3367255473426092,0.3116829099112169,0.4843765556008848,0.2345516411703541,1.0,0.5362822833198284,0.5512244242953007,0.0,0.6856274487596745,0.4174870217055745,0.8212921674167302,0.6220797127932347,0.536736043314356,0.5437533538075645,0.4061222213364911,0.2528334243640573,0.6220797127932347,0.4509205183048144,0.4160672067671879,1372
2004,28041,0.1800377368969642,0.630461163231763,0.7606719503891253,0.2215918901496488,0.7690096600832383,0.2801553522860294,1.0,0.7552536216612918,0.3198381520492902,1.0,0.445505877023219,0.16853745175306,0.7947952132712555,0.1918710994140849,0.39721906973612464,0.537545886855291,0.6541513805037833,0.6955665568104441,0.1918710994140849,0.45091473823364636,0.5582974536858446,1373
568,14077,0.1527616787260211,0.4949076950670457,0.499940907199288,0.198590176173749,0.325816694763862,0.3354447389632681,1.0,0.2584698499768819,0.3764608570860277,0.0,0.7889708785626393,0.3362906046304854,0.8212921674167302,0.6046625485289482,0.5248288323339689,0.3174653535314548,0.3719703219801758,0.4974243011331668,0.6046625485289482,0.450912709136904,0.41902248463283953,1374
1335,20132,0.1826590576547239,0.063179267499694,0.2632842602460088,0.4945186252327374,0.5600479826636398,0.3006318648265855,1.0,0.3479847150944049,0.4193651192395314,1.0,0.9179330734298172,0.6718404798200988,0.0,1.0,0.44310815272616,0.3836749171669681,0.6710396945445926,0.1632317638728514,1.0,0.4508221094582865,0.3694081803949075,1375
1761,21083,0.3393034787428914,0.2353724594729349,0.3452063428202632,0.3415923899084586,0.4478414143637864,0.2818669481701965,1.0,0.3873584871980156,0.4027361547124377,0.0,0.6773773169203068,0.2383810810585386,0.7947952132712555,0.7645232988719857,0.512464272498248,0.39504732095522666,0.4142601504884883,0.29028940114659907,0.7645232988719857,0.45077679926075614,0.39500651904360035,1376
1848,24006,0.0,0.1252638596427045,0.3322162123140422,0.2100815638100862,0.6971240778449822,0.163610960463493,1.0,0.3464139865881025,0.4217668717103369,1.0,0.746417665046635,0.3679112503649315,0.7390115964200016,0.7430174073632629,0.463335127957892,0.3840904291492197,0.6141633204237122,0.22874003597837334,0.7430174073632629,0.45059954885239206,0.39763874420263035,1377
2035,28016,0.1800377368969642,0.2596095100861071,0.4355609835024832,0.2113288869129267,0.8041243691281732,0.2301381300909286,1.0,0.279132762826104,0.6441571510144329,1.0,0.0755536373482552,0.0158876570137408,0.7947952132712555,0.668732778856004,0.2665685611325539,0.46164495692026847,0.6491182772264057,0.34758524679429514,0.668732778856004,0.4505582657735452,0.40820239553792037,1378
866,16027,0.4358370839449917,0.1895217856534587,0.3367255473426092,0.247314569077108,0.3635318641922619,0.2405599779739253,1.0,0.4088250038882991,0.4409220410609572,0.0,0.785063008554703,0.4584518571988569,0.7947952132712555,0.725114210224383,0.6185367907424517,0.4248735224746282,0.3702812822486591,0.2631236664980339,0.725114210224383,0.45055172664644666,0.40001770964679223,1379
1,1008,0.2936317492859092,0.295487566502146,0.4406477225796021,0.2084436516569524,0.521351658832123,0.1745459333557519,1.0,0.4477889419258647,0.4011007448982725,0.0,0.7689969296490229,0.4166091805543493,0.7789425991309047,0.5526306442751081,0.5645451146550465,0.4244448434120686,0.3808682487689654,0.36806764454087404,0.5526306442751081,0.4505380324000711,0.4281102062592705,1380
1598,21008,0.0,0.2163952747835173,0.3672064354830018,0.3215631459922533,0.4831244628907324,0.2421070019904767,1.0,0.4129412388638721,0.3305626008860047,1.0,0.6461137357054965,0.3497942244618585,0.869453057760477,0.6020162396286254,0.466340254481958,0.3717519198749384,0.6093589221746925,0.29180085513325954,0.6020162396286254,0.4505103920889975,0.41901441620333035,1381
1795,21157,0.4661875608731715,0.2993948142248797,0.4743889719851997,0.3516868252290347,0.3616721542110525,0.228444950555793,1.0,0.3117328045362858,0.3005267826522845,0.0,0.8788537521991351,0.4130792398333407,0.7947952132712555,0.6319793675308782,0.6382289415442257,0.30612979359428516,0.38836078599917606,0.3868918931050397,0.6319793675308782,0.4504867262356074,0.4139298761746286,1382
1418,20280,0.4532684132055056,0.1732236352243095,0.3704667967482067,0.5079197236536286,0.5711059797481904,0.2970347590404514,1.0,0.2684892853155228,0.3448135111548587,0.0,0.4654798259368358,0.050779342885329,0.9036320434281871,1.0,0.4682899063639644,0.3066513982351907,0.4752120924884541,0.2718452159862581,1.0,0.45047820616902134,0.36905596671282687,1383
2127,30043,0.0,0.2885914342982919,0.4372838406606411,0.3818365812244414,0.4642315301222012,0.5030163755671815,1.0,0.3185095078130583,0.3757419760265466,0.0,0.5154145946956574,0.2537206799342828,0.869453057760477,0.7645232988719857,0.40964708309760434,0.34712574191980244,0.4698168973827649,0.3629376374794665,0.7645232988719857,0.4504116454785303,0.3946065885330424,1384
1177,20237,0.1546603173784129,0.1342243082262428,0.300188532020952,0.3812389477238523,0.4183257744602059,0.2283753098497845,1.0,0.5259597000036524,0.2583799736726279,0.0,0.8263134607011018,0.3663164096334332,0.7947952132712555,1.0,0.5355213502460509,0.39216983683814016,0.40558800640676856,0.21720642012359742,1.0,0.4502375867809223,0.3688095727425852,1385
1482,20355,0.4532684132055056,0.1019659589947209,0.279617045909487,0.4361385397165119,0.4994504898093865,0.3220973666189092,1.0,0.3141410374244836,0.5418699328447654,0.0,0.4038211365785453,0.2445324371174222,0.9036320434281871,1.0,0.5013135075824151,0.4280054851346245,0.45153727922896153,0.19079150245210394,1.0,0.45015520523154734,0.36872522169667576,1386
1464,20339,0.0538605071821859,0.2147172973372823,0.3881667417764709,0.4071787227982398,0.4601266095090874,0.2365622636921405,1.0,0.4624663268769037,0.2854189946921442,0.0,0.7147198990587695,0.3631200793659966,0.7947952132712555,0.8079770209287339,0.48162392471955184,0.373942660784524,0.42077351919989353,0.3014420195568766,0.8079770209287339,0.4500210757442062,0.3887687197840807,1387
966,19002,0.0,0.3235216584217152,0.327506397791999,0.1767180218063943,0.8935664799802829,0.1076801699009906,1.0,0.2948567276114061,0.3112903232538015,0.0,0.5579678082116617,0.5360342580332261,0.7606458862803938,0.9257153714927412,0.4636619881313204,0.3030735254326038,0.4355929343375335,0.32551402810685715,0.9257153714927412,0.4499616504705661,0.3757076236084284,1388
602,14059,0.0,0.3219005227782766,0.4588558382735587,0.2156023886056391,0.3049896514729511,0.3112907247417817,1.0,0.54834863538309,0.3460869534942695,0.0,0.695614319691263,0.3637483109458491,0.8212921674167302,0.6130176920083639,0.47016369951346054,0.4472177944386797,0.3663765529640744,0.39037818052591766,0.6130176920083639,0.4499154194330452,0.41643319854442,1389
2208,30034,0.3443446855572439,0.2811465178230526,0.499940907199288,0.2902729409841137,0.583129179877677,0.3760637893248904,1.0,0.2505103530579224,0.3208483574576866,0.0,0.3373860006157678,0.5556031301630852,0.869453057760477,0.6963643413004936,0.5266967185241435,0.2856793552578045,0.4498931820373362,0.3905437125111703,0.6963643413004936,0.44979125890677946,0.403231668654214,1390
912,17018,0.3024799758214906,0.4621326316126633,0.6514510020224797,0.3106038218325285,0.3462615410385297,0.1777052890248591,1.0,0.3707026809287826,0.6330865346764654,0.0,0.874945675140758,0.2979815798374658,0.8212921674167302,0.3126691856484772,0.5741748495541112,0.501894607802624,0.36691413037918347,0.5567918168175715,0.3126691856484772,0.4497796600360495,0.49258195055650233,1391
2165,30160,0.3443446855572439,0.558568698647851,0.6172844072817358,0.2973186089096423,0.5618900894694419,0.3391346587291229,1.0,0.230032208092736,0.3646577076836108,0.0,0.3525836064501184,0.4761075417597832,0.869453057760477,0.4688836913067502,0.5106222228819056,0.2973449578881734,0.4396686714216414,0.5879265529647935,0.4688836913067502,0.4497537600856239,0.4450944938008642,1392
53,5038,0.0,0.3548909833819304,0.4101668344392095,0.1382044557245071,0.9421039145370108,0.0063932797038839,1.0,0.2387095599664701,0.3393183381843616,1.0,0.5757708332600029,0.5400552012649301,0.7125442614903211,0.5896842520574764,0.45709257400381353,0.28901394907541583,0.6173403299930804,0.38252890891056995,0.5896842520574764,0.44972422529856837,0.4202695940048715,1393
1354,20176,0.1627695631497328,0.16138127561363,0.3638425535640407,0.415396029501084,0.4720166765073763,0.2665047639431845,1.0,0.3698444084803017,0.3671611828384733,0.0,0.7485887959623507,0.4931421816546062,0.7789425991309047,0.8079770209287339,0.5458607849743986,0.3685027956593875,0.4307834939903289,0.26261191458883537,0.8079770209287339,0.4496753015407591,0.38839536704473804,1394
1069,20042,0.418388564882842,0.3190923595533443,0.3854145511769584,0.4910734497442603,0.5570523941331637,0.2786989471158196,1.0,0.2682483491537274,0.3415742111277274,0.0,0.2783326269462483,0.00047643897462,0.9701320359742358,0.8822616494359928,0.4168324166944865,0.30491128014072744,0.4653649581986487,0.35225345536515135,0.8822616494359928,0.44965172507774126,0.3799233443019623,1395
741,15118,0.0,0.6770351252593163,0.7116459229844906,0.2907711188197307,0.3595295424041727,0.1996554455551391,1.0,0.4753175253453161,0.5863984428103534,0.0,0.5618758852700383,0.3270656108099148,0.8212921674167302,0.3151574913116526,0.4275584158741708,0.5308579840778347,0.3699912213558085,0.6943405241219034,0.3151574913116526,0.44962771803466506,0.4913991902466977,1396
2201,30025,0.0,0.2122721238849364,0.4629577717208968,0.3610241347503571,0.413553819780913,0.3788823969273741,1.0,0.4258555868789492,0.4373650719118789,0.0,0.4546243784086972,0.2642932116264688,0.7606458862803938,0.7914566825269261,0.3698908690788899,0.43161032939541405,0.43069207029172885,0.3376149478029166,0.7914566825269261,0.4496102740559654,0.3903358997827953,1397
1266,20520,0.1411963327174469,0.206551305666718,0.3767011466471717,0.3789482857658111,0.4142985580227136,0.2203076453758055,1.0,0.42784903594138,0.2418868599536403,0.0,0.7959184560828418,0.3823009837593911,0.7947952132712555,0.8822616494359928,0.5285527464577338,0.3348679479475102,0.40271089783286607,0.29162622615694483,0.8822616494359928,0.4494442776748952,0.37970425928290086,1398
936,17027,0.0,0.249552969926819,0.4406477225796021,0.3194390511205601,0.3725747429443599,0.1954778566780555,1.0,0.457257036324285,0.43172810934296,1.0,0.8198002750043945,0.3582445539703196,0.0,0.7028614859709643,0.2945112072436785,0.44449257283362253,0.5774983301485952,0.34510034625321057,0.7028614859709643,0.4494345358901283,0.40189778783084684,1399
656,14010,0.0,0.3346590024618577,0.4123515176257732,0.2030487052232902,0.3080164585146944,0.3394943744393417,1.0,0.2537725254024802,0.429853339715079,0.0,0.6482848666212122,0.3786550932229391,0.7947952132712555,0.8514307429854822,0.4554337932788517,0.3418129325587796,0.37011190763546525,0.37350526004381546,0.8514307429854822,0.44936430356611706,0.38301067704648073,1400
2183,30044,0.0,0.7813635745807541,0.7416124733153854,0.3879591575635805,0.4515518910349834,0.4217132964551716,1.0,0.2747868200753789,0.3226387617917486,1.0,0.4138081110353533,0.1209286877491954,0.9036320434281871,0.343149289608472,0.35959221055318397,0.29871279093356373,0.6522448690107471,0.7614880239480697,0.343149289608472,0.4492873487782889,0.4806007686744309,1401
907,16112,0.1466320176491291,0.5201154771307275,0.7055747038039568,0.2744277990205103,0.3598373388792462,0.2229319453474396,1.0,0.319542372059838,0.3815570837519013,1.0,0.543638675448642,0.1334275037073774,0.8212921674167302,0.3622692498851805,0.41124759105546965,0.35054972790586963,0.5714394166494392,0.6128450904673421,0.3622692498851805,0.449201373751769,0.47401651904159264,1402
359,11013,0.0,0.6972706970105668,0.4486178983668503,0.2565575492554276,0.5061791136381424,0.2013587200591302,1.0,0.2738381060573962,0.3297720653038524,0.0,0.851063856219205,0.5357741031428728,0.7390115964200016,0.5064636110869319,0.5314623889455198,0.3018050856806243,0.39281907659054005,0.5729442976887085,0.5064636110869319,0.44916971002477807,0.4358891063260857,1403
834,16068,0.575954844411742,0.4179093523805474,0.4910652048884324,0.2295702437326733,0.2915068249609431,0.2959722226153479,1.0,0.3404688213134103,0.2918022506521164,0.0,0.4281372437983735,0.2142802658916223,0.8429462157448122,0.6789471770362071,0.5153296424616375,0.31613553598276334,0.36340985826179284,0.4544872786344899,0.6789471770362071,0.44909950133487025,0.40501323873142714,1404
402,12018,0.2644493959937323,0.3247754698003415,0.5173493709414074,0.3556803166178031,0.376493720900057,0.148487103986926,1.0,0.2807503813256379,0.2685522287514402,0.0,0.806339511787485,0.4518570761845187,0.8429462157448122,0.7097780834867178,0.591398049927637,0.2746513050385391,0.3761322283009572,0.4210624203708745,0.7097780834867178,0.44904951744563937,0.4004858224147521,1405
1206,20451,0.418388564882842,0.0784453311718054,0.3704667967482067,0.4251497474612625,0.4853600460263215,0.2673501701715419,1.0,0.312556894882983,0.3545876281875489,0.0,0.6834563178439588,0.3570591615099729,0.7789425991309047,1.0,0.5594616608419196,0.333572261535266,0.4355719927318251,0.22445606396000606,1.0,0.4489834264681722,0.3675258472871038,1406
276,9007,0.0,0.876472874857394,0.9496228500042856,0.3102562371687066,0.3976727103080765,0.1866522119808982,1.0,0.5520393599311503,0.715579007799544,1.0,0.8293529611629278,0.501557492439085,0.7606458862803938,0.1041007727379483,0.5228890849706016,0.6338091838653471,0.5789162318915363,0.9130478624308398,0.1041007727379483,0.448937894856186,0.6469479540579297,1407
1837,24025,0.0,0.4616073739278563,0.5008827212289277,0.2184320400582319,0.6067104400860708,0.1452852026794604,1.0,0.1865081394106256,0.243007272968998,1.0,0.9253148357230748,0.671174922724615,0.7125442614903211,0.514241016966871,0.5772585049845027,0.2147577061898118,0.5940855365647526,0.48124504757839204,0.514241016966871,0.44889029162059085,0.4338939429053433,1408
1884,24058,0.5454589984878422,0.5771930082516789,0.4681911011296974,0.244233577163211,0.6573200737480537,0.3275030450329197,1.0,0.1823825722799533,0.3143858254482791,0.0,0.4489795622581003,0.1882381207716065,0.869453057760477,0.6130176920083639,0.5130324348195064,0.2483841988641162,0.44581133918883686,0.5226920546906881,0.6130176920083639,0.44877407569439176,0.4151131098338726,1409
2424,32025,0.0,0.2816764158047676,0.4355609835024832,0.2113239531742844,0.5551774169988672,0.1513320952941337,1.0,0.4201794599370058,0.3284826318878242,1.0,0.9522361551064538,0.6042849296383737,0.0,0.5969119385149223,0.38913027118620686,0.37433104591241495,0.5835666930934571,0.35861869965362536,0.5969119385149223,0.44874219881209143,0.41784823616993316,1410
1906,25014,0.0,0.5001466948443486,0.5157317306545482,0.1590308328876216,0.3876503289700873,0.4848671505300101,1.0,0.2257302228381986,0.4145017324938482,1.0,0.5783759418983336,0.1108983409346241,0.8429462157448122,0.4816953528916529,0.38305512464444247,0.3201159776660234,0.6063096624775438,0.5079392127494484,0.4816953528916529,0.4487138381637854,0.44082753626276344,1411
564,14107,0.0,0.2402950528086436,0.3452063428202632,0.2110709421825461,0.3215377950119664,0.3053679398899183,1.0,0.3980331540983575,0.4779077108833647,0.0,0.788102509016529,0.5453418944106768,0.7947952132712555,0.725114210224383,0.5320599041746154,0.4379704324908611,0.36759533541688616,0.2927506978144534,0.725114210224383,0.4486791973586048,0.3979406580806924,1412
1595,21004,0.0,0.522413106491224,0.6704662950335731,0.3607859156614137,0.3925946109709352,0.2970812106557534,1.0,0.2953523242329691,0.3785886435957512,0.0,0.9127224420522756,0.5982125434311516,0.7947952132712555,0.3824805778423771,0.5764325496886706,0.33697048391436013,0.4100923474576204,0.5964397007623985,0.3824805778423771,0.4486209914492113,0.4668712617785488,1413
1699,21139,0.4661875608731715,0.1905278620880343,0.3638425535640407,0.3623890678235945,0.383406635569004,0.2327035801322348,1.0,0.2875473678948881,0.257961964568561,0.0,0.9240120743534692,0.5674143356542942,0.7947952132712555,0.8822616494359928,0.6881022960380476,0.27275466623172456,0.39569985670496666,0.2771852078260375,0.8822616494359928,0.44857153207287787,0.37878283041257693,1414
743,15013,0.0,0.7499410731234476,0.7990105969261767,0.3008072561272427,0.4079836331285076,0.1741837005696693,1.0,0.6280908283541367,0.6530500602246854,0.0,0.8250109063819362,0.4078006978913198,0.7947952132712555,0.1915869039010523,0.5069017043861279,0.640570444289411,0.37659491796508393,0.7744758350248122,0.1915869039010523,0.44848483130330347,0.5547448048115543,1415
1157,20504,0.1826590576547239,0.1609447374786978,0.2540651106953986,0.4741932924203901,0.5414060490044179,0.2724806617472046,1.0,0.4572930276415099,0.5080087641154973,0.0,0.5636126243622588,0.1418450037203126,0.8212921674167302,0.9257153714927412,0.42735221328850637,0.4826508958785036,0.45761600063440255,0.2075049240870482,0.9257153714927412,0.44842026566468973,0.37409953702233656,1416
1850,24037,0.0440712072905407,0.3666166463487104,0.5559399390112435,0.2787819946254378,0.5702154606514623,0.3313550115429913,1.0,0.3377654626981808,0.8093871598144953,0.0,0.3417281589219791,0.0803887110772805,0.9301468010770012,0.4489675816100648,0.34908371959170037,0.573576311256338,0.43607049336397824,0.46127829267997694,0.4489675816100648,0.4481785846872264,0.4479815521753148,1417
181,7117,0.8582324433958022,0.0,0.3638425535640407,0.4065035192114409,0.934773313093969,0.2071818558225613,1.0,0.3262977415997299,0.3612184358923209,0.0,0.3273990261589596,0.1132768427608978,0.9701320359742358,1.0,0.5672600870724738,0.3437580887460254,0.5096917376255943,0.18192127678202036,1.0,0.44817254538793616,0.3666963276747825,1418
615,14045,0.0,0.3403271418750555,0.4389791309185027,0.2060904979412751,0.3877263813284829,0.2581684440138665,1.0,0.3777858413392819,0.5002892497640867,0.0,0.5874946503342517,0.1915626051059469,0.7947952132712555,0.725114210224383,0.39346311717786353,0.4390375455516843,0.3703970646567249,0.3896531363967791,0.725114210224383,0.44815842362127745,0.3973633888168083,1419
471,13030,0.5230991341809489,0.4365734997737393,0.6857669709037353,0.2906490233963003,0.4944301554501421,0.2401340818056101,1.0,0.3802389642779686,0.3806790704778043,0.0,0.6070342074243733,0.2112072041124913,0.7125442614903211,0.4065635257815017,0.5134712018020336,0.38045901737788645,0.4050426521304106,0.5611702353387373,0.4065635257815017,0.4480325372180393,0.4590445544500574,1420
937,17016,0.0555057041487397,0.3013153910431899,0.4920889170134639,0.3258325307346735,0.3672160778038676,0.2040900919118002,1.0,0.4643273831717265,0.3752030063897323,0.0,0.7012591358418596,0.3810966680189461,0.8429462157448122,0.5765449532098653,0.4952019309385894,0.4197651947807294,0.37942774009006824,0.39670215402832687,0.5765449532098653,0.4479639997417556,0.42057707701383423,1421
1849,24018,0.5252848794142257,0.5721981471306427,0.2717650557236629,0.2695835501654161,0.5878241145864423,0.3383408451718881,1.0,0.2334664321780524,0.4196679261585199,0.0,0.262700836338843,0.1357774127270519,0.9301468010770012,0.6428874255124083,0.46347748238928044,0.32656717916828615,0.43914970198474934,0.4219816014271528,0.6428874255124083,0.44792823906134827,0.4092388171390712,1422
1857,24039,0.5252848794142257,0.210816081356692,0.3796859462988168,0.2707389664861356,0.5981775352316823,0.3674942736286435,1.0,0.2705759662552999,0.4359852913336745,0.0,0.4607033793323491,0.3632224260669841,0.869453057760477,0.6963643413004936,0.554665935643509,0.3532806287944872,0.4472821550692923,0.2952510138277544,0.6963643413004936,0.44787019587791616,0.40108006100687027,1423
1362,20174,0.1826590576547239,0.1727302256874753,0.300188532020952,0.4789862344181457,0.5460176398807901,0.2830165524667893,1.0,0.5535512553934909,0.6313658570422318,0.0,0.884064176526236,0.5479027371154984,0.0,0.6902386703647267,0.40365649282411453,0.5924585562178614,0.461604085353145,0.23645937885421364,0.6902386703647267,0.44785670318703,0.40195184529200173,1424
1882,24041,0.5252848794142257,0.2314893754134868,0.4101668344392095,0.2661589122508899,0.6104275240261698,0.3764229529807029,1.0,0.2263470984597375,0.4365798688628697,0.0,0.4589666402401287,0.3785217739122208,0.869453057760477,0.673718331962919,0.558056587831763,0.3314634836613036,0.4506018778515525,0.32082810492634817,0.673718331962919,0.4478489286815466,0.4043848096774853,1425
2257,30171,0.4532684132055056,0.1967631985938434,0.311973264080358,0.4034357208179031,0.4558925436043202,0.3754364394203204,1.0,0.3881429275521509,0.3542762208664644,0.0,0.4407294304187326,0.2025976967526475,0.9036320434281871,0.8514307429854822,0.5000568959512682,0.37120957420930767,0.4469529407685087,0.25436823133710074,0.8514307429854822,0.44761282083690435,0.3811455160221209,1426
443,12034,0.2434577598737922,0.3723995259699798,0.6617961279582493,0.3199386408203072,0.2935517933944761,0.1846585047366282,1.0,0.3017408671036655,0.3361111855513015,0.0,0.8006946956368883,0.3004804587882907,0.8212921674167302,0.5594373801050112,0.5414812704289254,0.31892602632748346,0.3596297877902823,0.5170978269641145,0.5594373801050112,0.44760059015398196,0.42332648713365756,1427
278,9017,0.0,0.6914738372774941,0.7818308572668726,0.3080282662230159,0.4034706532376146,0.1839733979925697,0.0,0.6077688942770845,0.6591944571976451,1.0,0.8497610948495995,0.5312685338695164,0.7606458862803938,0.1896183613958093,0.5354188787498775,0.6334816757373648,0.37909446349064,0.7366523472721833,0.1896183613958093,0.44757274181455536,0.554765492236059,1428
582,14098,0.0,0.8873147315131422,0.8412939751718882,0.2062546369887737,0.3566292612247242,0.2712845658034988,1.0,0.7093290100758914,0.7346346325907493,1.0,0.900130255431917,0.52398697854551,0.0,0.1425301693848711,0.35602930849435677,0.7219818213333205,0.5668336928033993,0.8643043533425152,0.1425301693848711,0.4475156571999688,0.5957082199384289,1429
422,12077,0.238801820487719,0.3096927234146502,0.504568427829279,0.3642564659313468,0.3909769568078141,0.1448613762049388,1.0,0.3591254224764804,0.2616601113763211,0.0,0.791142009478355,0.360381984364194,0.8429462157448122,0.668732778856004,0.55831800751877,0.3103927669264007,0.3800189597888199,0.40713057562196464,0.668732778856004,0.44742161874613945,0.4046532688889396,1430
821,16019,0.1680849407544698,0.4704247381658031,0.5098672009589315,0.2230390466299771,0.3059010773795366,0.282082611945738,1.0,0.3301381063276446,0.3333770695619735,0.0,0.6977854506069787,0.1950661925761256,0.8429462157448122,0.6391266864816243,0.4759706999205966,0.33175758794480903,0.36220454719105033,0.4901459695623673,0.6391266864816243,0.4473562137197492,0.40918537659939064,1431
1731,21065,0.0,0.2776349647196245,0.5343679413983259,0.364986202736443,0.3885345242049497,0.308599486577906,1.0,0.2827170960622496,0.3467265443746563,0.0,0.8423795396067824,0.557338964667112,0.7947952132712555,0.6189731165776511,0.5486284293862874,0.31472182021845296,0.4124240427038597,0.40600145305897517,0.6189731165776511,0.44724933414523366,0.4123530218612608,1432
917,17025,0.2434577598737922,0.346152837767083,0.4941071376666658,0.3219790169969667,0.3234529339487526,0.1794081997723493,1.0,0.3623026838817279,0.4255253298346945,1.0,0.8232739602392758,0.3284917536816156,0.0,0.5477950842859758,0.3488058684486709,0.3939140068582112,0.5649680301436137,0.4201299877168744,0.5477950842859758,0.44709743519168116,0.424960134138199,1433
919,17026,0.0,0.3763172228564333,0.5132579985088492,0.3183620511162549,0.3658750016045522,0.191320632791166,1.0,0.5089492807421692,0.4330647477720636,1.0,0.8206686445505047,0.2354817189800321,0.0,0.5612088264721999,0.2640375908826342,0.4710070142571164,0.5751115371023946,0.4447876106826413,0.5612088264721999,0.4470380378648646,0.42232760987789003,1434
1682,21105,0.0,0.1429189693705055,0.3367255473426092,0.3470822723632403,0.4357733803871706,0.3041726616659339,1.0,0.3025102016257456,0.3553638853187733,1.0,0.7811549314963264,0.4308941262561052,0.7606458862803938,0.7430174073632629,0.49317373600820635,0.32893704347225944,0.6174056628832689,0.23982225835655735,0.7430174073632629,0.44700703913661266,0.3936798672020709,1435
1094,20016,0.6190015946419424,0.1790926554347055,0.3881667417764709,0.3782981848136876,0.4131450762980407,0.1844474183900486,1.0,0.3551401108602239,0.2504252735022898,0.0,0.6517585518560933,0.130810013400806,0.869453057760477,0.9257153714927412,0.5677558044148296,0.30278269218125686,0.3951781359003554,0.28362969860558823,0.9257153714927412,0.4469541183358483,0.37257122549536237,1436
360,11007,0.0,0.9594492421822868,0.7870570148219668,0.2532199320165961,0.4388875191008524,0.1781296459405799,1.0,0.4287590064130533,0.6045230041013901,1.0,0.8797221217452444,0.6010233422871586,0.7789425991309047,0.1219127632457949,0.5649220157908269,0.5166410052572217,0.5740474194116058,0.8732531285021268,0.1219127632457949,0.44695406708877505,0.6184667030159978,1437
1138,20468,0.4532684132055056,0.1673132890091306,0.3908492491240862,0.5098863499925097,0.5800525835371286,0.2980791545877913,1.0,0.300035733483958,0.3020827131473325,0.0,0.3751628710525057,0.1217814766432019,0.9701320359742358,0.9257153714927412,0.48008619921886225,0.3010592233156453,0.4776036176234859,0.2790812690666084,0.9257153714927412,0.4469401663007407,0.3725566879110729,1438
1484,20362,0.3706292612258043,0.1886774762675536,0.327506397791999,0.4882707884237091,0.578769272315709,0.316651071629373,1.0,0.2430392602188762,0.3273924702390495,0.0,0.6821537635247934,0.3821894763231273,0.7606458862803938,0.9257153714927412,0.5489045968385297,0.28521586522896286,0.4767382264737582,0.2580919370297763,0.9257153714927412,0.446931008395078,0.372547145721423,1439
2236,30212,0.4532684132055056,0.1941537846261785,0.3638425535640407,0.5270224058197125,0.607552137496125,0.3324349788758604,1.0,0.3040380317775425,0.2478223415692283,0.0,0.4329136904028599,0.6235026204271314,0.9036320434281871,0.7771461144782232,0.603329191865921,0.2759301866733854,0.4934019044383396,0.2789981690951096,0.7771461144782232,0.4468190509686063,0.38908002242637,1440
1558,20474,0.4028778282085332,0.1763858921628429,0.3603683609836935,0.3838678972258325,0.4372675289154112,0.1735907750736385,1.0,0.4071772907454772,0.2004419267831524,0.0,0.7967868256289516,0.4115761141753581,0.869453057760477,0.8822616494359928,0.62017345644333,0.3038096087643148,0.3989452402429764,0.2683771265732682,0.8822616494359928,0.4467598883287252,0.37687156120378795,1441
744,15124,0.1466320176491291,0.2659415347256985,0.4372838406606411,0.2771703166231215,0.3821698100119387,0.2028185031602214,1.0,0.4611457292971945,0.5078609631713114,0.0,0.7247069770407977,0.384301839294109,0.8212921674167302,0.5401911821184902,0.5192332503501915,0.48450334623425295,0.3724317259590563,0.3516126876931698,0.5401911821184902,0.44674900618598945,0.426032392605122,1442
1601,21003,0.1546603173784129,0.3899591075294457,0.6163425932520962,0.3636694126828463,0.3859108209893086,0.235831692516381,1.0,0.2978058861224687,0.2605399328965472,0.0,0.851063856219205,0.3462306353099235,0.7947952132712555,0.5944481503487452,0.5366875055446991,0.27917290950950796,0.39708238523770717,0.5031508503907709,0.5944481503487452,0.44674275099135285,0.4159521732615307,1443
2309,30013,0.5967154078961798,0.3336060569074877,0.5273017648072774,0.2876621809396024,0.5912397259133317,0.398555712106053,1.0,0.2236463575265149,0.3144152749115692,0.0,0.3603994499912109,0.5700361207863458,0.869453057760477,0.5630100464373469,0.5991510091085533,0.269030816219042,0.45549152379179747,0.43045391085738255,0.5630100464373469,0.44673737232305294,0.42163467575316416,1444
1271,20026,0.0,0.2580274165267223,0.4355609835024832,0.4182007874082909,0.475937306280299,0.2128365590401117,1.0,0.3397866001130174,0.2722147367433509,0.0,0.806339511787485,0.2402923217392296,0.8212921674167302,0.8514307429854822,0.4669810002358612,0.3060006684281842,0.4213949305457403,0.3467942000146027,0.8514307429854822,0.44666961391747867,0.38014184630584247,1445
1074,20098,0.4532684132055056,0.0792901390846336,0.311973264080358,0.4522672971866156,0.5184563331043522,0.327151937416925,1.0,0.2963672708777709,0.5420854909741749,0.0,0.3617021078355962,0.0707133096440861,1.0,1.0,0.471420957671297,0.4192263809259729,0.45957511354157854,0.19563170158249582,1.0,0.4466122645328839,0.3651012387368993,1446
1783,21103,0.4532684132055056,0.3030772250130984,0.3767011466471717,0.3884455102863525,0.4306262367585929,0.3346667816182869,1.0,0.2780826310766725,0.3336983836051127,0.0,0.6760747626011414,0.3431685361456656,0.7390115964200016,0.7171720540196672,0.5528808270930785,0.3058905073408926,0.4307477057326464,0.33988918583013505,0.7171720540196672,0.44655632143008117,0.3966792308306639,1447
1753,21036,0.418388564882842,0.1444251049105553,0.3410507756685701,0.4175973606192671,0.4750995967097899,0.3449859605183698,1.0,0.4751690140936533,0.5096885601125727,0.0,0.2644376789562834,0.0236478161054842,0.9701320359742358,0.7914566825269261,0.41915152397971134,0.492428787103113,0.4475365835694854,0.2427379402895627,0.7914566825269261,0.4465001074521312,0.3869636510985076,1448
1130,20337,0.3932202598211434,0.2397852670576482,0.3854145511769584,0.538318495704275,0.5930088005881528,0.3401771946431123,1.0,0.2614454381356245,0.3418137324890721,0.0,0.5219279874428049,0.2335700652591036,0.8429462157448122,0.7645232988719857,0.49791613206696606,0.3016295853123483,0.49430089818710793,0.3125999091173033,0.7645232988719857,0.44647816171202825,0.3903036345063523,1449
1851,24038,0.5252848794142257,0.1579237854723874,0.2869270738870932,0.2744659669294987,0.5873151083008645,0.3551259929382552,1.0,0.3131210129537018,0.5310241750595732,0.0,0.4307425594871443,0.3686149917250704,0.9036320434281871,0.7645232988719857,0.5570686185136569,0.42207259400663755,0.44338141363372363,0.2224254296797403,0.7645232988719857,0.4464056667684868,0.3902244188020212,1450
50,5014,0.0,0.2619092328703178,0.2937651483864014,0.1377898833251404,0.9715754047985568,0.0061985171155771,1.0,0.3676679820419971,0.3468626085012276,1.0,0.5562310691194414,0.7038816983308384,0.7125442614903211,0.5807482395941909,0.4931642572351502,0.3572652952716123,0.6231127610478548,0.2778371906283596,0.5807482395941909,0.4463396516698362,0.4179120196780984,1451
1870,24046,0.2225624775348869,0.3316366673700752,0.5018162372297665,0.2311422015099328,0.5469602842986429,0.1631751313772362,1.0,0.3657633672061742,0.4027522110653229,0.0,0.7776812462614455,0.4862276746227463,0.7390115964200016,0.5119607167888041,0.5563707487097701,0.38425778913574854,0.38825552343716235,0.4167264522999209,0.5119607167888041,0.44631189715877184,0.4312597433750254,1452
1513,20397,0.0,0.4091231146269382,0.615073675322898,0.4044576620344461,0.4560529074072409,0.2093239488982805,1.0,0.3654955510374575,0.2477629919401142,0.0,0.6626139993842317,0.2544168699025508,0.8429462157448122,0.6189731165776511,0.4399942712578987,0.3066292714887858,0.4139669036679935,0.512098394974918,0.6189731165776511,0.4462829459952146,0.4112395898349159,1453
1475,20348,0.6190015946419424,0.2361113236455446,0.3672064354830018,0.3808889514589255,0.4177141693496038,0.1967735009709734,1.0,0.343584444388196,0.2339837236766476,0.0,0.6747720012315359,0.1441415990978608,0.869453057760477,0.8822616494359928,0.5768420631829541,0.28878408403242184,0.39907532435590054,0.3016588795642732,0.8822616494359928,0.44623097486373214,0.37631392683081266,1454
1570,20073,0.0,0.3163871496497661,0.5258301664190614,0.3994049199204604,0.4483022831677848,0.190070650153765,1.0,0.6724147545501338,0.2192280381130595,0.0,0.4659140107098913,0.0666794739821434,0.869453057760477,0.6594077639142162,0.3505116356131279,0.4458213963315966,0.40755557064840203,0.4211086580344138,0.6594077639142162,0.44618984484867746,0.40467939120572427,1455
217,8032,0.0,0.6481617387790152,0.6749125437960961,0.1387378496892072,0.7496903806564281,0.1488392131009301,1.0,0.2256435822247522,0.354563744905484,1.0,0.8970907549700906,0.611165720055479,0.7125442614903211,0.273152035418579,0.5552001841289727,0.2901036635651181,0.6074534886893131,0.6615371412875557,0.273152035418579,0.4461643891013111,0.5043912215613273,1456
1355,20165,0.1546603173784129,0.2121053438108906,0.4669068020027238,0.3733225921079862,0.4041599625238385,0.2356791020711368,1.0,0.4080514840645705,0.2601709818377399,0.0,0.8905775692733833,0.5027306097812206,0.0,1.0,0.3869921241082542,0.3341112329511552,0.4026323313405923,0.3395060729068072,1.0,0.4461386814457692,0.36461736586505444,1457
452,12026,0.5164694362975522,0.1539766862630971,0.3530583330060873,0.3042021457738876,0.2639913196437663,0.2258155746009291,1.0,0.3817278786670304,0.2975099029147381,0.0,0.7234042156711922,0.2257416542408204,0.8212921674167302,1.0,0.5717268684065737,0.33961889079088425,0.35880180800371664,0.2535175096345922,1.0,0.4460757404010144,0.36455306693130335,1458
342,11024,0.0,0.261777318458999,0.3603683609836935,0.2415753758674356,0.4203810545951483,0.1911709771372973,1.0,0.4535696283516013,0.5315102619946623,0.0,0.9335649675624428,0.6325172717820909,0.7789425991309047,0.5303779200216894,0.5862562096188596,0.4925399451731318,0.3706254815199762,0.31107283972134625,0.5303779200216894,0.4460487675263246,0.42715114088643447,1459
524,13073,0.2796398042993077,0.2821358898599571,0.5140890096762025,0.2859053607642391,0.5569610746216804,0.3183658858781928,1.0,0.4069037956416179,0.4530694859977585,0.0,0.1359096688621603,0.0745897088209943,0.9036320434281871,0.6844442827380792,0.34844280635266234,0.4299866408196882,0.4322464642528224,0.3981124497680798,0.6844442827380792,0.44599742876730364,0.4007106808902116,1460
468,13002,0.0,0.3716070627735368,0.5958836678446106,0.3175937288318705,0.4887308235060827,0.2420963992437825,1.0,0.3444522724920157,0.3471649815661497,1.0,0.4155449536527942,0.0785405703976052,0.869453057760477,0.5075407062352487,0.3408846454527191,0.3458086270290827,0.6096841903163471,0.48374536530907364,0.5075407062352487,0.445992113168455,0.43180856617382807,1461
813,16060,0.3504080760997187,0.2945213595949169,0.4372838406606411,0.2325118367245601,0.3737209331950362,0.2219166480984429,1.0,0.3015176469111998,0.5898948412238672,0.0,0.8584454114620221,0.5340207847748795,0.0,0.6789471770362071,0.4357185680841551,0.44570624406753345,0.3656298836036078,0.365902600127779,0.6789471770362071,0.4459637828399857,0.4014814570149642,1462
2283,30071,0.0,0.5581902353860827,0.6175964940484379,0.3772784093420018,0.4432401351888244,0.4319504210615402,1.0,0.3613779055818388,0.3894158475636067,0.0,0.3886235307441952,0.1149910117907171,0.869453057760477,0.5165708927513093,0.3432669000738473,0.37539687657272275,0.45049379311847326,0.5878933647172603,0.5165708927513093,0.4459107854747816,0.4298109627254777,1463
1803,22011,0.0,0.9174044184895908,0.722950232083986,0.2624894617377983,0.4728022607567602,0.1911043248037127,1.0,0.2301623236517986,0.4304920369248066,1.0,0.772905006707399,0.4003058373370555,0.7390115964200016,0.2324885032815332,0.47805561011611397,0.3303271802883026,0.5852792094596543,0.8201773252867883,0.2324885032815332,0.44588104822046737,0.5247148995077852,1464
70,5030,0.0742514823123533,0.987594149109839,0.8486190951487637,0.1876186843164679,0.7405193242248088,0.120602150602447,1.0,0.3080483637235257,0.3441494211038836,1.0,0.6074685992478686,0.4231767858347545,0.7125442614903211,0.2117639648507111,0.4543602822213243,0.3260988924137046,0.6097480318287447,0.9181066221293013,0.2117639648507111,0.4455834526257085,0.5366588589792117,1465
2130,30163,0.5689366890539633,0.1267495991647629,0.327506397791999,0.3472578523998236,0.4353942035983398,0.3860229626033511,1.0,0.4235222909031093,0.4726456206050926,0.0,0.0586191888964648,0.1863707470045562,0.9036320434281871,0.9257153714927412,0.42938966709579285,0.4480839557541009,0.4337350037203029,0.22712799847838094,0.9257153714927412,0.4454887292746264,0.37104495623550865,1466
299,10018,0.4154179577807316,0.2827442578150688,0.443908083844807,0.1538672094903138,0.6259055296729054,0.199202516934597,1.0,0.2073363066790881,0.3404272582532839,0.0,0.7577072973478287,0.4135384807887691,0.7390115964200016,0.7645232988719857,0.5814188330843327,0.273881782466186,0.39579505121956327,0.3633261708299379,0.7645232988719857,0.44528903560268185,0.3890046750470355,1467
1077,20413,0.1301851996254693,0.4390007701034862,0.6429702065448257,0.5126666780491377,0.599007953328195,0.3708373166761429,1.0,0.1390223769007825,0.4337806203404827,0.0,0.5683890709667454,0.0915089045177264,0.9301468010770012,0.5290465977439713,0.43005749404673554,0.2864014986206326,0.4965023896106951,0.5409854883241559,0.5290465977439713,0.4452670293886214,0.42648345839405316,1468
1622,21172,0.3484713972187253,0.2884246049709313,0.5090022705990835,0.3349862986401508,0.4629226400462845,0.2826202850491901,1.0,0.4107229196692722,0.4229686828457594,0.0,0.2917932866379376,0.064174476961269,0.869453057760477,0.6428874255124083,0.39347305464460225,0.4168458012575158,0.4161058447471251,0.39871343778500745,0.6428874255124083,0.445223428636901,0.40615217136970105,1469
691,15113,0.0,0.3601363022457304,0.5212886120255843,0.2968441173522506,0.3421357136155579,0.200438462061026,1.0,0.386069611832767,0.613969629353166,0.0,0.594442020804014,0.1756153148721214,0.869453057760477,0.5264325641232666,0.40987759835915305,0.5000196205929666,0.3678836586057669,0.4407124571356573,0.5264325641232666,0.4452151761275328,0.4269497496096324,1470
932,17034,0.3024799758214906,0.2711371914089277,0.4656067442112324,0.3108864547350495,0.3354784701005594,0.1821464083218487,1.0,0.3453495734155614,0.6126846346891541,0.0,0.8979591245162009,0.3565468670580506,0.0,0.6963643413004936,0.38924649184893556,0.47901710405235776,0.3657022666314915,0.3683719678100801,0.6963643413004936,0.44521039483330516,0.3981048684582745,1471
416,12005,0.3061859246211213,0.2916231478739236,0.5107251277572414,0.3565446095802929,0.3717177783812191,0.1885068668697151,1.0,0.2213207995112558,0.3031839034050192,0.0,0.7802865619502162,0.2657014382802432,0.7947952132712555,0.8079770209287339,0.536742284530709,0.2622523514581375,0.3833538509662454,0.40117413781558253,0.8079770209287339,0.4452084451916806,0.38357870623009127,1472
1525,20415,0.6190015946419424,0.1714988170215625,0.3225774448656947,0.4004277473403076,0.4544697753898379,0.1893136159009589,1.0,0.3831260590780843,0.1952206960258802,0.0,0.6882327644484452,0.1808850122637044,0.9036320434281871,1.0,0.5979378536955698,0.28917337755198225,0.4088422277262209,0.2470381309436286,1.0,0.4450684601742582,0.36352436441606284,1473
890,16011,0.0,0.3080676056502499,0.3881667417764709,0.2213720126587023,0.3516730157052402,0.24781128094271,1.0,0.345715317018275,0.5808210084551706,0.0,0.9027355711206873,0.599713574720689,0.0,0.7914566825269261,0.37561228646034406,0.4632681627367228,0.3641712618613305,0.3481171737133604,0.7914566825269261,0.4450472308517844,0.3853903547975247,1474
740,15106,0.0,0.9653855979897372,0.9110495556681372,0.2934335095989578,0.3712144117524124,0.1890034050950573,1.0,0.7573938070737896,0.7181072927108516,1.0,0.6105080997096946,0.388690861435587,0.8212921674167302,0.0970368580861892,0.45512278214050295,0.7377505498923206,0.5707302652892855,0.9382175768289371,0.0970368580861892,0.44498140458477287,0.6511681445363671,1475
1526,20287,0.1627695631497328,0.1265307620583933,0.220323861289801,0.404444909721991,0.4560336524146088,0.2580283020483251,1.0,0.4931531993096988,0.3440385582880428,0.0,0.7603126130365998,0.5629033107163821,0.7789425991309047,1.0,0.5662320215084049,0.41859587879887084,0.423701372836985,0.17342731167409714,1.0,0.444829261066995,0.3632801636110798,1476
2227,30155,0.2889724990448923,0.3769278912874924,0.5883548408616489,0.2807244552216507,0.595785576132718,0.4069001877624427,1.0,0.3524347194903087,0.3255517840684289,0.0,0.3703864244480188,0.5080819653558025,0.8429462157448122,0.4637267483261704,0.5025967761483814,0.3389932517793688,0.45668204382336225,0.48264136607457064,0.4637267483261704,0.44481792038762086,0.4402124361514858,1477
1574,20486,0.1627695631497328,0.1505651688810945,0.2937651483864014,0.4055689736766497,0.4577250229138073,0.2503973157419445,1.0,0.5467549158472876,0.3218489831818194,0.0,0.7338254784262757,0.4654155511960406,0.7947952132712555,0.7914566825269261,0.5392014515108261,0.43430194951455353,0.4227382624664803,0.22216515863374794,0.7914566825269261,0.44477820549080327,0.38509917237684727,1478
139,7041,0.5227332166821633,0.3335330034456347,0.5390480313078326,0.3767814845948287,0.8884923684826878,0.1987134517021207,1.0,0.210851143145863,0.2029920085424841,0.0,0.2587928628056863,0.2666146574303356,0.8429462157448122,0.8275164340507248,0.47277173816574936,0.20692157584417353,0.49279746095592747,0.43629051737673363,0.8275164340507248,0.44477014680982935,0.3808249379587138,1479
1371,20182,0.4532684132055056,0.0545830242419265,0.4033287599399012,0.4553375791992481,0.5218623169349264,0.3179668070444587,1.0,0.2887413417740264,0.485487104634796,0.0,0.4085974796578118,0.0162528797422287,0.9701320359742358,0.9257153714927412,0.4620627021449455,0.3871142232044112,0.45903334063572665,0.22895589209091385,0.9257153714927412,0.4447569204890225,0.3702832136771966,1480
2163,30158,0.5689366890539633,0.2328797260469145,0.4406477225796021,0.324145036845216,0.4890618628133332,0.3106785995127938,1.0,0.2800299504376559,0.3504576961930263,0.0,0.3499782907613471,0.5795723905476621,0.869453057760477,0.6508295817171241,0.5919851070308624,0.31524382331534107,0.4247770998342686,0.3367637243132583,0.6508295817171241,0.44461305466590983,0.40421361877511663,1481
2196,30020,0.4532684132055056,0.2101044650132691,0.4056574994106425,0.3981643181152825,0.4472866066189488,0.3700838092888088,1.0,0.3373839242810319,0.3359337285517731,0.0,0.4359531908646861,0.1174579423515572,0.9036320434281871,0.7914566825269261,0.477577897462484,0.33665882641640255,0.443106946804608,0.3078809822119558,0.7914566825269261,0.4445397075640997,0.38484106846097876,1482
1805,22001,0.0,0.4417296617507667,0.4813774416562334,0.2722262042667734,0.4316419133074289,0.1765648585109458,1.0,0.3876330126031858,0.4699829729977117,0.0,0.7503257421050116,0.4679019073044172,0.7947952132712555,0.4630098890301837,0.5032557156701711,0.42880799280044873,0.37608659521702964,0.4615535517035001,0.4630098890301837,0.444457625094171,0.4399368946239482,1483
902,16031,0.0911132153950776,0.2350551186844527,0.3672064354830018,0.2679887755630247,0.422732167686529,0.1826450292506529,1.0,0.3423742884599416,0.4072423137372947,0.0,0.8041683808717697,0.5458790558319839,0.7947952132712555,0.7336923924214751,0.5589889663425216,0.3748083010986182,0.37467319450004133,0.30113077708372726,0.7336923924214751,0.4444540256685515,0.3921074114686785,1484
351,11022,0.0,0.528550702573166,0.4879333498617709,0.2307550249569875,0.5064676551205839,0.1476990850004298,1.0,0.3703923799175551,0.3514283885691969,0.0,0.7920103790244652,0.5262181130020072,0.7606458862803938,0.4825493021521746,0.5197185945767165,0.36091038424337596,0.37698435301560024,0.5082420262174685,0.4825493021521746,0.44444768135117707,0.4354019633648508,1485
1521,20419,0.418388564882842,0.1011965497332988,0.2937651483864014,0.4786558873643938,0.5457042037489455,0.2737122502438505,1.0,0.3610478887506516,0.4250927956077386,0.0,0.59748152126584,0.1301838562970449,0.7947952132712555,1.0,0.48521228892924556,0.3930703421791951,0.459614468271438,0.19748084905985008,1.0,0.4442875559459941,0.36272725270499123,1486
2277,30095,0.3384686072321147,0.2587539094122972,0.4588558382735587,0.3508080325323028,0.4301252061521055,0.4257748796915105,1.0,0.7053084101511431,0.4901179554225363,0.0,0.1784628823781646,0.4539730240025365,0.0,0.7532318055434659,0.24272612840320393,0.5977131827868397,0.44134162367518376,0.3588048738429279,0.7532318055434659,0.4442569668704404,0.38932352459583663,1487
68,5033,0.0,0.5886076445679593,0.5903885574389284,0.1647871150776699,0.7037308478560815,0.096382241615786,1.0,0.3211692153066466,0.262798562939239,1.0,0.7216674765789717,0.4270501470693641,0.6304410739041073,0.3811409345844025,0.4447896743881108,0.2919838891229428,0.5929800409099075,0.5894981010034439,0.3811409345844025,0.44424682576506985,0.4615927915331559,1488
1920,26014,0.0740876306066447,0.1825049189276067,0.327506397791999,0.0943789650449574,0.8352311167282477,0.2657784213913288,1.0,0.1183544171817224,0.6017244250811886,0.0,0.7833260624120422,0.4156370606599535,0.7390115964200016,0.8514307429854822,0.5030155875246605,0.3600394211314555,0.4390777006329068,0.2550056583598029,0.8514307429854822,0.44405258731732516,0.3773598357639717,1489
451,12025,0.2644493959937323,0.2762107210097955,0.4501424337437721,0.3554159146810783,0.3694108149318734,0.1526254072841406,1.0,0.2722327913326016,0.2924907170721166,0.0,0.7685627448759675,0.3901489297892721,0.8429462157448122,0.7914566825269261,0.566526821600946,0.2823617542023591,0.37549042737941846,0.36317657737678377,0.7914566825269261,0.44405221410630247,0.38431360776390633,1490
1954,26042,0.2558258135497395,0.7635217541933751,0.7085217640497922,0.1079828980754648,0.628190902107299,0.3032931687772592,1.0,0.0823392279530681,0.2452172966495329,1.0,0.7802865619502162,0.4260221289977596,0.7606458862803938,0.4239310627862017,0.5556950976945272,0.1637782623013005,0.6078933937920046,0.7360217591215836,0.4239310627862017,0.4440391150486586,0.449213423599695,1491
2230,30189,0.1176289148132409,0.5761367715674601,0.6465867139628094,0.3016175552200272,0.54938277770378,0.3252107738213019,1.0,0.2306854128686168,0.5082164824856881,0.0,0.3556231069119444,0.5946514126322958,0.869453057760477,0.3625487026254307,0.48433912302948956,0.3694509476771524,0.4352422213490218,0.6113617427651348,0.3625487026254307,0.4440382615346756,0.46712585225824066,1492
854,16049,0.4392302202036184,0.325544189410707,0.4719531548088408,0.256438962377758,0.3219089961217072,0.281579601273161,1.0,0.3551236022245541,0.3436226607733156,0.0,0.6278767329345403,0.0794164216350448,0.8429462157448122,0.668732778856004,0.49736739762950394,0.34937313149893484,0.3719855119545252,0.39874867210977394,0.668732778856004,0.4439038796250438,0.4006803302168827,1493
280,9003,0.0,0.7899988793016507,0.7758447356254463,0.3077338049037935,0.3920334793642331,0.180691307501267,1.0,0.6888611242402858,0.8862459429259266,0.0,0.8024316417795487,0.4413685500787859,0.7947952132712555,0.1457752330159348,0.5096488512823976,0.7875535335831062,0.3760917183538587,0.7829218074635484,0.1457752330159348,0.44386347391987946,0.586328255612602,1494
1967,26064,0.0,0.1214414886535313,0.2632842602460088,0.0819985286092105,0.895047013172662,0.208979237595172,1.0,0.3026268201984935,0.3616214397354709,1.0,0.9370386527973238,0.598412450923276,0.6784442506275288,0.7645232988719857,0.5534738385870321,0.3321241299669822,0.6372049558754089,0.19236287444977007,0.7645232988719857,0.44385154012940525,0.38743556323942435,1495
1038,20265,0.1952794711632106,0.1500298471435925,0.3567763769729923,0.6204873955922531,0.7503348560955233,0.4020469050100872,1.0,0.2444448905816385,0.3698599720271603,0.0,0.3907946616599109,0.268804539215467,0.869453057760477,0.9257153714927412,0.43108293244976637,0.3071524313043994,0.5545738313395727,0.2534031120582924,0.9257153714927412,0.4438464143056987,0.36933590172857006,1496
1285,20456,0.131951524421951,0.0960190719351258,0.4355609835024832,0.3895953279513077,0.4325380720609275,0.2384800954219288,1.0,0.60647470865588,0.2855995251057909,0.0,0.8688666742171061,0.6538480428664474,0.0,0.8514307429854822,0.4136665603763761,0.44603711688083547,0.4121226990868328,0.2657900277188045,0.8514307429854822,0.4437590183795038,0.37704801467296645,1497
418,12069,0.3061859246211213,0.2075755018606729,0.5542536427163507,0.3596531165073212,0.3779878694282966,0.1783417740148531,1.0,0.2211145605593838,0.3211203720904053,0.0,0.669127185080939,0.2454442451473013,0.8212921674167302,0.8514307429854822,0.510512380566523,0.27111746632489453,0.38319655199009417,0.3809145722885118,0.8514307429854822,0.44372352740366683,0.3770103205990436,1498
373,11046,0.0,0.5058356866614817,0.6212715461784004,0.2474606367442319,0.3933768915858682,0.2138813308668694,1.0,0.3581441834387628,0.453070244870926,0.0,0.7616153744062053,0.4819903733899723,0.7947952132712555,0.3980502754647127,0.5096002402668582,0.4056072141548444,0.37094377183939387,0.5635536164199411,0.3980502754647127,0.44371418191147616,0.45592631039080994,1499
681,15057,0.0,0.8601638890512117,0.8329765619636029,0.3016695004716462,0.3997608607715123,0.1713627531634964,1.0,0.571791031169835,0.6659799951897836,1.0,0.8167607745425685,0.4041212651901485,0.8212921674167302,0.1119059728394213,0.5105435517873618,0.6188855131798092,0.574558622881331,0.8465702255074072,0.1119059728394213,0.44370951647423224,0.6261236558139318,1500
1054,20417,0.4532684132055056,0.1852580279148465,0.300188532020952,0.4841549114347402,0.5605513492924463,0.3245147328792241,1.0,0.4145721669202343,0.3680847485765581,0.0,0.3356491579983274,0.1320369144610481,0.9701320359742358,0.8079770209287339,0.4727716304097792,0.3913284577483962,0.47384419872128214,0.24272327996789927,0.8079770209287339,0.4436778726558918,0.381931043974727,1501
1776,21109,0.0,0.3719150071885345,0.69971017410834,0.3138345594757507,0.5025367136462513,0.2554531310685062,1.0,0.2971863955021724,0.3213426639065004,0.0,0.3716890822924044,0.0344221604871532,0.9036320434281871,0.7645232988719857,0.3274358215519362,0.3092645297043364,0.41436488083810163,0.5358125906484372,0.7645232988719857,0.44365826497518,0.3872246886982743,1502
1901,25007,0.4211705665827852,0.2967939124037633,0.4694600190588954,0.1189959105652448,0.5962640481121222,0.3342581712571294,1.0,0.1463950221161274,0.3822807765206967,1.0,0.6013893912737762,0.1832575892257329,0.7947952132712555,0.5559799813989118,0.5001531900883874,0.26433789931841206,0.6099036259868993,0.3831269657313293,0.5559799813989118,0.44359343856277683,0.4192437561803842,1503
1659,21185,0.4749494163497731,0.2946365248992773,0.3985118677122405,0.3373394861034891,0.3591384020967056,0.2194044921171081,1.0,0.4022415743225829,0.3627246872493168,0.0,0.9478941003254626,0.519133289955135,0.0,0.6963643413004936,0.48549420165759266,0.38248313078594987,0.38317647606346056,0.3465741963057589,0.6963643413004936,0.4435734915183651,0.39627607184714564,1504
1924,26047,0.0,0.3423387510705302,0.3854145511769584,0.0794321089497366,0.8496157416505254,0.2231758618807988,1.0,0.2064155681816076,0.3415029952790619,1.0,0.8480243557573786,0.6012645540855186,0.0,0.7532318055434659,0.3623222274607243,0.2739592817303348,0.6304447424962122,0.3638766511237443,0.7532318055434659,0.4434678830313052,0.3884593269398167,1505
1867,24056,0.2785659585813116,0.3249381212468931,0.4574524617213782,0.2298499950318969,0.6223391820394105,0.193996793929309,1.0,0.2748027655141366,0.3315018185748098,0.0,0.775944507169225,0.647078123660912,0.7125442614903211,0.5851231354069573,0.6035332127254425,0.30315229204447325,0.4092371942001233,0.3911952914841357,0.5851231354069573,0.4433999131705771,0.41369730059366633,1506
1299,20080,0.0,0.1646802796411464,0.4144920627651705,0.4809604301239265,0.5570347909577575,0.292330214535521,1.0,0.2688622470705243,0.3314306342460512,0.0,0.7503257421050116,0.297067955871396,0.7789425991309047,0.9257153714927412,0.45658407427682807,0.30014644065828777,0.466065087123441,0.28958617120315844,0.9257153714927412,0.44331371197845676,0.36878189091968155,1507
1639,21007,0.4661875608731715,0.1367580766788992,0.2869270738870932,0.348727847905383,0.3554020631639749,0.2367766129479089,1.0,0.3538938682129584,0.3637558365689524,0.0,0.901867201574577,0.4660775510107865,0.7947952132712555,0.8822616494359928,0.6572318816824476,0.3588248523909554,0.38818130480345336,0.21184257528299621,0.8822616494359928,0.4432505472350568,0.37317474967976827,1508
2427,32031,0.2916684363221723,0.2372767928713809,0.407936154559633,0.1929376326241542,0.4571021384896633,0.2146423405944302,1.0,0.2757490693586426,0.4699436926628912,0.0,0.7442467411813591,0.2285420077280545,0.7606458862803938,0.7532318055434659,0.5062757678779949,0.3728463810107669,0.37293642234164953,0.32260647371550694,0.7532318055434659,0.44323160481918267,0.38820063187659687,1509
441,12002,0.3061859246211213,0.2386071179707322,0.443908083844807,0.33771064544484,0.331010324056795,0.1686078669142843,1.0,0.2376425405825248,0.385375243264498,0.0,0.7008249510688047,0.2270190715702973,0.8212921674167302,0.8514307429854822,0.5138305286692384,0.3115088919235114,0.36746576728318386,0.3412576009077696,0.8514307429854822,0.4431469657136342,0.3763980745234825,1510
1703,21141,0.1546603173784129,0.2170151417987588,0.3492050581584243,0.3687695134168466,0.3956894946919849,0.2349464971662933,1.0,0.343611396029998,0.2504398256562306,0.0,0.8745114903677023,0.4784919808905776,0.7947952132712555,0.8822616494359928,0.5756147504769871,0.2970256108431143,0.39988110105502495,0.28311009997859155,0.8822616494359928,0.44307973910731346,0.37299500311755207,1511
1706,21168,0.0555057041487397,0.2558486594494256,0.637432189837009,0.3339614416304094,0.3512659240395931,0.2098976550187865,1.0,0.4974570687332397,0.3325552062303814,0.0,0.8927484931386582,0.3907714886874975,0.0,0.725114210224383,0.33475642149372387,0.41500613748181053,0.3790250041377578,0.4466404246432173,0.725114210224383,0.4429586106665887,0.39160869984441987,1512
925,17022,0.0555057041487397,0.2973293563997423,0.5220591854634506,0.327685499123228,0.371874154344594,0.2093771309811991,1.0,0.4171899475049495,0.379448423915074,0.0,0.6248372324727143,0.1369645073749246,0.8429462157448122,0.6594077639142162,0.4150634149352977,0.39831918571001174,0.3817873568898042,0.4096942709315965,0.6594077639142162,0.44295155851638485,0.40101145498592927,1513
1754,21191,0.3061859246211213,0.3023172773228038,0.5018162372297665,0.3548763207962514,0.3683021670543289,0.2082756502202407,1.0,0.2465614249226835,0.2508357268605881,0.0,0.860182357604683,0.44473710675007,0.7947952132712555,0.7336923924214751,0.6014751505617825,0.2486985758916358,0.3862908276141642,0.40206675727628516,0.7336923924214751,0.44291818700220764,0.39041445409661374,1514
1937,26012,0.3334247565859515,0.4456956115259244,0.4824986519146431,0.0997555614958484,0.6697247866886908,0.457803909162319,1.0,0.2325977512294729,0.3279350293712824,1.0,0.7707338757916833,0.4983150544267067,0.0,0.5064636110869319,0.4006184217010854,0.28026639030037764,0.6454568514693717,0.4640971317202838,0.5064636110869319,0.44285877721938494,0.4282471771208768,1515
2129,30019,0.4532684132055056,0.1477949779140383,0.300188532020952,0.4020093287158547,0.4523278477880512,0.360210257197555,1.0,0.381834255600706,0.3744989825190745,0.0,0.5523229920610648,0.3383370423632266,0.9036320434281871,0.8079770209287339,0.561890122764496,0.37816661905989024,0.4429094867402922,0.22399175496749518,0.8079770209287339,0.44284946337904446,0.38103985308878374,1516
467,13001,0.0,0.3953554375263653,0.2717650557236629,0.3129934493133847,0.4937488218430077,0.2419330819246079,1.0,0.424364684458152,0.4301483480324436,0.0,0.6847590792135645,0.2861579368756254,0.7606458862803938,0.673718331962919,0.43289072559239594,0.4272565162452978,0.40973507061620007,0.3335602466250141,0.673718331962919,0.4428376661209462,0.39873659909586934,1517
713,15025,0.0,0.7138083164826158,0.7956974989216964,0.3183366254294214,0.3972991731760162,0.2021719224669713,1.0,0.3960459239894065,0.6790179482691663,1.0,0.6139817849445757,0.2555353392950235,0.8212921674167302,0.1701068172286398,0.42270232291408233,0.5375319361292864,0.5835615442144817,0.7547529077021561,0.1701068172286398,0.4428028598146626,0.5624482781397533,1518
487,13078,0.2889724990448923,0.1964008550805606,0.3934655149061234,0.2945475310340782,0.5473274975688378,0.3155877447840106,1.0,0.372727088032088,0.3435970654438193,0.0,0.3590967921468251,0.2971483447186768,0.9036320434281871,0.8079770209287339,0.46221241983464534,0.35816207673795364,0.43149255467738534,0.294933184993342,0.8079770209287339,0.44279573953737933,0.38098207212710083,1519
408,12070,0.3061859246211213,0.2925115381040216,0.6179076642594393,0.3519543201839821,0.3622332858177552,0.1986584160339566,1.0,0.2230063722465572,0.2746131528309307,0.0,0.8141554588537978,0.2979557960217617,0.7947952132712555,0.7097780834867178,0.553273098191984,0.24880976253874393,0.3825692044071388,0.4552096011817305,0.7097780834867178,0.44276185218073016,0.39348854878237766,1520
928,17012,0.3024799758214906,0.422897661161094,0.6078092284949262,0.3159321448570277,0.3253262592658231,0.1790479040281596,1.0,0.3470712657245343,0.5019098914324447,1.0,0.8536691719079761,0.3357192842100209,0.0,0.3694839562584148,0.3729671079848719,0.4244905785784895,0.5640612616302021,0.5153534448280102,0.3694839562584148,0.4427036742419099,0.46317222875108055,1521
1490,20381,0.1546603173784129,0.2159928231016245,0.3908492491240862,0.3680828054496191,0.3943909163174783,0.2164838011179983,1.0,0.338991269453501,0.2318601479437455,0.0,0.8714719899058767,0.3200401284747359,0.7947952132712555,0.9257153714927412,0.5352419122575702,0.28542570869862327,0.39579150457701917,0.3034210361128553,0.9257153714927412,0.44259506433872364,0.3680347605487047,1522
2114,30175,0.1176289148132409,0.4202387923049703,0.613141341266355,0.3087738125731852,0.5292931811806727,0.2941094772661361,1.0,0.3283823743054755,0.4181675087332566,0.0,0.3512809486057326,0.4929901139497413,0.8429462157448122,0.456765206349636,0.4512115482783817,0.373274941519366,0.4264352942039988,0.5166900667856626,0.456765206349636,0.4424223542591142,0.43890757307103967,1523
425,12053,0.1900173123930223,0.370699094279918,0.5833084880555318,0.3356826852142386,0.3263346443406624,0.1809926784777398,1.0,0.3244830783069863,0.3102993042280383,0.0,0.6756403707776462,0.3634226901926287,0.869453057760477,0.5786259907364864,0.5246333577809436,0.3173911912675123,0.3686020016065282,0.4770037911677249,0.5786259907364864,0.44236997828795444,0.4136495656853531,1524
753,15017,0.0,0.19098826081389,0.3367255473426092,0.320735928265157,0.3868992668664219,0.2031372642240461,1.0,0.3687759599717956,0.5068672126458057,1.0,0.803300011325659,0.6143157445917491,0.0,0.7097780834867178,0.354403938979352,0.43782158630880064,0.582154491871125,0.2638569040782496,0.7097780834867178,0.4422471086430757,0.39291680732653234,1525
751,15034,0.0,0.2686188052485203,0.4033287599399012,0.3257870555298126,0.37642000456398,0.2080580228842352,1.0,0.4010380119858927,0.4041334248213308,0.0,0.6131134153984654,0.3693385971985857,0.8429462157448122,0.7171720540196672,0.4563495570854658,0.40258571840361174,0.3820530165956056,0.33597378259421073,0.7171720540196672,0.442223355586247,0.3918738241657335,1526
1446,20307,0.1301851996254693,0.1986577393114198,0.4389791309185027,0.5842054563271405,0.6433129737973811,0.4793720592613396,1.0,0.1850329393107803,0.2839624750315148,0.0,0.7003907662957494,0.5243214869137389,0.7947952132712555,0.7771461144782232,0.5374231665265532,0.23449770717114754,0.5413780978771723,0.3188184351149613,0.7771461144782232,0.4421812819836976,0.3840385073817572,1527
922,17010,0.0555057041487397,0.3531006602885402,0.5416323882262978,0.3294285504917692,0.3504995947828414,0.2027033126827775,1.0,0.7210957948353801,0.3680579911591671,0.0,0.8879722535846126,0.4134872244236369,0.0,0.5431683198140091,0.3392412955392473,0.5445768929972736,0.37652629159147766,0.44736652425741896,0.5431683198140091,0.44217300915072155,0.4200071449025942,1528
1759,21073,0.4661875608731715,0.3015748676502274,0.4731780630258004,0.3354586045934201,0.3258143587415428,0.1989344204488192,1.0,0.3655663920090172,0.3166281475485246,0.0,0.8758142517373091,0.3942396759930432,0.0,0.7914566825269261,0.434060372150881,0.34109726977877086,0.3720414767567564,0.3873764653380139,0.7914566825269261,0.44209542924493034,0.3821978533195764,1529
1448,20313,0.418388564882842,0.1918946099017696,0.5866992856054496,0.4263620595892606,0.4869624330363566,0.2810145519433333,0.0,0.285991763065992,0.3967304842872022,0.0,0.6270081563379899,0.3032993839679785,0.7789425991309047,1.0,0.5319096760799288,0.3413611236765971,0.23886780891379011,0.38929694775360957,1.0,0.4420771981500588,0.3604729193914084,1530
397,12085,0.4028778282085332,0.2328179006778969,0.4355609835024832,0.3698333771085959,0.4166592986104104,0.1574561730162362,1.0,0.3769569322862174,0.2160420358694788,0.0,0.8263134607011018,0.5222490297485104,0.0,1.0,0.4378600796645364,0.2964994840778481,0.3887897697470485,0.33418944209019,1.0,0.44199094251060883,0.36038500470160045,1531
156,7099,0.8582324433958022,0.3464982465794743,0.579805577930439,0.376914179555713,0.908016845559547,0.190917836348156,1.0,0.1801223712978037,0.2317277134748152,0.0,0.1784628823781646,0.1897893514333591,0.8429462157448122,0.6902386703647267,0.5173577232380345,0.20592504238630943,0.4951697722926832,0.46315191225495667,0.6902386703647267,0.4419726496531121,0.3953615420833326,1532
2132,30114,0.5689366890539633,0.2086011426113316,0.3410507756685701,0.3376043062105984,0.456871361985117,0.3639069778555301,1.0,0.3837560081685898,0.3574584570479318,0.0,0.2974381027885346,0.5398313169263186,0.869453057760477,0.673718331962919,0.5689147916323234,0.3706072326082608,0.4316765292102492,0.2748259591399509,0.673718331962919,0.4419072573532114,0.3976896845786522,1533
1872,24024,0.1562111475591024,0.5803677452349751,0.6588817058453529,0.2502721210762485,0.58849582069726,0.2487605366867467,1.0,0.2309972300087064,0.2761490068367885,1.0,0.5536257534306703,0.2715005309903266,0.7789425991309047,0.3945990627994913,0.440070007777751,0.25357311842274743,0.617505695692051,0.619624725540164,0.3945990627994913,0.4418859040178341,0.4545678041855167,1534
799,16085,0.0,0.3963144429868196,0.623946528160716,0.2302033644694531,0.3315369335177788,0.256869092022443,1.0,0.2959296869724795,0.379157725929158,0.0,0.6265739715649348,0.4242327660901648,0.8212921674167302,0.5745035569136432,0.46802472626795744,0.33754370645081877,0.363721878001935,0.5101304855737678,0.5745035569136432,0.44184347676012786,0.41377321992796495,1535
2169,30167,0.3443446855572439,0.222378770628277,0.4226463452550246,0.2905992367496853,0.5821247826423829,0.3696241141892109,1.0,0.2790312807309787,0.3067512868820142,0.0,0.2739904686400367,0.4791388171572294,0.869453057760477,0.8079770209287339,0.49173175727874674,0.2928912838064964,0.44846962671625584,0.3225125579416508,0.8079770209287339,0.44179691193639054,0.3799081343707993,1536
2476,32014,0.0,0.2492043376577184,0.4123515176257732,0.1912230019180235,0.6023561721808729,0.1450113484507051,1.0,0.1663879859279955,0.3003560679821309,1.0,0.8397742239180113,0.5971719360022069,0.7125442614903211,0.6902386703647267,0.5373726053526349,0.2333720269550632,0.5877181045099202,0.3307779276417458,0.6902386703647267,0.44177978544391006,0.39514589827724883,1537
2451,32056,0.0,0.5353393555775822,0.6963555542533466,0.202249183890914,0.5338124849334307,0.1608452878955966,1.0,0.3760707478954287,0.3755373253051176,1.0,0.9500652312411784,0.7053707306777106,0.7390115964200016,0.2095933576864802,0.5986118895847227,0.3758040366002732,0.5793813913439883,0.6158474549154644,0.2095933576864802,0.44175797410355505,0.5322750607743754,1538
341,11016,0.0,0.3335154602230766,0.4824986519146431,0.2403109064113048,0.3996838408009839,0.2066731702243858,1.0,0.5790867509838702,0.4056479350726834,0.0,0.9122882572792216,0.5810407143163995,0.0,0.6046625485289482,0.37333224289890526,0.4923673430282768,0.3693335834873349,0.40800705606885984,0.6046625485289482,0.4413639490508196,0.4079602069206764,1539
1440,20311,0.418388564882842,0.0739591745727489,0.4910652048884324,0.4314264992725108,0.4935267052226467,0.2764885478944638,0.0,0.2736260247186524,0.3676941749620467,1.0,0.5557968843463863,0.1001555823071963,0.7390115964200016,0.9257153714927412,0.4533381569891065,0.32066009984034954,0.44028835047792425,0.28251218973059067,0.9257153714927412,0.4413100441018136,0.36669956617175953,1540
2464,32051,0.0,0.3158670958886824,0.4980317856262841,0.203656738257055,0.6054776023685506,0.1199367702318896,1.0,0.2063680180265155,0.242023862905186,1.0,0.9339991523354974,0.6456549174668544,0.7125442614903211,0.5462305300007282,0.5730495828231682,0.22419594046585073,0.585814222171499,0.40694944075748324,0.5462305300007282,0.44126477128975533,0.4183406609200323,1541
777,15027,0.0,0.2524440110260979,0.4123515176257732,0.2977089239769944,0.3672433084755905,0.1850879966432417,1.0,0.5906148444350997,0.6731679970276094,0.0,0.8688666742171061,0.5853258851408537,0.0,0.5920397329227105,0.36354813983948997,0.6318914207313546,0.37000804581916535,0.3323977643259356,0.5920397329227105,0.44125018498328483,0.4099854195673643,1542
725,15040,0.4339710659788844,0.3519398374355776,0.5220591854634506,0.2982882562465251,0.3318712764594813,0.2040561810779417,1.0,0.3229120152211834,0.7060533833854141,0.0,0.8549717262271417,0.2383477988550192,0.0,0.5303779200216894,0.3818226477652613,0.5144826993032987,0.36684314275678964,0.4369995114495141,0.5303779200216894,0.4411190877783599,0.4212582840248089,1543
1004,19042,0.0,0.2024740388848397,0.2328033721056162,0.1865930190468604,0.884544508038043,0.1389571468987152,1.0,0.2581302808870691,0.3731325856012366,1.0,0.5427703059025317,0.6572028482367832,0.7789425991309047,0.7645232988719857,0.49472893831755493,0.3156314332441528,0.6420189347967237,0.21763870549522796,0.7645232988719857,0.4410059527364248,0.38433318351267115,1544
1947,26017,0.0029198793817532,0.4954530771487332,0.5992714535156618,0.0742037836690553,0.8654593087502298,0.1566253057805908,1.0,0.3460214624086424,0.2510473312536594,1.0,0.8475901709843241,0.6222619240166981,0.0,0.4471037074103583,0.36819299359569385,0.2985343968311509,0.6192576796399752,0.5473622653321975,0.4471037074103583,0.44088455489519346,0.4393433308431101,1545
954,18010,0.0,0.2816360801357008,0.4422904435579479,0.1708664516465058,0.3483311207144264,0.3084237973509126,1.0,0.3228315620304178,0.3055657868833045,1.0,0.6804168173821328,0.1403908772196893,0.9036320434281871,0.59943370345566,0.43110993450750235,0.3141986744568611,0.5655242739423689,0.36196326184682437,0.59943370345566,0.4406866114198048,0.40806282417781936,1546
1730,21064,0.1176289148132409,0.2593399473243377,0.4790987865072429,0.3041172972908169,0.5422630135675581,0.3039225811934815,1.0,0.2831530120566531,0.3345330379672859,0.0,0.3499782907613471,0.4314972351660681,0.869453057760477,0.7645232988719857,0.4421393746252833,0.3088430250119695,0.43006057841037126,0.36921936691579027,0.7645232988719857,0.44045380360817016,0.38373178570502403,1547
1326,20123,0.0,0.1386889400082395,0.300188532020952,0.4677614036006478,0.5349965009642775,0.2705378306711599,1.0,0.3648958732212689,0.4352234023077395,0.0,0.7689969296490229,0.2041289872920967,0.8212921674167302,0.9257153714927412,0.44860452108946247,0.40005963776450415,0.4546591470472171,0.21943873601459576,0.9257153714927412,0.4404463517454193,0.36580269644896235,1548
1765,21111,0.1176289148132409,0.2410142033946014,0.5072509351768942,0.30822487513521,0.5308025968619994,0.2851822221091353,1.0,0.3161921084600542,0.3144273563061526,0.0,0.4059921639690409,0.3007337519636769,0.9036320434281871,0.7645232988719857,0.4319967185435365,0.3153097323831034,0.42484193882126886,0.3741325692857478,0.7645232988719857,0.4403239311889995,0.38359035674601993,1549
83,6004,0.0,0.3343298846343582,0.4681911011296974,0.2068300685196938,0.2154120714673228,0.5523383538132797,1.0,0.4588168418539278,0.3137554358969912,1.0,0.6409031043279545,0.1404906119030911,0.7947952132712555,0.4554255630916615,0.39404723237557526,0.3862861388754595,0.5949160987600592,0.4012604928820278,0.4554255630916615,0.4403027387515234,0.4366011572834804,1550
1396,20234,0.418388564882842,0.0967343126328422,0.1898429731494084,0.4254242645521319,0.4857239556620654,0.3290199623347043,1.0,0.37247634717517,0.6573636155879996,0.0,0.4411636151917877,0.2382955445761463,0.9036320434281871,1.0,0.5003699420197408,0.5149199813815848,0.4480336365097803,0.1432886428911253,1.0,0.4402614601861493,0.3586231633368381,1551
726,15039,0.3859842990059995,0.724527887360949,0.8041157876624792,0.3189049293791747,0.4071572028715399,0.2057346031536735,1.0,0.3593624381833041,0.622056688689149,0.0,0.633087364312082,0.2143223273433856,0.8212921674167302,0.2221909953141781,0.5136715395195492,0.4907095634362265,0.3863593470808776,0.764321837511714,0.2221909953141781,0.4402514899879564,0.5223293495738396,1552
1834,24029,0.2159380441879529,0.1842689541182028,0.3638425535640407,0.276189588911445,0.5899876332031797,0.3668031506591996,1.0,0.3568906068594147,0.4917316190540782,0.0,0.4376899299569066,0.3817019512144053,0.869453057760477,0.668732778856004,0.4761957457799354,0.42431111295674645,0.44659607455476485,0.27405575384112174,0.668732778856004,0.44024585031202107,0.3965572881592765,1553
1842,24003,0.5454589984878422,0.391093422475853,0.4422904435579479,0.2635329680663451,0.6009430314627064,0.3364458292025184,1.0,0.2091914326090916,0.4373330178412314,0.0,0.3135040781689948,0.1714282738371614,0.9301468010770012,0.5686027970051493,0.49013453789274986,0.3232622252251615,0.4401843657463139,0.41669193301690044,0.5686027970051493,0.4401754254164201,0.4128858437451016,1554
816,16057,0.4392302202036184,0.2681916530269355,0.3825889602415067,0.257936025771344,0.2992823438498022,0.3089154134887721,1.0,0.2567132305814718,0.3574767750760979,0.0,0.6252714172457694,0.2200186590619724,0.7947952132712555,0.8514307429854822,0.5198288774456539,0.3070950028287848,0.3732267566219837,0.3253903066342211,0.8514307429854822,0.44008034479598873,0.37314500582593846,1555
1327,20122,0.3932202598211434,0.0783356405673414,0.3736298191175524,0.5879401283827757,0.6340064482122443,0.4359241306041697,1.0,0.2013493786985075,0.2720890638557474,0.0,0.7416414254925885,0.5913414723028144,0.7789425991309047,0.9257153714927412,0.6262864391868628,0.23671922127712744,0.5315741414398379,0.22598272984244688,0.9257153714927412,0.43997157673618204,0.36530987090304495,1556
2172,30190,0.4532684132055056,0.1383892655894968,0.2937651483864014,0.4619797596086521,0.5678626957428562,0.3741333590262672,1.0,0.5760833228448897,0.3122725996947271,0.0,0.4415980070152829,0.64832432186182,0.0,0.9257153714927412,0.38579768552065213,0.4441779612698084,0.4807951628755552,0.21607720698794908,0.9257153714927412,0.4399391683232554,0.36527623519577046,1557
915,17006,0.0,0.7030926700835984,0.7224880573895763,0.3207617379598471,0.3554750952949578,0.1911021147057885,1.0,0.8727497092744828,0.456664465180017,1.0,0.8862353074419518,0.3094621189931568,0.0,0.2021993871535309,0.29892435660877714,0.6647070872272499,0.5734677895921186,0.7127903637365873,0.2021993871535309,0.43963115279747683,0.5338455360441471,1558
2190,30139,0.4013003736159663,0.0,0.2717650557236629,0.4422121608795599,0.5822240778329566,0.4095763713691529,1.0,0.6143471210482285,0.2702367505591594,0.0,0.4133738227370784,0.8255494785696476,0.9036320434281871,0.8822616494359928,0.6359639295877199,0.44229193580369397,0.48680252201633395,0.13588252786183144,0.8822616494359928,0.43959330438866856,0.36932991470470283,1559
2138,30150,0.5967154078961798,0.3723180078228001,0.5536855267134492,0.2826141285787872,0.6073021059989467,0.441905985810423,1.0,0.2146577588069984,0.2821423879945721,0.0,0.3221884983066378,0.6265162726584033,0.0,0.7914566825269261,0.38635504471530524,0.24840007340078524,0.4663644440776314,0.46300176726812464,0.7914566825269261,0.43951601836890064,0.37941246697441366,1560
899,16043,0.0,0.6820922484151478,0.6046876265251271,0.2285419719829929,0.3339850057774132,0.2504683447362141,1.0,0.2673482928040898,0.4076796990778916,0.0,0.7620495591792602,0.4869822913333027,0.8212921674167302,0.4020199909643681,0.5175810044823232,0.3375139959409907,0.36259906449932405,0.6433899374701375,0.4020199909643681,0.4394239684444491,0.4493065656932618,1561
703,15060,0.0,0.6177585755278764,0.778471242242006,0.2967806973999568,0.4095860201385427,0.1742856153322678,1.0,0.4883759133381812,0.6591762525298013,0.0,0.752496665970287,0.314275970061383,0.8212921674167302,0.229941605328204,0.47201620086210005,0.5737760829339913,0.3761304665741535,0.6981149088849412,0.229941605328204,0.4392547497458075,0.516405897121773,1562
1240,20484,0.1546603173784129,0.1370896556461844,0.3881667417764709,0.3663126958962567,0.3910178028153973,0.208142526275211,1.0,0.308498285910547,0.2471553040188545,0.0,0.8688666742171061,0.4609013485910599,0.7947952132712555,1.0,0.5698058883644586,0.27782679496470075,0.39309460499737303,0.26262819871132764,1.0,0.43920563164681264,0.35754842982803936,1563
335,11015,0.0,0.5661928194551079,0.7091802707107334,0.2397822756231263,0.4653634208319228,0.1598398658938524,1.0,0.3583074615033155,0.6588138771524077,1.0,0.764220483044536,0.3919594256060608,0.7947952132712555,0.1802840584126617,0.4877437804804631,0.5085606693278616,0.5729971124697804,0.6376865450829207,0.1802840584126617,0.4391878376373538,0.5486855834459438,1564
2164,30159,0.4532684132055056,0.1983442729510304,0.300188532020952,0.4060020363692047,0.4583734861924476,0.3632841053336197,1.0,0.4195699789686746,0.3868269738543437,0.0,0.3469387902995211,0.2048919687100078,0.9036320434281871,0.7645232988719857,0.4771828039108055,0.4031984764115092,0.44553192557905436,0.24926640248599122,0.7645232988719857,0.439164669013959,0.3823284012813848,1565
29,4006,0.7506906774790084,0.4801010585917172,0.559234091818974,0.2702045065585848,0.522853098834359,0.2674366925439262,1.0,0.1749583169612341,0.1791413834287519,0.0,0.5115067246877212,0.5639488957377211,0.8212921674167302,0.6508295817171241,0.6618596163302952,0.177049850194993,0.412098859587374,0.5196675752053456,0.6508295817171241,0.4391482463788456,0.39801287408520186,1566
427,12047,0.5164694362975522,0.1071076835029667,0.3322162123140422,0.2972365390943311,0.2991388990171943,0.224320922582683,1.0,0.3001703719175789,0.4196333237123828,0.0,0.6995223967496391,0.2101386318823061,0.8429462157448122,1.0,0.5672691701685774,0.35990184781498086,0.3641392721388417,0.21966194790850446,1.0,0.43913608093593465,0.35747765644362417,1567
347,11003,0.0,0.7227200457755204,0.6865826283629554,0.2506364533856237,0.4744743762633268,0.1728148021998778,1.0,0.3790326662680778,0.484368796078099,1.0,0.7650890596410862,0.5065169347805135,0.7947952132712555,0.1788128249455512,0.5166003019232138,0.4317007311730884,0.5795851263697657,0.7046513370692379,0.1788128249455512,0.4388999419430685,0.5493602576801352,1568
1643,21037,0.4661875608731715,0.0593368771246918,0.2869270738870932,0.3714835367624156,0.4007675940291254,0.2710393189994677,1.0,0.4272906772706718,0.2895349312718499,0.0,0.8775509908295283,0.6505152836348416,0.7789425991309047,0.9257153714927412,0.6932991086171115,0.3584128042712609,0.40865808995820174,0.17313197550589252,0.9257153714927412,0.43883757235492715,0.36413329080619494,1569
247,8011,0.0,0.5609810129682781,0.5350493159696716,0.1343834219518326,0.8678144096811551,0.0814037218316761,1.0,0.2070021686449481,0.2464632889696809,1.0,0.8293529611629278,0.6264289871656885,0.7125442614903211,0.3908903859825862,0.5420815524547343,0.2267327288073145,0.6167203106929328,0.5480151644689748,0.3908903859825862,0.43863464617920683,0.4514554682671975,1570
1527,20416,0.418388564882842,0.1794737187737742,0.5243378406124412,0.4180989831423899,0.4757961974700104,0.2843832868519804,0.0,0.3062617037280963,0.4348116341115431,0.0,0.6943117653720974,0.2203753312841995,0.7789425991309047,1.0,0.5280045651675109,0.37053666891981973,0.23565569349287613,0.35190577969310766,1.0,0.43856567859058754,0.35689733241497335,1571
1862,24052,0.3797002956194488,0.1817636318506266,0.3492050581584243,0.2419042527442226,0.6113605409477072,0.239566410149062,1.0,0.223713347883827,0.3039107726539909,1.0,0.6409031043279545,0.4584497086977634,0.7606458862803938,0.668732778856004,0.5599247487313901,0.26381206026890897,0.6185662407681983,0.26548434500452545,0.668732778856004,0.4385513077525225,0.3946502299351409,1572
9,1003,0.0,0.5569053326145578,0.5891730177511487,0.2074627482401695,0.4933567139234099,0.1927263241994468,1.0,0.2925596129273267,0.3940205406025708,0.0,0.8059053270144301,0.4578405664923798,0.7606458862803938,0.4300567337219686,0.5060979449468009,0.3432900767649487,0.37870915727260523,0.5730391751828532,0.4300567337219686,0.438512865041004,0.4406527511365189,1573
787,15038,0.0,0.2218934508837652,0.3367255473426092,0.2963312959301564,0.4016341860885827,0.1689215902592991,1.0,0.4360036696450621,0.5550193544820864,0.0,0.7351280327454413,0.3689986062193958,0.8212921674167302,0.6508295817171241,0.4813547015953918,0.49551151206357424,0.3733774144556076,0.2793094991131872,0.6508295817171241,0.43837320476159186,0.3971350143268284,1574
633,14080,0.1160724679560654,0.1661213648829912,0.3062446592022165,0.1829024091615753,0.2899027861336822,0.5360200751351003,1.0,0.5673937605155486,0.3595205890757191,0.0,0.5874946503342517,0.1222145204077733,0.8429462157448122,0.8822616494359928,0.4171819636107257,0.46345717479563386,0.4017650540860716,0.23618301204260383,0.8822616494359928,0.4383597497042434,0.36803488608212837,1575
2020,28002,0.2756718112163465,0.3930644713760582,0.504568427829279,0.2433719071619601,0.7392728711714267,0.485007415034302,1.0,0.2047646131205355,0.3370455360048924,0.0,0.3812418719761579,0.3864836485370108,0.8212921674167302,0.5786259907364864,0.4661723747865613,0.27090507456271395,0.49353043867353774,0.44881644960266864,0.5786259907364864,0.43835792671410917,0.4089654275450772,1576
1878,24043,0.1562111475591024,0.2648174830241333,0.4123515176257732,0.2486552689709041,0.5470685227804384,0.206382994731664,1.0,0.3991977714311312,0.347419569178711,0.0,0.6517585518560933,0.3391746582529409,0.7789425991309047,0.6639688805647354,0.4815217391997603,0.3733086703049211,0.4004213572966012,0.33858450032495324,0.6639688805647354,0.43833202472605143,0.39510913492017424,1577
1667,21079,0.0,0.2233979007115314,0.4320288770750036,0.361989513910248,0.3826210513196201,0.2808950847901499,1.0,0.4495519747209896,0.3777064371599061,0.0,0.9665652878694744,0.6555160364808519,0.0,0.725114210224383,0.40552033108758156,0.41362920594044783,0.4051011300040036,0.3277133888932675,0.725114210224383,0.4381447145792719,0.38629613888605124,1578
2291,30035,0.3443446855572439,0.2605594871027057,0.4767700470365016,0.2847398392063117,0.6004765230019373,0.407740395883983,1.0,0.2731497305275513,0.278320372871175,0.0,0.212331779281746,0.3843286695316731,0.869453057760477,0.7645232988719857,0.452614548032785,0.2757350516993632,0.4585913516184464,0.36866476706960366,0.7645232988719857,0.4380601438043885,0.38112680612018984,1579
1833,24051,0.0,0.2433921808257207,0.3704667967482067,0.2312260085781471,0.6253387584094316,0.202988899301604,1.0,0.2656096153991433,0.3283403808931644,1.0,0.669127185080939,0.5437111788514346,0.7606458862803938,0.5851231354069573,0.49337106255319185,0.29697499814615386,0.6119107332578365,0.3069294887869637,0.5851231354069573,0.4378985467471993,0.4072912333519415,1580
361,11019,0.0911132153950776,0.3641574386611336,0.5098672009589315,0.2627102815335688,0.4194848958416497,0.1885489183455391,1.0,0.3449426923624433,0.3671144340231667,0.0,0.7394702945768723,0.3927421646677063,0.7947952132712555,0.5477950842859758,0.5045302219777279,0.35602856319280496,0.37414881914415155,0.4370123198100325,0.5477950842859758,0.4378301286797986,0.41397824763580054,1581
1207,20404,0.0538605071821859,0.1242921910781538,0.2717650557236629,0.4199633055199469,0.4783661235473013,0.2537175374990528,1.0,0.3606586312923652,0.3226110556455859,0.0,0.8158924049964582,0.560430701950565,0.7789425991309047,1.0,0.5522815533150285,0.34163484346897555,0.4304093933132602,0.19802862340090835,1.0,0.4377906491333907,0.3561091243131201,1582
229,8051,0.5406557772729131,0.2771210489048195,0.3062446592022165,0.1143599258421345,0.6837262469825927,0.2152184342562402,1.0,0.6467196574619383,0.30025345127376,0.0,0.454190193635642,0.0461410220054121,0.7789425991309047,0.6354934549794589,0.454982398011218,0.47348655436784914,0.4026609214161935,0.291682854053518,0.6354934549794589,0.4377768001263107,0.3988303114096099,1583
1640,21011,0.3061859246211213,0.181143930556567,0.3796859462988168,0.3487630927494664,0.3554774313172772,0.2001127908690905,1.0,0.2201336387824515,0.2660662485283055,0.0,0.874945675140758,0.5003969653801494,0.7947952132712555,1.0,0.6190809446033211,0.24309994365537851,0.3808706629871668,0.2804149384276919,1.0,0.43774600636216376,0.3560637330526138,1584
2265,30129,0.2796398042993077,0.2887456468233306,0.496087632351625,0.2812810221375083,0.5888245239821905,0.3743959873621673,1.0,0.4790422048637498,0.3937695015792096,0.0,0.4216239545764459,0.5199225301623772,0.0,0.6844442827380792,0.30529657225953266,0.43640585322147973,0.44890030669637326,0.3924166395874778,0.6844442827380792,0.43769298129117395,0.39140597674835353,1585
1961,26003,0.5406557772729131,0.2962277102529985,0.5072509351768942,0.112517003698051,0.6129878226071448,0.3100769080240149,1.0,0.1135247548663235,0.3022294508561873,1.0,0.2796352847906334,0.2035071302535336,0.7789425991309047,0.7028614859709643,0.45068519786199623,0.2078771028612554,0.607116346865842,0.4017393227149464,0.7028614859709643,0.4376764642099968,0.3887980293798085,1586
807,16103,0.0,0.4362578627313314,0.5705054552152529,0.2207992707569598,0.3403713109853763,0.2588622122029602,1.0,0.3484642887572686,0.4782586014080608,0.0,0.8332610382213039,0.4997231740500882,0.0,0.6354934549794589,0.33324605306784805,0.4133614450826647,0.36400655878905924,0.5033816589732921,0.6354934549794589,0.43756495543802953,0.39858907840099533,1587
957,18018,0.0,0.385395656595338,0.5903885574389284,0.1696607501449335,0.3293485202516378,0.3290787252511967,1.0,0.2740434451434365,0.2655816297370925,0.0,0.7520624811972316,0.4251037553221198,0.869453057760477,0.6508295817171241,0.5116548235699571,0.26981253744026445,0.3656175991295536,0.48789210701713315,0.6508295817171241,0.43749336783678994,0.3961389271444737,1588
1427,20289,0.3706292612258043,0.0979541837957487,0.2632842602460088,0.484604535597733,0.5662948308785402,0.3022991268499673,1.0,0.261126982967205,0.3110483563474771,0.0,0.8206686445505047,0.6640417301734032,0.7789425991309047,1.0,0.6585705587701542,0.286087669657341,0.470639698665248,0.18061922202087877,1.0,0.4374322468655684,0.3557447456581221,1589
560,14015,0.2023157850710615,0.6295090225100349,0.621871850224412,0.196993272076536,0.250956430804988,0.4522481868258906,1.0,0.2132195538877046,0.3842050497456475,0.0,0.6083369687939784,0.1436883865491268,0.7947952132712555,0.5153996235502176,0.4372840884213555,0.2987123018166761,0.3800395779414829,0.6256904363672235,0.5153996235502176,0.4373910024637213,0.4198085524736656,1590
567,14075,0.0,0.2248692799771077,0.3854145511769584,0.1914679871507213,0.3375480497764561,0.3880733104256109,1.0,0.3563863791631668,0.3992400306147774,0.0,0.8111159583919718,0.3416369499992329,0.8212921674167302,0.7336923924214751,0.4935112689519837,0.3778132048889721,0.3834178694705576,0.3051419155770331,0.7336923924214751,0.4373735223147802,0.3843147971274424,1591
1353,20162,0.3932202598211434,0.0563593908067007,0.2869270738870932,0.5060010141133819,0.5695789608914577,0.3135290740430332,0.0,0.3169895051581619,0.3895369317462843,1.0,0.7707338757916833,0.4386692386447031,0.7789425991309047,0.9257153714927412,0.5953914933471086,0.3532632184522231,0.47782180980957456,0.17164323234689696,0.9257153714927412,0.43717390928350547,0.36240854172391757,1592
2443,32017,0.0,0.6940341035268014,0.7214407337315742,0.2061295442066021,0.5575557607619703,0.147909882674174,1.0,0.267283613958297,0.3176570209517638,1.0,0.926183205269185,0.6783179454890657,0.7390115964200016,0.2260353840167277,0.585878186794563,0.2924703174550304,0.5823190375285493,0.7077374186291878,0.2260353840167277,0.43713918715701094,0.51550225333067,1593
1487,20373,0.418388564882842,0.0473635114736274,0.3492050581584243,0.3918728806890164,0.4362847226950683,0.2699406913298574,1.0,0.3602538247989951,0.3585515382810545,0.0,0.6704299464505445,0.2854075675455725,0.7606458862803938,1.0,0.5337179912898382,0.3594026815400248,0.41961965894278846,0.19828428481602584,1.0,0.43712682211672294,0.355434286822184,1594
510,13036,0.307593730724641,0.2359124281509193,0.3736298191175524,0.301196146287073,0.5147073464478914,0.266504471452275,1.0,0.4065262835925418,0.525386591264171,0.0,0.3469387902995211,0.0350205625703544,0.7606458862803938,0.7430174073632629,0.36254974246872756,0.46595643742835635,0.41648159283744784,0.30477112363423586,0.7430174073632629,0.4369747140169969,0.3826666693351636,1595
309,10004,0.0,0.4399710941012973,0.4719531548088408,0.1761300131052879,0.5727123545977706,0.1774801525602733,1.0,0.187638658968523,0.2682821565205069,1.0,0.7637862982714807,0.5503074289185417,0.7606458862803938,0.5043413622292275,0.518684903367604,0.22796040774451495,0.5852645040526664,0.45596212445506906,0.5043413622292275,0.4368715011080335,0.4214644970178571,1596
1729,21063,0.4532684132055056,0.326637655784041,0.4879333498617709,0.3822477959068578,0.4200812337991648,0.3440885547292046,1.0,0.2493521246626332,0.2797203347890082,1.0,0.6508901823099831,0.6658125377135337,0.7606458862803938,0.3709870673660809,0.6326542548773539,0.2645362297258207,0.6292835168870454,0.407285502822906,0.3709870673660809,0.43686890527749705,0.45509202527589493,1597
453,12059,0.3324542200958938,0.3053719495218794,0.4980317856262841,0.3151422608614561,0.2754829548605922,0.1999273909710748,1.0,0.4305048892574079,0.2933438511154486,0.0,0.7950498794862912,0.268620300718613,0.7947952132712555,0.5576947390236193,0.5477299033930134,0.3619243701864282,0.35811052133862464,0.4017018675740818,0.5576947390236193,0.43681782472284314,0.41093799992205665,1598
820,16018,0.0,0.2265383411102593,0.3367255473426092,0.2498338512641295,0.3704793010069278,0.2342265076186269,1.0,0.4360323415448296,0.5399375874306256,0.0,0.8341294077674142,0.4860876828214103,0.7789425991309047,0.5944481503487452,0.5247899224299323,0.4879849644877276,0.3709079319779368,0.2816319442264342,0.5944481503487452,0.43680820594532643,0.404422203006201,1599
1504,20055,0.1546603173784129,0.2197612471581278,0.3736298191175524,0.3695838152529787,0.3972221532054886,0.2193316047433626,1.0,0.3583531685953166,0.2312878903624892,0.0,0.8467215943877735,0.3526160596880008,0.7947952132712555,0.8514307429854822,0.5371982961813606,0.2948205294789029,0.397227514640366,0.2966955331378401,0.8514307429854822,0.4367555188509516,0.36962443181925414,1600
294,10021,0.0,0.2392486496248479,0.3767011466471717,0.1709228342852028,0.5774899489338339,0.1940628785602813,1.0,0.1776060367117532,0.3077327943680361,1.0,0.8198002750043945,0.5158384535271775,0.7390115964200016,0.6963643413004936,0.5186625812378933,0.24266941553989463,0.5884951323558636,0.3079748981360098,0.6963643413004936,0.43671583179800055,0.38863287843723837,1601
897,16013,0.4392302202036184,0.2356674605007903,0.3603683609836935,0.2629980934164083,0.2941152610234981,0.3056911598313191,1.0,0.221964150485852,0.3013209587729246,0.0,0.6734694469123705,0.2758553814429816,0.7947952132712555,1.0,0.5458375654575565,0.2616425546293883,0.3725609028542451,0.29801791074224193,1.0,0.436558339769837,0.3548565790220122,1602
1864,24014,0.5252848794142257,0.2455445584326573,0.3530583330060873,0.2705578523989752,0.5896509542391584,0.3466053829748637,1.0,0.2514330255732615,0.4438715886173415,0.0,0.4177159810432902,0.2294657711456089,0.9036320434281871,0.6639688805647354,0.519024668757828,0.3476523070953015,0.4413628379225994,0.2993014457193723,0.6639688805647354,0.43639230488477776,0.39292478442275786,1603
2115,30201,0.4532684132055056,0.294044256271614,0.4486178983668503,0.4037250697762037,0.4632696307117163,0.3948579928470851,1.0,0.4016942436520089,0.3428286837460003,0.0,0.2574902049613012,0.0241685608097946,0.9301468010770012,0.607375859660376,0.4162684950134007,0.3722614636990046,0.45237053866700105,0.37133107731923215,0.607375859660376,0.43630174732763977,0.40166991894512577,1604
2345,31065,1.0,0.1447135904169652,0.3174079620274858,0.225409093766541,0.3011364141742402,0.3350233889674798,1.0,0.197989013965099,0.2738181766867307,0.0,0.6044290987860426,0.7070637151327125,0.7947952132712555,1.0,0.7765720067975026,0.23590359532591484,0.3723137793816522,0.23106077622222548,1.0,0.43602393092853436,0.354313669148806,1605
1607,21039,0.3484713972187253,0.1623293160323163,0.3410507756685701,0.3314960846697662,0.4711454124032799,0.2778795869847781,1.0,0.4078315272010752,0.4471838172994841,0.0,0.2535822314281448,0.122305165160754,0.869453057760477,0.8822616494359928,0.39845296289202525,0.42750767225027964,0.41610421681156484,0.2516900458504432,0.8822616494359928,0.4359104762266051,0.365466254849397,1606
1597,21006,0.3484713972187253,0.224921741323367,0.3934655149061234,0.3261772464156224,0.4840262613010017,0.2657594921271307,1.0,0.4099206548482204,0.4209249622254121,0.0,0.3087277350897284,0.0405336274480118,0.869453057760477,0.7532318055434659,0.3917964543792356,0.41542280853681623,0.415192599968751,0.3091936281147452,0.7532318055434659,0.4359050755672326,0.38019617633060143,1607
1732,21066,0.1546603173784129,0.1958245929197374,0.3908492491240862,0.3638254434632477,0.3862146296248371,0.2277519942994565,1.0,0.3069772814669373,0.2420146970420799,0.0,0.8688666742171061,0.4208886645366961,0.7947952132712555,0.8822616494359928,0.5598027173508676,0.2744959892545086,0.39555841347750825,0.2933369210219118,0.8822616494359928,0.4358621457990952,0.36541560541419316,1608
284,9014,0.0,0.7621237315651089,0.7404460022967838,0.3067408737347562,0.3964438604301014,0.1798531834588641,1.0,0.7587631109531432,0.8206180753776996,0.0,0.8280504068437622,0.5037475350376915,0.7947952132712555,0.1322961830487975,0.5316482887881773,0.7896905931654215,0.3766075835247443,0.7512848669309464,0.1322961830487975,0.43577717621112855,0.5870752501269646,1609
1692,21135,0.1546603173784129,0.092976043012965,0.4486178983668503,0.3817642351562427,0.4192411882063365,0.2533275553071439,1.0,0.4214730374806125,0.3019833441019361,0.0,0.8085106427032007,0.5985836522172968,0.0,1.0,0.39043865307472764,0.3617281907912743,0.41086659573394463,0.27079697068990766,1.0,0.4357686264501783,0.354054362152152,1610
1172,20489,0.0,0.1743652947715339,0.3908492491240862,0.4126016139090431,0.4915892910658158,0.2145482887453784,1.0,0.3369195509333306,0.2130224832576843,0.0,0.6847590792135645,0.3195972327604689,0.9036320434281871,1.0,0.47699708885055514,0.2749710170955074,0.4237478387440475,0.28260727194781005,1.0,0.43573123756666243,0.3540163902947139,1611
1660,21184,0.3484713972187253,0.1739421146974143,0.300188532020952,0.3230784682926806,0.4917303998761035,0.26330892425072,1.0,0.4399932518465106,0.4251043013353449,0.0,0.2553191775708054,0.0572543473344056,0.9301468010770012,0.9257153714927412,0.3977979308002344,0.4325487765909277,0.4156235584839008,0.23706532335918318,0.9257153714927412,0.4356609703594192,0.3608414748722187,1612
2184,30047,0.0,0.4382563760143997,0.6427246597821097,0.3789582273774546,0.4346670685319462,0.3977096159285377,1.0,0.312940137343621,0.3483034316085763,0.0,0.3582284226007151,0.0851131841676486,0.869453057760477,0.6046625485289482,0.32819866613221016,0.3306217844760987,0.44226698236758766,0.5404905178982546,0.6046625485289482,0.43560292677674317,0.4013148392755301,1613
1571,20085,0.2820211445059131,0.1630666916824995,0.3767011466471717,0.4797517342066794,0.5709432799229506,0.3191285559567547,1.0,0.2233791831393057,0.452370929259645,0.0,0.4246634550382719,0.0675936296570439,0.9301468010770012,0.8514307429854822,0.42610625756955756,0.33787505619947533,0.4739647140172769,0.26988391916483556,0.8514307429854822,0.4355813513080363,0.3683827329489705,1614
1066,20516,0.0,0.173215702219042,0.3322162123140422,0.4449187317675158,0.5159209291727804,0.2449365403891759,1.0,0.3489258335965328,0.2900223120077485,0.0,0.6877985796753905,0.1688286179580992,0.9036320434281871,1.0,0.4400648102654192,0.31947407280214063,0.4411552402658945,0.2527159572665421,1.0,0.43554724768144726,0.35382954347532647,1615
793,15021,0.0,0.330673599187593,0.4681911011296974,0.2939975460481744,0.3358423797363032,0.2086716561070796,1.0,0.3548663455221275,0.5069761250237486,0.0,0.5570994386655517,0.2518741376905536,0.869453057760477,0.5896842520574764,0.4196066585291456,0.430921235272938,0.3677023163783114,0.3994323501586452,0.5896842520574764,0.4354716428732095,0.40368718897014255,1616
767,15020,0.0,0.6662700343573545,0.6936540469270754,0.3049941814403737,0.4193975641697119,0.1824334526641924,1.0,0.6859436014076082,0.8175667109380651,0.0,0.8228397754662204,0.4701455517984513,0.0,0.2476457043426406,0.3232463318161679,0.7517551561728366,0.38136503965485563,0.679962040642215,0.2476457043426406,0.4351643139355622,0.5010244176823493,1617
1194,20275,0.3932202598211434,0.1771658520628719,0.3530583330060873,0.5944675550024242,0.6239936943705708,0.384708525928905,1.0,0.2084293421143546,0.2784611362873396,0.0,0.3321754727634463,0.2281996624391331,0.9036320434281871,1.0,0.46430685961297746,0.2434452392008471,0.52063395506038,0.2651120925344796,1.0,0.43514468429358427,0.35342079804011517,1618
412,12065,0.3061859246211213,0.2188582497582777,0.3410507756685701,0.3621920345956311,0.383019483101083,0.1911018290254076,1.0,0.2409416230613353,0.2865106570044687,0.0,0.803300011325659,0.2774891175733833,0.7947952132712555,1.0,0.5454425666978548,0.263726140032902,0.3872626693444244,0.2799545127134239,1.0,0.43510999805500966,0.3533855835574066,1619
1268,20022,0.131951524421951,0.0865252583812394,0.2937651483864014,0.3775609052019556,0.4118312307704471,0.2581821014018337,1.0,0.3446148839912164,0.2974856969602462,0.0,0.9027355711206873,0.6594588592038679,0.7947952132712555,1.0,0.6222352920044404,0.3210502904757313,0.40951484747484734,0.1901452033838204,1.0,0.4348871214374796,0.3531593294485167,1620
469,13049,0.0440712072905407,0.2171581641029658,0.3985118677122405,0.2769563976268597,0.5625578077407151,0.3120895634299564,1.0,0.2660886452557273,0.4984277275884268,0.0,0.3139383664672701,0.0378522856162217,0.9301468010770012,0.9257153714927412,0.33150216511275843,0.38225818642207704,0.43032075375950624,0.30783501590760315,0.9257153714927412,0.43479665087474567,0.35994684304705,1621
1356,20167,0.3706292612258043,0.0963233249616577,0.3603683609836935,0.5036258483972212,0.591864946359796,0.3381762330752121,1.0,0.2053814803582088,0.3351500058518175,0.0,0.6417716809245051,0.2959390225371011,0.7606458862803938,1.0,0.5172464627419511,0.27026574310501317,0.48673340556644595,0.2283458429726756,1.0,0.4347850063495693,0.35305567658191656,1622
245,8009,0.5406557772729131,0.4477603538579429,0.4767700470365016,0.1210718138720118,0.6945926617529554,0.2015186436526026,1.0,0.2254656819658624,0.1933800452885905,1.0,0.6882327644484452,0.0447436444632488,0.7789425991309047,0.5177551044154516,0.5131436963288779,0.20942286362722645,0.603436623855514,0.46226520044722225,0.5177551044154516,0.43469242228681754,0.41609882511565394,1623
1846,24057,0.0440712072905407,0.2934144319291968,0.4406477225796021,0.2759286922786793,0.5764759242022239,0.3357532148509756,1.0,0.3039768208657197,0.6253479072214729,0.0,0.3208858404622525,0.1084625623378178,0.9301468010770012,0.5920397329227105,0.35089160279190307,0.4646623640435963,0.4376315662663758,0.36703107725439943,0.5920397329227105,0.43460484260692583,0.4022818956133168,1624
1045,20503,0.4532684132055056,0.0958010046503889,0.2717650557236629,0.5140662215768934,0.5758762826102575,0.3095588661420829,1.0,0.2955625644491787,0.3730164961147674,0.0,0.6274425481614851,0.1506046258282818,0.869453057760477,1.0,0.5251921612389374,0.33428953028197306,0.4799002740658468,0.1837830301870259,1.0,0.43448969781807034,0.3527559551719604,1625
1344,20144,0.0538605071821859,0.1319447220510113,0.3410507756685701,0.4251993044317925,0.4854257866833079,0.235661054248206,1.0,0.3070123559352663,0.320910279839075,0.0,0.8293529611629278,0.4203391045884103,0.7947952132712555,0.9257153714927412,0.5245869465511949,0.31396131788717063,0.42925722907266123,0.2364977488597907,0.9257153714927412,0.43445334523501183,0.35959162071961615,1626
1113,20333,0.3932202598211434,0.1254567202080682,0.3603683609836935,0.5490082059595166,0.5997742825849468,0.3614458496748901,1.0,0.2403550484404787,0.3204866196197211,0.0,0.7724706148839038,0.35781084021667,0.7606458862803938,0.7914566825269261,0.5710369003005278,0.2804208340300999,0.5020456676438707,0.24291254059588085,0.7914566825269261,0.4343291241264868,0.3738237610151126,1627
1160,20548,0.418388564882842,0.1671588704100089,0.4531272333954173,0.4054877267477126,0.4576031690961507,0.2884113728339991,1.0,0.3113371225897744,0.4595417987074868,0.0,0.4316109290332546,0.1198380151896303,0.7390115964200016,0.7028614859709643,0.4272122763814321,0.3854394606486306,0.43030045373557246,0.3101430519027131,0.7028614859709643,0.43427087246339624,0.3850201331994169,1628
145,7052,0.5227332166821633,0.4048814574681075,0.5962654822422676,0.3778655007385827,0.87106566936558,0.2079793409779555,1.0,0.24565078315773,0.1849505100474815,0.0,0.3065567076992326,0.1737199329633544,0.8429462157448122,0.6319793675308782,0.46148901827239064,0.21530064660260576,0.4913821022164237,0.5005734698551876,0.6319793675308782,0.4342695249094213,0.39538798417414966,1629
977,19037,0.0,0.1920435953432583,0.311973264080358,0.1715416623172573,0.8558762052012869,0.0876253658242365,1.0,0.3285093953887632,0.3317592473639181,1.0,0.3838471876649285,0.506992268962978,0.7125442614903211,0.7430174073632629,0.4008459295295569,0.3301343213763407,0.6230086466685562,0.25200842971180815,0.7430174073632629,0.43422543330396146,0.3796595462668332,1630
737,15105,0.457891543547254,0.2345054805285914,0.3960187319622951,0.2867269123997377,0.2849402167523339,0.2566767699207224,1.0,0.4231370566238337,0.3166469311692068,0.0,0.6261397867918796,0.1613578069886789,0.869453057760477,0.6844442827380792,0.5287105487720724,0.3698919938965203,0.3656687798145588,0.31526210624544326,0.6844442827380792,0.43418831613970377,0.3874923568777103,1631
663,14102,0.0,0.4248365270304155,0.4355609835024832,0.2018513147209711,0.2720696795560212,0.4089765810112811,1.0,0.2403874578739293,0.3075714020735849,0.0,0.6856274487596745,0.2923801329564953,0.7789425991309047,0.7914566825269261,0.4392375452117686,0.2739794299737571,0.37657951505765463,0.43019875526644935,0.7914566825269261,0.43418426572180135,0.3736679193593658,1632
2199,30023,0.0,0.4003893611632912,0.4824986519146431,0.3408506488911476,0.4495039023740368,0.3523305752592484,1.0,0.4730666523394699,0.4811231223314339,0.0,0.1250543248592419,0.1363385830700639,0.9301468010770012,0.5725003198007196,0.2978849272515768,0.4770948873354519,0.4285370253048866,0.44144400653896715,0.5725003198007196,0.4339688928970102,0.4049294063772144,1633
2289,30086,0.0,0.445330685485557,0.5308937488179786,0.3438821296702913,0.4427576753698748,0.3418864211177764,1.0,0.4649571775273843,0.5332647471060561,0.0,0.2097264635929752,0.0689551450609407,0.7606458862803938,0.5705338414139879,0.2598318737335774,0.4991109623167202,0.4257052452315885,0.4881122171517678,0.5705338414139879,0.4338703025697397,0.4051627902761313,1634
509,13037,0.0345917213552578,0.2615827653597767,0.4320288770750036,0.2973705303093338,0.5114600746030123,0.2618971793139624,1.0,0.3643618073371263,0.7058208097115317,0.0,0.3838471876649285,0.0927462713765173,0.7606458862803938,0.6285768574637054,0.31795776666927433,0.535091308524329,0.4141455568452617,0.3468058212173901,0.6285768574637054,0.43378948594586475,0.39537497732952476,1635
773,15063,0.3024799758214906,0.2737245569187701,0.4847060938556045,0.3047602047702192,0.3562221695590779,0.1814308152399903,1.0,0.3604129544182872,0.508613640056186,0.0,0.6396005500087891,0.1579237176468352,0.8429462157448122,0.5201635218414863,0.4857376148054818,0.43451329723723664,0.3684826379138575,0.3792153253871873,0.5201635218414863,0.43368012766196073,0.41440685375720737,1636
38,5018,0.0,0.7660239675779013,0.7548625575690668,0.1616067695928932,0.8500414041037103,0.0603436741220244,1.0,0.4368992221632309,0.2488153039058952,1.0,0.5097697785450606,0.4371053772350772,0.7125442614903211,0.2308384311906826,0.4148548543176147,0.34285726303456304,0.6143983695637256,0.760443262573484,0.2308384311906826,0.4336775124243239,0.5077285681751025,1637
1483,20358,0.1826590576547239,0.0903716193065591,0.2439666749308854,0.4769976792785682,0.5441210717315426,0.2799286359562527,1.0,0.3334060337803119,0.4058849006043449,0.0,0.8827616222070704,0.3118189475328455,0.7789425991309047,1.0,0.5390455566313861,0.3696454671923284,0.46020947739327267,0.16716914711872224,1.0,0.4336152105643865,0.3518686989839395,1638
417,12030,0.2379050629780245,0.3250340215639503,0.5273017648072774,0.3487856076193085,0.3561796717342688,0.1609614141154254,1.0,0.2246543987707233,0.2926166942331679,0.0,0.8006946956368883,0.4483890708214577,0.8429462157448122,0.6391266864816243,0.5824837612952957,0.2586355465019456,0.37318533869380055,0.4261678931856139,0.6391266864816243,0.43352371318140326,0.3934316862972384,1639
1547,20453,0.2945235276659142,0.190331508516365,0.4338096480802939,0.5994420752507591,0.6578523228658084,0.5355607851131934,1.0,0.2132510853969248,0.2822017185956939,0.0,0.797221010402007,0.6635339712412011,0.0,0.8079770209287339,0.4388196273272806,0.24772640199630935,0.5585710366459522,0.3120705782983294,0.8079770209287339,0.43350860004737435,0.37102006274384525,1640
2471,32046,0.0,0.1541906586959763,0.3062446592022165,0.197335994599671,0.4862369497871881,0.1945230401814406,1.0,0.4052902258594396,0.5961490074915363,0.0,0.8918801235925489,0.3950797353061893,0.7789425991309047,0.6844442827380792,0.5164756145074108,0.5007196166754879,0.37561919691365997,0.2302176589490964,0.6844442827380792,0.4334847146543924,0.38670760249033614,1641
1760,21121,0.4661875608731715,0.1958068835412394,0.2717650557236629,0.3433912476821638,0.3646092935585383,0.2367620178059075,1.0,0.3121038181175315,0.4368597594659086,0.0,0.9339991523354974,0.5383082713029522,0.0,0.9257153714927412,0.48462374612790526,0.37448178879172006,0.3889525118093219,0.23378596963245113,0.9257153714927412,0.43331685126082503,0.3584161780770661,1642
1880,24012,0.5252848794142257,0.2379873655620048,0.3934655149061234,0.2670875433072409,0.5979530825890014,0.3499363782588524,1.0,0.2203861299797802,0.4076455085286179,0.0,0.3808076872031025,0.2831262428091052,0.9036320434281871,0.6639688805647354,0.5232127132136551,0.3140158192541991,0.44299540083101896,0.3157264402340641,0.6639688805647354,0.43320907146541293,0.3893453538662435,1643
1562,20478,0.418388564882842,0.0643744095850645,0.220323861289801,0.4436678569958652,0.5085614452407904,0.266068088255019,1.0,0.2930951817833568,0.3532219587468415,1.0,0.6378636038661285,0.2647634873350271,0.7390115964200016,1.0,0.5150068131259998,0.32315857026509914,0.6436594780983349,0.14234913543743274,1.0,0.4331595871736125,0.3514065999177109,1644
627,14001,0.0,0.4290949604158215,0.5862813230094408,0.2120769887293029,0.3874650705177636,0.2338284141408488,1.0,0.4046449694644782,0.5017649132717139,0.0,0.7186279761171457,0.3282125125884871,0.0,0.6902386703647267,0.2617101221764082,0.4532049413680961,0.36667409467758305,0.5076881417126311,0.6902386703647267,0.43311012682948746,0.3854766723372715,1645
2437,32053,0.0,0.2372973829352057,0.4144920627651705,0.2149024576273109,0.5745992952507022,0.1360764202414042,1.0,0.2918555481240782,0.283954482452183,0.0,0.9518019703333988,0.6567469761381308,0.7125442614903211,0.725114210224383,0.5802733019904627,0.2879050152881306,0.38511563462388343,0.32589472285018806,0.725114210224383,0.4329037450690749,0.38052883771395235,1646
2123,30196,0.2639728623645515,0.235069250724825,0.407936154559633,0.396292304479717,0.4669930385136801,0.4401164848268919,1.0,0.3123720868881684,0.3141166334868285,0.0,0.5201910413001445,0.3251363387654016,0.9036320434281871,0.6508295817171241,0.5032330714645712,0.31324436018749846,0.4606803655640578,0.321502702642229,0.6508295817171241,0.4328533770115975,0.3908941685126607,1647
1918,26033,0.4055030024749012,0.4700260879320881,0.6053893071074637,0.1094225974622055,0.5904269109922259,0.3647580973622883,1.0,0.0517021670107,0.2879467917434947,1.0,0.8658271737552801,0.575405737415357,0.0,0.5873794306425648,0.46168397841138453,0.16982447937709735,0.612921521163344,0.5377076975197759,0.5873794306425648,0.4327558933591006,0.40093507853011895,1648
313,10027,0.0,0.1981269429983228,0.2937651483864014,0.1843762011654545,0.6489176825955054,0.1318160318944101,1.0,0.1611207271632889,0.219323278926658,1.0,0.9070778329521187,0.6016291742352443,0.6784442506275288,1.0,0.5467878144537229,0.19022200304497344,0.593021983131074,0.24594604569236211,1.0,0.43271110716594174,0.35095186441896975,1649
2455,32001,0.2936317492859092,0.2059797684029623,0.3225774448656947,0.2045688432505391,0.4427022464142988,0.2315892642781183,1.0,0.4159184995347263,0.3369175987046731,0.0,0.7802865619502162,0.3138629550154896,0.7947952132712555,0.7430174073632629,0.5456441198807176,0.37641804911969967,0.37577207078859126,0.2642786066343285,0.7430174073632629,0.4326264649361195,0.37791280404048855,1650
850,16053,0.4392302202036184,0.8209191238371101,0.9038148470275535,0.2511525230690096,0.3467360251783883,0.2575290136160262,1.0,0.581452353326936,0.4041308623232796,1.0,0.6904038953641614,0.2297702334326997,0.8429462157448122,0.1133733343829779,0.5505876411863229,0.4927916078251078,0.5710835123726848,0.8623669854323318,0.1133733343829779,0.43259200151382643,0.604603109570935,1651
78,6002,0.2229333392638425,0.6476811315893507,0.7205010080087886,0.2118235784015211,0.2185799873193548,0.4630316416870852,1.0,0.4819333462303766,0.2560178194058398,1.0,0.669127185080939,0.3085169300630769,0.7947952132712555,0.2071372003787445,0.4988431669197785,0.36897558281810816,0.5786870414815922,0.6840910697990696,0.2071372003787445,0.4322703893468419,0.5195529720202157,1652
868,16029,0.1375795172557881,0.2784545181286538,0.454588682506295,0.2531182291425752,0.250015438204361,0.399032344186023,1.0,0.2059116044205765,0.3546628270818611,0.0,0.6426400504706151,0.2718321322443701,0.7606458862803938,0.8514307429854822,0.4531743965627918,0.2802872157512188,0.38043320230659183,0.3665216003174744,0.8514307429854822,0.43219445827244635,0.36480573788065634,1653
1305,20089,0.1627695631497328,0.100911119872509,0.4455013977899933,0.3927996765529958,0.4377941383763949,0.2392078031385454,1.0,0.5419035749196717,0.2894219922537434,0.0,0.8319582768516984,0.555170447553237,0.0,0.8275164340507248,0.387474571888667,0.4156627835867075,0.41396032361358726,0.27320625883125116,0.8275164340507248,0.4321575131965921,0.36737400922190333,1654
2274,30006,0.4532684132055056,0.2149290695902873,0.3410507756685701,0.3893270069712372,0.4320931546151103,0.348677436571746,1.0,0.279329862159791,0.3174092105125385,1.0,0.4420321917883381,0.2478637502009577,0.7606458862803938,0.6020162396286254,0.4759525603687988,0.29836953633616475,0.6340195196316187,0.2779899226294287,0.6020162396286254,0.4321272034872936,0.39775207794906026,1655
652,14020,0.1411157730694472,0.2859410587996024,0.4406477225796021,0.1779190959555684,0.2240781094529095,0.5855056283459441,1.0,0.3093790059441683,0.3354195937439346,0.0,0.5940078360309589,0.1373178782872476,0.869453057760477,0.7430174073632629,0.4354736362870327,0.32239929984405147,0.3975005667508844,0.36329439068960223,0.7430174073632629,0.43210598162582897,0.37734456638625613,1656
2449,32030,0.2936317492859092,0.2151906718671449,0.3367255473426092,0.1988894494815177,0.4587742539962297,0.2251366104066057,1.0,0.2718462122743645,0.3758240419140041,0.0,0.7863655628738682,0.467226951565717,0.7947952132712555,0.7645232988719857,0.5855048692491874,0.32383512709418427,0.37656006277687065,0.27595810960487704,0.7645232988719857,0.4321002547060036,0.37465624113605406,1657
500,13084,0.3518237035234802,0.4546432089369531,0.5525400736038433,0.2836286381135512,0.507492959165736,0.2465056052193988,1.0,0.3009461146717118,0.3248968866517218,0.0,0.4246634550382719,0.2218836475252457,0.7390115964200016,0.538733063501105,0.4343456006267499,0.31292150066171676,0.40752544049973716,0.5035916412703982,0.538733063501105,0.43189237837922484,0.408673067423941,1658
398,12027,0.457891543547254,0.2784825534555809,0.407936154559633,0.2763039983951644,0.2819871260466671,0.2864732682211659,1.0,0.3655875703761229,0.253622538914899,0.0,0.5084672242258952,0.1845183629358046,0.8212921674167302,0.7771461144782232,0.493042324531421,0.3096050546455109,0.36895287853259945,0.34320935400760694,0.7771461144782232,0.43186199713481604,0.3728683887034581,1659
73,5025,0.0,0.8075830784020727,0.65167715660288,0.1416584278963409,0.992837738038969,0.0150016031853663,1.0,0.2503329036196544,0.3916441548793073,1.0,0.5588363848082123,0.7096385063904667,0.7390115964200016,0.2028910121510346,0.5018716219046702,0.32098852924948085,0.6298995538241352,0.7296301175024763,0.2028910121510346,0.4318608178962623,0.521631790641132,1660
230,8067,0.3951835635291076,0.2158476020202528,0.3367255473426092,0.1344078796195765,0.7780027495365307,0.1439482538788099,1.0,0.2208278848061178,0.404157565765041,0.0,0.901867201574577,0.5550777722702764,0.7125442614903211,0.6594077639142162,0.6411681997160705,0.3124927252855794,0.41127177660698344,0.276286574681431,0.6594077639142162,0.4318082408951114,0.3884410719567024,1661
47,5004,0.0,0.8018204605716526,0.504568427829279,0.1855915909313817,0.7898655858630974,0.1250989644962876,1.0,0.3529571631632079,0.4207352575520934,0.0,0.406426348742096,0.3349961458203727,0.7606458862803938,0.3762613331076317,0.37551709521071563,0.38684621035765065,0.42011122825815334,0.6531944442004658,0.3762613331076317,0.4317306524477843,0.4468314239430339,1662
133,7034,0.8582324433958022,0.0,0.6078092284949262,0.3798348608290057,0.9379179861138234,0.1798033406072301,1.0,0.2092809844427722,0.2901782513544019,0.0,0.5440728602216971,0.1700316463758002,0.8429462157448122,0.6550328681014498,0.6038207914345279,0.24972961789858705,0.49951123751001186,0.3039046142474631,0.6550328681014498,0.43170268836787457,0.3889691593957129,1663
791,15114,0.0,0.408318320851625,0.4302176640695926,0.2829077722527252,0.3724007638055785,0.2022440206709865,1.0,0.3950163686402004,0.4283421851657149,0.0,0.7325227170566702,0.4654449701914414,0.8212921674167302,0.4630098890301837,0.5048149636662105,0.41167927690295764,0.37151051134585805,0.4192679924606088,0.4630098890301837,0.43166701248553985,0.4241685946414343,1664
211,8001,0.0,0.4389909577924873,0.4033287599399012,0.1038384141468055,0.8941412269228468,0.0859379169626208,1.0,0.1250767094603752,0.2572508245959695,1.0,0.7993921413177227,0.5921059022633446,0.6784442506275288,0.5807482395941909,0.5174855735521491,0.19116376702817234,0.6167835116064546,0.4211598588661942,0.5807482395941909,0.43129486878933376,0.40037862944001823,1665
1727,21058,0.0,0.2643371802873336,0.4857928047223737,0.3670182910887282,0.4164179269974164,0.3768324195555269,1.0,0.364970990913544,0.3851311706143271,0.0,0.3617021078355962,0.1642335251508969,0.869453057760477,0.7028614859709643,0.3488471726867425,0.37505108076393556,0.43205372752833426,0.37506499250485364,0.7028614859709643,0.43116940095162043,0.38158604081152364,1666
1979,26038,0.0740876306066447,0.2866316654624931,0.4101668344392095,0.0970595468456937,0.8550922727691284,0.2418538133996484,1.0,0.0920100736406952,0.3913476677862508,0.0,0.8536691719079761,0.407665523708851,0.7390115964200016,0.7771461144782232,0.5186084806608683,0.241678870713473,0.43880112660289405,0.34839924995085125,0.7771461144782232,0.43110710916228573,0.372053856701758,1667
1412,20260,0.418388564882842,0.1425051584419473,0.2632842602460088,0.4629132970523757,0.5299921179632133,0.2645889202151881,1.0,0.3486709110416593,0.4047617052014072,0.0,0.5158489865191529,0.1080595976503355,0.8212921674167302,0.9257153714927412,0.4658973291172651,0.3767163081215332,0.45149886704615544,0.20289470934397807,0.9257153714927412,0.43106414539325655,0.35608854861352246,1668
1633,21096,0.0,0.1730727671870127,0.2869270738870932,0.3612647254393576,0.4013592599420013,0.3070030586536295,1.0,0.28298938029014,0.3494879804045233,1.0,0.8871038840385019,0.5643769824288254,0.7606458862803938,0.6020162396286254,0.5530316881869303,0.3162386803473316,0.6139254088069978,0.22999992053705295,0.6020162396286254,0.4309662902418941,0.39641682155958435,1669
1943,26066,0.2342522861553742,0.3388779404386858,0.5027416001483273,0.0936590774107798,0.8122309273242826,0.3034906395149643,1.0,0.1028380201185729,0.3854615898164389,0.0,0.8193660902313391,0.4743410100633984,0.7390115964200016,0.5765449532098653,0.5667427457175284,0.2441498049675059,0.4418761288500054,0.4208097702935065,0.5765449532098653,0.430776870074644,0.4005042940914791,1670
1611,21087,0.2434577598737922,0.305525321178681,0.5513821016331498,0.3302149057115656,0.3134289007935374,0.1854627133313104,1.0,0.3266285573299451,0.3340796064724532,0.0,0.7928789556210158,0.308392391753311,0.0,0.8514307429854822,0.3361822768120297,0.3303540819011992,0.3658213039672827,0.42845371140591537,0.8514307429854822,0.4307004687404764,0.36323011537686334,1671
2030,28032,0.344059369230186,0.8899042658185933,0.7824244351817478,0.1908208414838775,0.977971337502836,0.1476575276393894,1.0,0.2011438888797517,0.4450018160587218,1.0,0.5445072520451923,0.7760768598086061,0.7606458862803938,0.1363885374594015,0.6063223418410946,0.3230728524692368,0.6632899413252206,0.8361643505001706,0.1363885374594015,0.4306806837999999,0.5741161637626905,1672
384,12012,0.2644493959937323,0.3626522159655997,0.5548187287528338,0.3449804653350193,0.3472931689455459,0.1664053183696268,1.0,0.2234034274913977,0.375029223057323,0.0,0.6335215490851371,0.1653880187507189,0.869453057760477,0.59943370345566,0.48320300539751626,0.2992163252743604,0.37173579053003836,0.45873547235921674,0.59943370345566,0.4304577726296268,0.39625787225266335,1673
1748,21062,0.4661875608731715,0.1891684394843382,0.3322162123140422,0.3443322216585225,0.3532843460064971,0.2302659632081642,1.0,0.3176922228440572,0.3690959857666419,0.0,0.9335649675624428,0.5404474041470271,0.0,0.8822616494359928,0.4850499831456604,0.34339410430534956,0.3855765061746368,0.2606923258991902,0.8822616494359928,0.4304107484271299,0.35971167592677883,1674
1023,20469,0.0,0.3357307919789194,0.5397000541697546,0.3882981325593342,0.4303801931009605,0.1924160650822557,1.0,0.4545854523185313,0.2203348841566498,0.0,0.5115067246877212,0.0590428449520682,0.869453057760477,0.6902386703647267,0.3600006568500666,0.33746016823759056,0.40221887814851004,0.43771542307433703,0.6902386703647267,0.4303639449073913,0.38242390164061096,1675
1229,20129,0.418388564882842,0.0660039328680212,0.2717650557236629,0.408814091075096,0.4625418114402286,0.2596774814004972,1.0,0.4496792481509021,0.3491281930009001,0.0,0.7624837439523156,0.4673413614816959,0.7606458862803938,0.8514307429854822,0.6022148891493118,0.3994037205759011,0.4262066767831644,0.16888449429584204,0.8514307429854822,0.43023386291677523,0.3627382935033847,1676
2468,32019,0.0,0.3966472516942434,0.505470164171604,0.2047126753098002,0.4587413836677366,0.221059814968777,1.0,0.3778509648661554,0.2980800935444203,0.0,0.7590100587174342,0.3490061729030663,0.7947952132712555,0.538733063501105,0.475702861222939,0.33796552920528783,0.37690277478926276,0.4510587079329237,0.538733063501105,0.4301390201474662,0.40660025273205685,1677
2040,28030,0.0,0.2470059899487406,0.4226463452550246,0.2177737605613708,0.8075728507835562,0.2694935927022022,1.0,0.3161353386055741,0.3256942377603766,0.0,0.5544941229767806,0.553295380010136,0.7789425991309047,0.6319793675308782,0.4716830255294553,0.32091478818297536,0.4589680408094258,0.3348261676018826,0.6319793675308782,0.43000048278065006,0.3905354426643566,1678
1178,20506,0.4532684132055056,0.1513189426757149,0.4531272333954173,0.5266039538076708,0.5850569665381927,0.3273262543861381,0.0,0.2871243132856806,0.3666001289259212,0.0,0.6265739715649348,0.1432744021368785,0.8429462157448122,1.0,0.5165157506630328,0.3268622211058009,0.28779743494640037,0.3022230880355661,1.0,0.42990507408117196,0.34810937041066237,1679
857,16038,0.4227847747848988,0.3942980262409145,0.5828769054600584,0.2646265524262418,0.2641908776370444,0.3405169578694426,1.0,0.2795529449601416,0.2754195538792945,0.0,0.6730352621393154,0.2612632255423012,0.7789425991309047,0.5416694133502089,0.534006465399355,0.27748624941971806,0.3738668775865458,0.48858746585048646,0.5416694133502089,0.42977022283822836,0.405612960716943,1680
1029,20329,0.0,0.1142591654240972,0.3881667417764709,0.4363885425013628,0.499759938101686,0.2341494797656376,1.0,0.2674515775295807,0.3386722357694676,0.0,0.8419453548337266,0.3440148660217708,0.8212921674167302,0.8822616494359928,0.5018130970680569,0.30306190664952415,0.4340595920737373,0.25121295360028406,0.8822616494359928,0.4295882820918635,0.3588526707672447,1681
1823,23008,1.0,0.5947999904955992,0.6456343176113476,0.2174817718655489,0.3348114360343799,0.2276450995408594,1.0,0.3698128402441115,0.3971852705576694,1.0,0.5640468091353139,0.5937369521928987,0.869453057760477,0.146183217837012,0.7568092047721724,0.38349905540089047,0.5559876614881576,0.6202171540534733,0.146183217837012,0.42958729630086046,0.5624577536412629,1682
403,12072,0.7111896332312811,0.1262819870758836,0.3174079620274858,0.3496816047563671,0.357435752283966,0.160469493535361,1.0,0.2117323474715708,0.4145800355731114,0.0,0.5696916252859108,0.1035927765356344,0.869453057760477,1.0,0.5634817732033258,0.3131561915223411,0.3735173701151388,0.22184497455168467,1.0,0.4295366787955461,0.34773653196601456,1683
129,7030,0.8582324433958022,0.0,0.5115761635028553,0.395071553012907,0.9325496934770156,0.1897049491177933,1.0,0.2525985367753846,0.3174281878647864,0.0,0.4207555850303359,0.1375389529798136,0.9301468010770012,0.6789471770362071,0.5866684456207383,0.28501336232008545,0.5034652391215431,0.25578808175142764,0.6789471770362071,0.4295252971692103,0.3830689373798001,1684
714,15077,0.457891543547254,0.1759048776130305,0.2328033721056162,0.2872585672488478,0.330034809310449,0.2239782043925278,1.0,0.5272823099849892,0.3902488907390937,0.0,0.5075988546797849,0.1491579694508077,0.869453057760477,0.8514307429854822,0.4960253563595809,0.4587656003620414,0.3682543161903649,0.20435412485932336,0.8514307429854822,0.42929423968576325,0.3617482963819765,1685
826,16072,0.1466320176491291,0.2903772241930774,0.4719531548088408,0.2598326310677264,0.3669803458476453,0.2329071691457376,1.0,0.3580833340480036,0.4217242277251487,0.0,0.5909683355691329,0.1064196566340777,0.8429462157448122,0.6252790567992559,0.42174155639928795,0.3899037808865762,0.37194402921222186,0.3811651895009591,0.6252790567992559,0.4292731346537716,0.3907497119112067,1686
1589,21027,0.418388564882842,0.0745958154355305,0.3174079620274858,0.3924545093648077,0.4372330067696921,0.2842658081662959,1.0,0.2985481581080813,0.3879940391404166,0.0,0.7225358461250819,0.330024014894612,0.7390115964200016,0.9257153714927412,0.5524900055806343,0.3432710986242489,0.4227906648601591,0.19600188873150814,0.9257153714927412,0.42910636602858077,0.3540681225648332,1687
769,15047,0.0,0.280462844761972,0.5008827212289277,0.2905187067919118,0.397134821533551,0.177390255132638,1.0,0.3827798900311452,0.4293866588871857,0.0,0.7264437161330182,0.380270823629754,0.8212921674167302,0.509727926337842,0.4820016767948756,0.4060832744591655,0.37300875669162015,0.39067278299544983,0.509727926337842,0.42904895909903673,0.41095943806601837,1688
1794,21160,0.4661875608731715,0.2202688225515773,0.2869270738870932,0.3306669438965995,0.3276813601967485,0.1934271911179856,1.0,0.4155444810474552,0.3531863900291524,0.0,0.8619193037473438,0.4068774960095894,0.0,0.9257153714927412,0.4337460901575262,0.3843654355383038,0.3703550990422667,0.25359794821933523,0.9257153714927412,0.42878964395336167,0.353741481983581,1689
1533,20429,0.0,0.1183991585920535,0.3174079620274858,0.464216682908293,0.5372393755738628,0.2683733821174627,1.0,0.3157827091939591,0.3241350917073105,0.0,0.7620495591792602,0.2224900942068665,0.8429462157448122,1.0,0.45687146728273476,0.3199589004506348,0.4539658881199237,0.21790356030976965,1.0,0.42858321246111486,0.34677193730696493,1690
2459,32041,0.0,0.1029467978357072,0.220323861289801,0.1978611935002402,0.7377481883370138,0.1477583204797066,1.0,0.2358876481276504,0.3056758651054877,1.0,0.8523664105383706,0.5776725393462476,0.7125442614903211,1.0,0.5356458028437349,0.27078175661656906,0.6166735404633921,0.16163532956275412,1.0,0.42856602916654885,0.3467545583759033,1691
1879,24042,0.5967154078961798,0.2940458896844563,0.5228241951456672,0.2704118706397197,0.606512533910018,0.388044899618244,1.0,0.2737946986207448,0.4022865947349692,0.0,0.4559271397783027,0.4895759158454303,0.0,0.59943370345566,0.3855546158799782,0.338040646677857,0.45299386083359633,0.4084350424150618,0.59943370345566,0.42855075077107574,0.39406470275546823,1692
683,15110,0.2254445032821548,0.4108826088589136,0.5775559524306617,0.2827674631083466,0.3444619320575357,0.2218380611859807,1.0,0.3978696196570642,0.3843959258307102,0.0,0.6013893912737762,0.1362690776241616,0.8429462157448122,0.4477214040204251,0.4515122969812262,0.3911327727438872,0.3698134912703726,0.49421928064478765,0.4477214040204251,0.42852959103627886,0.4238615834680919,1693
1898,25013,0.0,0.3114155738083241,0.5027416001483273,0.1284911264021017,0.5315888653164775,0.3507262077555655,1.0,0.2300203966731647,0.3386996307374902,1.0,0.58228401895671,0.0999761389467822,0.7947952132712555,0.5612088264721999,0.3692638427936869,0.2843600137053275,0.602161239894829,0.40707858697832566,0.5612088264721999,0.42849343465060713,0.4005429498121653,1694
585,14028,0.1411157730694472,0.2095441774353905,0.327506397791999,0.1912719310360754,0.2838940058973238,0.4179200804109361,1.0,0.2348441633350514,0.4073315495293509,0.0,0.6413372891010101,0.2598319836361858,0.869453057760477,0.9257153714927412,0.47793452589178,0.32108785643220117,0.378617203468867,0.26852528761369476,0.9257153714927412,0.42848049700967533,0.3534227119228766,1695
391,12056,0.1900173123930223,0.2828974862414608,0.4779408145365494,0.3382707498383318,0.3322912992558953,0.1766624410160422,1.0,0.2726071298859607,0.3685666578894044,0.0,0.6495874209403776,0.1780832748255654,0.869453057760477,0.6789471770362071,0.4717852664798605,0.3205868938876826,0.3694448980220538,0.3804191503890051,0.6789471770362071,0.42841792556037356,0.38183483407178315,1696
48,5016,0.0,0.1839662732405308,0.2717650557236629,0.1551537469692258,0.8230644717661526,0.0489356773972926,1.0,0.2830371098386913,0.2424904500039445,1.0,0.6673904459887186,0.4249575156120245,0.7125442614903211,0.8822616494359928,0.451223055772766,0.2627637799213179,0.6054307792265342,0.22786566448209683,0.8822616494359928,0.42840991561042563,0.35762267076416876,1697
1158,20537,0.1546603173784129,0.2209602196262879,0.3985118677122405,0.373851005871529,0.4051275015910943,0.2050522772294702,1.0,0.317767191727284,0.2402174360702894,0.0,0.7112462138238882,0.2888223121947469,0.8212921674167302,0.8514307429854822,0.49400525270344453,0.2789923138987867,0.39680615693841864,0.3097360436692642,0.8514307429854822,0.4283597500441165,0.36076424520303274,1698
1118,20008,0.2945235276659142,0.0771742865173999,0.2717650557236629,0.604026660030541,0.6524704148931393,0.4939461359461748,1.0,0.2211880757217735,0.2903084224944896,0.0,0.722101661352027,0.5537313361916726,0.7789425991309047,1.0,0.5873247810851296,0.25574824910813154,0.5500886421739709,0.17446967112053138,1.0,0.42832036421878766,0.3465061155164901,1699
806,16089,0.575954844411742,0.3881102682116786,0.5460086661223579,0.225495699504913,0.2403337236699382,0.3326276461743744,1.0,0.2819771511172633,0.2229305024830533,0.0,0.6317846029424767,0.1444443713009321,0.8212921674167302,0.6252790567992559,0.5433689965179702,0.25245382680015827,0.35969141386984516,0.46705946716701824,0.6252790567992559,0.42828275665365406,0.3896231615307856,1700
447,12033,0.3061859246211213,0.3103725458194948,0.5212886120255843,0.3521640390509837,0.3626725636068015,0.1929926952747049,1.0,0.2163469069165491,0.292330298648497,0.0,0.7051672129002362,0.2798707977898153,0.7947952132712555,0.6844442827380792,0.5215047871456071,0.25433860278252307,0.381565859586498,0.41583057892253955,0.6844442827380792,0.4282515294863949,0.380880841818771,1701
1111,20524,0.1627695631497328,0.0677256629510437,0.4206658505700655,0.3937259067182247,0.4392939265614055,0.2343672695388052,1.0,0.5214626124310459,0.2790708533266225,0.0,0.7989579565446678,0.463195528703628,0.0,1.0,0.35623076209950716,0.4002667328788342,0.41347742056368714,0.2441957567605546,1.0,0.42820739750351444,0.3463918833599343,1702
1144,20138,0.4532684132055056,0.0815071363670791,0.2937651483864014,0.5147489268285913,0.5763949163921511,0.3117403642392068,1.0,0.3035786964727377,0.3813638312801338,0.0,0.4832826439347368,0.0572851416365679,0.869453057760477,1.0,0.46582231413432185,0.3424712638764358,0.4805768414919898,0.18763614237674026,1.0,0.42813896221465386,0.3463226851304477,1703
1802,22006,0.0,0.8037396219020734,0.6854389415993337,0.2611529294556404,0.4467135114936108,0.17359679898521,1.0,0.2840378064457712,0.4287892342054235,0.0,0.8897089926768322,0.5290919648488309,0.7789425991309047,0.2620794799908439,0.549435889164142,0.35641352032559737,0.37629264798689227,0.7445892817507036,0.2620794799908439,0.4281040588325376,0.48398112763166534,1704
1272,20029,0.4532684132055056,0.06287753983609,0.2328033721056162,0.4255865402645732,0.4859387808084305,0.3429635649508948,1.0,0.4326276973621481,0.6584305988694596,0.0,0.3278332109320148,0.041254006886965,0.9701320359742358,0.8822616494359928,0.44812191674968027,0.5455291481158039,0.4508977772047797,0.1478404559708531,0.8822616494359928,0.42809148250460755,0.35729042963538704,1705
507,13038,0.0,0.1455156064144163,0.3062446592022165,0.3070433256335728,0.4837456954976507,0.2346909407800295,1.0,0.5523870939430798,0.5486439976706717,0.0,0.650455997536928,0.3398388274616266,0.7606458862803938,0.6508295817171241,0.4377351778197371,0.5505155458068758,0.4050959923822505,0.2258801328083164,0.6508295817171241,0.42793406636568365,0.3853490162108875,1706
566,14115,0.2916684363221723,0.2955964849609717,0.4033287599399012,0.1919280776782904,0.4265140246714822,0.2487479898677496,1.0,0.1974175036268287,0.3508502888232231,0.0,0.6039947069625471,0.2464241753046789,0.7947952132712555,0.8275164340507248,0.48422063296516343,0.27413389622502593,0.37343801844350444,0.34946262245043647,0.8275164340507248,0.4278390131547867,0.362790848182389,1707
1010,19004,0.0,0.5532557549920173,0.504568427829279,0.1895960391282757,0.8375108495058714,0.1447150830769046,1.0,0.3074427169382487,0.3730067057987728,0.0,0.3777680832160563,0.0430863396671911,0.8212921674167302,0.5896842520574764,0.3105366475749944,0.34022471136851073,0.4343643943422103,0.5289120914106482,0.5896842520574764,0.4277078209218328,0.39471088862425696,1708
1145,20149,0.0,0.156860208514012,0.3225774448656947,0.4727414059709413,0.5491390700684677,0.2822214309936741,1.0,0.294627593576075,0.3257616658022948,0.0,0.7472862416431851,0.2623839734499495,0.7947952132712555,0.9257153714927412,0.45111635709109754,0.3101946296891849,0.4608203814066167,0.23971882668985334,0.9257153714927412,0.42768776801252095,0.3526055696849823,1709
561,14017,0.0,0.3192358320199236,0.4355609835024832,0.1931644031905789,0.2735502127483997,0.3879936513717664,1.0,0.1964931669482269,0.3528711583579775,0.0,0.6135476001715205,0.123319274016772,0.869453057760477,0.9257153714927412,0.4015799829871924,0.2746821626531022,0.37094165346214897,0.37739840776120337,0.9257153714927412,0.42759944374858816,0.3525145487763531,1710
845,16034,0.1466320176491291,0.584168660550141,0.8279620592702845,0.2646469356288911,0.3622757836425645,0.232067024204065,1.0,0.2882216693672244,0.346567818603078,0.0,0.5240989113080805,0.0930993751779305,0.8429462157448122,0.426950137506385,0.4016941299699881,0.3173947439851512,0.3717979486951041,0.7060653599102128,0.426950137506385,0.427567664704324,0.4277221859864326,1711
944,18009,0.0835868691118528,0.1919380939872301,0.4656067442112324,0.1780751801007033,0.367300105841354,0.2946584097769854,1.0,0.2406023637180037,0.5117799217576964,0.0,0.4468084313423845,0.0020965025982959,0.8212921674167302,0.9257153714927412,0.33844599261731584,0.37619114273785004,0.36800673914380855,0.3287724190992313,0.9257153714927412,0.42739094178963,0.3522996996500564,1712
1616,21127,0.131951524421951,0.1184316508739691,0.3225774448656947,0.3706823290716106,0.399277433340431,0.2518441290175088,1.0,0.3269631644257841,0.2724797587557599,0.0,0.9114198877331104,0.5741296966902233,0.7947952132712555,0.8822616494359928,0.603074080529135,0.299721461590772,0.4043607782859101,0.2205045478698319,0.8822616494359928,0.42714418306392515,0.35630241841003246,1713
1824,23002,0.6453138971959967,0.3898164192093235,0.5548187287528338,0.2350505582321546,0.4156011242367649,0.2294465707172037,1.0,0.1555411423966537,0.27886531548351,1.0,0.5319148583743931,0.556592916941132,0.8429462157448122,0.3728190789030994,0.6441919720640835,0.21720322894008187,0.5760196506372246,0.47231757398107865,0.3728190789030994,0.42698264574246303,0.44171103348044605,1714
1036,20262,0.1826590576547239,0.0729647276916091,0.2869270738870932,0.4934893851138185,0.5591597995892312,0.292954613997713,1.0,0.3884256638186777,0.4628551011127547,0.0,0.5679548861936903,0.1094890056733057,0.8429462157448122,0.9257153714927412,0.425762291316633,0.4256403824657162,0.4691207597401526,0.17994590078935116,0.9257153714927412,0.4267984376395363,0.35168930168485335,1715
1015,20155,0.0,0.1068057158403231,0.279617045909487,0.4706036009516853,0.5417852257932487,0.275066805859586,1.0,0.2884533150658515,0.3415743813237581,0.0,0.8232739602392758,0.412543428584444,0.7947952132712555,1.0,0.5076531505237438,0.3150138481948048,0.45749112652090396,0.19321138087490505,1.0,0.4266408366660868,0.3448085513620017,1716
830,16046,0.1466320176491291,0.2862473586665496,0.4602408695082853,0.2732811054245606,0.3424899957549858,0.2387162260308255,1.0,0.2913963783190035,0.3226319275820034,0.0,0.6856274487596745,0.1335656271079227,0.8212921674167302,0.7430174073632629,0.4467793152333641,0.30701415295050344,0.37089746544207436,0.3732441140874174,0.7430174073632629,0.4264807717210257,0.37121419249257687,1717
1399,20242,0.6190015946419424,0.1107849653837804,0.3452063428202632,0.3736467947628822,0.4047539644590344,0.1901073999374447,1.0,0.3018393778594339,0.2585831441183975,0.0,0.6712983159966548,0.2612071808076664,0.869453057760477,0.9257153714927412,0.6052400373016851,0.2802112609889157,0.3937016318318723,0.2279956541020218,0.9257153714927412,0.42638007209062784,0.3512584289299731,1718
1381,20203,0.3932202598211434,0.1533414415246217,0.4144920627651705,0.5094039612483452,0.5768534491738293,0.3228694609821352,0.0,0.2665472693628153,0.3414168610287579,0.0,0.7998263260907781,0.3630053089462424,0.7606458862803938,1.0,0.5791744452846395,0.30398206519578663,0.28182537428086196,0.2839167521448961,1.0,0.42634943596232505,0.3445141911354948,1719
376,12021,0.4704129996121502,0.3835639437763821,0.5992714535156618,0.3102262027123995,0.2623135644804288,0.2328297102050045,1.0,0.499986749470896,0.2561492546453688,0.0,0.2991749454059751,0.0398857116310555,0.869453057760477,0.5002189284063843,0.41973167860241445,0.3780680020581324,0.3610738954795666,0.4914176986460219,0.5002189284063843,0.4263337709195222,0.4096350778046557,1720
1073,20097,0.4532684132055056,0.0792359161474695,0.2717650557236629,0.5141704936016848,0.5759556386031048,0.3062936678177291,1.0,0.279353881601411,0.3565761582241502,0.0,0.5597047543543225,0.2235457668039396,0.869453057760477,1.0,0.5264929980310612,0.3179650199127806,0.4792839600045037,0.1755004859355662,1.0,0.4263130554050003,0.3444774446209798,1721
1368,20215,0.0538605071821859,0.120229526261632,0.2540651106953986,0.421343187438155,0.4802490763606878,0.2427981580985976,1.0,0.3438465001824154,0.3040948735226904,0.0,0.8323924616247538,0.4831606522422531,0.7947952132712555,1.0,0.541052208580112,0.3239706868525529,0.42887808437948804,0.1871473184785153,1.0,0.4262382998887662,0.3444019395889433,1722
665,14104,0.2614115765947605,0.2340056138365671,0.2869270738870932,0.1953344762532537,0.4404786267973456,0.2392796415727465,1.0,0.2295548327654596,0.3581991450986154,0.0,0.8059053270144301,0.2530459313186259,0.7947952132712555,0.9257153714927412,0.528789512049768,0.2938769889320375,0.3750185489246692,0.26046634386183015,0.9257153714927412,0.42613386647526696,0.35100491229003206,1723
1656,21197,0.1176289148132409,0.4802567992822183,0.7059814351314165,0.3153082446337855,0.5117173975741862,0.2605223900662385,1.0,0.3541479553613689,0.3613544382069524,0.0,0.2318714398970875,0.0600229440542874,0.9301468010770012,0.4735104557787167,0.3349175249604043,0.3577511967841607,0.417509606454842,0.5931191172068174,0.4735104557787167,0.4261194790583913,0.41503224630460167,1724
459,12020,0.3061859246211213,0.2084311551296717,0.4186476299168636,0.3530707451485332,0.3645651439165041,0.1705113162061249,1.0,0.2019842010048891,0.368432818467828,0.0,0.6248372324727143,0.2357987081580278,0.8429462157448122,0.8275164340507248,0.5024420202491688,0.28520850973635853,0.37762944105423246,0.3135393925232677,0.8275164340507248,0.4260657300284766,0.3609122290684305,1725
1576,20113,0.2820211445059131,0.2128600911797053,0.4501424337437721,0.4664930926100908,0.557903719039534,0.2981226793187429,0.0,0.2759664104711398,0.383782890231117,0.0,0.5940078360309589,0.1577415807327619,0.9036320434281871,1.0,0.4843506511744553,0.3298746503511284,0.2645038981936735,0.3315012624617387,1.0,0.42587801287680355,0.3440380866912313,1726
1921,26026,0.4117947513423515,0.4200529651520763,0.5603097698976152,0.1058220289453498,0.6139689770102618,0.3177881136451195,1.0,0.1000280240131764,0.2197708631238598,1.0,0.8884064383576675,0.6009803338632677,0.0,0.6189731165776511,0.4752953808908217,0.1598994435685181,0.6075158239201462,0.49018136752484576,0.6189731165776511,0.4258722531946228,0.38786557458423293,1727
595,14067,0.0416661142133363,0.6101844398744085,0.732533845510427,0.1794837932411163,0.2586140837157354,0.8046302408290661,1.0,0.538177782416722,0.3704997743784405,0.0,0.4989145380673621,0.0957083440858044,0.869453057760477,0.2719437918975892,0.376435513531745,0.45433877839758124,0.4485456235571835,0.6713591426924177,0.2719437918975892,0.42585545535594377,0.4763848938670279,1728
1936,26013,0.0740876306066447,0.1649636081440099,0.3410507756685701,0.0919632789296428,0.8713366076726154,0.2302903432654541,1.0,0.1824162389804909,0.4028625419820838,0.0,0.8462874096147186,0.4712311223282681,0.7390115964200016,0.8079770209287339,0.5326544397424082,0.29263939048128734,0.43871804597354247,0.25300719190629,0.8079770209287339,0.4256955810932974,0.3626804744166971,1729
2463,32045,0.2936317492859092,0.2477458182060829,0.41659021807376,0.1992514512658832,0.4378525875593844,0.2475095667269342,1.0,0.2702097968946058,0.3018527205041167,0.0,0.797221010402007,0.4288393499059075,0.7947952132712555,0.673718331962919,0.5786218307162698,0.28603125869936125,0.37692272111044034,0.3321680181399215,0.673718331962919,0.42557818897726973,0.3794063641501431,1730
590,14051,0.0,0.5236586644674053,0.4320288770750036,0.2103965225527483,0.3543495284471007,0.2682953625019819,1.0,0.4277413647862068,0.4541829666413187,0.0,0.8580112266889681,0.4859735582673546,0.0,0.5372945175374426,0.33599619623908067,0.44096216571376273,0.36660828270036616,0.47784377077120443,0.5372945175374426,0.4254879450847956,0.40138022577618465,1731
385,12004,0.6190015946419424,0.1966056148797993,0.4101668344392095,0.3677899501320757,0.3938354243675465,0.1847676972630403,1.0,0.2685186237802229,0.2813387176895762,0.0,0.6035605221894922,0.1534756912654627,0.869453057760477,0.7645232988719857,0.5613727164643435,0.27492867073489957,0.3892786143525325,0.3033862246595044,0.7645232988719857,0.4254256710255683,0.36743619442036607,1732
1150,20031,0.3932202598211434,0.1640389252626073,0.3062446592022165,0.5524022415348925,0.6018295627198892,0.3504529063285513,1.0,0.2308983775377412,0.3122842393972793,0.0,0.4020841904358845,0.213042599950292,0.869453057760477,0.9257153714927412,0.46945002699194927,0.27159130846751023,0.5009369421166665,0.23514179223241188,0.9257153714927412,0.4252253225058796,0.3500697062849923,1733
2022,28004,0.5252848794142257,0.2602729367343869,0.300188532020952,0.244813557322869,0.6739107151118782,0.3688461573485359,1.0,0.2103466577841007,0.3334263031277108,0.0,0.406426348742096,0.4216112982649104,0.8429462157448122,0.725114210224383,0.549067185541511,0.27188648045590574,0.45751408595665666,0.28023073437766943,0.725114210224383,0.42507733653340074,0.3719489476564812,1734
1046,20500,0.0,0.1639583763474866,0.3825889602415067,0.4241289608611867,0.4840013666515996,0.218499685956935,1.0,0.3104161463330777,0.2729748230668057,0.0,0.7056013976732911,0.1919603792456025,0.869453057760477,0.9257153714927412,0.44175370866984265,0.29169548469994167,0.42532600269394427,0.2732736682944966,0.9257153714927412,0.42499265223814137,0.34983028839201924,1735
218,8017,0.0,0.7802507230666198,0.6963555542533466,0.1174595927441656,0.7782929428361981,0.1381071156312814,1.0,0.2153167634881831,0.2863830665826026,1.0,0.8653929889822247,0.5514938055868304,0.7390115964200016,0.2283299950311526,0.5389745977472642,0.25084991503539283,0.606771930242329,0.7383031386599832,0.2283299950311526,0.4247770885542859,0.4960901602255821,1736
1212,20563,0.3706292612258043,0.0,0.3603683609836935,0.4798563057833777,0.5612303468772606,0.2958091117265297,1.0,0.2752281779696107,0.312949379515324,0.0,0.7481546111892954,0.5143286213104231,0.7789425991309047,0.9257153714927412,0.6030137732141069,0.2940887787424673,0.4673791528774336,0.18018418049184676,0.9257153714927412,0.42475043419728575,0.3495810806436961,1737
1696,21137,0.0,0.2231918575258731,0.4681911011296974,0.3639737742550963,0.4011348072993201,0.3325749091445387,1.0,0.2622329789177808,0.3286613632623104,0.0,0.7802865619502162,0.5376577786557245,0.7125442614903211,0.6354934549794589,0.5076221505240655,0.2954471710900456,0.41953669813979105,0.34569147932778527,0.6354934549794589,0.42473497322898013,0.3840340726758929,1738
540,13042,0.2796398042993077,0.2640693044576724,0.4056574994106425,0.2890822552448643,0.5384971079407855,0.2920933446245836,1.0,0.3066195508245628,0.4457687927906474,0.0,0.3156752090847108,0.0671729063798594,0.869453057760477,0.673718331962919,0.3829852443810887,0.3761941718076051,0.4239345415620467,0.3348634019341574,0.673718331962919,0.4244707725569321,0.37817267756048695,1739
1408,20252,0.0,0.0943682015861419,0.3638425535640407,0.4179412464090093,0.4755773844841002,0.2130426069855424,1.0,0.3051080617437957,0.2857243816474354,0.0,0.8141554588537978,0.2969043441726059,0.8212921674167302,1.0,0.48308799261078345,0.29541622169561554,0.4213122475757304,0.2291053775750913,1.0,0.4244436006120473,0.34259024102690094,1740
870,16054,0.4358370839449917,0.2502628790733637,0.3985118677122405,0.2446802575212429,0.3692736939611298,0.2351234769643142,1.0,0.3390573796950198,0.4065366766105641,0.0,0.7429439798117536,0.520038222493938,0.0,0.725114210224383,0.42470482156267086,0.3727970281527919,0.36981548568933736,0.3243873733928021,0.725114210224383,0.4244270126442752,0.3712377799761438,1741
997,19030,0.0,0.137229507305728,0.300188532020952,0.2010440359790907,0.8263253589468931,0.1833247221094018,1.0,0.3845270700468105,0.4200566514800414,0.0,0.4950064610089857,0.1397512241476956,0.7789425991309047,1.0,0.35342507107189647,0.40229186076342593,0.4421388234070771,0.21870901966334,1.0,0.4242802236658707,0.3424254115478909,1742
1064,20507,0.4028778282085332,0.1930049877274663,0.4144920627651705,0.3762175136834792,0.4336234771062949,0.1679691480279641,1.0,0.3736331334738442,0.1932364045978485,0.0,0.8215372211470553,0.5178479273392192,0.0,0.9257153714927412,0.4355657441737019,0.28343476903584636,0.39556202776354765,0.3037485252463184,0.9257153714927412,0.4241726064323236,0.34898672194205405,1743
979,19020,0.344059369230186,0.29342760632947,0.3410507756685701,0.1884339676591412,0.9485327175697832,0.1436655056241746,1.0,0.1245024093089296,0.3260372095672118,0.0,0.5605731239004328,0.7717520655909281,0.7606458862803938,0.6902386703647267,0.6092576112504852,0.2252698094380707,0.4561264381706199,0.3172391909990201,0.6902386703647267,0.42402851639609535,0.37539977565089083,1744
581,14086,0.0,0.3538424528537308,0.5081302213907973,0.2039958716075832,0.2869689504206473,0.3751205052203539,1.0,0.2230762862445745,0.3642702759534437,0.0,0.666087684619113,0.3108306961507718,0.7947952132712555,0.6550328681014498,0.4429283985102851,0.2936732810990091,0.3732170654497169,0.4309863371222641,0.6550328681014498,0.42401108462206527,0.3803257580931434,1745
983,19008,0.0,0.3010758922832693,0.3908492491240862,0.1687724724657645,0.8883376443365385,0.0822720632105764,1.0,0.5042545809323692,0.2740997909487982,1.0,0.3938341621217369,0.4072126246128348,0.0,0.8079770209287339,0.2002616966836429,0.3891771859405837,0.6278764360025759,0.34596257070367775,0.8079770209287339,0.4238473917487429,0.36071328808816305,1746
952,18012,0.2887789402572974,0.4261939212119059,0.600377064041904,0.1706681785475067,0.2978449926873261,0.392215178176742,1.0,0.2613379086277972,0.21915912500036,0.0,0.5805470728140496,0.214363482655359,0.869453057760477,0.6101596542308203,0.4882856383717957,0.2402485168140786,0.37214566988231496,0.513285492626905,0.6101596542308203,0.4238088512623701,0.3869026074510338,1747
226,8060,0.3650073360670771,0.2386273529081763,0.3638425535640407,0.1419792706704242,0.718322322245634,0.1606077576414855,1.0,0.1923131718774111,0.2728523245907572,1.0,0.812418512711137,0.5712963667520955,0.7390115964200016,0.5189525477686241,0.6219334529875777,0.23258274823408415,0.6041818701115087,0.3012349532361085,0.5189525477686241,0.42374484052563266,0.40280849130594887,1748
1008,19011,0.0,0.2445399529501745,0.3174079620274858,0.1799008630047628,0.8901140104853544,0.1173596363407809,1.0,0.259694906418214,0.3652223000051247,0.0,0.4515848779468712,0.4379751408738559,0.7789425991309047,0.8514307429854822,0.41712565448790795,0.31245860321166935,0.4374749019661796,0.28097395748883014,0.8514307429854822,0.4236093968389269,0.3557702671513617,1749
789,15033,0.0,0.9108687724688695,0.9511322597386468,0.3072777874342222,0.4174120125313009,0.1862337803917264,1.0,0.7013878775443836,0.7811457389735799,1.0,0.8488927253034897,0.4173843276229761,0.7606458862803938,0.0668716612419791,0.5067307348017149,0.7412668082589817,0.58218471607145,0.9310005161037582,0.0668716612419791,0.4234488200597791,0.6717236367250246,1750
1122,20291,0.2820211445059131,0.1151968488471191,0.2869270738870932,0.471353334170844,0.5628094910551187,0.2996000580691614,1.0,0.2862186274493744,0.3468801215993647,0.0,0.5653495705049194,0.2256409926003826,0.9036320434281871,0.9257153714927412,0.4941609377598506,0.31654937452436954,0.46675257665902486,0.20106196136710616,0.9257153714927412,0.42329271811258484,0.3480820499031702,1751
2457,32002,0.0,0.1580980073590894,0.2439666749308854,0.2107492775793179,0.4549947330335957,0.2044972210844124,1.0,0.4619795474171176,0.3382175812205583,0.0,0.9478941003254626,0.5539780567266314,0.7789425991309047,0.7914566825269261,0.5702036890457497,0.40009856431883795,0.3740482463394652,0.20103234114498741,0.7914566825269261,0.423217428426806,0.3619075492219791,1752
2018,28028,0.5454589984878422,0.1505118050636165,0.3062446592022165,0.2449322739111429,0.6649216134981308,0.3502215055737488,1.0,0.1946411128733003,0.3301231330825965,0.0,0.5141120403764923,0.4251384032887979,0.869453057760477,0.8514307429854822,0.5885406249784023,0.2623821229779484,0.4520150785966045,0.2283782321329165,0.8514307429854822,0.42318818002064373,0.35532812106642275,1753
657,14012,0.1527616787260211,0.2025335343227516,0.300188532020952,0.189811449150966,0.2933688709644716,0.4435363005248171,1.0,0.2778326816429424,0.4534155390582114,0.0,0.7047330281271809,0.2356175572404738,0.8429462157448122,0.7914566825269261,0.48401461995962203,0.3656241103505769,0.38534332412805095,0.2513610331718518,0.7914566825269261,0.4231489328544077,0.3618343346000257,1754
291,10009,0.4505843000360231,0.1518348521692153,0.2439666749308854,0.14277203694384,0.6387013829210089,0.1901186814126365,1.0,0.5267123758146266,0.2546981167240119,0.0,0.6982196353800336,0.1457406398237114,0.7947952132712555,0.8514307429854822,0.5223349471277559,0.39070524626931924,0.39431842025549707,0.19790076355005035,0.8514307429854822,0.42310527306854734,0.35524110761871935,1755
1519,20156,0.4532684132055056,0.1891297936512339,0.3174079620274858,0.5177848783323187,0.5786746491697745,0.3034565516383929,1.0,0.2433281063806647,0.3215153115027721,0.0,0.3148067360133804,0.0334629841512929,0.9036320434281871,0.9257153714927412,0.4262925441995915,0.2824217089417184,0.4799832158280973,0.2532688778393598,0.9257153714927412,0.42303688280317603,0.34781909667267175,1756
1907,25004,0.0,0.4192866971104004,0.5597732959378608,0.1551758934831587,0.4133462861085447,0.5325070912195486,1.0,0.1459884834061888,0.5451632415443322,0.0,0.5084672242258952,0.0389124966861579,0.8429462157448122,0.5477950842859758,0.3475814841642163,0.3455758624752605,0.4202058541622504,0.48952999652413065,0.5477950842859758,0.42295280986090356,0.396470027054997,1757
554,14065,0.2229333392638425,0.2559401313267135,0.4767700470365016,0.2157576385836076,0.2294520417464886,0.4035794470342537,1.0,0.3481021562203243,0.2189621259660104,0.0,0.5953103903501242,0.1313378966618722,0.7947952132712555,0.8079770209287339,0.4360942098867736,0.2835321410931674,0.36975782547287,0.36635508918160753,0.8079770209287339,0.4229414464126651,0.35974979518324124,1758
1317,20109,0.418388564882842,0.0,0.170525387834285,0.4096394476607536,0.4637514063255717,0.3121563165057448,1.0,0.3237752588422924,0.6206245949112741,1.0,0.8228397754662204,0.5231889786551756,0.7125442614903211,0.8514307429854822,0.6192403951236398,0.47219992687678325,0.637109434098414,0.0852626939171425,0.8514307429854822,0.42288426102763155,0.355009169375183,1759
721,15058,0.0,0.7219776471903419,0.8965212506783944,0.3101651881096491,0.4049704414226253,0.1885941659224035,1.0,0.5024811939462437,0.5955425835938346,1.0,0.8827616222070704,0.5769136462002408,0.0,0.1435042854196203,0.36491881710182783,0.5490118887700391,0.5807459590909356,0.8092494489343681,0.1435042854196203,0.4228071252293005,0.5539386320670107,1760
1726,21057,0.0,0.1766897349400858,0.3322162123140422,0.313792367787678,0.4961079106134789,0.2508045387664896,1.0,0.3225412107969077,0.3508594876659412,1.0,0.3812418719761579,0.1537605145872563,0.869453057760477,0.7336923924214751,0.35111386108097276,0.33670034923142445,0.6121409634335293,0.254452973627064,0.7336923924214751,0.42279798247241923,0.3683728624689354,1761
2467,32048,0.2936317492859092,0.3743063235961483,0.5613746369583712,0.2002039093298183,0.4547935232230917,0.230805388840471,1.0,0.267811599311511,0.3270300233697819,0.0,0.7507599268780665,0.3097826909530062,0.7947952132712555,0.4791735879509151,0.5372423950970593,0.29742081134064646,0.37716056427867617,0.4678404802772598,0.4791735879509151,0.4227968230371608,0.40977119489766706,1762
404,12009,0.6190015946419424,0.0803131349287328,0.4144920627651705,0.3610249687860185,0.3807165074912824,0.1698817312523515,1.0,0.2507554486993034,0.3273562597355697,0.0,0.4893616448583888,0.155411341651671,0.869453057760477,0.9257153714927412,0.5333069097281198,0.2890558542174365,0.3823246415059305,0.24740259884695165,0.9257153714927412,0.4227217566285222,0.3474952576116081,1763
1945,26072,0.3334247565859515,0.2835167207356929,0.454588682506295,0.0995205734461571,0.6438933603967154,0.4388066482388326,1.0,0.2115650635709098,0.2999986622036978,0.0,0.9174988886567624,0.613089266185891,0.0,0.7028614859709643,0.4660032278571512,0.2557818628873038,0.436444116416341,0.36905270162099396,0.7028614859709643,0.4226969264924694,0.3722364741728529,1764
1203,20344,0.2820211445059131,0.103125592004179,0.311973264080358,0.4615506758218073,0.5527598790454069,0.2898459371840212,1.0,0.3081608541813012,0.3524368368578633,0.0,0.6048632835590977,0.2160038656479294,0.9036320434281871,0.8514307429854822,0.5016300842852819,0.3302988455195822,0.46083129841024706,0.2075494280422685,0.8514307429854822,0.42268875412806906,0.35480402243263565,1765
337,11036,0.0,0.2301561939669299,0.3492050581584243,0.2524891275743489,0.3988574105440168,0.2083864828175725,1.0,0.5361589889602354,0.4893352666265068,0.0,0.8497610948495995,0.6002805915710058,0.0,0.673718331962919,0.36251042160515135,0.5127471277933711,0.3719466041871876,0.2896806260626771,0.673718331962919,0.4226884971244183,0.37618887269845347,1766
442,12003,0.2310969815922985,0.3361142687394834,0.6036263150066016,0.2849807901356672,0.2178963176899021,0.304505487387975,1.0,0.3063963743676482,0.2018413213916815,0.0,0.3265306566128494,0.0374959350511984,0.869453057760477,0.8514307429854822,0.36614415775420583,0.2541188478796649,0.36147651904270883,0.4698702918730425,0.8514307429854822,0.4224538560581289,0.3545575733935511,1767
1187,20261,0.1546603173784129,0.0949666296685948,0.3410507756685701,0.3730274107751222,0.4036180859097678,0.2289998064706035,1.0,0.4080921553896515,0.2495296473374898,0.0,0.8167607745425685,0.3531911379986706,0.7947952132712555,0.8822616494359928,0.5298518607977268,0.32881090136357066,0.4011290606310987,0.21800870266858247,0.8822616494359928,0.42236819348165505,0.3513295320697454,1768
858,16037,0.4358370839449917,0.2506441982588192,0.3960187319622951,0.2445947742817816,0.3589531436443828,0.2450350994559644,1.0,0.3527645040120035,0.4464898989578378,0.0,0.7659574291871969,0.4811394859160927,0.0,0.668732778856004,0.4207334997620703,0.39962720148492065,0.36971660347642576,0.3233314651105571,0.668732778856004,0.4223634554144179,0.3765258217084178,1769
1900,25001,0.5406557772729131,0.7406328742261753,0.8152951671709885,0.1138335842404182,0.5281068291275068,0.5813634142857393,1.0,0.0417690545740403,0.4687088698920388,1.0,0.725141161813853,0.5117188440671726,0.0,0.2360386249965467,0.4443789457884847,0.25523896223303955,0.6446607655307328,0.7779640206985818,0.2360386249965467,0.42227449826871255,0.48836867451252125,1770
1107,20340,0.131951524421951,0.0757966936038975,0.311973264080358,0.3829879954344842,0.4213622089982651,0.2627920356883668,1.0,0.3657526759059136,0.3195574861468714,0.0,0.8067736965605403,0.5626906524257546,0.7947952132712555,0.8514307429854822,0.5740527716698753,0.3426550810263925,0.4134284480242233,0.19388497884212777,0.8514307429854822,0.42226060790139747,0.3543548480596802,1771
2023,28029,0.5454589984878422,0.2391247935364072,0.4574524617213782,0.2372441980999809,0.687977916062766,0.3233086485747668,1.0,0.2614513437387022,0.2556388750464715,0.0,0.4237950854921619,0.112505817145488,0.869453057760477,0.6789471770362071,0.4878032397214922,0.25854510939258685,0.44970615254750274,0.3482886276288927,0.6789471770362071,0.42217938572416486,0.37489727424550573,1772
2032,28017,0.3229240850661943,0.4820981436217256,0.4206658505700655,0.2240541213987598,0.7410940711673727,0.2779952165499175,1.0,0.3523061189243123,0.2807808143963939,0.0,0.2618323632675123,0.0214743021780574,0.8212921674167302,0.5851231354069573,0.35688072948212357,0.3165434666603531,0.44862868182321003,0.45138199709589555,0.5851231354069573,0.4220141358854006,0.38890804801813517,1773
411,12076,0.238801820487719,0.1885802019787664,0.311973264080358,0.3467528410424819,0.3511520459010274,0.1618191305775527,1.0,0.2172414107018521,0.4333862853253715,0.0,0.585323519418536,0.0722523362326466,0.869453057760477,1.0,0.44145768347484465,0.3253138480136118,0.3719448035042124,0.2502767330295622,1.0,0.42190835022912326,0.34003424014587447,1774
2203,30027,0.3443446855572439,0.1606834824686198,0.3767011466471717,0.2968153798103609,0.5463695859978981,0.3139719961439432,1.0,0.3299857837254323,0.3221868975818281,0.0,0.3504124755344022,0.3524611061443717,0.9036320434281871,0.725114210224383,0.48771257766605125,0.3260863406536302,0.43143139239044037,0.2686923145578958,0.725114210224383,0.421904340471444,0.3684816689182193,1775
626,14019,0.2916684363221723,0.2068891241396835,0.2632842602460088,0.1894012864351367,0.4015418989649674,0.2757410755044513,1.0,0.1677958849497928,0.4684671225171993,0.0,0.6734694469123705,0.1517133570891641,0.7947952132712555,1.0,0.4779116133987406,0.3181315037334961,0.3733368521809111,0.23508669219284617,1.0,0.4217514981035354,0.339876230075253,1776
667,14090,0.0,0.3076695399764137,0.3881667417764709,0.1966751821676037,0.2909304262011534,0.3632098773572849,1.0,0.1796669735347571,0.3054245389923467,0.0,0.8024316417795487,0.3388630465301471,0.7947952132712555,0.8822616494359928,0.4840224753952378,0.2425457562635519,0.3701630971452084,0.34791814087644235,0.8822616494359928,0.4217211294859102,0.3506568691427916,1777
1379,20200,0.3932202598211434,0.1484339371972603,0.3567763769729923,0.5844537240877502,0.6192330190048199,0.3867927103553125,1.0,0.1977986346757008,0.2776624153102389,0.0,0.4472428231658798,0.3426088746891041,0.7606458862803938,0.8822616494359928,0.48592946098913026,0.23773052499296984,0.5180958906895765,0.2526051570851263,0.8822616494359928,0.42171746615638134,0.35065306161994486,1778
1618,21130,0.0,0.1221409842758049,0.3062446592022165,0.3692698500333693,0.3966321391098376,0.3237866198056757,1.0,0.2553915716150452,0.3155858076705844,1.0,0.8041683808717697,0.5299810625599786,0.7606458862803938,0.673718331962919,0.5236988324280355,0.2854886896428148,0.6179377217897766,0.2141928217390107,0.673718331962919,0.4216767923166829,0.3750636996776512,1779
1088,20164,0.1546603173784129,0.1435296677921155,0.2632842602460088,0.3739378519419394,0.4052862135767892,0.2144575733755946,1.0,0.3679423484181899,0.2283905058820519,0.0,0.8137212740807425,0.441522303143364,0.7947952132712555,1.0,0.5511747769684436,0.29816642715012087,0.39873632777886464,0.20340696401906216,1.0,0.42165760718635864,0.339781653046347,1780
493,13026,0.2796398042993077,0.1021269579238067,0.300188532020952,0.2884290072930194,0.5601522333058893,0.3241902719393282,1.0,0.4842624245707515,0.3939447668999318,0.0,0.2618323632675123,0.2331396653182537,0.9036320434281871,0.8275164340507248,0.4195609690783152,0.43910359573534163,0.43455430250764737,0.20115774497237937,0.8275164340507248,0.4216420369969733,0.3562342905347151,1781
1749,21061,0.4532684132055056,0.0956698651016038,0.2869270738870932,0.4125060854265052,0.4692920262839357,0.3770190788688327,1.0,0.5236049945431354,0.3924927074661534,0.0,0.3009118915486357,0.1028310969040688,0.9301468010770012,0.7532318055434659,0.4467895506838028,0.4580488510046444,0.45176343811585473,0.1912984694943485,0.7532318055434659,0.42161223584480395,0.3646778161138547,1782
213,8052,0.0,0.5786045795469154,0.4790987865072429,0.1204101325622958,0.9823817185687044,0.0551102495321429,1.0,0.088332177979399,0.1777558983170915,1.0,0.6973512658339234,0.5504815327815906,0.6784442506275288,0.6220797127932347,0.4815692623107607,0.13304403814824525,0.6315804201326286,0.5288516830270791,0.6220797127932347,0.4215533577946297,0.3824759936265971,1783
1390,20224,0.0538605071821859,0.0779504793588093,0.2540651106953986,0.4205815768925378,0.4792118087969006,0.2498619334471281,1.0,0.3556239707912222,0.3114690399119195,0.0,0.8250109063819362,0.5971528682981325,0.7606458862803938,1.0,0.5591675420356621,0.3335465053515708,0.42993106382731333,0.16600779502710394,1.0,0.4215461538447807,0.3396693920889862,1784
59,5021,0.0,0.173556080328745,0.3410507756685701,0.1549114484848893,0.8339597690254635,0.0439571474951001,1.0,0.3049132234959064,0.2687605134170959,1.0,0.6157187310872363,0.4616569213058238,0.7125442614903211,0.6639688805647354,0.4474799784708453,0.28683686845650114,0.6065656730010905,0.2573034279986576,0.6639688805647354,0.4214790005409912,0.37621230454867466,1785
988,19049,0.0,0.5675141982198325,0.5329919041265682,0.1871962076305363,0.8238732988477137,0.1351453465095173,1.0,0.3867529028310936,0.4445759633718867,0.0,0.1063829302647905,0.0576657843933523,0.7947952132712555,0.5648420579743655,0.23971098198234958,0.41566443310149015,0.42924297059755345,0.5502530511732003,0.5648420579743655,0.4214292690680521,0.391673430611412,1786
1034,20214,0.418388564882842,0.1190141629352807,0.3322162123140422,0.460098038340261,0.5270157844253693,0.2912278763522371,1.0,0.2570151571249048,0.3763314773288801,0.0,0.2722536260225963,0.0730979821094748,0.869453057760477,1.0,0.40829830769384756,0.31667331722689246,0.45566833982357346,0.22561518762466146,1.0,0.4214259238767393,0.33954829922724306,1787
599,14062,0.1527616787260211,0.1906226911466176,0.2717650557236629,0.1901030925341592,0.3074785697401686,0.4347106899504493,1.0,0.2981723796025677,0.3972246787785596,0.0,0.7242727922677428,0.1249953849827861,0.8429462157448122,0.9257153714927412,0.46124401793034053,0.34769852919056365,0.3864584704449554,0.23119387343514025,0.9257153714927412,0.42124818782517265,0.3459817477060019,1788
1869,24010,0.3797002956194488,0.2964464638734721,0.5115761635028553,0.242529887420413,0.6408087883770766,0.2856888180379957,1.0,0.1458063134252797,0.2690834113085929,1.0,0.4342162447220254,0.1693673262244187,0.869453057760477,0.538733063501105,0.46318423108159246,0.20744486236693632,0.633805498767097,0.4040113136881637,0.538733063501105,0.4211879346602065,0.39605134710428186,1789
426,12054,0.4548558735107862,0.2204016115859445,0.4372838406606411,0.2934603260750058,0.2213912850096397,0.271780752917897,1.0,0.3563415688191128,0.2169285820556286,0.0,0.3486756329169618,0.0261002764311076,0.869453057760477,0.9257153714927412,0.4247712101548331,0.28663507543737066,0.3573264728005085,0.3288427261232928,0.9257153714927412,0.42111728061435205,0.34584735618988055,1790
2037,28011,0.3229240850661943,0.3986766176655239,0.3367255473426092,0.234802570577662,0.7090021813246359,0.3334592701760269,1.0,0.3500909677217695,0.2388791025207909,0.0,0.340425501077594,0.0745836902373989,0.8429462157448122,0.6789471770362071,0.39521987303149986,0.2944850351212802,0.45545280441566494,0.3677010825040665,0.6789471770362071,0.4210515361586833,0.3736457729582642,1791
1105,20207,0.6806413939763865,0.074711000900929,0.2937651483864014,0.6246936721798595,0.6477834558634648,0.3840670269842229,1.0,0.2384139377600521,0.3065714161462074,0.0,0.3182805247734817,0.2395893591576288,0.9036320434281871,0.9257153714927412,0.535535830333921,0.27249267695312973,0.5313088310055094,0.1842380746436652,0.9257153714927412,0.42098774436976955,0.3457143824106903,1792
380,12024,0.3061859246211213,0.2013457221095622,0.3638425535640407,0.3485514204244246,0.35502453819237,0.1832722102158355,1.0,0.1892968501568473,0.3270639626893973,0.0,0.8193660902313391,0.2246204988782447,0.8212921674167302,0.8822616494359928,0.5428661702868589,0.2581804064231223,0.37736963376652605,0.28259413783680143,0.8822616494359928,0.42075444426253655,0.3496524209183168,1793
301,10005,0.0,0.7786906832617683,0.8378813947271395,0.165831777208307,0.4985231125446204,0.2868000503132928,1.0,0.4707364055270202,0.3724775725317639,1.0,0.44811119271199,0.0104744973752682,0.8212921674167302,0.2048002680826454,0.3199694643759971,0.42160698902939203,0.590230988013244,0.808286038994454,0.2048002680826454,0.4207138296737751,0.5036755335752792,1794
594,14068,0.3726818296582691,0.2623234054663236,0.3960187319622951,0.1905002693278524,0.2432097944050769,0.4134619211328003,1.0,0.1671970450594215,0.4153365344159913,0.0,0.5115067246877212,0.1256431528499685,0.869453057760477,0.7914566825269261,0.4698211912391089,0.29126678973770637,0.3694343969731459,0.32917106871430935,0.7914566825269261,0.4206510154373456,0.35916634853230495,1795
1163,20436,0.418388564882842,0.1609167885336976,0.5645064919850328,0.4285699822766546,0.4898497830850372,0.2786420547073192,0.0,0.280705896710488,0.3815267562181665,0.0,0.6239686558761639,0.196645961036561,0.7390115964200016,0.9257153714927412,0.4945036945538921,0.33111632646432726,0.23941236401380223,0.3627116402593652,0.9257153714927412,0.42059793488860875,0.34531429017390053,1796
829,16047,0.1466320176491291,0.285205660843896,0.4101668344392095,0.2701712384018461,0.3528337889039099,0.2342094144252013,1.0,0.2783820976764132,0.3447448125733875,0.0,0.6799826326090777,0.1331095968979765,0.8429462157448122,0.725114210224383,0.4506676157252489,0.31156345512490036,0.37144288834619144,0.34768624764155276,0.725114210224383,0.4205113942886653,0.3669615875775214,1797
1813,22018,0.0,0.3055801226254382,0.4681911011296974,0.2681654102493317,0.5016196480828954,0.219874101383902,1.0,0.3408574474059515,0.3536716575553825,0.0,0.7264437161330182,0.2656946830765667,0.7606458862803938,0.5612088264721999,0.43819607137249467,0.347264552480667,0.3979318319432258,0.3868856118775678,0.5612088264721999,0.42050284404266064,0.3912281073176718,1798
2298,30081,0.4532684132055056,0.2710202870420096,0.5564961260138294,0.3856450966881903,0.4342374182392161,0.3762095827361359,1.0,0.2600479504390967,0.2999203882449357,0.0,0.3004776032503606,0.0625553428591859,0.869453057760477,0.6130176920083639,0.42143860426888224,0.2799841693420162,0.43921841953270846,0.4137582065279195,0.6130176920083639,0.4204879873629414,0.3826694034707209,1799
1404,20269,0.0,0.14369325653476,0.2937651483864014,0.4125234246223179,0.4679293590696687,0.2066201265715723,1.0,0.3654334504551508,0.2631379844001914,0.0,0.7333912936532208,0.2773024220736022,0.8212921674167302,1.0,0.4579964707858883,0.3142857174276711,0.41741458205271176,0.2187292024605807,1.0,0.42046730635658075,0.33858311078464526,1800
2125,30184,0.4532684132055056,0.1380884119275053,0.220323861289801,0.4009462549978176,0.450692590449523,0.3641596168390431,1.0,0.3633247308056149,0.3576936186925676,0.0,0.549717676372294,0.2495408371150038,0.9036320434281871,0.8514307429854822,0.5390397425302477,0.3605091747490913,0.44315969245727677,0.17920613660865314,0.8514307429854822,0.4204553791906212,0.3524622096034042,1801
1382,20208,0.1411963327174469,0.1677320774433904,0.3603683609836935,0.393076347202352,0.4382430436617571,0.2080220692188641,1.0,0.3605196138138096,0.2248027101652577,0.0,0.743378164584809,0.226148219301558,0.7789425991309047,0.8822616494359928,0.47241632893367963,0.2926611619895336,0.4078682920165946,0.26405021921354194,0.8822616494359928,0.42043491454833515,0.34932053574184846,1802
2167,30162,0.0,0.1007065870105655,0.279617045909487,0.3729863978878877,0.4465571355302352,0.4567974759998142,1.0,0.422404746012568,0.4473994605395306,0.0,0.519322671754034,0.1925070952063406,0.869453057760477,0.8822616494359928,0.39532070618021287,0.4349021032760493,0.4552682018835874,0.19016181646002625,0.8822616494359928,0.42040301461235896,0.34928740577139306,1803
1037,20266,0.1301851996254693,0.1805696229681944,0.3881667417764709,0.5347240174058118,0.6148322654352677,0.4024307480707156,1.0,0.1386619199019856,0.3623579322692584,0.0,0.3890577155172505,0.1066384439512163,0.9301468010770012,0.9257153714927412,0.38900704004273434,0.250509926085622,0.5103974061823591,0.28436818237233263,0.9257153714927412,0.4201553203218795,0.3448601122888524,1804
1700,21196,0.4661875608731715,0.0842226951215878,0.2540651106953986,0.3680307786150413,0.3942923053319989,0.253668293117848,1.0,0.3669495075475394,0.2769338536515578,0.0,0.9144593881949364,0.6234070432810704,0.7947952132712555,0.8514307429854822,0.6997123014051084,0.32194168059954864,0.40319827541297765,0.1691439029084932,0.8514307429854822,0.4200724613465479,0.35206101155641917,1805
1169,20277,0.0,0.227795797023698,0.3672064354830018,0.4601033262381117,0.5368329681133097,0.2665674108013014,1.0,0.3404547170929387,0.3098111611326055,0.0,0.6170212854064017,0.1412741188779694,0.7789425991309047,0.7771461144782232,0.38430950085381893,0.3251329391127721,0.4527007410305446,0.2975011162533499,0.7771461144782232,0.4200576663797785,0.36017243679265126,1806
450,12008,0.2434577598737922,0.2187708583808744,0.4033287599399012,0.3274293725320679,0.3066826737893755,0.1735027241666156,1.0,0.2653972529033707,0.3087682571439036,0.0,0.7629179287253705,0.3492604949348854,0.7947952132712555,0.7532318055434659,0.5376078492013259,0.2870827550236371,0.3615229540976118,0.3110498091603878,0.7532318055434659,0.4200233501787371,0.36296072250069256,1807
837,16083,0.575954844411742,0.3046743905511704,0.4455013977899933,0.2328400506934494,0.2808920935049837,0.3187945937164999,1.0,0.3913836692745827,0.3155931974630004,0.0,0.4055579791959858,0.1511730755570914,0.7947952132712555,0.5576947390236193,0.48187027810901867,0.35348843336879154,0.3665053475829866,0.37508789417058186,0.5576947390236193,0.41993594646136173,0.3911827341117443,1808
1200,20018,0.418388564882842,0.029921642569576,0.311973264080358,0.3984059518908075,0.446740742165333,0.276340937670587,1.0,0.3494663949296707,0.3938818474599531,0.0,0.6374294190930734,0.2981738715088899,0.7390115964200016,0.9257153714927412,0.5232508629762017,0.3716741211948119,0.4242975263453455,0.17094745332496702,0.9257153714927412,0.4199296862814463,0.3446286295708358,1809
1612,21167,0.3484713972187253,0.1179264621054226,0.2937651483864014,0.3293604453655959,0.4762660095652297,0.2705690754447396,1.0,0.436678891154295,0.423716930222767,0.0,0.41858445411462,0.0316392894968418,0.869453057760477,0.8514307429854822,0.41703704964766597,0.43019791068853097,0.415239106075113,0.205845805245912,0.8514307429854822,0.4199199486056674,0.35190124342779017,1810
81,6003,0.055513511687732,0.3687309442741796,0.5294715344347074,0.2076649545478571,0.238478001528274,0.4712388221720862,1.0,0.4862705708376219,0.2792358953306062,0.0,0.6582717375528004,0.1354263162790912,0.8429462157448122,0.4681316175876462,0.42303944531610893,0.382753233084114,0.38347635564964344,0.44910123935444346,0.4681316175876462,0.4199040953331339,0.40864448706131623,1811
61,5024,0.0,0.5879266022395184,0.5315977605821658,0.175536048996164,0.7278244179845039,0.0912730484599033,1.0,0.1943373713243287,0.2059756919212636,1.0,0.6743378164584808,0.5224469726335891,0.7125442614903211,0.4074107243843939,0.4773322626455978,0.20015653162279617,0.5989267030881142,0.5597621814108421,0.4074107243843939,0.4198750307372273,0.4230502407736106,1812
1552,20462,0.131951524421951,0.2146665691199515,0.3322162123140422,0.3904009960559084,0.4338695207639271,0.245972282364169,1.0,0.5673065968846385,0.3024185089652452,0.0,0.7702996910186279,0.4598047069550194,0.0,0.7771461144782232,0.34051398059889953,0.4348625529249418,0.41404855983680094,0.27344139071699686,0.7771461144782232,0.41974065352450823,0.3598326961794818,1813
440,12039,0.2379050629780245,0.3025310006253562,0.4813774416562334,0.3291815740580683,0.3109399825263198,0.1911952922239679,1.0,0.3085787283980745,0.3867058598694796,0.0,0.6864958183057848,0.1229326506468834,0.869453057760477,0.544688488070392,0.47919664742279244,0.347642294133777,0.3662633697616712,0.3919542211407948,0.544688488070392,0.4197248490598243,0.3932500647746352,1814
2435,32007,0.0742514823123533,0.2243995627414118,0.3603683609836935,0.1958479418169881,0.7109027373134287,0.133836609393668,1.0,0.2017361657108857,0.2652515204956657,1.0,0.7338254784262757,0.4965719351024982,0.7125442614903211,0.6220797127932347,0.504298289332862,0.2334938431032757,0.608117457704817,0.29238396186255267,0.6220797127932347,0.41971065734683555,0.38038728067905,1815
1728,21059,0.4661875608731715,0.1726103724912783,0.2869270738870932,0.354871642921254,0.3682925395580129,0.2260582537913207,1.0,0.288312457234714,0.2751468754097362,0.0,0.9153277577410476,0.5239257408181109,0.7947952132712555,0.7645232988719857,0.6750590681758963,0.28172966632222507,0.3898444872541175,0.22976872318918576,0.7645232988719857,0.41971015582859433,0.3612760453184122,1816
1246,20117,0.2820211445059131,0.0902543040492352,0.2540651106953986,0.4663836163088003,0.5577914927181933,0.3016982852366601,1.0,0.2517059659909453,0.4257725109553119,0.0,0.6565349984605797,0.2315355387316574,0.9036320434281871,0.9257153714927412,0.5184309312815844,0.3387392384731286,0.4651746788527308,0.1721597073723169,0.9257153714927412,0.41967808736715434,0.34437054560748875,1817
548,14113,0.0,0.4216847627154585,0.3854145511769584,0.2060674440235853,0.2674212305116108,0.4116656913546483,1.0,0.2961821188529057,0.310827907645219,0.0,0.5219279874428049,0.2382926172180943,0.8429462157448122,0.7028614859709643,0.40079170510142786,0.3035050132490623,0.3770308731779689,0.4035496569462085,0.7028614859709643,0.4196098239530179,0.36884136674707213,1818
1972,26011,0.3143558572872766,0.1397900895711495,0.3062446592022165,0.0898447243242642,0.9325729363091928,0.1806189045136388,1.0,0.1580788991817285,0.3049936151632527,0.0,0.8884064383576675,0.5273977581371786,0.7390115964200016,0.9257153714927412,0.6172929125505311,0.2315362571724906,0.44060731302941913,0.223017374386683,0.9257153714927412,0.4195615053322707,0.3442509717424012,1819
1709,21023,0.4532684132055056,0.2051483394172545,0.3704667967482067,0.3811526164924589,0.4218752031233879,0.356227102033284,1.0,0.245885310727787,0.2949981595097727,0.0,0.6235344711031088,0.4580166157110167,0.7606458862803938,0.673718331962919,0.5738663465750062,0.27044173511877984,0.4318509843298262,0.2878075680827306,0.673718331962919,0.41952687967947844,0.3726749043733034,1820
1281,20046,0.0,0.1088764613143321,0.3062446592022165,0.4301211477504639,0.4918545897160803,0.2305015428845325,1.0,0.2753017383599055,0.3389682648779752,0.0,0.772905006707399,0.3594292078300901,0.7606458862803938,1.0,0.4732450252044707,0.30713500161894036,0.43049545607021533,0.2075605602582743,1.0,0.41947468368940494,0.3375842636991981,1821
1166,20168,0.4028778282085332,0.1148912348297959,0.2540651106953986,0.3820524707271189,0.441981718616808,0.1744370283582323,1.0,0.4454373174708043,0.1901758729399503,0.0,0.8054711422413747,0.4600509237095048,0.8429462157448122,0.8822616494359928,0.6278365274760562,0.3178065952053773,0.39969424354043187,0.18447817276259726,0.8822616494359928,0.4194265844002309,0.3482736294384476,1822
1131,20351,0.3706292612258043,0.0897123231145772,0.2328033721056162,0.4852593143255497,0.568855129459515,0.3050826047412927,1.0,0.2588645035064882,0.3039893984110011,0.0,0.8306557225325333,0.6566382830165346,0.7606458862803938,0.9257153714927412,0.6546422882638164,0.28142695095874465,0.47183940970527144,0.1612578476100967,0.9257153714927412,0.41940389326459016,0.3440893281016298,1823
1053,20435,0.3932202598211434,0.1458681145846873,0.2632842602460088,0.5629244829085794,0.6079313142849558,0.3645684843163277,1.0,0.219739940729345,0.3017686178036889,0.0,0.4494137470311554,0.2325661156977527,0.8429462157448122,1.0,0.47953658457371595,0.26075427926651695,0.5070848563019725,0.20457618741534805,1.0,0.4193704083153645,0.337479368717338,1824
2015,28026,0.1396646601049843,0.1958540994378747,0.3174079620274858,0.2189967027888696,0.7408367481961984,0.2424318044863531,1.0,0.327487669521696,0.2954201757529014,0.0,0.6608770532415713,0.3149892045659701,0.7789425991309047,0.7771461144782232,0.4736183792608576,0.3114539226372987,0.44045305109428423,0.25663103073268023,0.7771461144782232,0.4192825275755321,0.35934183891627686,1825
1693,21208,0.0,0.4823620813073839,0.6849449855499483,0.3265628475824749,0.4798074625493215,0.2569247276899329,1.0,0.5155791792370715,0.3678362001860592,0.0,0.3247937104701888,0.0183990678187716,0.869453057760477,0.4016163367577464,0.30316145901235936,0.4417076897115654,0.41265900756434587,0.5836535334286661,0.4016163367577464,0.4192502725403114,0.4237784316222441,1826
2134,30010,0.0,0.5168078187979758,0.6007430519038778,0.3456982177597584,0.4387769445967369,0.3632235685574654,1.0,0.4224825723707686,0.6214862996838451,0.0,0.0264871346103237,0.0724538030711495,0.7606458862803938,0.4808481542887606,0.21489670599046673,0.5219844360273068,0.4295397461827921,0.5587754353509268,0.4808481542887606,0.4192057062134208,0.40507178491322204,1827
911,17029,0.0,0.5325801724814673,0.6662198717545256,0.3170626591121873,0.3561524410625463,0.1855930028448678,1.0,0.5485746173068154,0.5026646651281574,1.0,0.8349977773135244,0.2328332376175959,0.0,0.2687479816502085,0.2669577537327801,0.5256196412174865,0.5717616206039203,0.5994000221179965,0.2687479816502085,0.41906193913095946,0.46828631893484884,1828
1516,20400,0.131951524421951,0.1561792062272454,0.3174079620274858,0.3909289852423881,0.4347384488457035,0.2529094850244675,1.0,0.4856660226980079,0.3183604715571029,0.0,0.7060355824463465,0.571124391488195,0.0,0.9257153714927412,0.35227787458912313,0.4020132471275554,0.4157153838225119,0.2367935841273656,0.9257153714927412,0.4189419472002497,0.34361565337188266,1829
250,8053,0.0,0.3172891188459463,0.300188532020952,0.0984961030907655,0.9525599340072752,0.056937740252158,1.0,0.2622088470609973,0.3534461897452009,0.0,0.8050369574683198,0.7056984637561048,0.0,0.8514307429854822,0.37768385530610615,0.3078275184030991,0.4215987554700398,0.30873882543344916,0.8514307429854822,0.418808176095397,0.35073701984715555,1830
572,14069,0.0,0.169634485452412,0.3225774448656947,0.2198600121826875,0.3042890628731854,0.2964653180356882,1.0,0.4141164318585902,0.3218381608159228,0.0,0.6856274487596745,0.2428267752379267,0.8429462157448122,0.8822616494359928,0.44285010993560336,0.3679772963372565,0.3641228786183122,0.24610596515905334,0.8822616494359928,0.4188023000726536,0.34762577678188394,1831
2214,30072,0.3443446855572439,0.2505894284411979,0.4574524617213782,0.3027950079414699,0.5192860669957703,0.2706861068502313,1.0,0.3738662336652624,0.437349901501335,0.0,0.2014763317536072,0.0270312389345469,0.7606458862803938,0.6428874255124083,0.3333745356314479,0.4056080675832987,0.4185534363574943,0.35402094508128806,0.6428874255124083,0.4187846567748394,0.3762311234895521,1832
1372,20183,0.3061859246211213,0.0674730255028316,0.3492050581584243,0.3655077547711515,0.3894715289660325,0.1966606617986788,1.0,0.2663162306556871,0.2690248773200727,0.0,0.8501954866730947,0.4128257358243979,0.7947952132712555,1.0,0.5910005900974673,0.26767055398787987,0.3903279891071726,0.20833904183062796,1.0,0.4186757181268198,0.33678071712908236,1833
1655,21201,0.4661875608731715,0.1575546747501766,0.3174079620274858,0.3451760794916177,0.3551344284913906,0.234404530242011,1.0,0.3260278082399767,0.3891783536195262,0.0,0.9379070223434331,0.533878823901379,0.0,0.8079770209287339,0.48449335177949593,0.35760308092975146,0.3869430076450039,0.2374813183888312,0.8079770209287339,0.4186710268934831,0.3552150697714534,1834
259,8048,0.0,0.5469764109680161,0.4941071376666658,0.111426349494249,0.7865910833464952,0.1378388167306121,1.0,0.1419829693080215,0.2207678195490039,0.0,0.8028658265526041,0.5514720568637047,0.7390115964200016,0.6391266864816243,0.5233373699590775,0.1813753944285127,0.4071712499142713,0.5205417743173409,0.6391266864816243,0.41863540279260447,0.3766155111916626,1835
1006,19017,0.0,0.277383516652313,0.4320288770750036,0.1958775143795256,0.7894631662420895,0.1566340743463228,1.0,0.3777884298111189,0.4285501166312679,0.0,0.5749022566634525,0.235976255047671,0.6784442506275288,0.5630100464373469,0.37233069058466306,0.4031692732211934,0.42839495099358754,0.3547061968636583,0.5630100464373469,0.41853242063200125,0.38862644100216354,1836
390,12066,0.3061859246211213,0.436298023996676,0.6839501108160744,0.35390787295693,0.3663030000800568,0.1797780826084629,1.0,0.1942123105095711,0.3349654522780434,0.0,0.6982196353800336,0.2222779036140704,0.8212921674167302,0.4446679192613652,0.5119939077579889,0.26458888139380726,0.37999779112908993,0.5601240674063752,0.4446679192613652,0.41839597473191137,0.4120741984104823,1837
2249,30106,0.3384686072321147,0.3407645787813383,0.4355609835024832,0.35151548327032,0.4263257459917451,0.4061773850822965,1.0,0.4955528701012661,0.520004746617653,0.0,0.2301345972796467,0.1505272708119009,0.0,0.8275164340507248,0.17978261883091556,0.5077788083594595,0.4368037228688723,0.3881627811419107,0.8275164340507248,0.41831151999106386,0.35272043730247354,1838
1198,20554,0.4532684132055056,0.1725783798814604,0.3062446592022165,0.5390983746727264,0.5935178068737303,0.3262384399469167,1.0,0.2267425726502114,0.3072500248097073,0.0,0.2166739375879576,0.0556549173416624,0.9036320434281871,1.0,0.4073073278908282,0.26699629872995934,0.49177092429867464,0.23941151954183845,1.0,0.4182799728802647,0.3363828447096602,1839
28,4010,0.7506906774790084,0.3361547708568963,0.4338096480802939,0.280784765878319,0.5886777755151316,0.179003730859443,1.0,0.0729077711985619,0.1221778855583165,1.0,0.445505877023219,0.4810440247298939,0.852453839938568,0.8822616494359928,0.6324236047926723,0.0975428283784392,0.6096932544505786,0.38498220946859507,0.8822616494359928,0.4180907640336233,0.34688767280064403,1840
2429,32018,0.0,0.1942863923100325,0.3492050581584243,0.2049188978902777,0.4739909488322454,0.211124117631287,1.0,0.3176989984782851,0.3266548222869514,0.0,0.7954840642593461,0.3740145176735311,0.7789425991309047,0.7914566825269261,0.4871102952659455,0.32217691038261825,0.378006792870762,0.2717457252342284,0.7914566825269261,0.41798648475312977,0.3563247685485862,1841
274,8005,0.0,0.497967420014368,0.4669068020027238,0.0925783225714155,0.96125485448181,0.0937812764978989,1.0,0.1626235079933115,0.2566648843561596,1.0,0.8358663539100746,0.6852164303888104,0.0,0.5264325641232666,0.38027069607472125,0.20964419617473554,0.6295228907102249,0.4824371110085459,0.5264325641232666,0.41790169915530784,0.39446364608857765,1842
1191,20254,0.2820211445059131,0.1315626542436602,0.3367255473426092,0.4937757535959616,0.5836093036743074,0.3341316772471729,1.0,0.210824898154162,0.3901278222491566,0.0,0.41858445411462,0.1339062892196777,0.9301468010770012,0.8514307429854822,0.441164672229303,0.3004763602016593,0.4823033469034884,0.2341441007931347,0.8514307429854822,0.4179003859768656,0.34978697486037685,1843
387,12043,0.6190015946419424,0.1926428042283775,0.41659021807376,0.3695394279875645,0.3971388093730961,0.1706784887635193,1.0,0.3029711385713577,0.2862346389746567,0.0,0.4876249057661683,0.0886628693361115,0.869453057760477,0.7097780834867178,0.5161856068761748,0.2946028887730072,0.387471345224836,0.30461651115106875,0.7097780834867178,0.4178608674811346,0.3660235093512592,1844
2303,30080,0.0,0.2874586519918093,0.5027416001483273,0.3823962131005788,0.4476272734225156,0.4303160797533242,1.0,0.313922533893775,0.353747198088615,0.0,0.3695180549019088,0.0454032921516972,0.9036320434281871,0.6467849483079785,0.3296383476204483,0.333834865991195,0.4520679132552837,0.3951001260700683,0.6467849483079785,0.41768418872218493,0.37442950884296444,1845
606,14054,0.0,0.2221866846920147,0.3322162123140422,0.1995087433348713,0.2668368560727308,0.421044817181302,1.0,0.2261347693104979,0.3153045794820713,0.0,0.772905006707399,0.3668150428095812,0.7947952132712555,0.9257153714927412,0.48362881569705896,0.2707196743962846,0.3774780833177808,0.2772014485030284,0.9257153714927412,0.4174835234256604,0.34212105793586334,1846
1358,20187,0.418388564882842,0.0718078795522511,0.220323861289801,0.4394230504071958,0.5034777062468788,0.3354532163518677,1.0,0.3374674413157094,0.5559090407592941,0.0,0.3317411844651714,0.1219831919056205,0.9701320359742358,0.9257153714927412,0.46056124430696743,0.44668824103750177,0.45567079460118853,0.14606587042102603,0.9257153714927412,0.41743981199308217,0.34207628249865774,1847
1780,21091,0.0,0.2629785072053881,0.4486178983668503,0.3178061635436852,0.5019154810393327,0.2500128499526697,1.0,0.3357543931562111,0.3548827862254881,0.0,0.3812418719761579,0.0472734302345733,0.9301468010770012,0.7336923924214751,0.3396655258219331,0.3453185896908496,0.4139468989071375,0.3557982027861192,0.7336923924214751,0.4174329872691776,0.3625391843049151,1848
321,10028,0.0,0.3903554627687544,0.3736298191175524,0.1661036483021353,0.5834562313453828,0.2138533350445852,1.0,0.202880173335341,0.3280686734775975,0.0,0.8449848552955526,0.4897107448271579,0.7390115964200016,0.6130176920083639,0.518426799135678,0.26547442340646926,0.39268264293842065,0.3819926409431534,0.6130176920083639,0.41730728672624817,0.3790545446650956,1849
413,12073,0.4227847747848988,0.2774281887942492,0.4206658505700655,0.2653010771054481,0.2337478604686971,0.3823347168539537,1.0,0.2762046639863758,0.3071125636663284,0.0,0.3842813724379839,0.0485901061770919,0.8429462157448122,0.7771461144782232,0.4246506172861967,0.29165861382635205,0.37627673088561975,0.34904701968215734,0.7771461144782232,0.4172151870539553,0.35712846408022847,1850
2021,28001,0.5731158404003998,0.2138829383305134,0.4245904985296838,0.2194152465168041,0.8349794334138437,0.2770129677968831,1.0,0.1763292292086672,0.2281223760800529,0.0,0.5471123606835231,0.5957262253513208,0.7947952132712555,0.668732778856004,0.6276874099266248,0.20222580264436005,0.46628152954550617,0.3192367184300986,0.668732778856004,0.4171754369838814,0.37075349959268944,1851
2192,30058,0.3443446855572439,0.2414509189056781,0.4144920627651705,0.2928082731323868,0.5675293204132855,0.3433762969907546,1.0,0.3359919475831843,0.2876465564669493,0.0,0.35866260737377,0.3709648346262987,0.869453057760477,0.5765449532098653,0.4858562963294474,0.3118192520250668,0.44074277810728535,0.3279714908354243,0.5765449532098653,0.4171123482770042,0.38468744717892994,1852
305,10023,0.0,0.5289841502840841,0.5841664148538418,0.1630129696515739,0.4351232652913054,0.3742353288393638,1.0,0.1909811493882656,0.2957458692375905,1.0,0.3352149732252723,0.0042443905084235,0.8429462157448122,0.5303779200216894,0.295601394869627,0.24336350931292805,0.5944743127564486,0.5565752825689629,0.5303779200216894,0.4171006596960876,0.3927848577478076,1853
323,10015,0.0,0.3119964065750048,0.3908492491240862,0.1684946781517088,0.617431074001506,0.1737787533884112,1.0,0.2314428530512552,0.3271419782443772,0.0,0.7598784282635445,0.4609233431877505,0.7125442614903211,0.6789471770362071,0.4833365082354041,0.2792924156478162,0.3919409011083252,0.3514228278495455,0.6789471770362071,0.41709891219735906,0.3692664274519188,1854
1208,20407,0.1952794711632106,0.1429543348810568,0.3825889602415067,0.595056746445773,0.7395421576612369,0.3635945959567588,1.0,0.2020239106425588,0.4145219447935052,0.0,0.0881459274938343,0.0933639752145829,0.869453057760477,0.9257153714927412,0.3115606079080262,0.308272927718032,0.5396387000127538,0.26277164756128174,0.9257153714927412,0.4169916891621459,0.3416173192773977,1855
1146,20161,0.0538605071821859,0.0,0.2717650557236629,0.4401181188350116,0.504319403656933,0.2491237208321384,1.0,0.3097754537123072,0.3699482598059125,1.0,0.7659574291871969,0.3784719387189192,0.7390115964200016,0.8822616494359928,0.4843253678770759,0.33986185675910985,0.6387122486648166,0.13588252786183144,0.8822616494359928,0.4169665165597728,0.3457220873272705,1856
1298,20092,0.1826590576547239,0.1326087805679808,0.2717650557236629,0.4639693165545506,0.5310951261839869,0.2656516154267279,0.0,0.4959906316181913,0.5519537325020019,0.0,0.8015632722334385,0.2750973218766392,0.7789425991309047,0.9257153714927412,0.5095655627239266,0.5239721820600965,0.2521432116330531,0.20218691814582185,0.9257153714927412,0.4169435135743324,0.3415679856278516,1857
1406,20250,0.0538605071821859,0.081349009447843,0.3062446592022165,0.4238278651502219,0.4835989470305917,0.2421168906908966,1.0,0.3260623933300427,0.3133466655580406,0.0,0.8575770419159123,0.4713865037777925,0.7606458862803938,0.8822616494359928,0.5358674847890711,0.31970452944404165,0.42990874057434203,0.19379683432502975,0.8822616494359928,0.4168936788046843,0.34564659843953843,1858
1192,20272,0.2487655717825037,0.224232849319892,0.5197304459927093,0.4275020780621335,0.51266004199204,0.2375437193107021,1.0,0.5509003186293715,0.2400942463690099,0.0,0.5245333031315758,0.1491800913903875,0.0,0.8514307429854822,0.23061974157611673,0.3954972824991907,0.43554116787297514,0.3719816476563007,0.8514307429854822,0.41681948012539666,0.3486564289201149,1859
1076,20104,0.0,0.1013591753478129,0.2717650557236629,0.4582738753105743,0.5250591152759065,0.2590415809415898,1.0,0.3188423226842255,0.3898459813564875,0.0,0.6908380801372165,0.1824985772210485,0.8212921674167302,1.0,0.4236572061937488,0.3543441520203565,0.4484749143056141,0.1865621155357379,1.0,0.41667773652454915,0.33477295855350925,1860
74,6009,0.2229333392638425,0.7068880932456674,0.677067602103202,0.1946168729456782,0.1890563717366832,0.4449351618763425,1.0,0.1128718640295254,0.3248244229463483,1.0,0.468519326398662,0.3374320581613662,0.8212921674167302,0.3167881746515595,0.46254422281015023,0.21884814348793685,0.5657216813117408,0.6919778476744347,0.3167881746515595,0.4166314219878981,0.44616734984514994,1861
474,13027,0.3443446855572439,0.2597682353295692,0.4989906462943148,0.3074042624027252,0.524565376143415,0.2793263961338255,1.0,0.2703473869599959,0.305144730614528,0.0,0.2014763317536072,0.1278475026340164,0.9301468010770012,0.6789471770362071,0.40095383025546716,0.28774605878726195,0.42225920693599317,0.37937944081194197,0.6789471770362071,0.4165992958366817,0.3687136091901984,1862
497,13015,0.5230991341809489,0.1281784240402376,0.300188532020952,0.2934175765024117,0.5053254527094527,0.2525019471566154,1.0,0.3342027532435996,0.4440891798771323,0.0,0.5232305417619705,0.1889221043227201,0.7125442614903211,0.7532318055434659,0.4869490104389902,0.38914596656036593,0.41024899527369596,0.21418347803059481,0.7532318055434659,0.41655431045980107,0.35921741110489963,1863
1855,24026,0.5252848794142257,0.1481591782650325,0.3062446592022165,0.2682857782591933,0.6022047516691746,0.3655789510677548,1.0,0.2405566451146877,0.398293674094837,0.0,0.445505877023219,0.3770186969308128,0.869453057760477,0.6963643413004936,0.5543156277821836,0.31942515960476237,0.4472138961992245,0.2272019187336245,0.6963643413004936,0.41646452208340357,0.3662379817782214,1864
1773,21183,0.3484713972187253,0.1900901270553515,0.4101668344392095,0.3207944646211932,0.4975050999734646,0.2555358405756671,1.0,0.3869220668314299,0.3904585654075512,0.0,0.2848458126429554,0.0255255479084511,0.9301468010770012,0.6508295817171241,0.3972473897117832,0.38869031611949056,0.41476708103406495,0.3001284807472805,0.6508295817171241,0.416340548075687,0.3723437478565722,1865
66,5011,0.0,0.3331529754772324,0.3854145511769584,0.1782104936073506,0.7639066660966947,0.0925968156521084,1.0,0.2796640058190323,0.2493763053907364,1.0,0.5827182037297651,0.4015085619405037,0.6304410739041073,0.5344740898901891,0.403666959893594,0.26452015560488434,0.6069427950712307,0.3592837633270954,0.5344740898901891,0.4159094578116657,0.39063111326863326,1866
457,12016,0.4227847747848988,0.1574084811849544,0.279617045909487,0.2561204662365804,0.2131764883317344,0.4773691688181436,1.0,0.2447095762330086,0.4660502544610608,0.0,0.4112027953465826,0.1002794038036466,0.8429462157448122,0.9257153714927412,0.44430329741998503,0.3553799153470347,0.3893332246772917,0.2185127635472207,0.9257153714927412,0.4158432282422756,0.340441639434566,1867
1962,26004,0.0,0.2560207510229678,0.3908492491240862,0.0773236103214033,0.9250700075445946,0.1488231387882905,1.0,0.2819023391344395,0.2487229954267154,0.0,0.8619193037473438,0.5673183074776955,0.6784442506275288,0.6391266864816243,0.5269204654631421,0.26531266728057745,0.43024335133085767,0.323435000073527,0.6391266864816243,0.4158323163645335,0.37346599027539445,1868
1807,22004,0.0,0.4903600688754206,0.5802498275569147,0.2760298065214047,0.5008397034902825,0.230899982867764,1.0,0.3493805450379682,0.3475420619769023,0.0,0.4502823236277058,0.2033540653967837,0.7390115964200016,0.476709799784738,0.34816199636112277,0.34846130350743526,0.40155389857589024,0.5353049482161676,0.476709799784738,0.41582157702312067,0.40185581440515356,1869
2296,30083,0.3443446855572439,0.2357165168632028,0.4755861980646561,0.3015441223054643,0.5443607915273097,0.3047125207734186,1.0,0.2641564231448682,0.291631757626988,0.0,0.3868866881267545,0.2072253951850125,0.869453057760477,0.6467849483079785,0.451977456657372,0.2778940903859281,0.4301234869212385,0.35565135746392945,0.6467849483079785,0.4157906545945931,0.3723089089809835,1870
1814,22002,0.0,0.2149198742883101,0.3452063428202632,0.2735316074960495,0.5335953237647464,0.2549270406004935,1.0,0.7317469376068488,0.2816752034676151,0.0,0.3738602132081201,0.0838199773872081,0.8212921674167302,0.6639688805647354,0.31974308950301455,0.506711070537232,0.41241079437225786,0.2800631085542866,0.6639688805647354,0.4157756420081587,0.36985958010361475,1871
1812,22015,0.4964577629680267,0.2126898563137831,0.3704667967482067,0.277277485789927,0.52199943790567,0.2510644069239718,1.0,0.4604291308928381,0.2879735605850191,0.0,0.2731219955687065,0.0182170586722358,0.8212921674167302,0.6902386703647267,0.40227224615642476,0.3742013457389286,0.4100682661239137,0.2915783265309949,0.6902386703647267,0.41576432420294107,0.36627662537363354,1872
2469,32033,0.0,0.1902680609291579,0.311973264080358,0.2050836743676093,0.4160716205370787,0.2467661367243263,1.0,0.3518613511011114,0.4318013663149613,0.0,0.7151540838318244,0.3245831819059308,0.7947952132712555,0.7336923924214751,0.4586331197522527,0.3918313587080363,0.3735842863258029,0.25112066250475795,0.7336923924214751,0.41540329196767534,0.36033704552643253,1873
967,19013,0.344059369230186,0.2659273791362863,0.3736298191175524,0.1925595304476332,0.927611051132938,0.1597788006677876,1.0,0.1346351437185478,0.2676206081766842,0.0,0.5640468091353139,0.7074613769980749,0.7606458862803938,0.7097780834867178,0.5940533604109921,0.201127875947616,0.4559898764496717,0.3197785991269193,0.7097780834867178,0.4153794254259787,0.36330851799356856,1874
235,8014,0.4079913363254404,0.1245475147118423,0.170525387834285,0.14702933872946,0.7254244832064496,0.134058242211615,1.0,0.2791068721949832,0.3454260140250729,0.0,0.923143704807359,0.6302295055490107,0.7125442614903211,1.0,0.6684772020430328,0.31226644311002805,0.4013024128295049,0.14753645127306364,1.0,0.41533315805459153,0.33342315401283656,1875
324,10031,0.2728112475268917,0.213410751171615,0.3736298191175524,0.1809897710815197,0.5884148128871867,0.1684276302499689,1.0,0.1738636673330089,0.2512795282426251,0.0,0.8884064383576675,0.6255700883649463,0.7390115964200016,0.8079770209287339,0.6314498426673768,0.212571597787817,0.38756644284373504,0.2935202851445837,0.8079770209287339,0.41518865581882247,0.35152571163177604,1876
1623,21179,0.0,0.3541243633496857,0.5570494086324103,0.3704490435974599,0.4099426383002897,0.3537131916605823,1.0,0.2851216545782424,0.325820346803002,0.0,0.3981763204279482,0.1276876356935829,0.7606458862803938,0.6428874255124083,0.3216274606004812,0.30547100069062216,0.4268209747116664,0.455586885991048,0.6428874255124083,0.4148155247606827,0.37177914079439844,1877
1899,25011,0.0,0.6539924304997393,0.7530557569897134,0.1206916138131902,0.5229869161706512,0.528515283695409,1.0,0.1202962206737551,0.3646667522035931,1.0,0.8315240920786435,0.5458463154375617,0.0,0.3279377611294707,0.3443426018790513,0.24248148643867412,0.6344387627358501,0.7035240937447264,0.3279377611294707,0.41440586287878334,0.4393741547865594,1878
576,14120,0.0,0.9377673718094686,0.8948046373606479,0.2025788670458933,0.3698836472545059,0.2861005334185653,1.0,0.4125590903849626,0.5539997510867172,1.0,0.5709943866555163,0.1667176552636395,0.8212921674167302,0.1237958723851285,0.38975105233397145,0.48327942073583985,0.5717126095437929,0.9162860045850583,0.1237958723851285,0.41436218797213314,0.5604651405269236,1879
49,5035,0.0,0.9267462953450036,0.8208840772886177,0.1741381813009316,0.6260393470091972,0.1415350021221317,1.0,0.3403786521971697,0.3743842721892682,1.0,0.6187582315490623,0.4718092321055395,0.6784442506275288,0.150273596659364,0.44225292857053267,0.3573814621932189,0.5883425060864521,0.8738151863168107,0.150273596659364,0.4143306362936607,0.5339039554503519,1880
37,5036,0.0,0.1817778189611139,0.3062446592022165,0.1751654072732528,0.6529409111934528,0.1270364804129096,1.0,0.3166143771005587,0.3228318947733264,1.0,0.650455997536928,0.5117326350083704,0.6784442506275288,0.5745035569136432,0.4601582207932068,0.31972313593694257,0.5910285597759231,0.2440112390816652,0.5745035569136432,0.41418889805832065,0.38165845407910504,1881
401,12014,0.4548558735107862,0.3876559921637338,0.5132579985088492,0.2998507538141791,0.2331555103507271,0.2614188921228855,1.0,0.3458618282999913,0.2027237434324429,0.0,0.7681285601029122,0.4440098826288389,0.0,0.6594077639142162,0.41674857906063434,0.2742927858662171,0.35888503125755833,0.4504569953362915,0.6594077639142162,0.4141620008284801,0.3687009855621441,1882
616,14042,0.0,0.3133647963607163,0.4338096480802939,0.1853181699365863,0.4308450497445031,0.2228705356909253,1.0,0.1856210078711003,0.309668807049603,0.0,0.7716022453377935,0.2744184799539143,0.7606458862803938,0.7914566825269261,0.4516666528930254,0.24764490746035164,0.36780675107440297,0.3735872222205051,0.7914566825269261,0.41401612664654186,0.3520989945210777,1883
640,14088,0.0,0.3481757147616269,0.4602408695082853,0.198054104034885,0.3061006353728147,0.3451110347214056,1.0,0.210661611190186,0.3326113023614906,0.0,0.6977854506069787,0.2634804045858077,0.7947952132712555,0.6789471770362071,0.43901526711601047,0.2716364567758383,0.36985315482582104,0.4042082921349561,0.6789471770362071,0.4136067738413703,0.3654059011550634,1884
797,16092,0.457891543547254,0.2927095956689952,0.3854145511769584,0.2677926699322351,0.3105143200731347,0.2782620109769935,1.0,0.2419651263275462,0.2604420141944834,0.0,0.6804168173821328,0.1483528083709595,0.8212921674167302,0.725114210224383,0.5269883341792692,0.2512035702610148,0.37131380019647264,0.3390620734229768,0.725114210224383,0.41347638055283076,0.3593037735498911,1885
386,12068,0.1693136333039698,0.2578545435790067,0.4144920627651705,0.2542706165583422,0.1834108169309758,0.6001895297928159,1.0,0.3494657484968736,0.4465348894544492,0.0,0.4468084313423845,0.2111179383458631,0.8212921674167302,0.5372945175374426,0.4121330426022369,0.3980003189756614,0.4075741926564268,0.3361733031720886,0.5372945175374426,0.41340967169300286,0.38718871294934837,1886
1450,20331,0.0,0.2065564352811449,0.5063642908338386,0.4186833990029188,0.4766050245515715,0.2298779125745076,1.0,0.3312994480615979,0.2968202563872739,0.0,0.6969170810608685,0.3181926705168622,0.0,1.0,0.25377743789443263,0.3140598522244359,0.42503326722579954,0.35646036305749174,1.0,0.4134089931955885,0.33149341055672704,1887
1966,26006,0.2040145944256144,0.1356639223457114,0.3225774448656947,0.091234415869504,0.9032697855296574,0.201618496354446,1.0,0.1936505019970829,0.2968565560596077,0.0,0.8506296714461501,0.4238253808149712,0.7390115964200016,0.8822616494359928,0.5543703107766843,0.2452535290283453,0.43922453955072155,0.22912068360570303,0.8822616494359928,0.4133830876102673,0.34201214674072156,1888
1171,20357,0.3932202598211434,0.0571237585646027,0.311973264080358,0.6095474283646959,0.6306237072138472,0.4255485882757457,1.0,0.2136633380775697,0.2827139244538182,0.0,0.5306123040552277,0.2293842158853192,0.8212921674167302,1.0,0.49362723679460513,0.24818863126569396,0.5331439447708577,0.18454851132248037,1.0,0.41326364827936546,0.33134773531385614,1889
2198,30022,0.0,0.2776592545733768,0.4574524617213782,0.3845921472243205,0.439381258233343,0.3949473984619558,1.0,0.2746676498861715,0.319575506818431,0.0,0.3617021078355962,0.0892347575320432,0.9036320434281871,0.7336923924214751,0.33864222719895665,0.29712157835230124,0.4437841607839239,0.3675558581473775,0.7336923924214751,0.41317771893123245,0.3579254775550888,1890
1894,25002,0.0,0.4143116975921415,0.5484305631278117,0.1258193789909999,0.5017903235872254,0.3932187019603871,1.0,0.2145827635295452,0.2886921905148893,1.0,0.791142009478355,0.4685554783824759,0.0,0.5201635218414863,0.31492437196520773,0.2516374770222173,0.6041656809077225,0.4813711303599766,0.5201635218414863,0.41281124210192527,0.3896318241555017,1891
673,15007,0.0,0.2418172649990284,0.3704667967482067,0.2854018989539039,0.3553572293168466,0.2101120799614153,1.0,0.3530766932239995,0.4512864798769496,0.0,0.5874946503342517,0.2536702223524399,0.8212921674167302,0.6319793675308782,0.41561426002585544,0.40218158655047453,0.3701742416464332,0.3061420308736176,0.6319793675308782,0.41269474185276844,0.3709884974407176,1892
1605,21113,0.4661875608731715,0.1547987292782763,0.3225774448656947,0.357501473414928,0.3736608321948209,0.222154564999911,1.0,0.2606884910508945,0.2530169436116871,0.0,0.8836299917531802,0.4277447736319304,0.7947952132712555,0.7771461144782232,0.6430893848823844,0.2568527173312908,0.39066337412193197,0.23868808707198547,0.7771461144782232,0.41268465947427335,0.3522875024634004,1893
571,14076,0.2614115765947605,0.2151906718671449,0.2632842602460088,0.1931062572860137,0.4024573127110981,0.2846406154993428,1.0,0.1902964077001421,0.4363881437463872,0.0,0.621363340187393,0.1541317728446492,0.7947952132712555,0.9257153714927412,0.45792547572451453,0.3133422757232647,0.3760408370992909,0.23923746605657686,0.9257153714927412,0.41254477953498114,0.33706953422732316,1894
1024,20440,0.3932202598211434,0.0712679879059963,0.2869270738870932,0.6700594771388834,0.6517505713007417,0.475849522868104,0.0,0.2889442637888536,0.3484409081977632,0.0,0.6843248944405094,0.4299281217188149,0.8212921674167302,1.0,0.5821913608492995,0.3186925859933084,0.3595319142615458,0.17909753089654476,1.0,0.41252754534714364,0.3306101561956219,1895
1767,21210,0.3484713972187253,0.2302653633794917,0.4186476299168636,0.3292386129352964,0.4765601907044421,0.2828838223453596,1.0,0.5311475858157317,0.5329750111240545,0.0,0.328701684003345,0.0375313943767112,0.0,0.9257153714927412,0.17867611889969537,0.5320612984698931,0.4177365251970196,0.32445649664817766,0.9257153714927412,0.41239454895799044,0.33691610892692886,1896
461,13031,0.0440712072905407,0.2668490778989896,0.4531272333954173,0.2826657057278546,0.5339648730572613,0.2769068062718698,1.0,0.2911489606811935,0.3673782748886687,0.0,0.4194529271859504,0.1161380928327107,0.7606458862803938,0.7171720540196672,0.3350770283973989,0.3292636177849311,0.41870747701139716,0.35998815564720343,0.7171720540196672,0.41238431402843356,0.3591053144822013,1897
1847,24049,0.0,0.3760382796670439,0.5157317306545482,0.2127729521621705,0.6025942401594151,0.1303648321815731,1.0,0.1998879908253896,0.2289109914524048,0.0,0.9405123380322052,0.6782000967411547,0.7125442614903211,0.5493828179949455,0.5828141740659203,0.2143994911388972,0.38914640490063174,0.4458850051607961,0.5493828179949455,0.41228066111420647,0.38372706910762694,1898
1137,20466,0.0,0.1348820405880151,0.4245904985296838,0.416000890896034,0.4820254425095047,0.2113102098814918,1.0,0.3219788001172772,0.2264272460024792,0.0,0.6734694469123705,0.2014379312109579,0.9036320434281871,0.8275164340507248,0.4446348553878789,0.2742030230598782,0.42186730865740607,0.27973626955884945,0.8275164340507248,0.41224500716922663,0.3463379633379915,1899
1409,20257,0.4532684132055056,0.0562861937324674,0.2632842602460088,0.5229619193051599,0.5824637976287247,0.3153858376607958,1.0,0.2608711054341516,0.3395451207654798,0.0,0.5505862529688443,0.1765128222945349,0.869453057760477,1.0,0.5124551365573404,0.3002081130998157,0.4841623109189361,0.1597852269892381,1.0,0.4122125176504574,0.33029459723067306,1900
1264,20017,0.0,0.1471952458639509,0.2328033721056162,0.4800349786356099,0.551587142328102,0.2863912041989562,1.0,0.2732982323029785,0.3486563264018024,0.0,0.76118098258271,0.3329851941070405,0.7789425991309047,0.9257153714927412,0.4682771939551638,0.31097727935239045,0.4636026650325336,0.18999930898478357,0.9257153714927412,0.4120229598505851,0.3365366778320874,1901
1423,20535,0.0,0.0796416539024588,0.2869270738870932,0.4652177097848206,0.5323897167189484,0.2653010223646002,1.0,0.2877795463322606,0.3451202594553458,0.0,0.7794181924041059,0.1601727429644767,0.869453057760477,1.0,0.4522609982822649,0.3164499028938032,0.4525816897736738,0.183284363894776,1.0,0.412005771797364,0.33008753547965985,1902
877,16099,0.2254445032821548,0.2510150225763916,0.407936154559633,0.2701579330749027,0.330613544092558,0.253802865714932,1.0,0.2696542605500355,0.2878679555868512,0.0,0.6699957616774894,0.0831356012929071,0.8429462157448122,0.7645232988719857,0.45538052049934086,0.27876110806844334,0.37091486857647854,0.3294755885680123,0.7645232988719857,0.4119257759558451,0.35291980394868383,1903
40,5007,0.0461269551714478,0.5093076503463444,0.4406477225796021,0.1589733172660951,0.7711579115468892,0.0687830585704125,1.0,0.1995937152408212,0.1691083782318307,1.0,0.5401649902137609,0.3857077058619845,0.7125442614903211,0.5330912311531171,0.42113597818437853,0.18435104673632596,0.5997828574766794,0.4749776864629732,0.5330912311531171,0.4114407944283823,0.38564153478140895,1904
838,16002,0.0,0.2980271618654709,0.5124204180151032,0.2295216505430716,0.2183379315012675,0.381945230950567,1.0,0.2831120895294812,0.246414808466566,0.0,0.5479809372800732,0.0598385647989732,0.8429462157448122,0.8275164340507248,0.36269142945596466,0.2647634489980236,0.3659609625989812,0.40522378994028707,0.8275164340507248,0.41139625057916723,0.34544686419616133,1905
2171,30185,0.0,0.2222702596218464,0.3881667417764709,0.3928450768223747,0.4457307052732679,0.384671300347881,1.0,0.3038414582232229,0.3055741430703704,0.0,0.3669127392131379,0.0653362953930759,0.9036320434281871,0.8514307429854822,0.3339702695086002,0.30470780064679664,0.44464941648870476,0.3052185006991587,0.8514307429854822,0.41121964873940836,0.34281119054536446,1906
1164,20523,0.0538605071821859,0.0888083720579342,0.2937651483864014,0.41578760913777,0.4725681806177632,0.2466169381127334,1.0,0.3976075653848637,0.3071392175283893,0.0,0.7021277124384102,0.3680467952478325,0.7947952132712555,0.8514307429854822,0.479707557034921,0.3523733914566265,0.4269945455736533,0.19128676022216778,0.8514307429854822,0.4111944523430426,0.34278493468518945,1907
1052,20410,0.2945235276659142,0.1327435969284244,0.2937651483864014,0.5867949544463188,0.6445746940038495,0.4638063931401437,1.0,0.201647790977222,0.2729864020137854,0.0,0.576205018033058,0.3033524630840371,0.7789425991309047,0.8822616494359928,0.4882559019784785,0.2373170964955037,0.5390352083180623,0.2132543726574129,0.8822616494359928,0.41116657435104015,0.33972139722342304,1908
222,8059,0.3650073360670771,0.1872844456395196,0.3174079620274858,0.140183420795943,0.7209852196516334,0.1669593176130168,1.0,0.1699721811217676,0.2724255787477651,1.0,0.8102475888458616,0.5700900984109197,0.7390115964200016,0.5594373801050112,0.621089154935965,0.22119887993476633,0.6056255916121186,0.2523462038335027,0.5594373801050112,0.4111287702348159,0.3806575658259316,1909
2460,32037,0.0,0.3636254617539876,0.4588558382735587,0.2036453848168692,0.5595509398966974,0.1430496557603087,1.0,0.3204354363687506,0.2875299925666987,0.0,0.9491966546446278,0.6804456416492055,0.0,0.6046625485289482,0.4074105740734583,0.3039827144677246,0.38124919609477503,0.41124065001377313,0.6046625485289482,0.41109277676381123,0.3732901581651461,1910
1614,21018,0.131951524421951,0.101318551362693,0.2439666749308854,0.3774796903727755,0.4116861341206135,0.2810580979583315,1.0,0.3645566548551638,0.3117174774957059,0.0,0.8562744875967467,0.5089060602654605,0.7789425991309047,0.8514307429854822,0.5690186678537656,0.3381370661754348,0.41404478449034415,0.1726426131467892,0.8514307429854822,0.41087790572751653,0.34245511211926954,1911
1161,20076,0.0,0.1721290719518411,0.3492050581584243,0.4086178343714526,0.464215578764021,0.1980888411215744,1.0,0.3398661641710748,0.212533078553911,0.0,0.5662179400510297,0.1004305275240513,0.9036320434281871,1.0,0.392570127750817,0.2761996213624929,0.41418445085140954,0.2606670650551327,1.0,0.410850723713343,0.3289312007306432,1912
900,16077,0.4227847747848988,0.3078715583056109,0.4694600190588954,0.2737743298526599,0.2691856331417925,0.3065153398650314,1.0,0.417695842774871,0.2285989533502669,0.0,0.6973512658339234,0.2686460153540658,0.0,0.725114210224383,0.34719551399322196,0.3231473980625689,0.36989506057189675,0.38866578868225315,0.725114210224383,0.4107780286579408,0.35637514244856844,1913
264,8027,0.5165460625335851,0.4354740678961715,0.4910652048884324,0.1265654917892397,0.6940780158106069,0.227612839381017,1.0,0.342038370094178,0.1830086079959857,0.0,0.5254016726776858,0.0192648846292518,0.7789425991309047,0.5086287365465932,0.46003880474285685,0.2625234890450818,0.4096512693961728,0.46326963639230195,0.5086287365465932,0.41050866997738394,0.3890923516505932,1914
2428,32022,0.2728112475268917,0.3545297409760563,0.5205123933107532,0.1836696067882807,0.5895779221081756,0.1674606705554358,1.0,0.1912495314058115,0.2933709798016866,0.0,0.9144593881949364,0.6674949398166121,0.0,0.6101596542308203,0.4636913938846101,0.24231025560374903,0.3881416398903784,0.4375210671434047,0.6101596542308203,0.4103993885121495,0.3716614435916498,1915
2133,30113,0.0,0.165087234959438,0.327506397791999,0.3949919412976642,0.455668090961639,0.405690771909115,1.0,0.3215002653948664,0.3032066051652309,0.0,0.4407294304187326,0.2488766146784177,0.9301468010770012,0.8275164340507248,0.4049382115435379,0.31235343528004866,0.45127016083368365,0.2462968163757185,0.8275164340507248,0.4103376984612576,0.34433614727653716,1916
1566,20064,0.3932202598211434,0.1635273429960961,0.2937651483864014,0.620630760131878,0.6351134442725628,0.4328833092568859,1.0,0.233651456882333,0.3002394517191453,0.0,0.411636980119638,0.1464044880924969,0.7606458862803938,0.8275164340507248,0.427976903578418,0.2669454543007391,0.5377255027322654,0.22864624569124875,0.8275164340507248,0.41026912941724253,0.3442642238725814,1917
2161,30156,0.3384686072321147,0.0,0.3174079620274858,0.3490185903945099,0.4316146826357058,0.3753187551311493,1.0,0.4629769851054135,0.6711940462812671,0.0,0.1871471989905877,0.0121050886721265,0.869453057760477,0.8514307429854822,0.3517934881638265,0.5670855156933403,0.43119040563227296,0.1587039810137429,0.8514307429854822,0.4102688251773064,0.34182066548440254,1918
1537,20433,0.325828335174773,0.1027277022786652,0.3881667417764709,0.4405093412216079,0.5289933603846902,0.2576750825344867,0.0,0.5184331007173069,0.2802633845257616,0.0,0.5848893346454809,0.1130758062310974,0.9036320434281871,1.0,0.4818563798698846,0.39934824262153423,0.245435556828157,0.24544722202756808,1.0,0.4100463955098698,0.3281264562971638,1919
1204,20366,0.2820211445059131,0.1859999159876016,0.3704667967482067,0.4741120589172845,0.5655285016217884,0.3078833834699349,0.0,0.2569514186552615,0.3899004529006183,0.0,0.5514546225149546,0.1747257331192799,0.9036320434281871,1.0,0.4779583858920837,0.3234259357779399,0.2695047888018015,0.27823335636790414,1.0,0.41004179140051517,0.32812185094035795,1920
79,6007,0.0,0.6549739550871497,0.6717825030241189,0.2008926083442032,0.1996342450246043,0.8090739307853807,1.0,0.268156407500692,0.443239486656495,1.0,0.6057316531052079,0.2092532475741574,0.8212921674167302,0.1869217707676,0.4090692670240239,0.3556979470785935,0.6419201568308377,0.6633782290556343,0.1869217707676,0.4099737640074986,0.49891907654680534,1921
1762,21081,0.3061859246211213,0.1856972859386951,0.3225774448656947,0.3419570332697217,0.3406110307811444,0.190709187600476,1.0,0.2358882517692614,0.2826848036913298,0.0,0.7854971933277579,0.237310081549695,0.7947952132712555,0.8822616494359928,0.5309471031924574,0.2592865277302956,0.3746554503302684,0.2541373654021949,0.8822616494359928,0.4098508476023585,0.3383630621145277,1922
715,15078,0.2254445032821548,0.1944067454843496,0.311973264080358,0.2784257506423487,0.3385750056388341,0.2338075719879591,1.0,0.3750482340172066,0.3304418808447419,0.0,0.531480673601338,0.1529824515252469,0.8212921674167302,0.8079770209287339,0.4327999489563675,0.3527450574309743,0.37016166565382835,0.2531900047823538,0.8079770209287339,0.4098236615485024,0.3458569713691062,1923
1112,20264,0.0538605071821859,0.0206447460707967,0.300188532020952,0.4223433538104122,0.4816037678958647,0.262078325163571,1.0,0.3380533671331869,0.344109424085539,0.0,0.7841944319581524,0.4894830134815575,0.7789425991309047,0.9257153714927412,0.5266201379382001,0.34108139560936296,0.4332050893739696,0.16041663904587436,0.9257153714927412,0.4097841785109365,0.3342524616690721,1924
1968,26062,0.3243731791474138,0.1112324344019285,0.2937651483864014,0.0999119092308068,0.7311759404716334,0.3806495257821672,1.0,0.1626046867887716,0.2671900390564253,0.0,0.8336952229943593,0.4725998285791138,0.7606458862803938,1.0,0.5978285292503202,0.21489736292259845,0.44234747509692146,0.20249879139416493,1.0,0.40944798885034345,0.32752799589462533,1925
1267,20019,0.418388564882842,0.1033435519082233,0.2937651483864014,0.4366486246539629,0.5000813499126207,0.3045716422686938,1.0,0.2699902345198817,0.452166493490487,0.0,0.3438992898376951,0.0996705387169785,0.7606458862803938,0.8822616494359928,0.4056510699294773,0.36107836400518434,0.4482603233670555,0.19855435014731235,0.8822616494359928,0.40940414948938947,0.3379021458300854,1926
1829,23001,1.0,0.4832358546830313,0.579805577930439,0.2122574470996697,0.3090264954067589,0.190402703544499,1.0,0.4072106594360237,0.3299872377725511,0.0,0.5770733875791683,0.655779940105801,0.0,0.3070228485584629,0.5582133319212423,0.36859894860428744,0.34233732921018556,0.5315207163067351,0.3070228485584629,0.40935480230936505,0.43987794536097835,1927
965,19036,0.0,0.1169390914535301,0.1898429731494084,0.2201244649266186,0.7099215829103117,0.2240597000404323,1.0,0.3962989014409562,0.3303755748308243,0.0,0.7481546111892954,0.4215340821428931,0.7390115964200016,1.0,0.47717507243804747,0.36333723813589025,0.4308211495754725,0.15339103230146925,1.0,0.40908817772140127,0.3271682576826815,1928
662,14100,0.1411157730694472,0.3711812314719483,0.5027416001483273,0.1832106447162168,0.2296187294112734,0.4576256694762839,1.0,0.2058587540421,0.3466614149958977,0.0,0.5093355937720054,0.0973152097844464,0.7789425991309047,0.6639688805647354,0.3816772939392009,0.27626008451899886,0.37409100872075485,0.4369614158101378,0.6639688805647354,0.40899359804156854,0.3623336812033188,1929
1721,21050,0.0,0.1666159358951786,0.3492050581584243,0.3717278384431371,0.4298967656698792,0.4042099055182775,1.0,0.3887519212629157,0.4023348760382429,0.0,0.376465528896891,0.088214935406064,0.9036320434281871,0.7430174073632629,0.34207812693278555,0.3955433986505793,0.4411669019262588,0.25791049702680147,0.7430174073632629,0.4089574039557928,0.3522474411668734,1930
913,17014,0.3024799758214906,0.2328688193199367,0.3567763769729923,0.3101551816911886,0.3291057802284574,0.186376843987613,1.0,0.3164308620552025,0.5283897958423824,0.0,0.8936170697352093,0.3393803357458754,0.0,0.6550328681014498,0.3838693453256438,0.4224103289487925,0.36512756118145184,0.2948225981464645,0.6550328681014498,0.4089189979994213,0.36348026565778985,1931
1256,20007,0.1826590576547239,0.1638059964682914,0.4009476848885993,0.4878537003521426,0.5541939265734313,0.2933092883269597,0.0,0.356624548325806,0.4283010678487108,0.0,0.9188016500263684,0.6482809539460573,0.0,0.8822616494359928,0.43743541540678743,0.3924628080872584,0.2670713830505067,0.2823768406784453,0.8822616494359928,0.40883988374295704,0.33732009949851904,1932
2025,28035,0.5731158404003998,0.4468555686467394,0.550211334133102,0.2079846649766151,0.9041579686040654,0.2097611847978044,1.0,0.1493342637341245,0.2780529863888271,0.0,0.5475467525070183,0.7623589676306667,0.0,0.4896375090963688,0.4707553901345212,0.2136936250614758,0.464380763675697,0.49853345138992067,0.4896375090963688,0.40870129598573196,0.3906509174276277,1933
1095,20229,0.0,0.1010743531092088,0.220323861289801,0.450348624904536,0.5254519074005984,0.25402254256581,1.0,0.3660141479873644,0.2955605011333495,0.0,0.7303517931913948,0.2893941912147537,0.9036320434281871,1.0,0.48084450695858394,0.330787324560357,0.44596461497418893,0.1606991071995049,1.0,0.4086706766012371,0.32675094030532914,1934
1859,24055,0.0,0.2702303753690917,0.3854145511769584,0.2419344451387547,0.5708582842733323,0.200430407218592,1.0,0.4286429971182741,0.4981933686305996,0.0,0.6291792872537056,0.1948342622544093,0.7606458862803938,0.4696410800785576,0.39616485894712716,0.4634181828744368,0.4026446273261358,0.32782246327302506,0.4696410800785576,0.40854052551949394,0.39455032862540584,1935
499,13068,0.2889724990448923,0.1674160617431412,0.3322162123140422,0.2939738369498484,0.53924019436536,0.2954148737611823,1.0,0.3323165613153047,0.4420818689160396,0.0,0.2092921752947001,0.0227094309415719,0.869453057760477,0.7914566825269261,0.34760679076041034,0.3871992151156721,0.42572578101527814,0.24981613702859168,0.7914566825269261,0.40816904201600973,0.34589420820640093,1936
1262,20034,0.1546603173784129,0.1415388037816218,0.2439666749308854,0.3692954424554402,0.3966802765914178,0.2133139121824243,1.0,0.3391189018390789,0.2356552992256106,0.0,0.8228397754662204,0.4503266707326834,0.7947952132712555,0.9257153714927412,0.555655494212143,0.28738710053234473,0.3958579262458565,0.1927527393562536,0.9257153714927412,0.40781017064107034,0.3322409784388465,1937
1969,26052,0.4155210868635943,0.2151081572837941,0.4206658505700655,0.105023890935053,0.7846520173724386,0.2496157137722037,1.0,0.1506979811339459,0.3098697764886001,0.0,0.6834563178439588,0.2600818868613697,0.7789425991309047,0.673718331962919,0.5345004726749569,0.230283878811273,0.4278583244159391,0.3178870039269298,0.673718331962919,0.4078050042725428,0.3597046874476744,1938
654,14011,0.1527616787260211,0.1987373259596026,0.2869270738870932,0.1939449148735231,0.3031243018349707,0.3874571425361239,1.0,0.2217386357010752,0.3436461614492612,0.0,0.8128529045346322,0.3633442247265594,0.8212921674167302,0.8079770209287339,0.5375627438509858,0.2826923985751682,0.37690527184892353,0.24283219992334792,0.8079770209287339,0.4075080176662258,0.34341593636704115,1939
645,14032,0.0,0.2325299367284391,0.327506397791999,0.2012963168826474,0.2948879141421142,0.3621914086372545,1.0,0.2109936702262489,0.3610958632217875,0.0,0.6517585518560933,0.2371387307739555,0.8212921674167302,0.8822616494359928,0.4275473625116948,0.2860447667240182,0.3716751279324032,0.28001816726021905,0.8822616494359928,0.4074488250262885,0.3358860652169488,1940
277,9015,0.0,0.7995264772800686,0.8788884994251488,0.3063195924911749,0.4015083444313808,0.1804050709154081,0.0,0.7846325142440018,0.7909342746122985,1.0,0.8349977773135244,0.5091785724952195,0.7606458862803938,0.085468518182186,0.5262055590222844,0.7877833944281502,0.3776466015675928,0.8392074883526087,0.085468518182186,0.4074409465431239,0.602045474759326,1941
405,12081,0.238801820487719,0.2201057336353798,0.3452063428202632,0.3626039466775806,0.3838283101826441,0.1585028231844327,1.0,0.315502711241253,0.3151256588604375,0.0,0.376465528896891,0.0792810621573712,0.9036320434281871,0.8275164340507248,0.3995451137425421,0.31531418505084524,0.3809870160089315,0.2826560382278215,0.8275164340507248,0.4074280080713625,0.3412867627752692,1942
1301,20082,0.0,0.0909322402471358,0.3492050581584243,0.407708822064145,0.4766106642083424,0.2043359655501913,1.0,0.3918561479232877,0.2076565544829693,0.0,0.6521927366291485,0.2039648804392885,0.9036320434281871,0.9257153714927412,0.439947415124156,0.2997563512031285,0.4177310903645358,0.22006864920278005,0.9257153714927412,0.40739934219852697,0.33182265619855195,1943
67,5034,0.0,0.1789455853918614,0.3062446592022165,0.1438643857757283,0.7953132344927527,0.0743185101119454,1.0,0.1243988755313311,0.2076617356489414,1.0,0.6769431321472517,0.4911788817791288,0.6784442506275288,1.0,0.4616415661384773,0.16603030559013623,0.6026992260760853,0.24259512229703895,1.0,0.4072817915351517,0.32536343389557637,1944
336,11034,0.0,0.2498767378997474,0.3530583330060873,0.2627304221600529,0.5175698018471697,0.2205849359502056,1.0,0.3149842900047752,0.2983768579586073,0.0,0.7399044793499276,0.4369183381450659,0.7390115964200016,0.6319793675308782,0.47895860347874875,0.30668057398169124,0.4001770319914856,0.3014675354529174,0.6319793675308782,0.407226443313446,0.3648541067935712,1945
1910,26037,0.0,0.1904202467732807,0.3567763769729923,0.0956833673396074,0.7753358642909859,0.3466274635742219,1.0,0.1307819137261597,0.3040917980749265,0.0,0.7498913502815163,0.5603966772047152,0.7390115964200016,0.8275164340507248,0.5123249059765582,0.21743685590054307,0.44352933904096303,0.2735983118731365,0.8275164340507248,0.40713478051526497,0.34097975860288815,1946
180,7115,0.7816701763066666,0.1993597834872614,0.3410507756685701,0.3531990513187593,0.8511019144996745,0.1770917811847283,1.0,0.1466781234209182,0.1614509943571325,0.0,0.3612679230625411,0.161818000901682,0.9518127218666266,1.0,0.564142205534379,0.15406455888902537,0.47627854940063247,0.27020527957791574,1.0,0.40712637474740593,0.3252082448822386,1947
611,14049,0.575954844411742,0.2341416154102767,0.2717650557236629,0.2231178650010002,0.2625772113134673,0.3190761081193125,1.0,0.254372398786544,0.2363050254636629,0.0,0.6695613698539942,0.1284643220772316,0.7789425991309047,0.9257153714927412,0.5382307838684681,0.24533871212510344,0.360954236886756,0.2529533355669698,0.9257153714927412,0.4069498839719062,0.3313651203291872,1948
1970,26051,0.0,0.2061501316295702,0.3704667967482067,0.1056146503374414,0.7122687081621465,0.3179408742471843,1.0,0.1611982118704267,0.3580601227808192,0.0,0.7177593995205955,0.3273907429123401,0.7789425991309047,0.7645232988719857,0.4560231853909601,0.25962916732562297,0.4271648465493545,0.28830846418888845,0.7645232988719857,0.40685232821683537,0.3474948125008138,1949
355,11033,0.0,0.4644496422205567,0.6493935901793763,0.2514480030894984,0.5248250351369093,0.2010141438762058,1.0,0.2962614759864198,0.2897599807671982,1.0,0.6135476001715205,0.3136271988733977,0.7606458862803938,0.2718237133806441,0.421955171331328,0.29301072837680897,0.5954574364205227,0.5569216161999665,0.2718237133806441,0.4068332078913405,0.4499856440029855,1950
1188,20552,0.418388564882842,0.08322528368864,0.3062446592022165,0.3996113133478287,0.4486236949787195,0.2650179021785632,1.0,0.4251472089413964,0.3621548791695393,0.0,0.6109422844827497,0.3423693604272312,0.0,1.0,0.3429250524482057,0.39365104405546786,0.4226505821010223,0.19473497144542826,1.0,0.40658112098806326,0.3246639073805288,1951
473,13004,0.0,0.2405782661358152,0.4226463452550246,0.308882472331203,0.5061903929516834,0.2579329794634766,1.0,0.3803467067352175,0.3720105335253552,0.0,0.3148067360133804,0.1174081817748881,0.869453057760477,0.6594077639142162,0.32541699388718637,0.37617862013028636,0.41460116894927257,0.3316123056954199,0.6594077639142162,0.4064900421201313,0.3601835504373235,1952
331,11017,0.0,0.905971486903107,0.8083187534117493,0.2400624356830044,0.4334767286392352,0.1813996712457142,1.0,0.3775221600858327,0.4919668143297671,1.0,0.8966565701970353,0.5350601570851308,0.7947952132712555,0.0935242862550229,0.5566279851383553,0.4347444872077999,0.5709877671135908,0.8571451201574282,0.0935242862550229,0.4063319169220728,0.5866378367742316,1953
661,14099,0.0606259580264577,0.2577705854778344,0.4056574994106425,0.2039676504077879,0.2471304241779995,0.4728088134088174,1.0,0.3402150043197698,0.30229300391478,0.0,0.4437689308805586,0.1270112100446257,0.7789425991309047,0.7645232988719857,0.35258717452063665,0.3212540041172749,0.38478137759892095,0.3317140424442384,0.7645232988719857,0.4061596139034019,0.34675540608323735,1954
69,5031,0.0,0.4150688543255545,0.499940907199288,0.1467325925532313,0.8598336931422479,0.03408818630267,1.0,0.2123952232544049,0.2863508961612856,0.0,0.6248372324727143,0.4665034311979388,0.7125442614903211,0.5251490749484011,0.4509712312902435,0.24937305970784526,0.4081308943996298,0.45750488076242124,0.5251490749484011,0.40597120986660873,0.38066977350886794,1955
905,16096,0.1375795172557881,0.1839318017406922,0.311973264080358,0.2360257899049546,0.20710196743839,0.4548005887455694,1.0,0.2694998076525383,0.3113193811817578,0.0,0.5640468091353139,0.0683012450950768,0.8429462157448122,1.0,0.40321844680774777,0.29040959441714803,0.3795856692177828,0.2479525329105251,1.0,0.4059251333641748,0.32400926392695545,1956
2178,30012,0.3789880133631159,0.1244424846948578,0.2540651106953986,0.447569629832535,0.5737071243367486,0.406943879073935,1.0,0.5123776272125437,0.2685684125143965,0.0,0.4437689308805586,0.7821724255179857,0.0,0.7645232988719857,0.401232342440415,0.39047301986347005,0.48564412664864376,0.1892537976951282,0.7645232988719857,0.40583368062144465,0.34640761243110074,1957
1432,20538,0.3706292612258043,0.083456613178882,0.2869270738870932,0.5019956835301892,0.5859547771089172,0.3303214350194696,1.0,0.2135123631029397,0.3135203875439234,0.0,0.8675641198979409,0.6251933581245785,0.0,1.0,0.4658466848120809,0.26351637532343153,0.4836543791317152,0.18519184353298762,1.0,0.4057341092061443,0.32381868089048577,1958
266,8030,0.5406557772729131,0.1511603126896349,0.279617045909487,0.1164910623542055,0.6252594024165843,0.257350547090788,1.0,0.1952194520390362,0.2352511083061677,1.0,0.4385582995030168,0.0826397561778019,0.7947952132712555,0.8514307429854822,0.46416226155624685,0.21523528017260196,0.5998202023723156,0.21538867929956096,0.8514307429854822,0.405690946097971,0.3370596865607449,1959
1777,21030,0.3484713972187253,0.0536412244761226,0.220323861289801,0.3270773458398652,0.4818162570199096,0.2765818390316834,1.0,0.541132627311661,0.4990976316899457,0.0,0.268779837262495,0.0463259600135522,0.9301468010770012,0.9257153714927412,0.3984309988929434,0.5201151295008033,0.4170950883782917,0.1369825428829618,0.9257153714927412,0.4054768617785769,0.3298665109583286,1960
2143,30168,0.0,0.208320961488981,0.4009476848885993,0.3966129810242023,0.4508513024352177,0.3851455521401422,1.0,0.3318642517825759,0.3199824180869147,0.0,0.3234910526258032,0.0842233559806738,0.9036320434281871,0.7532318055434659,0.32783661300866607,0.3259233349347453,0.44652196711991243,0.30463432318879013,0.7532318055434659,0.40538217145506766,0.34721513152654826,1961
1800,21021,0.4749494163497731,0.1075022146898421,0.2540651106953986,0.3394902034912488,0.3472948207627711,0.2160585562309165,1.0,0.3833516569084675,0.3269824758158358,0.0,0.9174988886567624,0.538088011779178,0.0,0.9257153714927412,0.48263407919642837,0.3551670663621517,0.3805687160969873,0.18078366269262036,0.9257153714927412,0.40515768679850844,0.32954197093699955,1962
2474,32043,0.0,0.1094448976741027,0.220323861289801,0.1952422052882493,0.4883675980754328,0.1880812059334364,1.0,0.4449829682667021,0.450628892427376,0.0,0.7924445637975202,0.3289599629650601,0.7789425991309047,0.8275164340507248,0.47508678147337124,0.4478059303470391,0.3743382018594237,0.16488437948195184,0.8275164340507248,0.4047777350545382,0.3385139832296453,1963
958,18019,0.0,0.1567126796751624,0.3062446592022165,0.1882220537208593,0.370491264525563,0.3230939737908448,1.0,0.2582432345394105,0.5293178179119419,0.0,0.5327832279205036,0.0143083143818693,0.8212921674167302,0.9257153714927412,0.3420959274297758,0.39378052622567616,0.3763614584074534,0.23147866943868944,0.9257153714927412,0.4047614536888902,0.3291391664307426,1964
262,8050,0.0,0.5980178285857218,0.5714730727228845,0.0985037133591318,0.8891560989144147,0.1260150548198195,1.0,0.0752632159969912,0.1909800180525042,1.0,0.9209725738916432,0.6844870736805563,0.7125442614903211,0.3859048328756713,0.5795009772656302,0.1331216170247477,0.6227349734186732,0.5847454506543032,0.3859048328756713,0.40458578205211465,0.40939564314179244,1965
2313,30057,0.3384686072321147,0.2100309771300711,0.3854145511769584,0.3521012387641378,0.4328442167187751,0.4194414485260969,1.0,0.5388144290781745,0.5555405109343858,0.0,0.1511072746965105,0.2731984135097503,0.0,0.7914566825269261,0.19069357385959387,0.5471774700062801,0.44087738080180194,0.29772276415351473,0.7914566825269261,0.40457985582477035,0.34209642169798854,1966
1919,26034,0.0740876306066447,0.0583453294290016,0.2328033721056162,0.0925741556909959,0.8588389234032696,0.2409592060034362,1.0,0.1641514245071127,0.4754554633657882,0.0,0.8645246194361149,0.4404384143129149,0.7390115964200016,1.0,0.5295155651939191,0.31980344393645044,0.43847445701954035,0.1455743507673089,1.0,0.40435070599830997,0.3224391422299286,1967
1560,20476,0.1546603173784129,0.0961713497966429,0.3410507756685701,0.3848141240996791,0.424497254521804,0.2551901670182701,1.0,0.4377507165716089,0.3119436505013437,0.0,0.7902736399322448,0.4324218006685641,0.0,0.9257153714927412,0.34433893949480543,0.3748471835364763,0.41290030912795056,0.2186110627326065,0.9257153714927412,0.40417276162184307,0.3285408931287493,1968
2154,30098,0.0,0.1219860929379874,0.279617045909487,0.3949218957182755,0.4490805759431718,0.387583020351544,1.0,0.3195298840159019,0.3121564361711071,0.0,0.3395571315314838,0.2533249440289249,0.9301468010770012,1.0,0.38075721915935246,0.3158431600935045,0.44631709840259826,0.2008015694237372,1.0,0.4041160042512035,0.3222052130647863,1969
210,8019,0.0,0.9213766520413014,0.8517759034258116,0.1175823127658887,0.8435100022459133,0.1060984707868935,1.0,0.344059998661817,0.4029582518584242,1.0,0.7772470614883902,0.5059872533557608,0.7125442614903211,0.1062551448087857,0.49894464408361805,0.3735091252601206,0.6134381571597392,0.8865762777335564,0.1062551448087857,0.40405277016221286,0.5642351253147451,1970
1690,21178,0.1176289148132409,0.1757745598645943,0.4056574994106425,0.3125921965486163,0.5150111550834199,0.2653370497130443,1.0,0.3096158709705138,0.3302638500362062,0.0,0.3152410243116557,0.0336413214487306,0.9301468010770012,0.7914566825269261,0.3491645154126571,0.31993986050336,0.41858808026901606,0.2907160296376184,0.7914566825269261,0.4039766726739653,0.3414590063484066,1971
2225,30153,0.3443446855572439,0.1390742890858093,0.3736298191175524,0.2881312339614584,0.5897728080568143,0.3906510572071568,1.0,0.249918236854329,0.3073613492998639,0.0,0.1684759079213564,0.378422978981734,0.869453057760477,0.7532318055434659,0.44017415755520284,0.27863979307709646,0.45371101984508594,0.2563520541016808,0.7532318055434659,0.4038708348321532,0.3455977868218591,1972
2033,28042,0.0,0.0773968611671628,0.220323861289801,0.205100635900589,0.836823876241967,0.206570755762681,1.0,0.2220445049480335,0.424417720950222,1.0,0.4763352734649746,0.2868146562321225,0.7947952132712555,0.8822616494359928,0.38948628574208816,0.32323111294912776,0.6496990535810474,0.1488603612284819,0.8822616494359928,0.4038488090985281,0.33218051783300007,1973
1141,20498,0.4532684132055056,0.0969712469597171,0.2937651483864014,0.5524022415348925,0.6268056762659491,0.3457881359007827,1.0,0.2828496890427822,0.2371871201602171,0.0,0.3860182150554245,0.2231308685221103,0.9036320434281871,0.8514307429854822,0.4915123850528069,0.2600184046014996,0.5049992107403248,0.19536819767305924,0.8514307429854822,0.4038001634941362,0.335097186282679,1974
1434,20297,0.0,0.0632461566887347,0.3174079620274858,0.4235142014129534,0.4831789242341775,0.2188672434460818,1.0,0.3023938931224822,0.2908850149153601,0.0,0.7776812462614455,0.1874126289533697,0.8212921674167302,1.0,0.44659651065788636,0.29663945401892117,0.4251120738186426,0.19032705935811023,1.0,0.4036729452393672,0.3217637050808427,1975
584,14027,0.0,0.2632331185769043,0.3225774448656947,0.1988762356000789,0.2237839283136971,0.5635255882583031,1.0,0.2561357492155144,0.4239506797204662,0.0,0.501519853756133,0.0850766677271284,0.869453057760477,0.7430174073632629,0.3640123948109346,0.3400432144679903,0.3972371504344158,0.2929052817212995,0.7430174073632629,0.403538770957292,0.3464230942905894,1976
2012,28005,0.3364705793627514,0.1576908703243985,0.3062446592022165,0.2021368070468227,0.8858759567410427,0.1966700051680252,1.0,0.1390939518716388,0.3042515311698748,0.0,0.576205018033058,0.6046691734381331,0.7789425991309047,0.7914566825269261,0.5740718424912118,0.2216727415207568,0.45693655379117815,0.2319677647633075,0.7914566825269261,0.40334608485281953,0.3407928853938977,1977
1361,20173,0.418388564882842,0.0600373340461884,0.279617045909487,0.4795139688133411,0.5465170186700516,0.2730004760090871,1.0,0.3079872211898784,0.3758693000277117,0.0,0.4103343222752524,0.027750268218652,0.869453057760477,0.9257153714927412,0.4314815532843058,0.34192826060879505,0.45980629269849604,0.1698271899778377,0.9257153714927412,0.4032657777249595,0.32761957403186237,1978
1584,20238,0.0,0.0793984697271957,0.2937651483864014,0.4931989299744992,0.558908116274828,0.2977007166132444,1.0,0.3072192985337298,0.3807479600548771,0.0,0.8406425934641215,0.5731069607409396,0.0,1.0,0.3534373885512653,0.3439836292943035,0.4699615525725143,0.18658180905679855,1.0,0.4032332895875786,0.3213257082801493,1979
1233,20422,0.0538605071821859,0.0242358819930312,0.2540651106953986,0.4133451667473836,0.4691060836265187,0.2563830746259847,1.0,0.4146678523524645,0.3363098435478497,0.0,0.7676943753298573,0.5443157960738702,0.7947952132712555,0.8822616494359928,0.5401664729642922,0.37548884795015713,0.42776686499997735,0.1391504963442149,0.8822616494359928,0.4031649735602923,0.33147756682370805,1980
1265,20049,0.1826590576547239,0.0515664568248214,0.2328033721056162,0.4918524394286736,0.5577353795575231,0.2968330803517481,1.0,0.3298684826961668,0.402387251854739,0.0,0.910551518187,0.6507422340911977,0.0,1.0,0.43598820248323034,0.3661278672754529,0.46928417986758897,0.1421849144652188,1.0,0.40316181512901583,0.321254514777749,1981
935,17021,0.3024799758214906,0.2252919809727989,0.3825889602415067,0.3085919923042656,0.3282600949788581,0.1892488292769532,1.0,0.2999853263718013,0.4974477927161878,0.0,0.8853669378958415,0.288594756530911,0.0,0.6508295817171241,0.3691104175620608,0.39871655954399454,0.3652201833120154,0.3039404706071528,0.6508295817171241,0.4030196601894639,0.357512284745652,1982
843,16101,0.4392302202036184,0.1298612934713372,0.3174079620274858,0.261251864737012,0.3386351066390494,0.2584622554514777,1.0,0.3435980960625917,0.3342718280008743,0.0,0.6513243670830382,0.1203802496139806,0.8429462157448122,0.7336923924214751,0.5134702631613624,0.338934962031733,0.3716698453655078,0.2236346277494115,0.7336923924214751,0.40287323165951733,0.34680233375273356,1983
1389,20541,0.4532684132055056,0.0640112053951201,0.2540651106953986,0.5012455528216652,0.5657144442792053,0.2908321357968342,1.0,0.2822978795817664,0.3570216899707844,0.0,0.3999131630453889,0.0128185906865975,0.9036320434281871,1.0,0.4424080525914198,0.3196597847762754,0.47155842657954095,0.15903815804525936,1.0,0.4028186547377609,0.32091274725105706,1984
1572,20088,0.0,0.1182202037874714,0.3322162123140422,0.4085954922829652,0.4622203996292939,0.1998336793184887,1.0,0.4214240674609445,0.2304370751313128,0.0,0.5110725399146661,0.0901884208346233,0.9036320434281871,0.9257153714927412,0.37622325104436916,0.3259305712961287,0.41412991424614953,0.2252182080507568,0.9257153714927412,0.40267777603273003,0.32702255541978076,1985
639,14087,0.0,0.3103633100525714,0.4989906462943148,0.2183970254910624,0.2430992199009621,0.3670831972698393,1.0,0.2793242757657206,0.2270235467297562,0.0,0.594442020804014,0.0842046182932832,0.8212921674167302,0.7532318055434659,0.37498470162850683,0.2531739112477384,0.36571588853237275,0.40467697817344306,0.7532318055434659,0.4026453572097805,0.344287461969191,1986
608,14052,0.0,0.2916989795560208,0.3638425535640407,0.1991418910645458,0.2872863743920369,0.3752315531691241,1.0,0.1875166542911658,0.317532754801455,0.0,0.6712983159966548,0.2646430603021056,0.7947952132712555,0.7914566825269261,0.43268414739250394,0.2525247045463104,0.3723319637251413,0.3277707665600308,0.7914566825269261,0.40242088222421535,0.33981601953510115,1987
1239,20477,0.0,0.0240128203083335,0.2540651106953986,0.4421066790664333,0.522405845366223,0.2479925177927062,1.0,0.4358553660922302,0.2709182407846735,0.0,0.7707338757916833,0.2984526343717003,0.869453057760477,1.0,0.48465989198096515,0.35338680343845186,0.4425010084450725,0.13903896550186606,1.0,0.4022977840672718,0.3203941298487319,1988
1209,20558,0.418388564882842,0.0,0.1898429731494084,0.4309766164199126,0.4929519582800828,0.2862127747741254,1.0,0.2595015578791949,0.3953420921785914,1.0,0.7394702945768723,0.2098782134262367,0.7390115964200016,1.0,0.5266871673264881,0.32742182502889317,0.6420282698948242,0.0949214865747042,1.0,0.4020830902139099,0.32018041359245153,1989
76,6010,0.0,0.5170193236130813,0.6798744783197689,0.206923700180729,0.2276388174296334,0.5090513589785515,1.0,0.5188456060476745,0.2989094095274861,0.0,0.6908380801372165,0.1178982177438401,0.8429462157448122,0.2667836235745922,0.4129206284064672,0.4088775077875803,0.38872277531778276,0.598446900966425,0.2667836235745922,0.40184347003092014,0.44517559976451104,1990
1630,21100,0.0,0.1975116477224208,0.4302176640695926,0.3158231488703588,0.4998970590724289,0.2512074733889873,1.0,0.3185461065101029,0.324873829073324,0.0,0.305254049854847,0.003217536425202,0.9036320434281871,0.8275164340507248,0.30302590742705904,0.32170996779171346,0.41338553626635494,0.3138646558960067,0.8275164340507248,0.4017572467332785,0.3353594062486526,1991
553,14124,0.0,0.5925720364277139,0.6500838426576937,0.2107014856078487,0.3707157171682441,0.2509910514246602,1.0,0.4001777982259464,0.435246145856601,0.0,0.6938775805990425,0.2631750558801537,0.0,0.4594958015816031,0.23926315911979906,0.4177119720412737,0.3664816508401506,0.6213279395427038,0.4594958015816031,0.4016811801759791,0.38840200981964185,1992
272,8040,0.0,0.4554054393388566,0.4629577717208968,0.1068289554882305,0.7883329273495937,0.1947877334217085,1.0,0.1398089930590916,0.2239020975567184,1.0,0.6365610495469631,0.1351542626487414,0.7789425991309047,0.5226273100076635,0.3876644778316523,0.181855545307905,0.6179899232519065,0.4591816055298767,0.5226273100076635,0.4016688072118979,0.37608594918810984,1993
186,7059,0.2695850999146179,0.4387378560856178,0.6842827747649913,0.3549063289365436,0.8279798712780531,0.2074204910894295,1.0,0.2086574132045522,0.1527480008982815,0.0,0.3321754727634463,0.0796856274678126,0.9518127218666266,0.5277316111213665,0.40831473050312583,0.18070270705141683,0.47806133826080527,0.5615103154253045,0.5277316111213665,0.4016454353848694,0.3751459543221586,1994
2431,32016,0.0,0.3168261277870339,0.4642905362206865,0.2112304094213123,0.5771828366638542,0.1390109245180295,1.0,0.2828090051659695,0.278383589942386,0.0,0.9470255237289112,0.63767064512398,0.0,0.6220797127932347,0.39617404221322283,0.28059629755417775,0.3854848341206392,0.3905583320038602,0.6220797127932347,0.401329828166188,0.35967917160582935,1995
421,12078,0.6190015946419424,0.1947068021418519,0.3174079620274858,0.3710843918221372,0.4000261594217766,0.1698509918528867,1.0,0.3199498994830295,0.2789877946148499,0.0,0.3894920038155254,0.0485304524556936,0.869453057760477,0.725114210224383,0.4816192771684096,0.2994688470489397,0.3881923086193601,0.2560573820846688,0.725114210224383,0.40120767395154505,0.34602695815628065,1996
2461,32021,0.3478176420855702,0.1146868113438448,0.2869270738870932,0.1813865521718861,0.4811860811217696,0.2247277332336796,1.0,0.3693569211592787,0.2821253673039002,0.0,0.6739036316854257,0.125679257147332,0.7606458862803938,0.8822616494359928,0.47701160429968037,0.32574114423158945,0.37746007330546705,0.200806942615469,0.8822616494359928,0.40117119445613697,0.3294297574821499,1997
522,13079,0.307593730724641,0.155472074499405,0.2540651106953986,0.2927387714602726,0.5370863032449382,0.2925037174920243,1.0,0.3211923515222378,0.4690507011399019,0.0,0.3269648413859047,0.0221107257599272,0.869453057760477,0.7914566825269261,0.3815305889077375,0.39512152633106984,0.42446575843944706,0.20476859259740182,0.7914566825269261,0.40101317593838154,0.33833078412740947,1998
258,8025,0.0,0.3938756242886247,0.3322162123140422,0.1088463640286946,0.7829702743695559,0.1642703979052731,1.0,0.1273780511877993,0.1809031990508457,0.0,0.9083803872712845,0.6059927146649645,0.7606458862803938,0.7914566825269261,0.5687547470541607,0.1541406251193225,0.4112174072607047,0.3630459183013335,0.7914566825269261,0.40092253717333726,0.33823519805993096,1999
1364,20196,0.418388564882842,0.0618971258671183,0.2061757588128866,0.4772844133637677,0.544395997878123,0.2710947622743671,1.0,0.3433446579574983,0.4078847213700719,0.0,0.5922708898882982,0.2281450080993417,0.7947952132712555,0.8822616494359928,0.5083999190354344,0.3756146896637851,0.4585550347032516,0.13403644234000245,0.8822616494359928,0.4008962190331195,0.32914752970257544,2000
1181,20271,0.0,0.0394361541844438,0.2439666749308854,0.4691089935912859,0.5363608199957703,0.2708278261060841,1.0,0.3216192014919258,0.3939876300315755,0.0,0.76118098258271,0.2077820623717522,0.8212921674167302,1.0,0.4475638030927981,0.3578034157617507,0.45525952793862806,0.1417014145576646,1.0,0.4007066349269721,0.31881090414116087,2001
420,12080,0.238801820487719,0.2208837057709336,0.3960187319622951,0.3662742294840595,0.3981392187688451,0.1487815258771778,1.0,0.3885888170808803,0.2488363548864116,0.0,0.8306557225325333,0.4620180576984273,0.0,0.7171720540196672,0.38286890017966985,0.31871258598364594,0.3826389948260165,0.30845121886661436,0.7171720540196672,0.4006910816396205,0.3464226310291441,2002
1205,20377,0.0,0.1760120315733835,0.3638425535640407,0.4182077356152404,0.4759469337766151,0.2098340035504675,1.0,0.3283247949289287,0.241343223313515,0.0,0.466348195482946,0.0763808977035899,0.9036320434281871,0.8822616494359928,0.3615902841536808,0.2848340091212218,0.4207977345884646,0.2699272925687121,0.8822616494359928,0.4006316335256363,0.3288760115505778,2003
1841,24002,0.3797002956194488,0.1095361864469746,0.2540651106953986,0.2506340142613025,0.6151921872314665,0.2921712513411442,1.0,0.1669858946985321,0.3172341309669579,1.0,0.4832826439347368,0.2346716908977554,0.869453057760477,0.7532318055434659,0.4917769220531045,0.242110012832745,0.6315994905667827,0.1818006485711866,0.7532318055434659,0.4004509691152508,0.34194363472318146,2004
2452,32035,0.0,0.0932926245758565,0.220323861289801,0.2166791219090401,0.5624847756097321,0.1385641280969494,1.0,0.3138492424720821,0.3110934935355688,1.0,0.9218411504881944,0.4128493193556415,0.7125442614903211,0.7028614859709643,0.5118086828335393,0.31247136800382547,0.5835456051231442,0.15680824293282875,0.7028614859709643,0.40035592784887397,0.3478086610160425,2005
1132,20562,0.0,0.2250708576571498,0.3736298191175524,0.4175040438807129,0.4749697672130432,0.2327131025903566,1.0,0.3496194214587769,0.2922782572005981,0.0,0.7121145833699984,0.2935232921351454,0.0,1.0,0.25140946887628596,0.3209488393296875,0.4250373827368225,0.2993503383873511,1.0,0.4002071695071737,0.31831424963628563,2006
1277,20037,0.0,0.1284781054509351,0.220323861289801,0.3952674428018312,0.441770881309988,0.1841179520860494,1.0,0.5204897204761724,0.2078166340496399,0.0,0.7320885322836153,0.0902920989010947,0.9036320434281871,0.9257153714927412,0.43150316865322424,0.36415317726290614,0.4042312552395737,0.17440098337036805,0.9257153714927412,0.4001150410930803,0.3244230689190089,2007
1741,21049,0.0,0.1384767920308786,0.3908492491240862,0.3229574905571724,0.4913801055762208,0.254576844774717,1.0,0.3990592753924387,0.3786111646270061,0.0,0.3300043418477307,0.0790190020743604,0.869453057760477,0.7532318055434659,0.319619100420642,0.38883522000972237,0.41378288818162207,0.26466302057748237,0.7532318055434659,0.40009078849061436,0.3415592317896081,2008
941,17007,0.0,0.7549269990574209,0.7782662372492705,0.3096922236806491,0.3544843133955251,0.1751844162129925,1.0,0.3631443514915995,0.5231074434046327,1.0,0.7099434524542827,0.2040232890078411,0.8212921674167302,0.1224772084142079,0.4338147272197135,0.4431258974481161,0.5678721906578333,0.7665966181533457,0.1224772084142079,0.40007447197631624,0.5378513103864723,2009
574,14122,0.0606259580264577,0.1979147369798422,0.3881667417764709,0.2069957373128367,0.2490694901520563,0.4488641206650178,1.0,0.3900704816578005,0.2713885616330652,0.0,0.4220581393495013,0.0468740963937973,0.8429462157448122,0.8079770209287339,0.34312610237864216,0.33072952164543284,0.38098586962598213,0.29304073937815656,0.8079770209287339,0.39997469872727764,0.33549874315101985,2010
2243,30031,0.0,0.1495340185966478,0.2540651106953986,0.4010979971839329,0.4851531965590466,0.4870669076220986,1.0,0.2887680949436566,0.3600843391500704,0.0,0.4976117766977568,0.3707752459538296,0.869453057760477,0.7532318055434659,0.4344600201030159,0.3244262170468635,0.4746636202730157,0.20179956464602322,0.7532318055434659,0.3994478764212668,0.34087329864404114,2011
2038,28024,0.0,0.2540013726167657,0.3062446592022165,0.1773780746951269,0.9158332104559892,0.1090093433961276,1.0,0.1939533327406831,0.2478324802931899,0.0,0.5610073086734879,0.7352775218700699,0.7606458862803938,0.725114210224383,0.5142326792059879,0.2208929065169365,0.4404441257094488,0.28012301590949107,0.725114210224383,0.39939028338691046,0.34406877762443716,2012
1257,20267,0.418388564882842,0.0,0.2061757588128866,0.4775431878065509,0.5446436933529811,0.2737187542530357,1.0,0.3882983535063817,0.4495731106809378,0.0,0.6204949706412828,0.2132275800787704,0.7947952132712555,1.0,0.5117265822185377,0.41893573209365975,0.4591811270825136,0.1030878794064433,1.0,0.39927802033569193,0.3173907418838977,2013
551,14110,0.0,0.2866694504579583,0.41659021807376,0.1961943193888339,0.2750267581012332,0.3933494940945914,1.0,0.1796855870910488,0.3147584955466114,0.0,0.7420756102656434,0.2408292527389523,0.7947952132712555,0.7028614859709643,0.4444250190689628,0.24722204131883008,0.3729141143169317,0.35162983426585914,0.7028614859709643,0.39910759674964497,0.34645358238114443,2014
502,13043,0.0440712072905407,0.1112681190411745,0.300188532020952,0.2873160008168677,0.5171922768755647,0.2606638396569578,1.0,0.2693786596678367,0.3737492584466602,0.0,0.4450716922501641,0.1712950318706203,0.8212921674167302,1.0,0.3704325247070138,0.32156395905724844,0.41303442346987806,0.20572832553106327,1.0,0.39907209763746737,0.3171861421418523,2015
586,14101,0.0,0.7112775310254031,0.8370991587585163,0.2082004413616572,0.3635766980393902,0.2612487239548011,1.0,0.5594347479909876,0.5486794340624801,0.0,0.8141554588537978,0.3616278074250005,0.0,0.2187719654126547,0.2939458165696996,0.5540570910267338,0.3666051726711697,0.7741883448919598,0.2187719654126547,0.3989989359517384,0.4636782820682514,2016
1275,20050,0.0,0.1155181215582318,0.443908083844807,0.4117247512305201,0.4667798651845409,0.2159804461685164,1.0,0.3113245065059579,0.2711548069830585,0.0,0.8193660902313391,0.3637875064744208,0.0,1.0,0.29578839917643995,0.2912396567445082,0.4188970125167154,0.2797131027015194,1.0,0.39885068693162773,0.3169661833396303,2017
392,12001,0.4704129996121502,0.6527849754057399,0.8596767088074732,0.3239417080693652,0.298068761124914,0.2023339918969036,1.0,0.5083427547091217,0.297593778327953,0.0,0.6626139993842317,0.2457860061516964,0.869453057760477,0.1612823531128298,0.5620665157271388,0.40296826651853734,0.36486889221823654,0.7562308421066065,0.1612823531128298,0.39873772553826353,0.49999129845843565,2018
1606,21009,0.4661875608731715,0.1321214637313146,0.2540651106953986,0.358754735436563,0.3761882604473027,0.2325208437920061,1.0,0.3081740540277685,0.2754155671715728,0.0,0.8823274374340155,0.6153837662635946,0.0,0.9257153714927412,0.49097469114269543,0.2917948105996706,0.3934927679351744,0.1930932872133566,0.9257153714927412,0.398715955486805,0.3230056731915651,2019
1836,24027,0.1562111475591024,0.2682168457994292,0.4574524617213782,0.2601961089335748,0.5602395649778277,0.2489649177152237,1.0,0.2803734714071972,0.2471143829703935,0.0,0.4233607971938866,0.1387879131697829,0.7789425991309047,0.6789471770362071,0.37432561426341915,0.26374392718879536,0.41388011832532523,0.3628346537604037,0.6789471770362071,0.3986302620808045,0.3489424730387985,2020
752,15041,0.1466320176491291,0.1339065754543603,0.2717650557236629,0.2780150938912017,0.3463352573746061,0.2284983751173956,1.0,0.3408687566564463,0.3389896224010477,0.0,0.7164568452014299,0.265538587220075,0.8212921674167302,0.8079770209287339,0.4874799043718411,0.33992918952874696,0.37056974527664066,0.2028358155890116,0.8079770209287339,0.39861327469740315,0.3340718980596929,2021
63,5023,0.0,0.6224894065360852,0.3736298191175524,0.1414605432019485,0.8139399009988877,0.047337624835694,1.0,0.079829227187727,0.1662461722052151,1.0,0.4876249057661683,0.4309131108977219,0.6784442506275288,0.6844442827380792,0.3992455668228547,0.12303769969647105,0.600547613807306,0.49805961282681877,0.6844442827380792,0.39855571017810654,0.3481583132366378,2022
2036,28018,0.0,0.2080699291574733,0.3796859462988168,0.2156165824813293,0.8396839956189246,0.258254631290526,1.0,0.2011292767875037,0.2684397539115698,0.0,0.5332176197439986,0.5420549059591477,0.7789425991309047,0.6789471770362071,0.46355378120851276,0.23478451534953676,0.462711041878156,0.2938779377281451,0.6789471770362071,0.3984891331389177,0.3487880576972313,2023
1746,21068,0.3484713972187253,0.1164905801984768,0.3410507756685701,0.3248357137511707,0.4873432616424125,0.2732104727188784,0.0,0.557170741961554,0.4841851228234018,0.0,0.3326096575365014,0.0436140548840447,0.9518127218666266,0.9257153714927412,0.41912695787647447,0.520677932392478,0.2170778896224923,0.22877067793352346,0.9257153714927412,0.3983654254570989,0.3226507502776341,2024
2223,30151,0.5967154078961798,0.231192637846351,0.3767011466471717,0.289148901795058,0.5866048922047824,0.3911225191019476,1.0,0.1842255208000262,0.3394601668340571,0.0,0.3530177912231731,0.5463798998028926,0.0,0.7430174073632629,0.3740282747305614,0.26184284381704165,0.4533752626203576,0.30394689224676136,0.7430174073632629,0.39832717106006404,0.3408396948016255,2025
1479,20352,0.1546603173784129,0.1145673114049515,0.4486178983668503,0.3749664984432294,0.4071595388938597,0.2277367774494978,0.0,0.4356416980342356,0.2502885550644996,0.0,0.8258792759280464,0.4391990496993871,0.7947952132712555,0.9257153714927412,0.5536334640692755,0.3429651265493676,0.2019725629573174,0.2815926048859009,0.9257153714927412,0.39808212646114577,0.32236395798595885,2026
1090,20035,0.418388564882842,0.0,0.2061757588128866,0.4846448166902498,0.5512873215321186,0.2806215776660783,1.0,0.3684706982487936,0.4358219857830239,0.0,0.7255753465869079,0.1385761379889093,0.7947952132712555,1.0,0.5193338156824787,0.4021463420159087,0.46331074317768933,0.1030878794064433,1.0,0.39790751405054464,0.3160295374411595,2027
2009,28039,0.5454589984878422,0.3198758168269448,0.4813774416562334,0.2318818095440337,0.6819458929942308,0.2716244739735498,1.0,0.2022693310916165,0.2195323214062555,0.0,0.4528876393164767,0.0709683307693848,0.8429462157448122,0.5648420579743655,0.478065296079629,0.210900826248936,0.43709043530236286,0.4006266292415891,0.5648420579743655,0.3978878966829392,0.36451814711021485,2028
1810,22013,0.0,0.1997420559746477,0.311973264080358,0.2687726835484917,0.521008656006237,0.2352117209348043,1.0,0.448168044084995,0.2982395801941593,0.0,0.6191924163221174,0.2446656863082153,0.7390115964200016,0.6428874255124083,0.40071742476258354,0.37320381213957715,0.40499861209790655,0.2558576600275029,0.6428874255124083,0.3978086643237822,0.35282476789636835,2029
1314,20105,0.1411963327174469,0.1169887640085184,0.5090022705990835,0.3944045441411572,0.440387307285863,0.2246150511991904,0.0,0.4236985520155589,0.2581462975481671,0.0,0.630916233396366,0.3329882732184523,0.7947952132712555,0.9257153714927412,0.47497401315088017,0.34092242478186296,0.21188138052524214,0.312995517303801,0.9257153714927412,0.39763697479331794,0.3219134203335688,2030
2439,32003,0.2614115765947605,0.1139669938311763,0.2869270738870932,0.1968811610757551,0.4366333651777252,0.2463845319040241,1.0,0.2246667636251211,0.3218009531866904,0.0,0.869300858990161,0.3388335970023709,0.7947952132712555,0.8514307429854822,0.5660853114646369,0.27323385840590575,0.37597981163150085,0.20044703385913476,0.8514307429854822,0.39750809556677374,0.328583037813872,2031
479,13018,0.0440712072905407,0.2414509189056781,0.4033287599399012,0.2803090824724642,0.5547182000120954,0.3056983561206443,1.0,0.2812065122266551,0.4902713300621113,0.0,0.2019105165266626,0.0050952924597097,0.869453057760477,0.6639688805647354,0.2801325185093475,0.38573892114438324,0.4281451277210408,0.32238983942278965,0.6639688805647354,0.3973337105360881,0.349467935969357,2032
1539,20438,0.4532684132055056,0.1571642023069496,0.3367255473426092,0.4428512632632713,0.5075939061735346,0.3173027561149644,0.0,0.2841872068595804,0.4702460321794619,0.0,0.2857142857142856,0.1671738291663938,0.9036320434281871,0.9257153714927412,0.452447142878593,0.3772166195195211,0.2535495851103541,0.2469448748247794,0.9257153714927412,0.3972462564383475,0.3215180784841508,2033
959,18004,0.1160724679560654,0.4548849135480861,0.6708440258460878,0.1782213540618556,0.2822082750548962,0.5077407759329106,1.0,0.320115606763434,0.2787771475187592,1.0,0.576205018033058,0.1639413393124638,0.0,0.4608876401724793,0.2140547063253968,0.29944637714109656,0.5936340810099325,0.5628644696970869,0.4608876401724793,0.3970747887351324,0.3825530126666405,2034
1549,20455,0.1546603173784129,0.1251002890813987,0.3062446592022165,0.3740374743333754,0.4054681683946611,0.233713304285406,1.0,0.4234791871926141,0.2583739092827729,0.0,0.8454190400686084,0.4391807324546584,0.0,0.9257153714927412,0.3598150224754199,0.3409265482376935,0.4026437894026885,0.2156724741418076,0.9257153714927412,0.3969964861219009,0.3212654034798407,2035
1809,22003,0.1562111475591024,0.2393355637522229,0.3985118677122405,0.2665164350933403,0.5548576570051585,0.264940967259373,1.0,0.3877978235753112,0.2728813682438236,0.0,0.2813721274080742,0.0882990152371746,0.7947952132712555,0.6789471770362071,0.33016937586890166,0.3303395959095674,0.4172630118715744,0.3189237157322317,0.6789471770362071,0.39694105777164707,0.3470951390686768,2036
1349,20151,0.418388564882842,0.0440845931632831,0.3736298191175524,0.3956880515150374,0.4424425874208053,0.2616694171308091,0.0,0.4262689980780634,0.3470486984541433,0.0,0.6682588155348288,0.3520788542430891,0.7789425991309047,1.0,0.5544172084479162,0.38665884826610336,0.21996001121333036,0.20885720614041775,1.0,0.3968912921706185,0.3150209690926529,2037
1241,20485,0.4028778282085332,0.1274168201623032,0.300188532020952,0.3714667104588917,0.4249381841280761,0.1619398055305521,1.0,0.3382293502866416,0.2004270742335785,0.0,0.8367347234561853,0.5067554421783116,0.0,1.0,0.4365919984607575,0.26932821226011006,0.39166894002350394,0.21380267609162762,1.0,0.3968788705416528,0.31500864500554465,2038
758,15069,0.0,0.3356540548437506,0.4101668344392095,0.3132034675290845,0.4231634697964846,0.1987256201798717,0.0,0.4460747098536533,0.536877378235381,0.0,0.8858011226688964,0.671365942918502,0.0,0.7336923924214751,0.3892917663968496,0.4914760440445171,0.18701851150108817,0.37291044464148004,0.7336923924214751,0.39642053789630793,0.3398730110524243,2039
0,1001,0.0,0.9588646656625288,0.886863277179114,0.2147370082405352,0.4984075825888283,0.1721147912551712,1.0,0.315369849672515,0.6957576499085406,1.0,0.929222705731011,0.559047139716322,0.7606458862803938,0.0645393072791138,0.5622289329319317,0.5055637497905279,0.5770518764169069,0.9228639714208213,0.0645393072791138,0.39625357498794095,0.6237497961641112,2040
2448,32057,0.0,0.3115508038033145,0.4642905362206865,0.2076886922739395,0.5636807551592141,0.1448250935449608,1.0,0.2738059763894125,0.3047607987414263,0.0,0.9483282850985176,0.671658706878362,0.0,0.5576947390236193,0.4049967479942199,0.2892833875654194,0.38323890819562284,0.3879206700120005,0.5576947390236193,0.3958009377495173,0.3632845151206182,2041
2473,32004,0.2614115765947605,0.2121005733158841,0.3672064354830018,0.1967746540163476,0.4151137089661388,0.2723655611672231,1.0,0.2249546824196771,0.3494151395981458,0.0,0.8567086723698021,0.3783984473799333,0.0,0.8275164340507248,0.37412967408612396,0.2871849110089114,0.3768507848299419,0.28965350439944293,0.8275164340507248,0.39573250353332984,0.3290849311463498,2042
1871,24047,0.0,0.1230332180670332,0.2439666749308854,0.2200920716683786,0.6734465426734288,0.1925151984821755,1.0,0.2995815110019015,0.3633549690896712,0.0,0.7529310577937822,0.3998799070996591,0.7390115964200016,0.8079770209287339,0.4729556403283607,0.33146824004578634,0.4172107625647966,0.1834999464989593,0.8079770209287339,0.3956676625545687,0.33098891121601265,2043
978,19027,0.250577804494873,0.0643744095850645,0.1468825741932007,0.1836756384572079,0.9074517261132988,0.129597477412362,1.0,0.2120098250329433,0.3199570782052854,1.0,0.5788103337218289,0.723308305624348,0.7606458862803938,0.9257153714927412,0.5783355825303609,0.26598345161911435,0.6441449683965738,0.10562849188913259,0.9257153714927412,0.3955991419701758,0.3198525425917247,2044
2119,30202,0.3443446855572439,0.1226499106452901,0.2632842602460088,0.298163574951184,0.5366005397915377,0.2997316909038102,1.0,0.316792646282569,0.3645815782642201,0.0,0.2257924389734356,0.2086998287445719,0.9301468010770012,0.8079770209287339,0.42724593858806315,0.34068711227339454,0.42689916112930637,0.19296708544564944,0.8079770209287339,0.3955926731966869,0.330910499267618,2045
1669,21190,0.131951524421951,0.0,0.2540651106953986,0.3723243926989359,0.4023234953748063,0.2625367838018855,1.0,0.3684872707415266,0.2840432271150295,0.0,0.8953538088274298,0.6551978254220007,0.7947952132712555,0.9257153714927412,0.6193245929856592,0.326265248928278,0.40743693437512557,0.1270325553476993,0.9257153714927412,0.39553817928239127,0.31979093131340713,2046
1902,25008,0.0,0.3727480750317004,0.5008827212289277,0.1431014763994574,0.4427231532241568,0.394110591556418,1.0,0.1788752374822527,0.2588745023873703,1.0,0.6838905026170139,0.3103317388914458,0.7947952132712555,0.3798178305548511,0.44725436369492877,0.2188748699348115,0.5959870442360063,0.43681539813031406,0.3798178305548511,0.3955233423185888,0.3995501624302643,2047
383,12011,0.2306514140905034,0.445929194355722,0.6053893071074637,0.2990990778756081,0.230968748901812,0.2633186558316926,1.0,0.3144424911493612,0.2189269042702002,0.0,0.1893182263810833,0.0388250583505536,0.869453057760477,0.5786259907364864,0.3320619391456543,0.2666846977097807,0.3586772965218225,0.5256592507315929,0.5786259907364864,0.3953708685405418,0.35946478331742643,2048
711,15066,0.2254445032821548,0.0993844579688332,0.2717650557236629,0.2787386721851496,0.3316043259919909,0.2388699644409793,1.0,0.404552265442258,0.3200234614935464,0.0,0.5870602585107567,0.18796051575946,0.8212921674167302,0.8514307429854822,0.4554393612422754,0.3622878634679022,0.36984259252362395,0.18557475684624805,0.8514307429854822,0.3952154373417382,0.32621583851169866,2049
511,13053,0.3443446855572439,0.2161694391546776,0.4101668344392095,0.3075798145144021,0.5155762745296679,0.272481443564835,1.0,0.2899674347120686,0.3342057878098944,0.0,0.1663047770056407,0.0363908757629171,0.869453057760477,0.6639688805647354,0.35412334902156967,0.3120866112609815,0.419127506521781,0.31316813679694355,0.6639688805647354,0.39513020664310705,0.3470470508872911,2050
728,15086,0.0,0.2382250230060823,0.327506397791999,0.2870146910253578,0.3408178802484194,0.2174011230121608,1.0,0.4297597207143135,0.4113320341437954,0.0,0.5084672242258952,0.1163017597213705,0.869453057760477,0.5851231354069573,0.3735555104269357,0.42054587742905447,0.3690467388571876,0.2828657103990407,0.5851231354069573,0.3948348648185341,0.3578553802097138,2051
1255,20004,0.1546603173784129,0.0984620473063746,0.279617045909487,0.3890659204300515,0.431659516482835,0.2566682732347369,1.0,0.4492728838345844,0.3239513252031381,0.0,0.6856274487596745,0.4235675726103282,0.0,1.0,0.31596383468710393,0.38661210451886124,0.4154787420295246,0.1890395466079308,1.0,0.3948233779082441,0.31297062324466296,2052
333,11010,0.0911132153950776,0.2466667711583675,0.3985118677122405,0.2651384445279111,0.4249886576319754,0.182685820342517,1.0,0.2945626572155121,0.4084111613961318,0.0,0.8198002750043945,0.6388752359089707,0.0,0.5829133650538523,0.38744718157711067,0.35148690930582194,0.3745625845004807,0.322589319435304,0.5829133650538523,0.39480260569738773,0.3581574668026767,2053
1903,25012,0.0,0.7893947542914242,0.8168748040927736,0.1514836335748305,0.4087346952321725,0.6119572196206753,1.0,0.1135228130403328,0.4895434850265007,1.0,0.6235344711031088,0.1376162842894462,0.8429462157448122,0.1553731898360806,0.4010242427843418,0.30153314903341677,0.6344351096855356,0.8031347791920989,0.1553731898360806,0.39464943289108767,0.498219054568711,2054
1397,20240,0.0,0.0,0.300188532020952,0.3959259732613939,0.4428217642096362,0.2010858205435546,1.0,0.4372321195519192,0.2234627177848823,0.0,0.7090750829081724,0.3383402974450611,0.8429462157448122,1.0,0.47259039902451144,0.3303474186684008,0.4079667116029169,0.150094266010476,1.0,0.39453808146818875,0.3126879609733499,2055
62,5020,0.0,0.5098244003129457,0.6251140703405801,0.1406714778299137,0.8905476486176306,0.020038967603015,1.0,0.1815745923573098,0.2591439835197169,1.0,0.4103343222752524,0.157558501823074,0.7606458862803938,0.3743700475807784,0.33213467759468007,0.22035928793851334,0.6102516188101118,0.567469235326763,0.3743700475807784,0.39394862397245833,0.3990012085551946,2056
2253,30177,0.3384686072321147,0.2051483394172545,0.3174079620274858,0.3506220748049568,0.4282086988051315,0.3886351019186184,1.0,0.5236586631166671,0.5569090439013251,1.0,0.0803299804275219,0.2156202666845112,0.0,0.668732778856004,0.15860471358603695,0.5402838535089961,0.6334931751057413,0.26127815072237015,0.668732778856004,0.3939191960733873,0.3451006508232444,2057
849,16014,0.0,0.3080676056502499,0.4602408695082853,0.214671478037837,0.1865345831409725,0.4405605468596063,1.0,0.2782493786790743,0.2333430935164424,0.0,0.5401649902137609,0.1076820221196165,0.8429462157448122,0.7028614859709643,0.3726983070195474,0.25579623609775837,0.3683533216076832,0.3841542375792676,0.7028614859709643,0.3938930400699918,0.3408045993906545,2058
1865,24017,0.2266200673669287,0.1866548610018449,0.2540651106953986,0.2295209169970146,0.6571789649377651,0.2278546543117399,1.0,0.1964138261793301,0.2581956117310432,1.0,0.615284339263741,0.3730961448044402,0.7789425991309047,0.607375859660376,0.49848578764150364,0.22730471895518667,0.622910907249304,0.22035998584862176,0.607375859660376,0.3936003593453345,0.35314655672158657,2059
460,12022,0.0567002377874423,0.3198758168269448,0.4588558382735587,0.2747870776866615,0.2206618139209262,0.3473033849393468,1.0,0.3384886818928188,0.2472814735684748,0.0,0.3682153970575232,0.0266048363691975,0.869453057760477,0.6789471770362071,0.33024338224366,0.29288507773064676,0.3685504553093869,0.38936582755025173,0.6789471770362071,0.39340912437149045,0.3432389293799839,2060
1234,20450,0.0,0.0843496324547435,0.2717650557236629,0.4298204254584664,0.4934297460543931,0.2236508573957645,1.0,0.2990391678378911,0.2585063759006697,0.0,0.7082067133620622,0.1544180919578252,0.9036320434281871,1.0,0.44156421218701863,0.2787727718692804,0.4293802057817248,0.1780573440892032,1.0,0.3933047817044203,0.3114666365823843,2061
2226,30154,0.5967154078961798,0.2128600911797053,0.4144920627651705,0.2838474238475236,0.6033310027221246,0.4257795853916269,1.0,0.2296889668800248,0.2843625485468736,0.0,0.226660912044766,0.549463655417224,0.0,0.7336923924214751,0.3432099938395424,0.2570257577134492,0.46259160239225505,0.3136760769724379,0.7336923924214751,0.39313883511227277,0.33635967882466167,2062
1686,21198,0.4661875608731715,0.0857322078921615,0.2540651106953986,0.3450610201777156,0.3474694841066469,0.1995528504674952,1.0,0.2459763064707527,0.2605006144014647,0.0,0.8176291440886787,0.2271474424399874,0.7947952132712555,1.0,0.5764398401682733,0.2532384604361087,0.37841667095037157,0.16989865929378006,1.0,0.3930870833691954,0.31125115141869614,2063
2027,28006,0.0,0.1378997754187904,0.279617045909487,0.2237065167680204,0.7126269781411203,0.2489588053339049,1.0,0.2987418952164926,0.2663573081269382,0.0,0.6317846029424767,0.3660508576071516,0.7606458862803938,0.8275164340507248,0.43962033670750555,0.2825496016717154,0.4370584600486091,0.2087584106641387,0.8275164340507248,0.3930307435602584,0.32627890555326056,2064
296,10024,0.0642424287642484,0.2621128794332157,0.4320288770750036,0.1629716157176662,0.614464367959978,0.1972091633819477,1.0,0.1432632202323822,0.2767323979978696,0.0,0.8410767782371764,0.4193129525095225,0.7125442614903211,0.6391266864816243,0.5092941052503172,0.2099978091151259,0.3949290294119184,0.34707087825410965,0.6391266864816243,0.3929538242075391,0.3479606725820384,2065
1542,20443,0.418388564882842,0.0,0.2061757588128866,0.4981157663504572,0.5631076600338761,0.2968436472129473,1.0,0.3643662610532455,0.4396653296759856,0.0,0.5848893346454809,0.0702385080495817,0.8429462157448122,1.0,0.4791156558306792,0.4020157953646155,0.47161341471945606,0.1030878794064433,1.0,0.3929121395875924,0.31107800777503847,2066
77,6008,0.0,0.2611670610882998,0.3767011466471717,0.2035622978665786,0.2277414162546579,0.5468168246967173,1.0,0.3657269902913344,0.3411958295447159,0.0,0.5349543588362191,0.0620288776023155,0.869453057760477,0.5705338414139879,0.3666090735497529,0.3534614099180251,0.3956241077635908,0.31893410386773574,0.5705338414139879,0.39261064164059517,0.35758741943876005,2067
1165,20054,0.0538605071821859,0.0381937150873363,0.220323861289801,0.4275554199467247,0.4885279618783535,0.2412669302173142,1.0,0.3054877510723508,0.3261065579117761,0.0,0.9153277577410476,0.5560904102856002,0.7606458862803938,0.9257153714927412,0.5714811403723068,0.31579715449206347,0.4314700624084785,0.12925878818856865,0.9257153714927412,0.3925180817217525,0.31674167996568553,2068
1735,21071,0.0,0.4304411840501582,0.6897838803486965,0.3188794173217993,0.4952157396995252,0.2443142974356584,1.0,0.3583268045861497,0.3456962666634503,0.0,0.2700824951068803,0.1111577571138528,0.869453057760477,0.366539538500611,0.3126733274953025,0.35201153562480003,0.41168189089139656,0.5601125321994274,0.366539538500611,0.3923928839152504,0.3991362717025236,2069
1860,24054,0.0440712072905407,0.2980876080445558,0.4588558382735587,0.2726166606360262,0.574672327381685,0.3218358206353643,1.0,0.2463549686971862,0.4546630215527919,0.0,0.2132001488278563,0.0003749883877534,0.9518127218666266,0.5344740898901891,0.3023647665931942,0.35050899512498906,0.43382496173061513,0.37847172315905725,0.5344740898901891,0.39237469986005136,0.36319894764608535,2070
1977,26063,0.3021239261483743,0.1180897912386706,0.311973264080358,0.0992985457448406,0.8377545571411837,0.2529929462469444,1.0,0.0643609177485755,0.3187394038879184,0.0,0.8098131970223663,0.3756430998867177,0.7390115964200016,0.9257153714927412,0.556647954869365,0.19155016081824694,0.4380092098265937,0.2150315276595143,0.9257153714927412,0.39234235941322826,0.31656444142941903,2071
1407,20255,0.0,0.1226806460580444,0.4264996201026877,0.4295158988138647,0.4910746451234673,0.2264477148426604,0.0,0.2679782599606989,0.3136150086105183,0.0,0.7998263260907781,0.4085331553034605,0.8212921674167302,1.0,0.5074129122027422,0.2907966342856086,0.2294076517559985,0.27459013308036606,1.0,0.39232749342173356,0.3104995173629919,2072
1510,20394,0.4532684132055056,0.0830190682212151,0.3225774448656947,0.5757942367196899,0.6148691236033059,0.3625942992581924,1.0,0.1915283155120464,0.2746436917837324,0.0,0.1919235420698541,0.1928920437479287,0.9036320434281871,0.8822616494359928,0.43542901061286887,0.2330860036478894,0.5106515319162377,0.2027982565434549,0.8822616494359928,0.39214254489016825,0.3201884068893269,2073
406,12084,0.238801820487719,0.0908623870324119,0.2439666749308854,0.3593752715445625,0.3774323774783649,0.1519101335780952,1.0,0.3062038569972779,0.326554405965451,0.0,0.6022579678703264,0.1087331553027511,0.9036320434281871,1.0,0.4633562467722459,0.31637913148136443,0.3777435565202045,0.16741453098164866,1.0,0.3921232681395182,0.3102974931422407,2074
445,12031,0.3155130834214711,0.127977981840267,0.3530583330060873,0.2919637000183827,0.2814877472574054,0.2458278437472163,1.0,0.4355246483840246,0.3346033835573575,0.0,0.6895353187676108,0.2411402821988128,0.0,0.8822616494359928,0.31154717109697366,0.38506401597069106,0.36385585820460087,0.24051815742317717,0.8822616494359928,0.39205435098538366,0.32009839538609697,2075
1424,20286,0.1411963327174469,0.1811367782727135,0.3603683609836935,0.3829072452818952,0.4212227520052024,0.20606316026951,1.0,0.3196254461237533,0.2222540811291596,0.0,0.794181509940181,0.4882442253660687,0.0,0.8822616494359928,0.3559055170059241,0.27093976362645644,0.4020386315113216,0.2707525696282035,0.8822616494359928,0.39203879766788635,0.3200825220535073,2076
1941,26057,0.4155210868635943,0.1562881790633379,0.3062446592022165,0.0988416568970192,0.8154781991691618,0.2778951902310191,1.0,0.0696438431243121,0.3146032446954853,0.0,0.6317846029424767,0.2434760222516017,0.7606458862803938,0.9257153714927412,0.5128568995845166,0.1921235439098987,0.43844300925943996,0.23126641913277718,0.9257153714927412,0.3919367604631872,0.3161554185262607,2077
367,11040,0.0,0.2394724202085122,0.3825889602415067,0.2619523719756197,0.5043619014817422,0.210509897444679,1.0,0.2810337616257445,0.3284047301606606,0.0,0.6430742352436702,0.3835383069853585,0.7606458862803938,0.5493828179949455,0.44681460712735566,0.30471924589320254,0.3953648341804082,0.31103069022500945,0.5493828179949455,0.3915080719674607,0.3597138275221397,2078
839,16094,0.0,0.2046661414032588,0.3767011466471717,0.2327234261316398,0.3491319721168974,0.2439087861773727,1.0,0.2603374258142846,0.4220644523731236,0.0,0.7681285601029122,0.5591932114176061,0.0,0.7645232988719857,0.3318304428801296,0.3412009390937041,0.36515283688518196,0.29068364402521524,0.7645232988719857,0.39141952810555686,0.3310971404829815,2079
1511,20395,0.418388564882842,0.0408829973757098,0.4033287599399012,0.429518987624932,0.4910786329630123,0.2679606566946597,0.0,0.2908441345109784,0.3477244235721944,0.0,0.6704299464505445,0.3089437190481501,0.7789425991309047,1.0,0.5441762073781103,0.3192842790415864,0.2377116554565208,0.2221058786578055,1.0,0.391296103356543,0.3094795123395458,2080
2465,32050,0.0,0.2058038446992779,0.3492050581584243,0.2044248267655993,0.5538555957921836,0.1485393756337676,1.0,0.2904185322958568,0.3164640433283,0.0,0.9491966546446278,0.6913870217862024,0.0,0.6963643413004936,0.41014591910770754,0.3034412878120784,0.3813639596383101,0.2775044514288511,0.6963643413004936,0.3912837741888485,0.3387705643162082,2081
2466,32049,0.0,0.325065598743012,0.5409921845824918,0.1864262150488022,0.4529859385630076,0.2068421832427556,1.0,0.2224858348129746,0.3081762738433332,0.0,0.6244030476996592,0.2066914098951026,0.7606458862803938,0.5431683198140091,0.3979350859687889,0.2653310543281539,0.36925086737091306,0.4330288916627519,0.5431683198140091,0.39126826907020107,0.360462157970823,2082
439,12038,0.4227847747848988,0.4770415940706467,0.6702769234359034,0.2655258125794913,0.1804304955535863,0.4440600571865211,1.0,0.2097978968082781,0.3094970949701746,0.0,0.4290056133444837,0.1056629889583232,0.869453057760477,0.3565630317946963,0.4567266087120456,0.2596474958892263,0.37800327306391973,0.5736592587532751,0.3565630317946963,0.39125983456679125,0.4004492689985889,2083
1056,20251,0.3061859246211213,0.0631123197386764,0.2540651106953986,0.3604690029762672,0.3796134992705089,0.1936130608907778,1.0,0.2437985552486525,0.2846264639443855,0.0,0.8697350437632163,0.2916919034578003,0.7947952132712555,1.0,0.5656020212783484,0.264212509596519,0.38673911262751076,0.1585887152170375,1.0,0.3912289115493073,0.3094130855300412,2084
1481,20354,0.4532684132055056,0.0,0.170525387834285,0.4236631502734406,0.4833784822274556,0.3451288038859028,1.0,0.4562798698445598,0.5977310953574356,0.0,0.2331740977414726,0.1510504179890483,0.9701320359742358,1.0,0.45190624122756556,0.5270054826009978,0.45043408727735984,0.0852626939171425,1.0,0.39106662611667864,0.3092526595266243,2085
80,6006,0.2229333392638425,0.1731204418953941,0.311973264080358,0.2120792346387493,0.2043115765579628,0.4760704025059391,1.0,0.383769515783345,0.2580923902297465,0.0,0.6296134720267608,0.3026099640074774,0.7789425991309047,0.6391266864816243,0.48352484360724635,0.3209309530065457,0.3784922427405303,0.24254685298787607,0.6391266864816243,0.3907095220816911,0.3454782862621271,2086
946,18015,0.0,0.448986558879742,0.6451548897313895,0.1708679335222817,0.3215089125230184,0.3458186126974041,1.0,0.2744566345391088,0.2655709219384448,1.0,0.6886669492215007,0.1821678744477161,0.0,0.4982156912934606,0.2177087059173042,0.2700137782387768,0.5676390917485408,0.5470707243055657,0.4982156912934606,0.39062405056342936,0.3675736522235203,2087
1110,20179,0.418388564882842,0.1380381543492309,0.3410507756685701,0.4545363512228205,0.520979773517289,0.2618749372595332,0.0,0.3408149870173119,0.3939097991201549,0.0,0.4876249057661683,0.1331190820995213,0.7606458862803938,0.9257153714927412,0.44994460975723133,0.3673623930687334,0.24747821239992854,0.2395444650089005,0.9257153714927412,0.39041893019708984,0.3146257146604495,2088
2120,30200,0.0,0.1683771223113341,0.2632842602460088,0.3845513604024244,0.4629000814192014,0.4833359620060962,1.0,0.30431850200473,0.3568743801600518,0.0,0.4246634550382719,0.2266827152166664,0.869453057760477,0.7171720540196672,0.3801998070038538,0.3305964410823909,0.46615748076554436,0.21583069127867144,0.7171720540196672,0.39040543668969024,0.33534279642771375,2089
486,13047,0.4964577629680267,0.1371278223854062,0.2439666749308854,0.280130976059075,0.5304466629053466,0.2669378225442145,1.0,0.3610797033084959,0.3311774977897547,0.0,0.182370855911321,0.0545764376514451,0.8212921674167302,0.8514307429854822,0.38867430598688074,0.3461286005491253,0.4155030923017272,0.1905472486581458,0.8514307429854822,0.3904000977761099,0.32125512546478985,2090
2026,28034,0.0,0.130028956560892,0.311973264080358,0.2089321511708909,0.8424727346821261,0.2261272840796875,1.0,0.2071562676248035,0.3593783550368821,0.0,0.466348195482946,0.3576332110236405,0.7789425991309047,0.7914566825269261,0.4007310014093728,0.2832673113308428,0.45550643398654084,0.22100111032062503,0.7914566825269261,0.39018727772447415,0.3269524480589865,2091
1388,20222,0.4532684132055056,0.0636795157720674,0.4283749501331661,0.4998299511675069,0.5645417075619004,0.286686205643665,0.0,0.2667751547476884,0.3416672209921868,0.0,0.4237950854921619,0.0070693949125608,0.9036320434281871,1.0,0.44694123425960386,0.3042211878699376,0.27021157287461445,0.24602723295261675,1.0,0.3901444219366004,0.30834133790197593,2092
2268,30127,0.0,0.252480591376681,0.3767011466471717,0.3800516616363232,0.428271135827667,0.3765899088248828,1.0,0.2771831893096402,0.3199459582530569,0.0,0.2861484704873407,0.0854284317375799,0.869453057760477,0.7097780834867178,0.3102574899963494,0.29856457378134854,0.4369825412577746,0.31459086901192634,0.7097780834867178,0.3901383715872375,0.3359252796408135,2093
1543,20445,0.0,0.0161372913300151,0.2717650557236629,0.4185517418989198,0.4764230697336995,0.2138415523641377,1.0,0.3105793404452041,0.2852536367299799,0.0,0.8701694355867116,0.3055264020179787,0.8212921674167302,1.0,0.4992470012553551,0.297916488587592,0.42176327279935144,0.143951173526839,1.0,0.3900666270003227,0.30826448560232583,2094
494,13062,0.2159380441879529,0.1136391223376639,0.311973264080358,0.2832176290049172,0.5531158130020604,0.3083259332365986,1.0,0.3209722512691981,0.4904188658379407,0.0,0.1828050406843762,0.0432204408508326,0.869453057760477,0.7430174073632629,0.32785414587090966,0.4056955585535694,0.4289318750487152,0.21280619320901095,0.7430174073632629,0.3899873330734212,0.33194289657541803,2095
378,12063,0.238801820487719,0.0954946617291492,0.2540651106953986,0.3532707515653888,0.3649811788733731,0.1590138289406981,1.0,0.2377034877247655,0.3834432930653232,0.0,0.647416497075102,0.1471597476174377,0.869453057760477,0.9257153714927412,0.47570778073518394,0.31057339039504434,0.375453151875892,0.17477988621227392,0.9257153714927412,0.3895882374959948,0.3137891525843417,2096
1253,20003,0.4532684132055056,0.0941899862648944,0.2328033721056162,0.5661544299633351,0.609725283609179,0.3608458035435944,1.0,0.2082088507426277,0.2906022776925908,0.0,0.3708207127462941,0.145064045995187,0.9036320434281871,0.9257153714927412,0.46819630384379346,0.24940556421760923,0.5073451034232217,0.1634966791852553,0.9257153714927412,0.38951555078280675,0.3137159734942528,2097
1818,22009,0.0,0.3265426794501856,0.4694600190588954,0.2701480527133523,0.5629545877049523,0.2906829111790786,1.0,0.3380235832025869,0.3423335163908788,0.0,0.287451128331726,0.0774003317822901,0.7947952132712555,0.5372945175374426,0.2899116683463179,0.34017854979673284,0.4247571103194766,0.3980013492545405,0.5372945175374426,0.38944133601229297,0.35933494643944214,2098
2189,30198,0.3443446855572439,0.1267787301760496,0.2937651483864014,0.3048544875375331,0.5173798713502068,0.2719703668746549,1.0,0.3372726454535997,0.3831336198344316,0.0,0.2084238057485898,0.0304999818247374,0.869453057760477,0.7771461144782232,0.363180382722762,0.36020313264401566,0.41884094515247894,0.2102719392812255,0.7771461144782232,0.38940417170214425,0.32762352579403803,2099
1905,25005,0.0,0.2757369336966367,0.443908083844807,0.1416892622172888,0.4825849222989816,0.3264732935419588,1.0,0.2348269062586913,0.3202062286774664,0.0,0.4989145380673621,0.1330339351895687,0.8212921674167302,0.6285768574637054,0.3633101601684152,0.27751656746807885,0.39014949561164586,0.35982250877072186,0.6285768574637054,0.38890976219713697,0.3449224474253653,2100
1051,20544,0.1826590576547239,0.1127170313051815,0.300188532020952,0.4694934744537925,0.5367479724636914,0.266168241967778,0.0,0.410103810432304,0.461291910023325,0.0,0.5679548861936903,0.1048368842909653,0.8212921674167302,0.9257153714927412,0.4191857488890274,0.4356978602278145,0.2544819377770524,0.20645278166306677,0.9257153714927412,0.3887849302695017,0.31298059348527035,2101
1108,20218,0.0,0.087553807591456,0.4056574994106425,0.4239189780277838,0.4837208008482483,0.2197786503210639,1.0,0.2866296952818399,0.3005651431686745,0.0,0.8254450911549911,0.3264148693554488,0.0,1.0,0.28796499012760995,0.2935974192252572,0.4254836858394192,0.24660565350104924,1.0,0.3886830243486501,0.30689828861530893,2102
1912,26021,0.0,0.0404788325321328,0.2061757588128866,0.0951035687223057,0.7614834884864629,0.3971740956821801,1.0,0.1790485265608874,0.3154470417693169,1.0,0.7976551951750623,0.4885620933811122,0.7390115964200016,0.8822616494359928,0.506307221244044,0.24724778416510218,0.6507522305781898,0.1233272956725097,0.8822616494359928,0.3886187595113285,0.3165959471747058,2103
1242,20492,0.0,0.0571961585114874,0.2540651106953986,0.4249776624337821,0.4851316055440954,0.2223004878462671,1.0,0.2794557952354493,0.3147378013123163,0.0,0.76118098258271,0.3523547089566358,0.8212921674167302,0.9257153714927412,0.48370696473901903,0.2970967982738828,0.4264819511648289,0.155630634603443,0.9257153714927412,0.388320847288618,0.3125136666688868,2104
1932,26030,0.0,0.942547575330834,0.8861985274027551,0.086256188682981,0.7824652559235239,0.3436577084166455,1.0,0.1265197022034643,0.4085568649245947,1.0,0.7624837439523156,0.4482639031993921,0.0,0.185571663907907,0.3026869117879269,0.26753828356402953,0.6424758306046301,0.9143730513667945,0.185571663907907,0.3883061694899846,0.46702480517328276,2105
1825,23006,0.6453138971959967,0.2907754737337542,0.496087632351625,0.2507811215494094,0.4766226277269773,0.265352537038471,1.0,0.1293202989605277,0.2089788138603547,0.0,0.5510204377418992,0.563149083228992,0.8429462157448122,0.509727926337842,0.6506074084779251,0.16914955641044122,0.3985512572629716,0.3934315530426896,0.509727926337842,0.38802198524742815,0.3624397395799715,2106
220,8016,0.0,0.0,0.170525387834285,0.1332968985405275,0.8368102609061057,0.1044501269299127,1.0,0.4016106039411838,0.3564982645922392,1.0,0.8775509908295283,0.6321175401245478,0.6784442506275288,0.8079770209287339,0.5470281953954013,0.3790544342667115,0.6149114572753092,0.0852626939171425,0.8079770209287339,0.3879148342484874,0.3229019980305145,2107
1775,21028,0.3484713972187253,0.1890782354679115,0.3174079620274858,0.3274556081977964,0.4808912157774629,0.2758657649315759,1.0,0.5016035157021652,0.485437222786376,0.0,0.3056882346279024,0.0736530162291961,0.0,0.9257153714927412,0.18195316201895595,0.4935203692442706,0.41684251778136705,0.2532430987476986,0.9257153714927412,0.38783800032262383,0.3120280089451922,2108
1474,20213,0.0,0.1260765039929372,0.327506397791999,0.433379932459519,0.5188972627106243,0.2410314807880755,0.0,0.5228047314671258,0.2472741625288903,0.0,0.5427703059025317,0.2355462726297954,0.9036320434281871,1.0,0.4204871554901286,0.3850394469980081,0.23866173519164374,0.2267914508924681,1.0,0.38773364382581144,0.30596155409724013,2109
2112,30180,0.3443446855572439,0.1357416725268494,0.3322162123140422,0.3030757280582342,0.5282094279525316,0.2883773627657625,1.0,0.2643626804302289,0.3365062145418628,0.0,0.2079896209755347,0.0,0.9301468010770012,0.7914566825269261,0.3706202769024449,0.30043444748604586,0.42393250375530567,0.2339789424204458,0.7914566825269261,0.38753944123912126,0.3241814036479214,2110
1541,20444,0.0,0.0371191787449562,0.2439666749308854,0.427320091308863,0.4882201654032799,0.2230891854369989,1.0,0.2900490189056076,0.2884273204328353,0.0,0.82110282932356,0.343888443764998,0.8429462157448122,1.0,0.5019843722083426,0.28923816966922145,0.4277258884298284,0.1405429268379208,1.0,0.38742181069871523,0.3056539996837741,2111
240,8065,0.5406557772729131,0.1041505172749814,0.2869270738870932,0.1196618907937118,0.6408263915524827,0.2603893905371108,1.0,0.1799883079390231,0.2396445691744771,1.0,0.4585322484166334,0.0445368390763349,0.7947952132712555,0.7645232988719857,0.4596300195092842,0.20981643855675008,0.6041755345766611,0.19553879558103732,0.7645232988719857,0.38726383213249443,0.32670892003001323,2112
1156,20096,0.0538605071821859,0.0,0.2439666749308854,0.4203832367120318,0.4789408704898652,0.2454464788488055,1.0,0.3568703530075277,0.300572806870094,0.0,0.8302215377594779,0.5065983637448346,0.7947952132712555,0.9257153714927412,0.5463689054894385,0.32872157993881085,0.4289541172101405,0.1219833374654427,0.9257153714927412,0.38716902407606735,0.3113553882240018,2113
2110,30110,0.4532684132055056,0.0888562158255761,0.2061757588128866,0.4063116385614771,0.461611130541011,0.3804085820837778,1.0,0.4254089162119789,0.3608349782287636,0.0,0.3004776032503606,0.0291309685343171,0.9301468010770012,0.7771461144782232,0.4282559465167961,0.39312194722037125,0.44966627023725325,0.14751598731923135,0.7771461144782232,0.38698359524405407,0.32507982990409545,2114
531,13024,0.0,0.1172696338542459,0.2328033721056162,0.3110688173010857,0.4917303998761037,0.2411254913524017,1.0,0.5214254544550553,0.4737050079838439,0.0,0.6487190513942673,0.3098536990291077,0.7606458862803938,0.5648420579743655,0.4298046591759422,0.4975652312194496,0.4087849417059182,0.17503650297993104,0.5648420579743655,0.3866645328079546,0.35171117345166386,2115
1287,20061,0.3706292612258043,0.1195282516178647,0.220323861289801,0.4930317203734782,0.5777320047519218,0.3176657951810296,1.0,0.2351459660474466,0.3081006816733544,0.0,0.8228397754662204,0.581804606086932,0.0,0.8822616494359928,0.44381841069473915,0.2716233238604005,0.47768590406128586,0.16992605645383285,0.8822616494359928,0.38657559767984623,0.3145166886677922,2116
619,14038,0.1160724679560654,0.1439379852098658,0.2328033721056162,0.1895735767681218,0.3168508359822919,0.4304920972692188,1.0,0.3309443553522403,0.3560927297356182,0.0,0.6678246307617737,0.1938469009239761,0.7947952132712555,0.7771461144782232,0.44313480322826765,0.3435185425439292,0.38738330200392646,0.188370678657741,0.7771461144782232,0.3865703895119072,0.3246460036462092,2117
310,10006,0.2728112475268917,0.1030461795450042,0.2439666749308854,0.1799794545524821,0.61369074722923,0.1515348834485792,1.0,0.2080414797407744,0.270784612970125,0.0,0.7998263260907781,0.516629086843084,0.7125442614903211,0.9257153714927412,0.5754527304877688,0.2394130463554497,0.38904101704605826,0.1735064272379448,0.9257153714927412,0.38635735173317975,0.310539684096198,2118
1940,26048,0.0,0.5022053897253465,0.6141119133725197,0.0676697628075043,0.8156369111548567,0.1805026706643788,1.0,0.1165486420422603,0.1527496702666831,1.0,0.8332610382213039,0.6144212090727047,0.0,0.5153996235502176,0.3619205618235022,0.1346491561544717,0.6127618689253479,0.5581586515489331,0.5153996235502176,0.38619093621193257,0.359307739255164,2119
1540,20434,0.418388564882842,0.0,0.1468825741932007,0.419867395088944,0.4782346422333287,0.3317497149196444,1.0,0.3981806206439252,0.5913529816930241,0.0,0.4650456411637806,0.3302950772102425,0.9036320434281871,1.0,0.529340331671263,0.4947668011684746,0.44597035044838335,0.07344128709660035,1.0,0.38607916078335314,0.30433047977683664,2120
2421,32028,0.0,0.1221873905523112,0.2328033721056162,0.2023974161592011,0.410184694118377,0.2618421804852646,1.0,0.2890755372401026,0.3888204075148319,0.0,0.6851932639866192,0.1546138958351496,0.7947952132712555,0.9257153714927412,0.40865059327325604,0.3389479723774672,0.37488485815256856,0.1774953813289637,0.9257153714927412,0.3856643728345136,0.3098436019011429,2121
2024,28031,0.3229240850661943,0.1508420618976549,0.2328033721056162,0.2269239044750176,0.7180281411064215,0.2773937512150775,1.0,0.2826389500031917,0.2415542796697591,0.0,0.5358229354327695,0.2758295020845491,0.7947952132712555,0.7914566825269261,0.4823429339636921,0.2620966148364754,0.4444691593593033,0.19182271700163556,0.7914566825269261,0.3856534587087631,0.32221054591510956,2122
2228,30187,0.3384686072321147,0.1585318330258294,0.279617045909487,0.3512689080529632,0.4268443797736387,0.3996967052274408,1.0,0.5098249383540443,0.4965608814979468,0.0,0.2253582542003802,0.2026719878558163,0.0,0.9257153714927412,0.19162471232207778,0.5031929099259955,0.43556199861080847,0.2190744394676582,0.9257153714927412,0.3855325396797793,0.3097112137521088,2123
1334,20152,0.1546603173784129,0.1072018043300657,0.220323861289801,0.3704924324713339,0.3989231512010031,0.1945871456585339,1.0,0.2660748905891523,0.2616006171497343,0.0,0.7116803985969435,0.3148527760608062,0.8212921674167302,1.0,0.5006214148632232,0.2638377538694433,0.3928005458661742,0.16376283280993334,1.0,0.3853423645453632,0.30360466995700547,2124
2003,28013,0.1800377368969642,0.0922474672723633,0.220323861289801,0.2186000435440321,0.7878800342246863,0.2693113626140082,1.0,0.4659643487983367,0.355537575862571,1.0,0.4012158208897742,0.007303343302874,0.7947952132712555,0.5807482395941909,0.34583802859021695,0.41075096233045383,0.6551582880765453,0.15628566428108215,0.5807482395941909,0.38489380791677763,0.34727952585222005,2125
2005,28014,0.0,0.1733979534095089,0.2328033721056162,0.1694825572401054,0.9497383246155808,0.086144519251567,1.0,0.2139344592257938,0.2009784996857869,0.0,0.5384280440711002,0.7520746706739891,0.7606458862803938,0.8822616494359928,0.5127871502563708,0.20745647945579035,0.44107308022145064,0.20310066275756256,0.8822616494359928,0.38453571856980945,0.3124435098240446,2126
623,14034,0.0,0.1738241477889665,0.2540651106953986,0.1993780599753299,0.2730179636306451,0.4045614386347118,1.0,0.2127034405709295,0.3012527616048923,0.0,0.7485887959623507,0.3013580287813879,0.7947952132712555,0.8822616494359928,0.46118550950374854,0.25697810108791086,0.37539149244813735,0.21394462924218255,0.8822616494359928,0.3844421497640036,0.3123484793905416,2127
1286,20060,0.4532684132055056,0.0392990982680926,0.2061757588128866,0.533999688097991,0.5901446933716494,0.3279296587267027,1.0,0.2523135923799213,0.3321655398833331,0.0,0.4702562725413226,0.1165380827610327,0.869453057760477,1.0,0.4773789565670844,0.29223956613162716,0.4904148080392686,0.12273742854048961,1.0,0.38444000682025997,0.3027162399339224,2128
1554,20465,0.6806413939763865,0.0877481625437772,0.2328033721056162,0.6398825792774582,0.6422099655766076,0.4135385974706889,0.0,0.2569150229725364,0.3213648399100214,0.0,0.2370820712746293,0.3131745679327876,0.9036320434281871,1.0,0.5336325191529976,0.2891399314412789,0.33912622846495094,0.1602757673246967,1.0,0.3843402968877925,0.3026181009633842,2129
1193,20273,0.0,0.0945237999440724,0.3062446592022165,0.457440094520293,0.5241573168656368,0.2584861968515275,0.0,0.3571148489936143,0.42482485350523,0.0,0.6665218693921682,0.2369697492913745,0.8212921674167302,1.0,0.4311959465250682,0.3909698512494222,0.24801672164749147,0.20038422957314445,1.0,0.38426646769169576,0.30254543907103326,2130
1316,20108,0.0,0.0491529500098046,0.220323861289801,0.4478416178796087,0.5134303590883369,0.2474533786026229,1.0,0.3036093720555931,0.3736021977335177,0.0,0.6582717375528004,0.1822333833881677,0.8212921674167302,1.0,0.4154493220894246,0.3386057848945554,0.44174507111411376,0.1347384056498028,1.0,0.3842157016331605,0.30249547769294666,2131
1089,20204,0.3932202598211434,0.0134278718014139,0.2061757588128866,0.5966327598545924,0.6315255056241167,0.4297812233025943,1.0,0.2058611433552806,0.2759364728917246,0.0,0.7720364301108484,0.6270322761769882,0.7789425991309047,0.9257153714927412,0.6428078913099712,0.24089880812350262,0.5315878977562607,0.10980181530715025,0.9257153714927412,0.3841630462124466,0.3083366249038772,2132
986,19007,0.1800377368969642,0.2420916828240643,0.3567763769729923,0.2075975682187086,0.7898134605419722,0.2035473058576522,1.0,0.2473647923468939,0.3797772031631589,0.0,0.0204081336866717,0.0064789985031423,0.7947952132712555,0.8079770209287339,0.2504300205895084,0.3135709977550264,0.4401916669236666,0.2994340298985283,0.8079770209287339,0.3841252464159738,0.31896373812635037,2133
1174,20502,0.4532684132055056,0.0947233907880342,0.2717650557236629,0.5612671354350015,0.6069966455461931,0.34357593639738,1.0,0.1981528463055371,0.2805267358393439,0.0,0.2792009964923585,0.0834516212188342,0.9036320434281871,0.8822616494359928,0.42988826858622137,0.2393397910724405,0.5023679434757149,0.18324422325584855,0.8822616494359928,0.3840643733706594,0.31196486060508843,2134
1452,20316,0.3932202598211434,0.0936528341382689,0.327506397791999,0.538747897296979,0.6063714250997301,0.371272939386993,0.0,0.2023150731091918,0.283938828808125,0.0,0.6543638675448642,0.3436915720793626,0.7606458862803938,1.0,0.5379803964314409,0.24312695095865838,0.3032784523567404,0.21057961596513397,1.0,0.38403560236222084,0.3023182464453673,2135
1330,20128,0.4532684132055056,0.1712061684797608,0.3322162123140422,0.5148843287934305,0.5764975152171756,0.3028655058202764,1.0,0.2558051487752406,0.333380987636976,0.0,0.4798089586998557,0.0829732375283489,0.0,0.9257153714927412,0.2540126523584275,0.2945930682061083,0.4788494699661765,0.2517111903969015,0.9257153714927412,0.3840001346808737,0.30817318867116905,2136
1494,20382,0.0,0.0572684899626693,0.220323861289801,0.4263237326515375,0.4869119595324573,0.2220006736336617,1.0,0.2943252475317147,0.2898380915452312,0.0,0.8176291440886787,0.2864315576008516,0.8212921674167302,1.0,0.4813382172765651,0.2920816695384729,0.4270472731635313,0.13879617562623514,1.0,0.3838500665337334,0.3021356869436263,2137
2446,32058,0.2936317492859092,0.186067004740763,0.2937651483864014,0.2002056892844544,0.4358341655924802,0.2509391752730716,1.0,0.2879744702699012,0.3051516029852443,0.0,0.8462874096147186,0.3964122553148689,0.0,0.8079770209287339,0.38408285355387417,0.2965630366275728,0.3773958060300012,0.2399160765635822,0.8079770209287339,0.3838481695815986,0.3186761708104655,2138
319,10037,0.0,0.0947676736379237,0.2439666749308854,0.1405580998411403,0.5575477850828802,0.24282922008656,1.0,0.181132763565326,0.6963341681072663,0.0,0.325662183541519,0.0072273724249226,0.8212921674167302,1.0,0.2885454308457929,0.4387334658362962,0.3881870210021161,0.16936717428440454,1.0,0.38375764782850935,0.30204475902995687,2139
1180,20205,0.4532684132055056,0.1319311095987014,0.220323861289801,0.5382180470094923,0.602193472355633,0.3117997533778408,1.0,0.2478568871943646,0.2523799425896342,0.0,0.3069908924722877,0.0783395353652866,0.9701320359742358,0.8514307429854822,0.45218271925432896,0.2501184148919994,0.49044225454859325,0.17612748544425122,0.8514307429854822,0.3837114814419792,0.3143899546898666,2140
1320,20527,0.418388564882842,0.0592312528782855,0.3825889602415067,0.437490861891268,0.501118617476408,0.2952258792829758,0.0,0.2471061278587041,0.4125838364964617,0.0,0.5384280440711002,0.1320765740955073,0.7606458862803938,1.0,0.4623847673324608,0.3298449821775829,0.24676707173013038,0.2209101065598961,1.0,0.383674767558267,0.30196322034419465,2141
949,18005,0.0,0.2020236198605138,0.3452063428202632,0.1670652589800089,0.3826050999614399,0.3540033715418065,1.0,0.360743082282145,0.2643734371695008,0.0,0.5301781192821726,0.0241851917406333,0.869453057760477,0.7171720540196672,0.35595409219582075,0.3125582597258229,0.38073474609665103,0.2736149813403885,0.7171720540196672,0.3836561310510837,0.32811179221759335,2142
1297,20081,0.1411963327174469,0.0833024713157886,0.327506397791999,0.3803555532918289,0.4167795006108411,0.2149075569265892,1.0,0.3847031072968849,0.2335919611346837,0.0,0.7702996910186279,0.4904294466445523,0.0,0.9257153714927412,0.35048136759515675,0.3091475342157843,0.4024085221658519,0.20540443455389382,0.9257153714927412,0.38345732343804884,0.30762875428086756,2143
1413,20268,0.0,0.1095179374104405,0.2540651106953986,0.4915429627175135,0.5600808529921328,0.2986599116420347,1.0,0.2844146830104056,0.3590787808735057,0.0,0.877985175602584,0.476755499465532,0.0,0.8822616494359928,0.33868516876702903,0.3217467319419557,0.47005674547033627,0.18179152405291954,0.8822616494359928,0.3827598089131503,0.31064084648539136,2144
1956,26018,0.0,0.836362934953883,0.8205633532967651,0.1017430658720616,0.6777559767314982,0.4022544496026828,1.0,0.1809727324501318,0.2752870117730873,1.0,0.7377333484342119,0.4062052830174316,0.0,0.2387365116945257,0.2859846578629109,0.22812987211160954,0.6363506984412485,0.8284631441253241,0.2387365116945257,0.38272135091207,0.43064920779917354,2145
96,7114,0.2695850999146179,0.4522411704650936,0.4743889719851997,0.3299900514677201,0.7893469520812034,0.152078469369159,1.0,0.0755783759484455,0.1160639168429327,0.0,0.454190193635642,0.4995738667220713,0.9036320434281871,0.7645232988719857,0.5317453009251296,0.0958211463956891,0.45428309458361654,0.46331507122514665,0.7645232988719857,0.38260597719470474,0.32180442140418153,2146
533,13060,0.0,0.2419691236393512,0.4264996201026877,0.3110931142956451,0.50465773443818,0.2593187005925101,1.0,0.3098408176316976,0.3332067839908954,0.0,0.2570560201882461,0.0901231013700898,0.869453057760477,0.6020162396286254,0.3041580448297032,0.3215238008112965,0.41501390986526704,0.33423437187101945,0.6020162396286254,0.38230227373446884,0.34127662995011104,2147
1960,26005,0.4155210868635943,0.0983565202527725,0.220323861289801,0.1049605295880825,0.7750977963124434,0.2608250284920361,1.0,0.1616703656453576,0.3458178621602074,0.0,0.7099434524542827,0.3753400195382828,0.7789425991309047,0.8275164340507248,0.5699367894967662,0.2537441139027825,0.4281766708785124,0.15934019077128675,0.8275164340507248,0.38228699680089256,0.31516846079435057,2148
1506,20391,0.2820211445059131,0.0897596047105163,0.2869270738870932,0.4870529820396034,0.5776758915912514,0.3210386246034087,0.0,0.2358234248447686,0.3637613989630657,0.0,0.6139817849445757,0.320616245838607,0.869453057760477,1.0,0.5215180582623932,0.29979241190391714,0.2771534996468527,0.18834333929880476,1.0,0.3822540752498048,0.30056621006179446,2149
2019,28025,0.2309847703099738,0.3777324151289317,0.4629577717208968,0.1808158622905792,0.937049058032047,0.1192863956161662,1.0,0.155473137395957,0.2892065522520129,0.0,0.5419019363564215,0.7518675662942903,0.0,0.5119607167888041,0.38118856824017144,0.22233984482398494,0.44743026318775847,0.4203450934249142,0.5119607167888041,0.38224782995545326,0.35532202301503274,2150
2016,28037,0.1157133780552926,0.3288098658485491,0.4719531548088408,0.2275788121636267,0.8065219678839075,0.3235539801096606,1.0,0.1571529353149394,0.1958358804990774,0.0,0.3460703172281909,0.331598774306262,0.8212921674167302,0.6046625485289482,0.40366865925161893,0.1764944079070084,0.4715309520314389,0.40038151032869496,0.6046625485289482,0.3819888219025936,0.34055326660615753,2151
2229,30188,0.0,0.2514895761543007,0.41659021807376,0.3736384538164756,0.4431279088674839,0.4429168431163071,1.0,0.4133337231156817,0.4315174372194817,0.0,0.5123750942338314,0.173996714495508,0.0,0.7430174073632629,0.17159295218233486,0.4224255801675817,0.4519366411600533,0.33403989711403037,0.7430174073632629,0.3819661769186063,0.32343080946585273,2152
295,10034,0.0,0.2243101519593563,0.3492050581584243,0.1406670777056206,0.5264506649791215,0.272245913284765,1.0,0.2219394205044352,0.4363380917179718,0.0,0.319583182617867,0.0021145836984563,0.8212921674167302,0.7771461144782232,0.2857474834332634,0.32913875611120347,0.3878727311939014,0.2867576050588903,0.7771461144782232,0.38195628641543394,0.31980953490058184,2153
1115,20365,0.1826590576547239,0.0859312430535703,0.2540651106953986,0.4909941326781017,0.5569826656366323,0.2907252400651355,0.0,0.4194854622991278,0.4943824850354585,0.0,0.5523229920610648,0.1326201474760981,0.8212921674167302,0.9257153714927412,0.42222359115215424,0.45693397366729316,0.2677404076759739,0.16999817687448446,0.9257153714927412,0.3819498299410204,0.306117764005751,2154
1646,21032,0.2434577598737922,0.0864018852090799,0.2328033721056162,0.3365785782110964,0.3284075276510109,0.190493173394743,1.0,0.2860445061309985,0.2923839282135055,0.0,0.6730352621393154,0.1837333677843534,0.7947952132712555,1.0,0.4737554007671791,0.28921421717225204,0.37109585585137006,0.15960262865734803,1.0,0.38182115886056994,0.30014076785956234,2155
2246,30101,0.0,0.2576970464316456,0.4422904435579479,0.3834156797607597,0.4313500681905355,0.3755644472686403,1.0,0.2613396458825116,0.3078595292759964,0.0,0.2279635698891513,0.0911082425528324,0.869453057760477,0.6252790567992559,0.29713121755061517,0.28459958757925397,0.4380660390439871,0.34999374499479674,0.6252790567992559,0.3817431564672023,0.337439255772114,2156
2281,30008,0.0,0.1530528175510632,0.300188532020952,0.3758356502939597,0.4290839507487731,0.3901344175822707,1.0,0.3238899874379937,0.3554853270164322,0.0,0.3486756329169618,0.1048269356046376,0.869453057760477,0.725114210224383,0.3307389065705191,0.33968765722721295,0.43901080372500073,0.22662067478600761,0.725114210224383,0.38172380240926734,0.32515089030815286,2157
2124,30137,0.4532684132055056,0.0,0.2632842602460088,0.4001370208933653,0.4531406627091573,0.3793078272085723,1.0,0.3586919254160147,0.3374855357839277,0.0,0.3782023715143319,0.1717419858085547,0.9036320434281871,0.8275164340507248,0.47671120348914486,0.3480887305999712,0.446517102162219,0.1316421301230044,0.8275164340507248,0.38140904651482105,0.31426396115275307,2158
1460,20326,0.4532684132055056,0.0943459473760599,0.327506397791999,0.4535405772622178,0.5198767652965154,0.3092252744392525,0.0,0.2662212845743863,0.4433489988555651,0.0,0.3030829189391317,0.0209487194229789,0.9036320434281871,1.0,0.42023302374895083,0.3547851417149757,0.25652852339959714,0.21092617258402946,1.0,0.3813680859508457,0.29969564626391215,2159
1421,20282,0.2945235276659142,0.0,0.2540651106953986,0.6560531419029138,0.6717471964951404,0.5823899998070824,0.0,0.273189838007338,0.336866910513246,0.0,0.6726008703158202,0.5655824362388231,0.7947952132712555,0.9257153714927412,0.5818755118729533,0.305028374260292,0.38203806764102727,0.1270325553476993,0.9257153714927412,0.3804818057466627,0.30464776671199617,2160
1675,21155,0.3061859246211213,0.2278074519445565,0.3062446592022165,0.3569118324740433,0.3724648526453389,0.2167626625454553,1.0,0.2595377118107158,0.2420870092542199,0.0,0.8953538088274298,0.4217822545082714,0.0,0.7532318055434659,0.40583049698920565,0.2508123605324678,0.3892278695329675,0.2670260555733865,0.7532318055434659,0.38043105982390185,0.32071021756871204,2161
814,16059,0.062722153472764,0.0,0.2061757588128866,0.2437401070404333,0.282569848668321,0.3398287658615239,1.0,0.3491701713360723,0.52776570679882,1.0,0.6426400504706151,0.1945790541720614,0.7947952132712555,0.725114210224383,0.423684117846674,0.43846793906744613,0.5732277443140557,0.1030878794064433,0.725114210224383,0.38035072683562376,0.32368957252649905,2162
241,8063,0.3977933701207409,0.0,0.220323861289801,0.1132868204080551,0.7269843723916757,0.1988634297042886,1.0,0.2770620863881764,0.2692438800561677,1.0,0.7572731125747738,0.2611535109194097,0.7789425991309047,0.7914566825269261,0.5487906481864573,0.2731529832221721,0.6078269245008039,0.1101619306449005,0.7914566825269261,0.3801983735822103,0.31652355206001503,2163
562,14043,0.0,0.3761879197612385,0.5181490228932447,0.1902606790113984,0.2130377155437649,0.4511024018791274,1.0,0.1422843471483613,0.4848560692609227,0.0,0.6756403707776462,0.2563572423669229,0.0,0.6550328681014498,0.23299940328614227,0.313570208204642,0.37088015928685814,0.4471684713272416,0.6550328681014498,0.38012942999165417,0.3317787716159501,2164
227,8007,0.5165460625335851,0.1892135016139951,0.3225774448656947,0.1347954553186096,0.6910976944332179,0.2039852022112811,1.0,0.2873167906157241,0.1990364555199357,0.0,0.630047863850256,0.035429737905697,0.7947952132712555,0.6354934549794589,0.4942047193901984,0.24317662306782992,0.4059756703926217,0.2558954732398449,0.6354934549794589,0.38010228557769626,0.3342703305148167,2165
1062,20460,0.4532684132055056,0.0869187199801483,0.2439666749308854,0.5450112089352069,0.5972973278363645,0.3186069156707517,1.0,0.2178813892468376,0.2766816308313927,0.0,0.1723838814545126,0.0454067661476552,0.9036320434281871,1.0,0.3936727760589651,0.24728151003911514,0.49218309048846465,0.16544269745551685,1.0,0.38003208447224057,0.29838386128510286,2166
867,16028,0.0,0.1971412399089779,0.3530583330060873,0.2313345358960273,0.3595318784264918,0.232901329663933,1.0,0.2488351943414655,0.4806835251648957,0.0,0.8319582768516984,0.5991758298289139,0.0,0.6046625485289482,0.3577835266701531,0.36475935975318063,0.36475354879729044,0.2750997864575326,0.6046625485289482,0.37994954351549853,0.338282196052917,2167
286,9006,0.0,0.7724922730038044,0.778471242242006,0.3085033350177316,0.4003123648818988,0.1840464071537628,0.0,0.599890689550014,0.7158349980859987,0.0,0.8410767782371764,0.5249221840816416,0.7606458862803938,0.1633558410592878,0.531661212149803,0.6578628438180063,0.17857242141067867,0.7754817576229052,0.1633558410592878,0.3798902920744533,0.46912553997139256,2168
125,7053,0.4817047495775224,0.0,0.220323861289801,0.3748790926379235,0.974948518300638,0.170843475885712,1.0,0.3079918106796138,0.380732834288729,0.0,0.3916630312060212,0.0146800195998833,0.9860016052903372,0.8822616494359928,0.46851235141844105,0.3443623224841714,0.5041342173648546,0.1101619306449005,0.8822616494359928,0.37982396041916133,0.30766535650770227,2169
1142,20133,0.0,0.0996341050092511,0.2540651106953986,0.4084049174284184,0.4619398338259425,0.201498264180417,1.0,0.4111529344787558,0.2499963652837528,0.0,0.5835865732758754,0.1048321792711779,0.8429462157448122,0.8514307429854822,0.3828412420729664,0.3305746498812543,0.41436860308695567,0.17684960785232484,0.8514307429854822,0.3797394409835213,0.3103271704471863,2170
1226,20528,0.1411963327174469,0.0911646244327226,0.4226463452550246,0.3860591622483218,0.4266142874741876,0.2081268809961143,1.0,0.3238646996001117,0.2237927154431315,0.0,0.722101661352027,0.243278695215747,0.0,1.0,0.2766441723213052,0.2738287075216216,0.4041600661437247,0.2569054848438736,1.0,0.37944204816493693,0.29780488671507005,2171
620,14037,0.0,0.3817718330600518,0.5435301114473258,0.1983604446068269,0.2596184809510297,0.4348575018761325,1.0,0.2215403792105825,0.3420455849322464,0.0,0.7590100587174342,0.2481703240358852,0.0,0.6319793675308782,0.25179509568832986,0.28179298207141446,0.3785672854867978,0.4626509722536888,0.6319793675308782,0.37932841828855257,0.33388237965307527,2172
1551,20461,0.1546603173784129,0.10385627314708,0.2061757588128866,0.3787691225118523,0.413981134051324,0.200772341258272,1.0,0.3072222863045016,0.2354615555407125,0.0,0.7351280327454413,0.3100379540562143,0.8212921674167302,0.9257153714927412,0.5052796178991996,0.27134192092260706,0.39870451956428965,0.1550160159799833,0.9257153714927412,0.3792370644174138,0.3034024625288215,2173
1890,25016,0.0,0.2901747414822609,0.4719531548088408,0.1485637306652988,0.4497363306958091,0.4329386530199286,1.0,0.1176900143943427,0.3004600912827794,1.0,0.2852801009412304,0.0016712657627216,0.8429462157448122,0.5745035569136432,0.28247439561219106,0.20907505283856104,0.6062477428762073,0.3810639481455509,0.5745035569136432,0.3791791115613355,0.34176873058445617,2174
605,14056,0.1680849407544698,0.1655183613186906,0.220323861289801,0.2222589735150714,0.2812560031407276,0.3070506137189291,1.0,0.2857902757107108,0.2713080198820075,0.0,0.669127185080939,0.1892231953297819,0.7947952132712555,0.8822616494359928,0.4553076336091116,0.27854914779635914,0.3621131180749456,0.1929211113042458,0.8822616494359928,0.37897070197873617,0.3068016527554028,2175
246,8010,0.0,0.4716152517026299,0.4338096480802939,0.1047012158464647,0.8378940141342472,0.1194458844569761,1.0,0.0704291962289682,0.1852108412061796,0.0,0.7859313781008133,0.6037572585543932,0.7125442614903211,0.6220797127932347,0.5255582245363819,0.1278200187175739,0.4124082228875376,0.45271244989146187,0.6220797127932347,0.37882889861087193,0.3346511849120502,2176
1383,20209,0.1301851996254693,0.035790329979332,0.300188532020952,0.5218825238435789,0.6058856616463295,0.3669104178223455,1.0,0.1728282108939254,0.3342292026130364,0.0,0.5115067246877212,0.1651565450830463,0.7789425991309047,0.9257153714927412,0.39644776713178537,0.2535287067534809,0.4989357206624508,0.16798943100014202,0.9257153714927412,0.3787942954547058,0.3029597395092682,2177
2442,32015,0.2936317492859092,0.0724626112453907,0.1898429731494084,0.2014455902470341,0.4765280045810431,0.2099971829195177,1.0,0.3292282916522469,0.3922271752942099,0.0,0.8302215377594779,0.3643616213787606,0.7947952132712555,0.7645232988719857,0.5707525304238508,0.3607277334732284,0.377594155549519,0.13115279219739956,0.7645232988719857,0.3787600644753425,0.31776608693302333,2178
57,5002,0.0,0.7804090095601431,0.6285414326966552,0.1291638631120396,0.921776250035361,2.220446049250313e-16,1.0,0.1690950756672616,0.1905181253873314,1.0,0.5827182037297651,0.4766250413392204,0.7125442614903211,0.2275331879021693,0.4429718766398266,0.1798066005272965,0.6101880226294801,0.7044752211283991,0.2275331879021693,0.37871384957401577,0.43015779424300293,2179
2162,30157,0.1176289148132409,0.2312595042850694,0.4338096480802939,0.3050175735812365,0.5397259578187603,0.3053980699420905,1.0,0.2939656457178256,0.3797065207119788,0.0,0.3512809486057326,0.4823759334573061,0.0,0.6789471770362071,0.23782144921906992,0.3368360832149022,0.4300283202684175,0.3325345761826816,0.6789471770362071,0.37858891766628544,0.3271529752485962,2180
389,12057,0.4548558735107862,0.4643426554702148,0.6632238178269455,0.2872769654135422,0.1951903094251499,0.3078762570628703,1.0,0.209315936279509,0.1831006853939654,0.0,0.1298306679385084,0.0152792304564055,0.869453057760477,0.5330912311531171,0.3673547074165443,0.1962083108367372,0.35806870638031246,0.5637832366485802,0.5330912311531171,0.37838735505860416,0.3473124756463389,2181
249,8013,0.328516562497842,0.2586216242188042,0.4422904435579479,0.0997872912901643,0.8581094523145563,0.1548100806748995,1.0,0.0379130149396177,0.1640006267208612,1.0,0.7989579565446678,0.3674015177675732,0.7606458862803938,0.6220797127932347,0.5638804807726192,0.10095682083023944,0.6225413648559239,0.35045603388837604,0.6220797127932347,0.3780890540039442,0.3338344263321033,2182
1926,26071,0.0,0.4997771535701583,0.4743889719851997,0.1042467321347707,0.617748497972896,0.3425028743898434,1.0,0.122931754811301,0.2152881604468092,0.0,0.8953538088274298,0.6454799450725789,0.0,0.5896842520574764,0.3852084384750022,0.16910995762905512,0.41289962089950205,0.487083062777679,0.5896842520574764,0.378082349544294,0.33832035004965155,2183
688,15111,0.1466320176491291,0.292724553963926,0.4320288770750036,0.2799735746542834,0.3619679871674909,0.213349125148671,1.0,0.3377911386993329,0.3807337175202311,0.0,0.7472862416431851,0.2345382045774134,0.0,0.566705932174072,0.2821141159674319,0.35926242810978204,0.37105813739408905,0.3623767155194648,0.566705932174072,0.3780587763966807,0.3416722564116811,2184
1329,20127,0.0,0.0335064907058188,0.3567763769729923,0.4089734818854574,0.4627758915792258,0.2175387519265887,1.0,0.3262616400529793,0.2644207874038752,0.0,0.8384714625484049,0.4435242904808266,0.0,1.0,0.32049893825730785,0.29534121372842725,0.41785762507825436,0.19514143383940555,1.0,0.37801209412580805,0.2964026748722412,2185
1955,26067,0.290219231329035,0.1024479422344776,0.2869270738870932,0.0955448850614834,0.9016537831837608,0.1927919663510091,1.0,0.0773792211293333,0.2573227231117255,0.0,0.749457165508461,0.3798750574776991,0.7390115964200016,1.0,0.5396407626837991,0.1673509721205294,0.43799812691925066,0.1946875080607854,1.0,0.37784063759924447,0.2962346336500792,2186
2121,30186,0.0,0.2509346862658696,0.4355609835024832,0.3821752637878512,0.443543943824353,0.4151048638353236,1.0,0.3071955844916263,0.346335518099896,0.0,0.5110725399146661,0.2281803717425443,0.0,0.8275164340507248,0.1848132279143026,0.3267655512957611,0.44816481428950555,0.34324783488417643,0.8275164340507248,0.37770984239083927,0.3104586183946907,2187
16,2005,0.050654260639548,0.676458810643572,0.6534692226756817,0.0451346476305313,0.976775357953354,0.5318137641430262,1.0,0.4501245069112718,0.0021799171647737,0.0,0.712983159966549,0.5755111923021229,0.0,0.2986885410983919,0.334787153227055,0.22615221203802277,0.5107447539453822,0.6649640166596269,0.2986885410983919,0.37764005240445647,0.4004450421433091,2188
1149,20094,0.0538605071821859,0.0376816902084914,0.3174079620274858,0.4427811163541844,0.507510562341142,0.2410792840474107,1.0,0.3392145815805755,0.3990277598812352,0.0,0.755536166432113,0.2595836437401271,0.0,1.0,0.2672450793386065,0.36912117073090533,0.43827419254854744,0.17754482611798858,1.0,0.3775952465168635,0.2959941637673997,2189
1092,20566,0.0,0.0558823523516546,0.2439666749308854,0.4357139883441063,0.4989238803484028,0.2317362778375269,1.0,0.2645037785549496,0.2966750797319477,0.0,0.6278767329345403,0.1524308827320733,0.9036320434281871,1.0,0.42098491477370015,0.28058942914344864,0.4332748293060072,0.14992451364127,1.0,0.37756766118348295,0.29596713408681835,2190
1863,24019,0.4600283775685494,0.0528793413581439,0.2328033721056162,0.2616921176763379,0.5736719179859363,0.2760410050663646,1.0,0.2902274974190451,0.2968334694579954,0.0,0.4976117766977568,0.2082066376434975,0.7947952132712555,0.8822616494359928,0.4901605012952648,0.29353048343852023,0.4222810081457277,0.14284135673188003,0.8822616494359928,0.37740607618025046,0.305219136647566,2191
942,17005,0.4339710659788844,0.1681061874959821,0.2328033721056162,0.3069748926165955,0.3301101774637514,0.1906467573088275,1.0,0.2917449436511101,0.4838963285076545,0.0,0.8853669378958415,0.2679449712167665,0.0,0.6789471770362071,0.39682074377287313,0.38782063607938233,0.3655463654778349,0.20045477980079915,0.6789471770362071,0.37740185549774746,0.3258712466579132,2192
1324,20119,0.0,0.0074257583901479,0.2540651106953986,0.4183321560521825,0.476119261098171,0.2192028987967422,1.0,0.2958690453969708,0.2917845552135507,0.0,0.7351280327454413,0.3257603885778958,0.8212921674167302,1.0,0.4705451471850168,0.29382680030526076,0.4227308631894191,0.13074543454277326,1.0,0.3772564197862928,0.29566219625731727,2193
304,10029,0.2671280001888875,0.0,0.2632842602460088,0.1650342513857409,0.6367968390926704,0.177233561623926,1.0,0.1925422971600381,0.2916474644765257,0.0,0.914025203421881,0.5288980015037784,0.7125442614903211,1.0,0.6056488666512171,0.2420948808182819,0.39581293042046745,0.1316421301230044,1.0,0.3772404714264604,0.29564657259284843,2194
1083,20020,0.0,0.1801577808082844,0.3174079620274858,0.3915449135538691,0.4357484857377686,0.1857537979041077,1.0,0.5946086729414228,0.2145805622820241,0.0,0.5979157060388951,0.1542187916095619,0.0,1.0,0.18803362441211424,0.40459461761172344,0.40260943943914906,0.24878287141788508,1.0,0.37704397869988987,0.29545409384671856,2195
449,12029,0.4704129996121502,0.5272230398983322,0.8134955943791108,0.318079246776121,0.283159862763972,0.2116288600533706,1.0,0.2897975575534832,0.3466907067487967,0.0,0.3343465001539418,0.0146999375605439,0.869453057760477,0.2327382200512041,0.4222281237717782,0.31824413215113995,0.3625735939186927,0.6703593171387214,0.2327382200512041,0.3768563335538095,0.4251114926088022,2196
1637,21012,0.0,0.1496420812834676,0.3854145511769584,0.3691680353077453,0.3978281186593196,0.3292225427305707,1.0,0.2400063797176251,0.306464610833667,0.0,0.8818932526609611,0.4996786811612186,0.0,0.7171720540196672,0.3453929834555449,0.27323549527564606,0.4192437393395271,0.267528316230213,0.7171720540196672,0.3767576381179553,0.32075375001638445,2197
1948,26009,0.3162956739269331,0.0950548886546697,0.3174079620274858,0.1022733354366171,0.7887217316347397,0.2864931484812152,1.0,0.1220525006218673,0.3065830450090953,0.0,0.630916233396366,0.3275273671340351,0.7789425991309047,0.7645232988719857,0.5134204683970598,0.21431777281548128,0.4354976431105144,0.20623142534107775,0.7645232988719857,0.3764025429419492,0.3152956686766503,2198
311,10025,0.4326154053495746,0.0693168941277932,0.1468825741932007,0.1460391431953481,0.6675748834078143,0.1675518421092507,1.0,0.3439326154804161,0.2158316583716368,0.0,0.8532349871349207,0.471418632464617,0.7606458862803938,1.0,0.6294787278073766,0.2798821369260264,0.39623317374248257,0.10809973416049695,1.0,0.37631050301659674,0.2947358232876573,2199
2205,30029,0.0,0.1255751622738893,0.2937651483864014,0.3744982147284439,0.4248090388364226,0.3825993772614857,1.0,0.3214720557219815,0.3531984006913715,0.0,0.3239253409240787,0.0843989442978473,0.869453057760477,0.7645232988719857,0.3194443357456007,0.3373352282066765,0.4363813261652704,0.20967015533014532,0.7645232988719857,0.37622710252713787,0.31511198109020866,2200
424,12048,0.0567002377874423,0.3902139772636811,0.5841664148538418,0.2741196744683633,0.1725444021606128,0.377025744263914,1.0,0.1854703250720762,0.2435524479783815,0.0,0.3230568678527481,0.0342561953694016,0.869453057760477,0.6159540418574678,0.32086658969251725,0.21451138652522883,0.364737964178578,0.48719019605876146,0.6159540418574678,0.3761841850594053,0.3325550825834048,2201
91,7119,0.8335046471480598,0.0,0.1164016860528081,0.4214913456965878,0.8194629177818454,0.2975091818610238,1.0,0.4205956762970869,0.4026792169314354,0.0,0.4641770645672303,0.2681742132393648,0.9036320434281871,1.0,0.6173719920957105,0.41163744661426116,0.5076926890678914,0.05820084302640405,1.0,0.3759398786903641,0.29437301513612535,2202
1518,20154,0.3706292612258043,0.0136200487057751,0.220323861289801,0.50797345279363,0.5953502861832174,0.3439003436129058,1.0,0.1967257128164343,0.331718491546177,0.0,0.5879288351073069,0.2590770127968295,0.7606458862803938,1.0,0.4945702488525836,0.26422210218130565,0.48944481651795063,0.11697195499778805,1.0,0.3756613568228893,0.2941004259129514,2203
1923,26044,0.3162956739269331,0.0972074492877861,0.170525387834285,0.1028191636794407,0.747878808156798,0.3246961735083075,1.0,0.1342809256472609,0.3508036058282514,0.0,0.7676943753298573,0.4183522074373508,0.7789425991309047,0.9257153714927412,0.5703212139562615,0.24254226573775614,0.4350788290689092,0.13386641856103554,0.9257153714927412,0.3754263970748682,0.299596432870921,2204
848,16015,0.0,0.3774070094250021,0.499940907199288,0.2244411149078128,0.1985328886210569,0.3577300340715218,1.0,0.1965525332263862,0.2102398242628298,0.0,0.5084672242258952,0.0523805817087,0.8429462157448122,0.6594077639142162,0.35094850541985184,0.203396178744608,0.3561408075200783,0.43867395831214506,0.6594077639142162,0.3743697653507199,0.3249656410099281,2205
1463,20336,0.418388564882842,0.0499128999893854,0.2061757588128866,0.473400740766556,0.54063009225135,0.2920066867072646,1.0,0.2636745527872223,0.367944540388563,0.0,0.2496743614202086,0.0046897701804221,0.9036320434281871,1.0,0.394096184977915,0.3158095465878926,0.46120750394503407,0.128044329401136,1.0,0.374331901247754,0.29279998495035386,2206
1433,20296,0.418388564882842,0.0,0.220323861289801,0.4741834349462847,0.5413964215081017,0.2784691692552501,1.0,0.2936269797781982,0.361108550034271,0.0,0.3960051895122323,0.081882477070534,0.869453057760477,1.0,0.4414323223065213,0.3273677649062346,0.45880980514192726,0.1101619306449005,1.0,0.3738633167816559,0.2923419019996813,2207
541,13040,0.0440712072905407,0.1386889400082395,0.2632842602460088,0.2804572850827139,0.5457290983983484,0.2909222264541689,1.0,0.2747579169417281,0.4160540199976591,0.0,0.2618323632675123,0.0163334782987162,0.8429462157448122,0.8514307429854822,0.29129581615039535,0.3454059684696936,0.42342172198704625,0.20098660012712416,0.8514307429854822,0.37372377764480946,0.3041943061573981,2208
350,11043,0.0,0.2416391742169021,0.3854145511769584,0.2573158926849906,0.5304971364092459,0.2179611452476888,1.0,0.2519237225557863,0.2696156317157114,0.0,0.5336518045170537,0.2628842211725019,0.7789425991309047,0.5630100464373469,0.39386965620511505,0.26076967713574883,0.4011548348683851,0.31352686269693025,0.5630100464373469,0.3735446400890438,0.33713131948759223,2209
2423,32026,0.1022821061652868,0.1557816268695315,0.2540651106953986,0.1933697356850331,0.6528246970325671,0.1096778714265871,1.0,0.1249919651522819,0.1970361209611427,1.0,0.7920103790244652,0.4430596188211684,0.7125442614903211,0.725114210224383,0.5124740913753104,0.1610140430567123,0.5911744608288375,0.20492336878246506,0.725114210224383,0.37329300110312447,0.3161991551223673,2210
1294,20074,0.3932202598211434,0.0,0.2328033721056162,0.5307252267431699,0.6101605735586801,0.3731425098239003,1.0,0.1800910633289295,0.3141941118627098,0.0,0.6343899186312474,0.1931391731542449,0.7789425991309047,1.0,0.4999229876843851,0.24714258759581964,0.5028056620251501,0.1164016860528081,1.0,0.37311441291826236,0.2916100799594855,2211
1173,20490,0.4532684132055056,0.0,0.1164016860528081,0.4186793166881456,0.4765993848948004,0.335871146746716,1.0,0.4212240071180546,0.5697180290662485,0.0,0.5167173560652631,0.3696393196643939,0.9036320434281871,1.0,0.5608142830908375,0.49547101809215155,0.44622996966593237,0.05820084302640405,1.0,0.3729624135912943,0.29146159240107633,2212
1197,20493,0.0538605071821859,0.0,0.1898429731494084,0.4197079069385128,0.4780158292474186,0.243211443665881,1.0,0.3590520587066464,0.2972051746148527,0.0,0.8167607745425685,0.4827890832261222,0.7947952132712555,1.0,0.537051394555533,0.32812861666074955,0.42818703597036245,0.0949214865747042,1.0,0.37240165337890385,0.29091391879571404,2213
1819,22010,0.0,0.1867944793807591,0.279617045909487,0.2744534722096033,0.5572688710967546,0.2956113856887818,1.0,0.3116794907828909,0.3926505838462556,0.0,0.3508467638326775,0.0025485238528044,0.8429462157448122,0.6844442827380792,0.29908537585757355,0.35216503731457327,0.425466745799028,0.23320576264512305,0.6844442827380792,0.3723032978017741,0.31973234939656475,2214
1909,25003,0.0,0.252040467767095,0.3322162123140422,0.1312245026301296,0.5632936026912931,0.304640611411483,1.0,0.1911027985171773,0.3285511316923898,0.0,0.4798089586998557,0.0890286296526185,0.7947952132712555,0.6902386703647267,0.3409082004059324,0.25982696510478354,0.39983174334658117,0.2921283400405686,0.6902386703647267,0.3721811586158198,0.31892837325561285,2215
1938,26032,0.0740876306066447,0.1356639223457114,0.2632842602460088,0.0974936603115336,0.8815080734999832,0.2107964398081898,1.0,0.0739671433333274,0.2890241325426438,0.0,0.7585758739443789,0.3667152506515669,0.7390115964200016,0.9257153714927412,0.484597587905648,0.18149563793798562,0.43795963472394134,0.1994740912958601,0.9257153714927412,0.37188537485150736,0.29606836485728866,2216
1725,21056,0.4661875608731715,0.1037776164136023,0.2439666749308854,0.3490538993204246,0.3560986639241954,0.2094972372070596,1.0,0.2428423009628069,0.2517471559809873,0.0,0.8758142517373091,0.3816563047957316,0.0,1.0,0.43091452935155306,0.2472947284718971,0.3829299600903359,0.17387214567224385,1.0,0.3716987250298095,0.29022768604341914,2217
675,15032,0.1466320176491291,0.2605442990077917,0.5063642908338386,0.279568910188905,0.3540161531175309,0.2196125286297108,1.0,0.3230395079603364,0.3677020237516418,0.0,0.5358229354327695,0.2272458103939253,0.0,0.6354934549794589,0.22742519086895596,0.34537076585598914,0.37063951838722936,0.3834542949208152,0.6354934549794589,0.3716893442295882,0.3250479024444227,2218
1415,20281,0.0538605071821859,0.02248988752558,0.1898429731494084,0.4238698157975918,0.4836550601912619,0.23744901093034,1.0,0.3214077250675939,0.313371713309799,0.0,0.8580112266889681,0.3978801519260743,0.7947952132712555,0.9257153714927412,0.526136774767121,0.31738971918869646,0.4289947773838387,0.1061664303374942,0.9257153714927412,0.3711262231321026,0.29531308029266445,2219
316,10014,0.3478176420855702,0.2314560498750601,0.3452063428202632,0.1745838447800048,0.441935917157547,0.2765930139733528,1.0,0.2059341476377822,0.287235192757874,0.0,0.5010854619326377,0.0263773604522427,0.7606458862803938,0.6391266864816243,0.4089815876877111,0.2465846701978281,0.3786225551821809,0.28833119634766163,0.6391266864816243,0.3710829322769346,0.32392314970185826,2220
1302,20086,0.0,0.1040329554811407,0.3322162123140422,0.4150819943781964,0.4715734108787851,0.2148092241916004,1.0,0.3056715499961554,0.2800132883536006,0.0,0.7798523771771613,0.3518660833155209,0.0,0.9257153714927412,0.28292961512317055,0.292842419174878,0.42029292588971645,0.21812458389759143,0.9257153714927412,0.37103024518824734,0.29521761874830177,2221
1828,23005,1.0,0.7078049020349375,0.774435760331914,0.2070268056396552,0.2786532067349431,0.2021545853167321,1.0,0.5047619587192054,0.3212626257092041,1.0,0.5557968843463863,0.6344410147206336,0.832611560697172,0.0564559895451508,0.755712364941048,0.41301229221420477,0.5375669195382661,0.7411203311834258,0.0564559895451508,0.3709113804599882,0.593827344725499,2222
1822,23010,0.7506906774790084,0.3239801731812796,0.4588558382735587,0.2493846769779294,0.4752543208559393,0.2027867718622571,1.0,0.0622679170946105,0.1635358201621157,1.0,0.516283171292208,0.5559796924653885,0.832611560697172,0.4082646736449158,0.6638912754834443,0.1129018686283631,0.5854851539392252,0.39141800572741914,0.4082646736449158,0.37083380423057793,0.36202511050210917,2223
1557,20473,0.4532684132055056,0.0398912408745317,0.2717650557236629,0.5067959135262025,0.570213808834237,0.3044785208884331,1.0,0.3256792218752681,0.402328650889983,0.0,0.4993487228404172,0.0804187830507421,0.0,1.0,0.25825897977416623,0.3640039363826255,0.47629764864977453,0.1558281482990973,1.0,0.3704564595767705,0.28901571968392376,2224
39,5029,0.0,0.0,0.1898429731494084,0.1585173845313935,0.8090205136474419,0.0501262577871906,1.0,0.3734418707025525,0.2302344730818327,1.0,0.6348241034043027,0.5481237208318911,0.6304410739041073,0.8822616494359928,0.4533472245350753,0.30183817189219264,0.6035328311932051,0.0949214865747042,0.8822616494359928,0.36980569185923634,0.29755526471843047,2225
1914,26068,0.2835550598406813,0.0889995677516927,0.170525387834285,0.0971358151225371,0.7906647854483422,0.3145716734475101,1.0,0.1002938962201726,0.3076616163119272,0.0,0.857142857142857,0.487848286238493,0.7390115964200016,1.0,0.5918894499105082,0.2039777562660499,0.44047445480367786,0.12976247779298886,1.0,0.3696397376126499,0.2882194709111864,2226
206,7116,0.2695850999146179,0.2117131713175592,0.3567763769729923,0.3356484872819992,0.8059840791093822,0.1582994820616077,1.0,0.0923589073879037,0.1283018971112184,0.0,0.4550585631817523,0.380385874063938,0.9518127218666266,0.9257153714927412,0.5142105647567337,0.11033040224956105,0.45998640969059784,0.28424477414527577,0.9257153714927412,0.36927527690154677,0.2934731825535236,2227
2191,30041,0.0,0.1077267503525418,0.2328033721056162,0.3965983239155928,0.4586909101638373,0.4101247757613071,1.0,0.333380209654412,0.3087463103463947,0.0,0.3347806849269974,0.1338613172814024,0.9301468010770012,0.7914566825269261,0.34969720082135025,0.32106326000040336,0.4530828019681474,0.170265061229079,0.7914566825269261,0.3691497740401071,0.3050678708840386,2228
1414,20276,0.418388564882842,0.0,0.170525387834285,0.4389119693996545,0.5028564736399608,0.3137985459655442,1.0,0.2870112948257826,0.482958899141932,0.0,0.4038211365785453,0.3237113499893845,0.8429462157448122,0.9257153714927412,0.497216816798896,0.3849850969838573,0.4511133978010319,0.0852626939171425,0.9257153714927412,0.36872483993710886,0.2929264752993778,2229
1411,20259,0.3061859246211213,0.2119334181856217,0.4455013977899933,0.3632457405906714,0.3850843907323414,0.2001797110775962,0.0,0.2717243357505463,0.2659944934300784,0.0,0.8623534885203987,0.4574273182138618,0.0,1.0,0.40649168283884546,0.2688594145903124,0.18970196848012183,0.3287174079878075,1.0,0.36871795881185,0.28732132704053354,2230
1377,20195,0.0,0.0635797276288648,0.327506397791999,0.420687895918276,0.4793569054467342,0.2256489973421482,1.0,0.3078538506053235,0.3019906609848398,0.0,0.7568389278017185,0.3975276850477262,0.0,0.9257153714927412,0.28859165321236113,0.30492225579508164,0.42513875974143167,0.19554306271043193,0.9257153714927412,0.3682516454407945,0.2924566501806384,2231
1702,21116,0.0,0.1042874446155033,0.2717650557236629,0.3687418919273688,0.4243136478867061,0.3953511631608162,1.0,0.4036415479830608,0.4113219257537119,0.0,0.2240555963559949,0.0204885785216497,0.9036320434281871,0.7028614859709643,0.28704405457645793,0.40748173686838635,0.43768134059497826,0.18802625016958308,0.7028614859709643,0.36818033937501776,0.31322636140422244,2232
248,8012,0.3951835635291076,0.1455611827723662,0.220323861289801,0.1257544793672144,0.734206735352922,0.1825083134094254,1.0,0.163125961391127,0.2182598640320411,0.0,0.8736431208215925,0.4303646882742242,0.7789425991309047,0.7645232988719857,0.6195334929389573,0.19069291271158406,0.40849390562591237,0.1829425220310836,0.7645232988719857,0.36800868008528154,0.3065313491123347,2233
563,14106,0.0,0.1060073291211043,0.2540651106953986,0.2016237332161533,0.2549139187459489,0.4542713623830497,1.0,0.2756894912404329,0.3193116526042406,0.0,0.5523229920610648,0.0903328482005073,0.7789425991309047,0.9257153714927412,0.3553996098481192,0.29750057192233675,0.3821618028690304,0.18003621990825147,0.9257153714927412,0.3678390887896615,0.29204715426742944,2234
2276,30096,0.3384686072321147,0.0679460379718059,0.2540651106953986,0.3512312131385436,0.4269237357664861,0.4080690501522191,1.0,0.4764435007092922,0.5259818777410781,0.0,0.1832392254574313,0.2348462107154732,0.0,1.0,0.1891385108512548,0.5012126892251851,0.4372447998114497,0.16100557433360224,1.0,0.36717535025620907,0.28581952771922825,2235
1126,20306,0.1301851996254693,0.0,0.220323861289801,0.4956408046163668,0.5852116906843425,0.3406286734190245,1.0,0.1943549611890919,0.4382020769292314,0.0,0.4585322484166334,0.0393648504096566,0.9518127218666266,1.0,0.3949737550795965,0.31627851905916166,0.48429623374394676,0.1101619306449005,1.0,0.3670761037203803,0.285722960644782,2236
1532,20432,0.4532684132055056,0.1035806198135091,0.2439666749308854,0.515242443705406,0.576768453524211,0.3013962523390857,0.0,0.2477943699447244,0.3255709739390748,0.0,0.4415980070152829,0.1162749878304947,0.9036320434281871,1.0,0.47869336286986763,0.2866826719418996,0.2786814299137405,0.17377364737219725,1.0,0.36686827647383324,0.2855207654714744,2237
544,13033,0.2159380441879529,0.0389324100918095,0.220323861289801,0.289467982009136,0.5333765107788359,0.28531975835418,1.0,0.2825849629088061,0.4602100688319578,0.0,0.2692140220355501,0.059145961247815,0.7606458862803938,1.0,0.32623597843792795,0.37139751587038194,0.4216328502284304,0.12962813569080525,1.0,0.36660713503299713,0.2852667415019909,2238
1538,20442,0.4532684132055056,0.0239569530510454,0.1468825741932007,0.5064853017756781,0.5699661133593787,0.3007742094863804,1.0,0.3041344514058703,0.3800077865342274,0.0,0.4233607971938866,0.1506666763950161,0.869453057760477,1.0,0.47418723613872127,0.3420711189700488,0.4754451249242875,0.08541976362212304,1.0,0.36622248614362807,0.2848926586961394,2239
2462,32047,0.0,0.2354779476994802,0.3960187319622951,0.1994835040693187,0.4207994255743364,0.2668545376305413,1.0,0.2621229256720404,0.3236551310090025,0.0,0.8471559862112688,0.3391329275154995,0.0,0.6354934549794589,0.29657222843169206,0.29288902834052144,0.3774274934548393,0.3157483398308876,0.6354934549794589,0.36612033832019353,0.3189716230272309,2240
1230,20371,0.0,0.0737263480869253,0.2540651106953986,0.4180221281016144,0.4756896108054408,0.2127667123474959,1.0,0.327466096519999,0.2785032799628291,0.0,0.9083803872712845,0.3483844913288532,0.0,1.0,0.3141912196500344,0.302984688241414,0.42129569025091024,0.16389572939116195,1.0,0.36606134914152566,0.28473597721990185,2241
212,8006,0.0,0.1685712653666397,0.279617045909487,0.114932895368537,0.758259459473761,0.1526418688893724,1.0,0.153034617209257,0.2281821911740904,0.0,0.874945675140758,0.5599303472485808,0.7390115964200016,0.6963643413004936,0.5434719047023351,0.19060840419167369,0.405166844746334,0.22409415563806334,0.6963643413004936,0.36580026815821853,0.3114195647211873,2242
1012,19024,0.1396646601049843,0.0,0.279617045909487,0.2141847346108208,0.7662946373561137,0.2291949884875257,1.0,0.2940634234342711,0.3672840594449397,0.0,0.4342162447220254,0.0154019839405697,0.7947952132712555,0.9257153714927412,0.3460195255097087,0.3306737414396054,0.44193487209089205,0.1398085229547435,0.9257153714927412,0.3657412477860124,0.2899666552049803,2243
1273,20032,0.1546603173784129,0.067631021711564,0.1468825741932007,0.3672638819406058,0.3928350149717975,0.2238435585829565,1.0,0.3416779413955256,0.234428771627976,0.0,0.8428137243798373,0.3269184327704377,0.7947952132712555,1.0,0.5297969219499858,0.2880533565117508,0.39678849109907194,0.10725679795238235,1.0,0.3651852713064016,0.2838844252550619,2244
1288,20062,0.418388564882842,0.0,0.2061757588128866,0.4920761999906904,0.5579309497112561,0.2874921911632175,1.0,0.3452856422872205,0.4167367043819362,0.0,0.7116803985969435,0.283840130034309,0.0,1.0,0.35347727337852364,0.38101117333457835,0.4674998681730328,0.1030878794064433,1.0,0.3651385289062803,0.2838390057511682,2245
1553,20464,0.418388564882842,0.0,0.2328033721056162,0.4009286120821802,0.4506653597778007,0.267576643288411,1.0,0.4099809708398256,0.3715623602125392,0.0,0.5987842826354457,0.3265074477886892,0.0,1.0,0.3359200738267442,0.39077166552618237,0.42383412302967843,0.1164016860528081,1.0,0.364974769322614,0.28367989233373375,2246
1687,21133,0.4749494163497731,0.0,0.1898429731494084,0.3444555240824815,0.3557885314268018,0.2329142367477787,1.0,0.318536806044982,0.3866715735506599,0.0,0.9504994160142332,0.5720079160512931,0.0,1.0,0.49936418710382485,0.35260418979782093,0.38663165845141234,0.0949214865747042,1.0,0.36481556645115637,0.28352522345503856,2247
2153,30146,0.0,0.1264576769384059,0.279617045909487,0.3758849431024469,0.4435110734958598,0.436673934572259,1.0,0.3814676647926085,0.4054655486408587,0.0,0.543638675448642,0.2607174912932243,0.0,0.8822616494359928,0.20108904168546657,0.3934666067167336,0.4512139902341131,0.20303736142394646,0.8822616494359928,0.36405788427983765,0.2917854962614899,2248
1934,26022,0.0,0.0379148539701677,0.1468825741932007,0.0883676984513549,0.914174710285284,0.2064057456477745,1.0,0.3009199678819531,0.3681728249896947,0.0,0.7737733762535093,0.5366144569105998,0.7125442614903211,0.9257153714927412,0.5057330236636076,0.3345463964358239,0.4417896308768826,0.0923987140816842,0.9257153714927412,0.36403850171715035,0.2882801763138534,2249
2031,28023,0.344059369230186,0.0745669919335126,0.1898429731494084,0.1995817993381149,0.9258034664728534,0.1828997270033159,1.0,0.1480927695763015,0.2922166899815992,0.0,0.5453756215913026,0.7770314141379556,0.7789425991309047,0.7771461144782232,0.6113522510225873,0.22015472977895034,0.4616569985628568,0.13220498254146051,0.7771461144782232,0.3639300295328896,0.30105559017587114,2250
2258,30170,0.3443446855572439,0.095165069302355,0.220323861289801,0.3013131701169732,0.5274527261920956,0.2868148137494795,1.0,0.2916274895656084,0.3742953423986593,0.0,0.1758575666893935,0.0100535740901788,0.9301468010770012,0.7771461144782232,0.3651006568534544,0.33296141598213386,0.42311614201170966,0.157744465296078,0.7771461144782232,0.36303173048004733,0.3001269966386786,2251
1978,26040,0.3021239261483743,0.0993636172059409,0.2869270738870932,0.1023074995083223,0.8327830444686133,0.2080226162732792,1.0,0.0842000108823702,0.2162366994679524,0.0,0.7038644515306307,0.2287963639711377,0.7789425991309047,1.0,0.5034318351952618,0.1502183551751613,0.4286226320500429,0.19314534554651705,1.0,0.3625138509903537,0.28129094755308937,2252
2305,30076,0.2889724990448923,0.045320159651442,0.2061757588128866,0.2953921972403409,0.5434918634455332,0.3008362212169292,1.0,0.3436966119371202,0.3978202931969405,0.0,0.262700836338843,0.0612582243273098,0.9301468010770012,0.8079770209287339,0.3857695901970116,0.3707584525670303,0.42794405638056066,0.1257479592321643,0.8079770209287339,0.3620271997413633,0.29619433566755804,2253
1672,21187,0.3443446855572439,0.1312061591943905,0.3603683609836935,0.3113973916890403,0.5149550419227497,0.2671958795551792,0.0,0.2889955135881846,0.3160705392314857,0.0,0.3473729750725762,0.1731596592864362,0.9301468010770012,0.8514307429854822,0.44875603024831434,0.30253302640983515,0.21870966263339384,0.245787260089042,0.8514307429854822,0.3619694778412845,0.29228236128709667,2254
1291,20069,0.0,0.0,0.220323861289801,0.486076718938669,0.5538997454342187,0.2913211126562223,1.0,0.292361830049643,0.3667399844586204,0.0,0.903169755893743,0.561761633452283,0.0,1.0,0.3662328473365065,0.3295509072541317,0.466259515405822,0.1101619306449005,1.0,0.3617993734875032,0.28059812396881295,2255
2007,28010,0.3572144398235061,0.1019659589947209,0.1898429731494084,0.2096068609754658,0.8743458115389522,0.2271712841686624,1.0,0.1407140913470805,0.2424333311303552,0.0,0.5006512771595826,0.5328281750426846,0.7789425991309047,0.8822616494359928,0.5424091227891695,0.19157371123871786,0.4622247913366161,0.14590446607206464,0.8822616494359928,0.3616066629687895,0.2893318073003997,2256
1147,20159,0.2820211445059131,0.0,0.170525387834285,0.4571085284333231,0.5479992036796559,0.2791707180627154,1.0,0.3645854580513562,0.3099512421240439,0.0,0.5471123606835231,0.1436264273485812,0.9036320434281871,1.0,0.46909799399155117,0.33726835008770006,0.45685569003513893,0.0852626939171425,1.0,0.3613727916085152,0.2801846336576683,2257
1081,20125,0.1301851996254693,0.0791545095684951,0.3062446592022165,0.5808369829242397,0.6311752113242339,0.4290889382465478,1.0,0.1938005964891537,0.2654316891299282,0.0,0.3313069996921158,0.053794893541098,0.7789425991309047,0.8079770209287339,0.323557422997397,0.22961614280954096,0.5282202264990044,0.19269958438535578,0.8079770209287339,0.36075280786934966,0.29489159717614155,2258
1975,26024,0.3021239261483743,0.0320625039160051,0.2328033721056162,0.1000609558341251,0.8502522414105297,0.2349414057146197,1.0,0.0616297753868053,0.2970345004169467,0.0,0.8258792759280464,0.4657231338853142,0.7390115964200016,1.0,0.5831844830954341,0.179332137901876,0.4370509205918549,0.13243293801081063,1.0,0.36007952582539005,0.27893180359540204,2259
1373,20189,0.4532684132055056,0.0382400932132334,0.1898429731494084,0.5426021831131785,0.5957742968191767,0.3214322098909198,1.0,0.2067172901344279,0.2878567410885404,0.0,0.2909249170918273,0.091906317262054,0.9036320434281871,1.0,0.43493292274689355,0.24728701561148417,0.49196173796465503,0.1140415331813209,1.0,0.35985172955040784,0.2787112460662118,2260
1155,20511,0.0,0.1208615144702891,0.220323861289801,0.444719236093627,0.5097999226150816,0.2435427030522605,0.0,0.3470493736174092,0.4076914427993888,0.0,0.7551019816590576,0.2603411609518132,0.8212921674167302,0.8514307429854822,0.45918382750690023,0.37737040820839896,0.23961237235219382,0.17059268788004506,0.8514307429854822,0.35981120266751665,0.2901055379267717,2261
1534,20430,0.0,0.0063779438415842,0.2632842602460088,0.423978342209898,0.4838001568410957,0.2203322191035928,1.0,0.2719618398258974,0.3077713973157908,0.0,0.8853669378958415,0.5639103999120274,0.0,1.0,0.36231933445196723,0.28986661857084406,0.42562214363091727,0.1348311020437965,1.0,0.3597665676224028,0.27862879931478646,2262
19,3008,0.0,0.603081562084285,0.7621156978241301,0.0,1.1102230246251563e-16,0.548410590432994,1.0,0.471024977968752,0.3825452451563791,0.0,0.7238384004442475,0.2411091169525926,0.7125442614903211,0.1582870490626259,0.4193729447217903,0.42678511156256554,0.30968211808659885,0.6825986299542075,0.1582870490626259,0.35930835734052485,0.44103474293137385,2263
1711,21114,0.4661875608731715,0.8909367900003268,0.9597755651658316,0.34512036258392,0.3904174770183364,0.2543768269945712,1.0,0.4287752394246428,0.7449102443802247,1.0,0.8072080883840356,0.3073089744827736,0.8212921674167302,0.0305336771529395,0.6004991977891778,0.5868427419024338,0.5979829333193656,0.9253561775830792,0.0305336771529395,0.3588906959190884,0.6645198705711466,2264
1102,20290,0.1546603173784129,0.0577369837202031,0.2061757588128866,0.3702097001084062,0.3983948899227935,0.216295940883199,1.0,0.3550585664618471,0.2300768373290475,0.0,0.8549717262271417,0.5442569822410955,0.0,1.0,0.38847225646166256,0.2925677018954473,0.39698010618287977,0.13195637126654486,1.0,0.358886481274607,0.27777705823104587,2265
329,10002,0.4863074710471081,0.0,0.1898429731494084,0.1427552711979357,0.5452184402955451,0.2612143199789947,1.0,0.1656169242953986,0.5174643701978761,0.0,0.5445072520451923,0.0082683708649232,0.8429462157448122,1.0,0.47050732742550894,0.34154064724663735,0.38983760629449515,0.0949214865747042,1.0,0.3587991540365013,0.2776925720261174,2266
1508,20392,0.0,0.0,0.2540651106953986,0.4095956102640956,0.4636873174858114,0.2019849383571346,1.0,0.4318827724896203,0.2420732959468156,0.0,0.4029526635072149,0.0647770977817176,0.869453057760477,1.0,0.3342957047623524,0.3369780342182179,0.4150535732214083,0.1270325553476993,1.0,0.35871564322663013,0.2776117828973362,2267
1222,20569,0.0538605071821859,0.0,0.1468825741932007,0.4364903215621823,0.4998857797588877,0.2354771069767016,1.0,0.3021468132805772,0.3657647346003737,0.0,0.8567086723698021,0.4943416779794677,0.8212921674167302,1.0,0.5565507562370464,0.33395577394047543,0.4343706416595543,0.07344128709660035,1.0,0.35859059573440294,0.27749081959009714,2268
600,14061,0.0,0.1887810992746192,0.327506397791999,0.1864619841707956,0.4092324222042082,0.2532978803297867,1.0,0.1551259405190328,0.3558382314744567,0.0,0.411636980119638,0.0307107197532979,0.7606458862803938,0.8079770209287339,0.3007483965383324,0.25548208599674477,0.3697984573409581,0.2581437485333091,0.8079770209287339,0.3585567463583522,0.29264938816909003,2269
12,2003,0.0932434638598486,0.7721650984141297,0.6532468650270394,0.0480533656310783,0.973775781583333,0.46623031563106,1.0,0.2326501375434916,0.0143103764860661,1.0,0.7668257987333067,0.4565194649361215,0.0,0.2915312741233964,0.3291471818823192,0.12348025701477884,0.6976118925690942,0.7127059817205845,0.2915312741233964,0.3581289417055287,0.3770318043580329,2270
1455,20319,0.1301851996254693,0.0668377552238474,0.3410507756685701,0.5340485982912933,0.6143793723103603,0.38567850290777,0.0,0.1598679877331763,0.3285503653905235,0.0,0.4880590905392235,0.0781663479720413,0.8429462157448122,1.0,0.3848392134703866,0.2442091765618499,0.30682129470188474,0.20394426544620875,1.0,0.35800381854656055,0.2769233480559742,2271
476,13020,0.0345917213552578,0.0487499214634495,0.220323861289801,0.2916094065103364,0.5241725840187235,0.2743053073515578,1.0,0.2824992141306236,0.5065828735902564,0.0,0.2744246534130918,0.0705253669128338,0.7606458862803938,0.9257153714927412,0.28504690699039426,0.39454104386044003,0.4180174595761235,0.13453689137662525,0.9257153714927412,0.3576879928591186,0.2820077757850896,2272
1247,20512,0.1301851996254693,0.0407036322771448,0.170525387834285,0.5193824212616128,0.6040588219936134,0.3671833976738127,1.0,0.1694460366425612,0.354495453565839,0.0,0.55275717683412,0.1714333290355418,0.8429462157448122,1.0,0.42433048030998577,0.2619707451042001,0.49812492818580784,0.1056145100557149,1.0,0.3576051610157165,0.27653793943242727,2273
1417,20532,0.0,0.0729647276916091,0.1468825741932007,0.4022757106581155,0.4527359070658302,0.1983330332700263,1.0,0.4682473846248768,0.2355466532312018,0.0,0.3790707410604419,0.2223029763968513,0.869453057760477,1.0,0.36770669380444254,0.3518970189280393,0.4106689301987944,0.10992365094240489,1.0,0.3575197377939353,0.27645536911850016,2274
1251,20001,0.418388564882842,0.074711000900929,0.220323861289801,0.4660330183896244,0.5332297623117765,0.2722807730329681,0.0,0.3187845440819801,0.3808401871121313,0.0,0.4689535111717173,0.0941463665354094,0.7947952132712555,1.0,0.444070913965306,0.3498123655970557,0.25430871074687383,0.147517431095365,1.0,0.3573538066530644,0.27629499373093974,2275
1224,20567,0.3061859246211213,0.1215819007007053,0.2869270738870932,0.358803832576457,0.3762868714327821,0.2003750760530991,0.0,0.2553266621229149,0.2701481962656135,0.0,0.8336952229943593,0.3822066838785912,0.7947952132712555,1.0,0.5792207611913318,0.2627374291942642,0.18709315601246765,0.20425448729389925,1.0,0.35720630409919846,0.2761524455283984,2276
302,10010,0.2484590904595917,0.0592664771766265,0.2061757588128866,0.154635943033964,0.6851098210067172,0.1567668656822149,1.0,0.1543979599392692,0.232414118142902,0.0,0.8688666742171061,0.5837973720241515,0.7390115964200016,0.9257153714927412,0.6100336832802127,0.1934060390410856,0.3993025259445792,0.13272111799475655,0.9257153714927412,0.35686888355728374,0.28120075599279937,2277
1548,20454,0.4532684132055056,0.0450237425715431,0.1898429731494084,0.5620439226494219,0.6074359233352394,0.3531576353127966,1.0,0.2075727942782299,0.2898179178012369,0.0,0.2787668117193034,0.1416246499707594,0.9036320434281871,0.8822616494359928,0.4443229795809389,0.2486953560397334,0.5045274962594916,0.11743335786047575,0.8822616494359928,0.35672047229124826,0.2844531140266208,2278
233,8029,0.0,0.2706485364668198,0.4056574994106425,0.1323974840867093,0.6246750279777042,0.2584729865299151,1.0,0.2346961588152,0.2613425832191858,0.0,0.340425501077594,0.003825412020765,0.7947952132712555,0.59943370345566,0.2847615315924036,0.2480193710171929,0.40310909971886577,0.33815301793873115,0.59943370345566,0.3566553885701657,0.3132389056688866,2279
1079,20121,0.0538605071821859,0.0,0.1468825741932007,0.4160767813485491,0.4729745880783161,0.2524365127348125,1.0,0.3931207881792685,0.3225876500456694,0.0,0.743378164584809,0.4711279801809095,0.7789425991309047,1.0,0.5118273127697023,0.35785421911246895,0.4282975764323355,0.07344128709660035,1.0,0.3565357632057572,0.2755046124870873,2280
1963,26008,0.3021239261483743,0.0647031045805852,0.300188532020952,0.099628609739626,0.8597174789813617,0.2071065340028255,1.0,0.0547111014754176,0.2471176593451065,0.0,0.7277464775026237,0.2850788559516527,0.7606458862803938,0.9257153714927412,0.5188987864707612,0.15091438041026203,0.4332905245447627,0.18244581830076861,0.9257153714927412,0.356156415935645,0.2804991803560532,2281
124,7033,0.6814971807890619,0.0,0.1164016860528081,0.4518220479069353,0.7715507036715812,0.3565191613815289,1.0,0.356272514325388,0.4570166314042682,0.0,0.125488509632297,0.2383350183889598,0.9701320359742358,0.9257153714927412,0.5038631861961387,0.4066445728648281,0.515978382592009,0.05820084302640405,0.9257153714927412,0.35572400520592395,0.28007355120551686,2282
976,19040,0.0,0.0,0.1898429731494084,0.1733166026460849,0.920986677946432,0.0974337428784544,1.0,0.2761702529229092,0.2505352101621433,0.0,0.5688232557398005,0.7387381747208638,0.7606458862803938,1.0,0.5170518291852645,0.26335273154252625,0.43834740469419425,0.0949214865747042,1.0,0.3553456272516298,0.2743555306458063,2283
1875,24009,0.2520310546068048,0.0,0.1468825741932007,0.2385073501946412,0.5833792113748553,0.1954082330772355,1.0,0.4699028666035605,0.5528874068871097,0.0,0.749457165508461,0.6388769173673494,0.7125442614903211,0.6354934549794589,0.5882273497432341,0.5113951367453351,0.4034589589293464,0.07344128709660035,0.6354934549794589,0.3553288796670283,0.30726306804565695,2284
1252,20256,0.418388564882842,0.0,0.1468825741932007,0.4036701316051675,0.4548609156973039,0.2630001139529447,1.0,0.4487184219352942,0.3594009121637685,0.0,0.7867997476469235,0.5914517050421221,0.0,1.0,0.4491600043929719,0.40405966704953133,0.4243062322510832,0.07344128709660035,1.0,0.3552166008171893,0.2742310127597507,2285
1363,20191,0.418388564882842,0.0,0.1164016860528081,0.4852126921199794,0.5518059553140122,0.2826188564186132,1.0,0.3868054727110475,0.4546170137886078,0.0,0.6217977320108883,0.1437574196926493,0.7947952132712555,1.0,0.49468473246440875,0.42071124324982767,0.4639275007705209,0.05820084302640405,1.0,0.35476306947500935,0.27379341882680397,2286
1386,20216,0.4532684132055056,0.0505865108508315,0.220323861289801,0.512035404404499,0.5743203812645766,0.302681592207534,1.0,0.2722997862758294,0.3492390420831237,0.0,0.5019540385291881,0.1594694888922529,0.0,1.0,0.27867298515673666,0.31076941417947657,0.47780747557532194,0.13545518607031626,1.0,0.35458172087337586,0.27361848207023765,2287
268,8034,0.0,0.1345670351438127,0.2439666749308854,0.1055189778964057,0.8171134565076899,0.1524227525760497,1.0,0.0794805809233203,0.1510325412360007,1.0,0.7863655628738682,0.5501350491200929,0.7606458862803938,0.7914566825269261,0.5242866245685887,0.11525656107966051,0.615011037396029,0.18926685503734905,0.7914566825269261,0.35409827614889133,0.28959961356963426,2288
208,8037,0.0,0.944188043984476,0.8398885861907066,0.0946867706687123,0.9779945803350132,0.0674842813893681,1.0,0.3881326445164463,0.5534613319209476,1.0,0.933130782789388,0.6771476864268445,0.0,0.0522291943056407,0.40256961730405816,0.470796988218697,0.6280331264786188,0.8920383150875912,0.0522291943056407,0.3538268709169114,0.5708344603385466,2289
2160,30140,0.0,0.0990921690451768,0.1898429731494084,0.3934158867120303,0.4448056640308213,0.3803017725624312,1.0,0.3084132964357262,0.3109641835004579,0.0,0.3643074235243666,0.0316219690861922,0.9036320434281871,0.8514307429854822,0.3248903590096865,0.30968873996809204,0.44370466466105657,0.1444675710972926,0.8514307429854822,0.35313046521231256,0.28338812733400953,2290
1086,20147,0.0538605071821859,0.0,0.2540651106953986,0.4214258069343516,0.4803613026820283,0.2343541860587372,1.0,0.3278779162999231,0.306111951599982,0.0,0.8371689082292402,0.3847529175921753,0.0,1.0,0.31894558325090033,0.31699493394995254,0.42722825913502344,0.1270325553476993,1.0,0.35307647665715663,0.2721673220489364,2291
1190,20253,0.1301851996254693,0.0589488727301421,0.279617045909487,0.5074775392917198,0.5949574940585256,0.3600769411188987,0.0,0.1672290670374565,0.4329307131535075,0.0,0.4680851416256064,0.0321286971647181,0.9518127218666266,0.9257153714927412,0.39555294007060504,0.30007989009548197,0.29250239489382884,0.16928295931981455,0.9257153714927412,0.35247825579343767,0.27688284237267696,2292
1951,26059,0.24832554872098,0.0,0.1164016860528081,0.0839385979175296,0.9685758284285358,0.1542387374112825,1.0,0.1916021990307688,0.2717612897760832,1.0,0.9101173334139449,0.5950794108938926,0.7390115964200016,1.0,0.6231334723622047,0.231681744403426,0.6413506327514696,0.05820084302640405,1.0,0.35180300098776873,0.2709408099454587,2293
2456,32011,0.0,0.1666418775359398,0.3322162123140422,0.1997201779089411,0.4069935354341679,0.2771677337578389,1.0,0.2452923838549541,0.3606490647024991,0.0,0.8076422731570905,0.2471323863387052,0.0,0.7171720540196672,0.2636936648739489,0.3029707242787266,0.3767762894201896,0.249429044924991,0.7171720540196672,0.3517473722771441,0.2943626727821351,2294
251,8057,0.3951835635291076,0.0,0.220323861289801,0.1264526118050798,0.7620894539402945,0.1661005668871948,1.0,0.1741843930817523,0.2597999930975404,0.0,0.9418150994018106,0.5735279301330648,0.7390115964200016,0.8275164340507248,0.6623845473709962,0.21699219308964635,0.4109285265265138,0.1101619306449005,0.8275164340507248,0.3517432336485873,0.28401287813643045,2295
1170,20542,0.0,0.1009927800545812,0.2632842602460088,0.4868876473466029,0.557903719039534,0.2957392653073889,0.0,0.2750594676085484,0.350279437398314,0.0,0.901433016801522,0.6158750422241823,0.0,0.9257153714927412,0.37932701475642605,0.3126694525034312,0.2681061263387051,0.18213852015029502,0.9257153714927412,0.35144474087063055,0.27586839118220113,2296
65,5015,0.0,0.0,0.1468825741932007,0.1544618031636074,0.9128200187501068,0.0455285753614866,1.0,0.3102386356920061,0.3750058380963492,0.0,0.6022579678703264,0.6946456073118947,0.7125442614903211,1.0,0.5023619591681355,0.34262223689417765,0.42256207945504015,0.07344128709660035,1.0,0.3511822998338361,0.27034340114309086,2297
1976,26049,0.4117947513423515,0.0803398718893818,0.2328033721056162,0.1066118521382203,0.6735796758046266,0.3181615188486238,1.0,0.1276553787973715,0.260444357716114,0.0,0.7194963456632559,0.2442497222451509,0.7789425991309047,0.7771461144782232,0.5386208545954158,0.19404986825674275,0.41967060935829414,0.156571621997499,0.7771461144782232,0.3511269472966381,0.2878753844239407,2298
1219,20494,0.0,0.0,0.1164016860528081,0.4570355166559313,0.5237180390765908,0.2579106155868373,1.0,0.4018941981753422,0.464021567587712,0.0,0.7260095313599633,0.3333725118304569,0.8212921674167302,1.0,0.4701685526517876,0.43295788288152715,0.4477328342638719,0.05820084302640405,1.0,0.35069493213916936,0.26987450729517587,2299
1410,20258,0.0,0.0732292249931857,0.2328033721056162,0.4148671139768439,0.4712696022432565,0.2240175071355521,1.0,0.3314037317716474,0.2828527846563796,0.0,0.740338664122983,0.4148979746460202,0.0,0.9257153714927412,0.2888091596922508,0.30712825821401346,0.42203084467113056,0.15301629854940094,0.9257153714927412,0.35066952105951554,0.27510795995969856,2300
1243,20495,0.1301851996254693,0.0683848914665359,0.2540651106953986,0.522773915219401,0.6065301370854248,0.3816437500966437,0.0,0.1488170085207286,0.3858981714670561,0.0,0.5049935389910141,0.0500676505583129,0.9301468010770012,1.0,0.4038482975629494,0.26735758999389236,0.3021895604802939,0.16122500108096727,1.0,0.3501100069608305,0.2693119689785187,2301
1071,20223,0.4532684132055056,0.0,0.170525387834285,0.5108700330715219,0.5734185828543071,0.296568848953588,1.0,0.2490370779306461,0.3262394544796287,0.0,0.4368215604107963,4.882118234247868e-05,0.9036320434281871,1.0,0.44844270955670784,0.28763826620513744,0.4761714929758834,0.0852626939171425,1.0,0.3497963026450347,0.2690103678362134,2302
1531,20428,0.3932202598211434,0.0337035380782878,0.2632842602460088,0.5596603960787375,0.6283207316040466,0.4155264131363532,0.0,0.1716971474548063,0.2893850387884131,0.0,0.5397308054407057,0.1454011467618545,0.8212921674167302,1.0,0.47491109486010846,0.2305410931216097,0.3207015081638275,0.1484938991621483,1.0,0.34948943817198,0.26871540806283367,2303
1444,20321,0.1627695631497328,0.0,0.1164016860528081,0.3960488258798552,0.4430173343633693,0.2537834897525435,1.0,0.5059806652848233,0.3268380718071513,0.0,0.7234042156711922,0.3856824500996842,0.7789425991309047,1.0,0.5126997070128785,0.4164093685459873,0.4185699299991536,0.05820084302640405,1.0,0.34931414536477184,0.2685469447293307,2304
322,10026,0.0,0.2184510294460338,0.3672064354830018,0.1541567257331423,0.4935652152079108,0.3454553176494084,1.0,0.1579710820319614,0.2621354269824129,0.0,0.1641337496151451,0.0061029178874571,0.8429462157448122,0.8275164340507248,0.2532957208118536,0.21005325450718715,0.3986354517180923,0.2928287324645178,0.8275164340507248,0.34848549041884047,0.2807286380710564,2305
1148,20047,0.1627695631497328,0.0,0.1468825741932007,0.401089167116594,0.450913055252659,0.2597199741657821,1.0,0.479090233218729,0.3476116845712893,0.0,0.8271820372976519,0.6088161716097633,0.0,1.0,0.399691943014287,0.41335095889500917,0.42234443930700694,0.07344128709660035,1.0,0.3482813994479066,0.26755486427013014,2306
1959,26028,0.3021239261483743,0.129623139591302,0.3174079620274858,0.099541979471461,0.8605960345594539,0.2221128053075574,0.0,0.0591526328208276,0.2858935135413051,0.0,0.7872341394704188,0.411606020245173,0.7390115964200016,1.0,0.559993920570992,0.17252307318106636,0.2364501638676945,0.2235155508093939,1.0,0.3480291111951694,0.26731262180408316,2307
265,8028,0.0,0.1159388023719886,0.279617045909487,0.1030268295336539,0.9074092282884902,0.057741506122712,1.0,0.1532394232114321,0.2580574886704977,0.0,0.8341294077674142,0.6274820120838496,0.0,0.8275164340507248,0.36540285496281594,0.20564845594096492,0.4136355127889712,0.1977779241407378,0.8275164340507248,0.3477714531024681,0.280009815613655,2308
21,3002,0.0,0.5129565419310478,0.5802498275569147,0.0271306276502348,0.471480439550076,0.2334228661452826,1.0,0.1883873587327935,0.1121092930555691,0.0,0.6417716809245051,0.3598183332285631,0.6304410739041073,0.4376760882815451,0.4080077720142939,0.1502483258941813,0.34640678666911867,0.5466031847439812,0.4376760882815451,0.34767854352449157,0.32823444719266703,2309
1154,20359,0.418388564882842,0.0,0.2061757588128866,0.4708228293273173,0.538079421166691,0.2652576841656358,0.0,0.36165363186609,0.4206364673124508,0.0,0.6191924163221174,0.1153463793157342,0.8212921674167302,1.0,0.49355488198435593,0.39114504958927043,0.2548319869319288,0.1030878794064433,1.0,0.34755774234475184,0.266860139886044,2310
1093,20217,0.0,0.0,0.1468825741932007,0.4390931565527244,0.5030769384430966,0.2378553212170111,1.0,0.3061809216041807,0.372387324714617,0.0,0.772905006707399,0.2712001779984154,0.8212921674167302,1.0,0.46634933803063616,0.3392841231593988,0.43600508324256637,0.07344128709660035,1.0,0.3474892286195118,0.2667943841513711,2311
2290,30018,0.4532684132055056,0.0497934089441764,0.170525387834285,0.3854196202325272,0.4255288824288202,0.3463491791251909,1.0,0.2533364830598652,0.2969539775943982,0.0,0.5675207014206352,0.3181785840863773,0.7606458862803938,0.7336923924214751,0.5249033962482279,0.2751452303271317,0.4314595363573076,0.1101593983892307,0.7336923924214751,0.3470750566480038,0.2878397375516717,2312
1339,20139,0.4532684132055056,0.0,0.1468825741932007,0.4427372603393528,0.5074584370200168,0.3149268210311948,1.0,0.279340021280849,0.4630418713817699,0.0,0.2909249170918273,0.1106770633927521,0.9036320434281871,0.9257153714927412,0.43962560927956806,0.37119094633130945,0.4530245036781128,0.07344128709660035,0.9257153714927412,0.34693168178111966,0.2714473354412831,2313
257,8047,0.3977933701207409,0.1351696598465693,0.2061757588128866,0.1099115944843885,0.702312067481144,0.2570429896095672,0.0,0.2950881218313713,0.442569398845693,0.0,0.5935736512579037,0.1151024682453483,0.7789425991309047,0.7914566825269261,0.47135302218872444,0.3688287603385322,0.21385333031501993,0.17067270932972795,0.7914566825269261,0.34687712843941554,0.2822362505881173,2314
2034,28008,0.1157133780552926,0.0,0.1468825741932007,0.2282688881728883,0.7746913888518903,0.3353051409915538,1.0,0.3077516555753139,0.2341076698721732,1.0,0.3686495818305784,0.3246465172363069,0.8212921674167302,0.9257153714927412,0.407575411134727,0.2709296627237436,0.6676530836032665,0.07344128709660035,0.9257153714927412,0.3467421432721475,0.27126197398579965,2315
865,16026,0.0,0.089475475532976,0.2717650557236629,0.2180906484963632,0.1953088596083546,0.3999683521145548,1.0,0.2600067616531586,0.2092469943653018,0.0,0.5379938592980451,0.0827050859107661,0.8429462157448122,0.8822616494359928,0.36591129023840585,0.2346268780092302,0.36267357204385453,0.18062026562831945,0.8822616494359928,0.3460402938007803,0.27384763189299527,2316
1331,20529,0.1546603173784129,0.0,0.1898429731494084,0.3757948262875058,0.4086593270788702,0.2239419063230607,1.0,0.4338977614372373,0.2453587567690831,0.0,0.8536691719079761,0.500291471796834,0.0,1.0,0.37715524027080577,0.3396282591031602,0.40167921193788736,0.0949214865747042,1.0,0.3449479519041245,0.26435769918777685,2317
1844,24028,0.0,0.96861886949331,0.8703216679048537,0.2339115578043368,0.5844068514423265,0.1831057640383997,1.0,0.507912186022015,0.4914483695277871,1.0,0.743378164584809,0.5408311663942846,0.7390115964200016,0.0349954430722846,0.5058052318497738,0.4996802777749011,0.6002848346570125,0.9194702686990819,0.0349954430722846,0.34491844316150033,0.6111427260490352,2318
1416,20274,0.0,0.0668058527246585,0.4101668344392095,0.4408082163632433,0.5051514735706713,0.2392975620701825,0.0,0.2851940611090942,0.3553358515227709,0.0,0.7468518498196899,0.3308804349698334,0.0,1.0,0.2694330711973808,0.32026495631593255,0.23705145040081943,0.238486343581934,1.0,0.3448683116770702,0.2642814090567523,2319
994,19023,0.2309847703099738,0.0,0.170525387834285,0.1793047275750926,0.9083535245235684,0.1154166839140709,1.0,0.2201722915803121,0.2915040774189754,0.0,0.5722969409746816,0.7366412622582964,0.7606458862803938,0.8822616494359928,0.5751422149558364,0.25583818449964374,0.44061498720254644,0.0852626939171425,0.8822616494359928,0.34485082207904233,0.2726714901955429,2320
1530,20425,0.418388564882842,0.0337527206712974,0.2328033721056162,0.4437743729565448,0.508687286897992,0.3013442156120003,0.0,0.2501993911769335,0.4168407908281684,0.0,0.322622683079693,0.1308235878615459,0.869453057760477,1.0,0.43532197339613943,0.333520091002551,0.2507611750933074,0.1332780463884568,1.0,0.34450085255785745,0.26392946429694375,2321
55,5001,0.0,0.0,0.1164016860528081,0.158531436462057,0.8542698303517064,0.0528825037093778,1.0,0.3921720309008413,0.2914865165607639,1.0,0.5649153857318643,0.516379831973622,0.7125442614903211,0.8822616494359928,0.4484598697989519,0.34182927373080263,0.6131367541046282,0.05820084302640405,0.8822616494359928,0.34413066477701015,0.2719598959858114,2322
1635,21093,0.0,0.018093064499884,0.1468825741932007,0.3646649923485201,0.4086576752616443,0.3630045389886656,1.0,0.338911876797571,0.3739153337234427,0.0,0.5874946503342517,0.5313838414525486,0.7606458862803938,0.8079770209287339,0.4698810945167985,0.35641360526050686,0.427265441319766,0.08248781934654234,0.8079770209287339,0.3433094587596209,0.2771771717641914,2323
1579,20496,0.418388564882842,0.0,0.1164016860528081,0.4959583142445959,0.5612808203811599,0.2925430307599806,1.0,0.3404996435992808,0.4138671177874845,0.0,0.5857577041915911,0.1453500763660271,0.8429462157448122,0.9257153714927412,0.49811064029631813,0.37718338069338264,0.4699564330771473,0.05820084302640405,0.9257153714927412,0.3431377851150659,0.2677418813590059,2324
1341,20140,0.0538605071821859,0.0,0.1468825741932007,0.4211439019016847,0.4799781380536524,0.2393222627236195,1.0,0.3412847738402932,0.3038250445756945,0.0,0.8024316417795487,0.3745437940598197,0.7947952132712555,0.9257153714927412,0.5064077890732024,0.32255490920799385,0.4280888605357913,0.07344128709660035,0.9257153714927412,0.3430924357583096,0.2676976508704431,2325
1789,21024,0.4661875608731715,0.0,0.170525387834285,0.3512624399972303,0.360779983297099,0.216246475337456,1.0,0.2518787214895441,0.2627896869367518,0.0,0.8697350437632163,0.3934458761173319,0.7947952132712555,0.8822616494359928,0.6310409235062437,0.25733420421314795,0.38565777972635706,0.0852626939171425,0.8822616494359928,0.3424701451553543,0.27032054036525127,2326
167,7120,0.7493588939345635,,0.0734412870966003,0.4005841545749538,0.9437624147077162,0.2015540923489445,0.0,0.3865068521660112,0.4125494741027741,0.0,0.2961354449441491,0.0586562716295266,0.9701320359742358,1.0,0.5185706616206187,0.39952816313439266,0.3091801323263229,0.0734412870966003,1.0,0.3423745229178052,0.2618947545574879,2327
1380,20201,0.4532684132055056,0.0,0.1468825741932007,0.5030743721781338,0.5672142324642159,0.2955989790639628,1.0,0.2965570777835659,0.3715954350578906,0.0,0.2700824951068803,0.0190536473051658,0.869453057760477,1.0,0.40296440334450717,0.33407625642072825,0.4731775167412625,0.07344128709660035,1.0,0.3419915180983485,0.2615285878444864,2328
1958,26007,0.0,0.0,0.1164016860528081,0.0808727438327968,0.9378522454568374,0.1746936691385576,1.0,0.2971219294437065,0.3644292917915563,0.0,0.904472517263348,0.6303411046724635,0.6784442506275288,1.0,0.5533144681408351,0.3307756106176314,0.43868373168563835,0.05820084302640405,1.0,0.3419142980587766,0.26145477505673104,2329
224,8049,0.5165460625335851,0.0,0.2061757588128866,0.1308049164838259,0.7459284628692001,0.1850230480826225,1.0,0.2245812020360682,0.2182065841751067,0.0,0.863221858066509,0.4519050526178067,0.7606458862803938,0.7645232988719857,0.6480797148745736,0.22139389310558744,0.41235128548712974,0.1030878794064433,0.7645232988719857,0.34176843520980865,0.2794584566105147,2330
1456,20320,0.0,0.0,0.2439666749308854,0.4157215303520444,0.4724752092890546,0.2103219299213297,1.0,0.3322391411917261,0.2749519785472734,0.0,0.8792879369721895,0.3079851668692661,0.0,1.0,0.2968182759603639,0.3035955598694997,0.4197037339124858,0.1219833374654427,1.0,0.34104043989139665,0.26061976554605404,2331
1282,20172,0.0,0.0491127426261818,0.1898429731494084,0.4117408610414612,0.4668031080167181,0.2257938140311086,1.0,0.3552671781618262,0.2748546142296809,0.0,0.7472862416431851,0.4167476251818426,0.0,1.0,0.2910084667062569,0.3150608961957535,0.4208675566178576,0.11947785788779511,1.0,0.34099389302767336,0.26057530298266846,2332
270,8038,0.0,0.0,0.1898429731494084,0.1265607247940302,0.8939865027766977,0.0887692980040577,1.0,0.2650451300952701,0.3406800984371534,0.0,0.8371689082292402,0.6226698754711874,0.6784442506275288,0.7028614859709643,0.5345707585819891,0.30286261426621175,0.4218633051149571,0.0949214865747042,0.7028614859709643,0.34019770457492954,0.28375713273646974,2333
2307,30062,0.0,0.285846565274246,0.4857928047223737,0.3825984751656157,0.4405772377828251,0.4053329608459937,1.0,0.2969201745442041,0.3373960804819319,0.0,0.3955710047391774,0.0911708537546092,0.0,0.6844442827380792,0.12168546462344665,0.31715812751306804,0.44570173475888686,0.3858196849983099,0.6844442827380792,0.3399822717074946,0.28542092828031185,2334
1835,24033,0.0,0.0747397701724619,0.1898429731494084,0.211157231050851,0.6365883378081703,0.1375735503289672,1.0,0.1614477707761249,0.2475831833068819,0.0,0.9461571541828018,0.6426523672195896,0.7125442614903211,0.7336923924214751,0.5753384457231782,0.2045154770415034,0.3970638238375977,0.13229137166093516,0.7336923924214751,0.3398686343304258,0.2803886012013898,2335
1041,20556,0.1627695631497328,0.0,0.1164016860528081,0.4007018275376905,0.450315065477918,0.2562800475506122,1.0,0.5202219080491696,0.3374284017833581,0.0,0.8679983046709958,0.6889937912130568,0.0,1.0,0.42994041475844635,0.42882515491626383,0.4214593881132441,0.05820084302640405,1.0,0.33968369938008575,0.25932440089663783,2336
353,11045,0.0,0.0,0.3225774448656947,0.2626167871338046,0.538673423101887,0.234957427204574,1.0,0.3235446440838874,0.2551547463019645,0.0,0.4550585631817523,0.1290412270059977,0.7947952132712555,0.6902386703647267,0.3447237508647514,0.28934969519292597,0.4072495274880531,0.16128872243284734,0.6902386703647267,0.33968128743581666,0.28450487133482344,2337
1369,20181,0.131951524421951,0.0,0.1898429731494084,0.3879706618329435,0.4298326768301188,0.2619895288442697,1.0,0.4013315380744263,0.3321193501044771,0.0,0.7581414821208841,0.4553613893440352,0.0,0.9257153714927412,0.3363635989717175,0.3667254440894517,0.4159585735014664,0.0949214865747042,0.9257153714927412,0.3394754902980286,0.2641746626302067,2338
1098,20236,0.1301851996254693,0.0,0.2632842602460088,0.5034473905399529,0.5917198497099623,0.3513460324969266,0.0,0.1823743986327195,0.4171628985252479,0.0,0.4094659527291422,0.0882053563890327,0.9518127218666266,1.0,0.3949173076525677,0.2997686485789837,0.2893026545493683,0.1316421301230044,1.0,0.33947511147985526,0.259125363602065,2339
1939,26053,0.2040145944256144,0.0,0.1164016860528081,0.0920586460600706,0.8578345261679754,0.2475761473956801,1.0,0.1679610762194746,0.4827965278624873,0.0,0.8336952229943593,0.4080296124354206,0.7125442614903211,1.0,0.5395709228364288,0.3253788020409809,0.4394938639247452,0.05820084302640405,1.0,0.33920635271978994,0.2588689555627456,2340
1387,20221,0.0538605071821859,0.0,0.1164016860528081,0.4105501540730076,0.4650788671890263,0.2471967255082783,1.0,0.4644499239906109,0.3117764848184511,0.0,0.7537994273398925,0.5182796634029901,0.7947952132712555,0.8822616494359928,0.530183702799081,0.388113204404531,0.4245651493540624,0.05820084302640405,0.8822616494359928,0.33913386739477785,0.26703279576133365,2341
1027,20457,0.4532684132055056,0.0800989019669898,0.220323861289801,0.5064732409925192,0.5699564858630627,0.2863841780265421,0.0,0.2634614523798054,0.307506003240048,0.0,0.2075553326772592,0.0256540727884366,0.9701320359742358,0.9257153714927412,0.41415246366135927,0.2854837278099267,0.27256278097642483,0.1502113816283954,0.9257153714927412,0.33906088818952673,0.263771427899679,2342
1218,20379,0.1411963327174469,0.0728763581905011,0.170525387834285,0.4048387774058514,0.4566276543498048,0.2034566650055596,1.0,0.4071055712856521,0.2450818355270273,0.0,0.692574819229437,0.2551515800468212,0.0,1.0,0.27223068299842623,0.3260937034063397,0.4129846193522432,0.12170087301239305,1.0,0.338767244455906,0.25845013565755465,2343
1503,20106,0.1627695631497328,0.0,0.1164016860528081,0.4020647775123243,0.4524128434376696,0.2541372622776594,1.0,0.5524611655088112,0.3318967641380266,0.0,0.863221858066509,0.7467404117245974,0.0,0.9257153714927412,0.44318295823520976,0.4421789648234189,0.4217229766455306,0.05820084302640405,0.9257153714927412,0.33862812750871363,0.26335066392718476,2344
1370,20480,0.1411963327174469,0.0,0.1468825741932007,0.4010652656252792,0.4508761970846208,0.2153280374907329,1.0,0.3412301528989051,0.2423958580844339,0.0,0.7681285601029122,0.3026706232810973,0.7947952132712555,1.0,0.5016976823431779,0.2918130054916695,0.4134539000401266,0.07344128709660035,1.0,0.33851882310980824,0.258213252349974,2345
1217,20491,0.0,0.0220900507029028,0.1468825741932007,0.4427973197206482,0.5075298173337741,0.239158833277864,1.0,0.2868467244693797,0.3047409721240487,0.0,0.5922708898882982,0.1195844165670531,0.9036320434281871,1.0,0.4038718374708846,0.2957938482967142,0.4378971940664572,0.08448631244805174,1.0,0.33812574958433983,0.2578385240833963,2346
1136,20175,0.418388564882842,0.0340961157736958,0.220323861289801,0.4519634223010048,0.5181156663007855,0.278176938893649,0.0,0.2825224425904079,0.3450882308618401,0.0,0.4819800896155715,0.1295251523876436,0.7390115964200016,1.0,0.4422263508265146,0.313805336726124,0.24965120549908787,0.1272099885317484,1.0,0.33793405904856366,0.25765581949099553,2347
243,8066,0.5406557772729131,0.0,0.170525387834285,0.1128168617934491,0.6693881077246694,0.2386709775372217,1.0,0.3075687824069499,0.3121064740215564,0.0,0.486756329169618,0.0626689043973266,0.7789425991309047,0.8822616494359928,0.4672559024926906,0.30983762821425315,0.404175189411068,0.0852626939171425,0.8822616494359928,0.3378492909351716,0.26576905631976816,2348
1248,20518,0.0538605071821859,0.0,0.2061757588128866,0.4196501052793097,0.4779364732545711,0.2369562915250194,1.0,0.3440147202800818,0.3004929159359247,0.0,0.7794181924041059,0.4045764716357791,0.0,1.0,0.3094637928055177,0.32225381810800324,0.42690857401178006,0.1030878794064433,1.0,0.33765258577,0.2573875878865252,2349
1394,20231,0.3932202598211434,0.0,0.2328033721056162,0.6158072077406301,0.6331976211306831,0.4007125926742495,0.0,0.2316283801485757,0.298942915060313,0.0,0.2045158322154332,0.2027186876305537,0.9036320434281871,1.0,0.42602170577382936,0.26528564760444434,0.3299434843091126,0.1164016860528081,1.0,0.3369060903670362,0.25667648151784056,2350
1528,20420,0.0,0.0,0.1468825741932007,0.4623932524941541,0.5294462535095976,0.2625860247295892,1.0,0.2930742082628066,0.3663311041750827,0.0,0.7199305304363113,0.1239503135092778,0.869453057760477,0.9257153714927412,0.4283334754265165,0.3297026562189447,0.4508851061466682,0.07344128709660035,0.9257153714927412,0.33672675234792876,0.2615035917592233,2351
1378,20210,0.1411963327174469,0.0409277729776904,0.220323861289801,0.3959551659326056,0.4428682498739905,0.218330983367023,1.0,0.3720606922135249,0.2453601670284219,0.0,0.6765089473741965,0.3093939579158025,0.0,0.9257153714927412,0.28177480950186146,0.3087104296209734,0.4114308798347238,0.13062581713374571,0.9257153714927412,0.3367063985606262,0.2614838333489111,2352
1290,20065,0.1411963327174469,0.0485881132798847,0.2439666749308854,0.3811347425276828,0.4181438196423339,0.2091868736179598,1.0,0.3421418909454571,0.223960790540046,0.0,0.6626139993842317,0.3191743258043691,0.0,0.9257153714927412,0.2807461644765119,0.28305134074275157,0.40169308715759533,0.14627739410538504,0.9257153714927412,0.3366244209580984,0.2614042567302319,2353
2145,30165,0.0,0.2047869763212843,0.2717650557236629,0.3836439479369349,0.4544063707551707,0.449256200029088,1.0,0.3125086263069996,0.3559764480409538,0.0,0.3551889221388888,0.1815616319383268,0.0,0.8822616494359928,0.1341876385193039,0.3342425371739767,0.4574613037442387,0.23827601602247359,0.8822616494359928,0.3364815570546691,0.2644248282195761,2354
261,8064,0.5165460625335851,0.0,0.1468825741932007,0.1359794206549845,0.7237507158826574,0.1804594482626351,1.0,0.2148562691957782,0.2501580637692708,0.0,0.9083803872712845,0.6113443804518487,0.7606458862803938,0.8822616494359928,0.6992291791342781,0.2325071664825245,0.40803791696005537,0.07344128709660035,0.8822616494359928,0.3362473096063501,0.26419474335720633,2355
1133,20426,0.0,0.0,0.1164016860528081,0.4511582555561898,0.5172098800509709,0.2517179070069191,1.0,0.3679400972812418,0.4309668259818118,0.0,0.6951801349182076,0.2546497080759704,0.8212921674167302,0.9257153714927412,0.44278050260272706,0.3994534616315268,0.4440172085228159,0.05820084302640405,0.9257153714927412,0.33519092066866035,0.2600135250501499,2356
1913,26054,0.2835550598406813,0.0,0.170525387834285,0.1002612583424212,0.7539148190648788,0.3445578367997244,1.0,0.1284960388013721,0.2822384975224982,0.0,0.8037341960987143,0.3431230692285886,0.7606458862803938,1.0,0.5477645528620945,0.20536726816193512,0.4397467828414049,0.0852626939171425,1.0,0.33497884018311336,0.2548424186286662,2357
964,19035,0.5965682944966286,0.0,0.1468825741932007,0.1814122587245189,0.905713869949746,0.1220637436220986,1.0,0.2176296959152285,0.3233508969938723,0.0,0.5766392028061129,0.7413672560290167,0.0,1.0,0.4786436883329395,0.2704902964545504,0.4418379744592727,0.07344128709660035,1.0,0.3347136850466575,0.25459029043097386,2358
1830,23004,0.7506906774790084,0.6379082898073442,0.6878747587756925,0.2512061205306733,0.4824590806417795,0.1715035450396977,1.0,0.0207456542540801,0.131237962353242,1.0,0.454190193635642,0.4659278100043506,0.852453839938568,0.2249449815053904,0.6308156302643922,0.07599180830366105,0.5810337492424301,0.6628915242915183,0.2249449815053904,0.333947250335708,0.36861946350051955,2359
1453,20317,0.1411963327174469,0.0,0.1164016860528081,0.4013805564348601,0.4513619605380212,0.2255260437725736,1.0,0.4168986138040639,0.2607359605718279,0.0,0.7299174013678995,0.356985729203049,0.7947952132712555,1.0,0.5057236691399127,0.3388172871879459,0.41565371214909097,0.05820084302640405,1.0,0.33381662057177736,0.2537376686502189,2360
1555,20471,0.4532684132055056,0.0,0.2061757588128866,0.5039072166612236,0.5678915782318043,0.2912707067514287,0.0,0.265043441194203,0.3407244679063071,0.0,0.4759010886919195,0.0858954506174028,0.9301468010770012,1.0,0.48630293839795724,0.3028839545502551,0.2726139003288913,0.1030878794064433,1.0,0.3337242400473918,0.25364989737655397,2361
1544,20448,0.0,0.0,0.1468825741932007,0.4408628670132077,0.5065254200984801,0.2366241543980658,1.0,0.3155773239959504,0.2857603496415728,0.0,0.6387321804626789,0.1487144630691423,0.9036320434281871,1.0,0.4227696717400021,0.3006688368187616,0.43680248830195073,0.07344128709660035,1.0,0.33272353788322484,0.2526995139513387,2362
1236,20501,0.1546603173784129,0.0,0.2328033721056162,0.3695590563958479,0.3971756675411343,0.20338465061091,1.0,0.3014471610004924,0.250674734600696,0.0,0.8384714625484049,0.397900083678225,0.0,0.9257153714927412,0.3477579659012607,0.2760609478005942,0.39402387490957846,0.1164016860528081,0.9257153714927412,0.3326965284952713,0.25759709898469546,2363
1550,20458,0.418388564882842,0.0,0.1468825741932007,0.4811591651771273,0.5480632925194164,0.2917055626577498,1.0,0.2727602405425054,0.3565265543366844,0.0,0.227529281590876,0.0045159916101325,0.9701320359742358,0.9257153714927412,0.4051414685145216,0.3146433974395949,0.46418560407085874,0.07344128709660035,0.9257153714927412,0.3318233540130435,0.25675228488775353,2364
1322,20114,0.4532684132055056,0.0,0.170525387834285,0.5178290760539171,0.5787075194982678,0.3127982714463404,1.0,0.2814054069835611,0.3594195453575914,0.0,0.6261397867918796,0.140013098128001,0.0,1.0,0.30485532453134656,0.3204124761705762,0.4818669733997051,0.0852626939171425,1.0,0.33166365549261195,0.25169370506268696,2365
1309,20100,0.4532684132055056,0.0,0.1164016860528081,0.5228840186722499,0.5824076844680544,0.312333174446057,1.0,0.2516639803705435,0.3303285630608528,0.0,0.4659140107098913,0.1617490863726925,0.869453057760477,1.0,0.48759614201214163,0.29099627171569814,0.48352497551727225,0.05820084302640405,1.0,0.3313287901854437,0.2513760909352482,2366
525,13034,0.2796398042993077,0.0,0.170525387834285,0.2868271780828396,0.5488176582575324,0.3055897770350805,1.0,0.3502693195277527,0.4292552983932948,0.0,0.3161093938577655,0.0590972513257114,0.869453057760477,0.7336923924214751,0.3810748768108154,0.3897623089605238,0.4282469226750905,0.0852626939171425,0.7336923924214751,0.3310971900903077,0.2713725182754279,2367
1843,24004,0.2520310546068048,0.0,0.1164016860528081,0.2389688900418641,0.5942745086341662,0.2055242032964432,1.0,0.3624520759058756,0.4383508685590305,0.0,0.6656534998460579,0.4363094590665158,0.7606458862803938,0.7914566825269261,0.528659974949943,0.40040147223245304,0.40775352039449475,0.05820084302640405,0.7914566825269261,0.3310436399300439,0.26622557462411833,2368
999,19028,0.0,0.0,0.1164016860528081,0.179001710386837,0.8655811625678859,0.1134763378818246,1.0,0.3426422014572036,0.4351771744375181,0.0,0.4815459048425163,0.4976172118003197,0.7606458862803938,0.9257153714927412,0.43495225073080745,0.3889096879473608,0.4316118421673095,0.05820084302640405,0.9257153714927412,0.3303376611595882,0.2553161242704199,2369
51,5008,0.0,0.0,0.1164016860528081,0.156113014766423,0.8576525713501032,0.0471121743710758,1.0,0.3141778723338042,0.3357713886796989,1.0,0.5280069883664569,0.5229893807071424,0.7125442614903211,0.7645232988719857,0.44088515764098013,0.32497463050675157,0.6121755520975205,0.05820084302640405,0.7645232988719857,0.32981787108917543,0.2672975935085767,2370
1462,20335,0.4532684132055056,0.0,0.2061757588128866,0.4904580896836439,0.556510517519093,0.2810719110942898,0.0,0.2960688764129031,0.367991756330555,0.0,0.3755970558255608,0.0178595032569618,0.869453057760477,1.0,0.4290445075121263,0.33203031637172903,0.26560810365940535,0.1030878794064433,1.0,0.32978113074281357,0.2499092052850868,2371
1162,20463,0.418388564882842,0.0,0.1164016860528081,0.4358902581709851,0.499142693334313,0.2570325046072186,0.0,0.2802982091445583,0.3432854868463971,1.0,0.6951801349182076,0.256038036879044,0.7390115964200016,0.9257153714927412,0.5271545832750238,0.31179184799547766,0.4384130912225033,0.05820084302640405,0.9257153714927412,0.3294720678844975,0.2544801331311352,2372
1904,25006,0.0,0.816002541407074,0.8792846860292032,0.1362193245964856,0.4868173363865229,0.2833216683175212,1.0,0.4436982148879392,0.5382793833829427,1.0,0.5775075723522236,0.2257724167226734,0.0,0.0780745476492366,0.20081999726872424,0.4909887991354409,0.581271665860106,0.8476436137181386,0.0780745476492366,0.32794128454153454,0.46948070439841844,2373
885,16008,0.0,0.1666418775359398,0.300188532020952,0.2240457110792887,0.1672441862031102,0.364110942055225,1.0,0.1621412253513857,0.1997255743226718,0.0,0.4893616448583888,0.1154676643044766,0.8212921674167302,0.7171720540196672,0.3565303691448989,0.18093339983702875,0.3510801678675248,0.2334152047784459,0.7171720540196672,0.32791011563198597,0.2696420860745195,2374
1352,20158,0.0,0.0,0.1164016860528081,0.4368350721590235,0.5114311921140648,0.2383626005581127,1.0,0.384643807488111,0.266986159920818,0.0,0.7976551951750623,0.3053026281464332,0.869453057760477,0.9257153714927412,0.4931027202704932,0.3258149837044645,0.4373257729662402,0.05820084302640405,0.9257153714927412,0.3278114019079594,0.25287779737460203,2375
242,8022,0.0,0.0,0.1468825741932007,0.1265076860157484,0.787795038575068,0.1514346223017797,1.0,0.2215341492094537,0.3067777927359052,0.0,0.9465913389558572,0.6065796605993602,0.7390115964200016,0.8079770209287339,0.5730456489938047,0.26415597097267945,0.4131474693785192,0.07344128709660035,0.8079770209287339,0.32651174476387734,0.260329723538878,2376
973,19043,0.0,0.0,0.1468825741932007,0.1926103967446119,0.8211117904562348,0.1525170984258119,1.0,0.4074220634927273,0.3908455209197841,0.0,0.3569257647563295,0.1185509683466221,0.7789425991309047,0.9257153714927412,0.3136048330584641,0.39913379220625567,0.43324785712533176,0.07344128709660035,0.9257153714927412,0.3260851977050851,0.2512143751867464,2377
1228,20510,0.0,0.031406239472829,0.170525387834285,0.4232530786074131,0.4828286299342947,0.2176255465364425,1.0,0.3162841281538476,0.2771449545646439,0.0,0.904906702036403,0.3370726649104043,0.0,0.9257153714927412,0.31049484173670183,0.29671454135924574,0.42474145101563004,0.100965813653557,0.9257153714927412,0.32556217291810385,0.2507108066705382,2378
1502,20388,0.0,0.0,0.0734412870966003,0.4703229411243675,0.5375800423774295,0.2731578480678316,1.0,0.430057597530484,0.4990958473035808,0.0,0.809379012249311,0.2682648791802178,0.7947952132712555,1.0,0.46810977617519606,0.4645767224170324,0.4562121663139257,0.03672064354830015,1.0,0.32530928642899165,0.24568043719583954,2379
1790,21086,0.1176289148132409,0.0,0.1898429731494084,0.3115307334076419,0.5217902524160749,0.2741432826269352,1.0,0.3435495499886002,0.336840221325846,0.0,0.3282674992302898,0.1941115417954951,0.9301468010770012,0.668732778856004,0.39253868922900675,0.3401948856572231,0.42149285369013045,0.0949214865747042,0.668732778856004,0.3240436545167281,0.2703592599365692,2380
1944,26070,0.0,0.2819275542636489,0.3908492491240862,0.0696031517776901,0.8394266726477506,0.1608368992053779,1.0,0.1278145842193211,0.1416948539139748,0.0,0.8871038840385019,0.6441712399189239,0.0,0.4896375090963688,0.38281878098935646,0.13475471906664793,0.4139733447261637,0.3363884016938675,0.4896375090963688,0.3230316370108196,0.29113046418644206,2381
232,8061,0.3951835635291076,0.0,0.170525387834285,0.1297980772008388,0.791957724166078,0.1499389876740877,1.0,0.1911871110340359,0.2893738364989301,0.0,0.8949196240543749,0.5399131612976082,0.7125442614903211,0.6467849483079785,0.635640152592853,0.240280473766483,0.4143389578082009,0.0852626939171425,0.6467849483079785,0.3225231595136631,0.2710261250103448,2382
1971,26010,0.1510850624970373,0.0661649911500319,0.220323861289801,0.0966655662732295,0.8900386423320528,0.1715739015248973,1.0,0.0345569029963136,0.217612263469798,0.0,0.695614319691263,0.3155408344473694,0.7606458862803938,0.9257153714927412,0.48072152572901583,0.1260845832330558,0.43165562202603597,0.14324442621991645,0.9257153714927412,0.3221436931950523,0.24742448377129775,2383
223,8015,0.0,0.0,0.1898429731494084,0.1141561805470551,0.935820208154072,0.0616982219926338,1.0,0.1071544141422896,0.1918545170017757,1.0,0.8050369574683198,0.5239988550110533,0.6784442506275288,0.7771461144782232,0.5018700157767255,0.14950446557203265,0.6223349221387522,0.0949214865747042,0.7771461144782232,0.321682444004917,0.25802306487091914,2384
1078,20120,0.4532684132055056,0.0,0.1468825741932007,0.5138147662237661,0.5756847002960694,0.3076113886857384,1.0,0.289591443903942,0.3668128099120933,0.0,0.599652652181556,0.1367927979531415,0.0,1.0,0.2974284658350508,0.32820212690801764,0.4794221710411148,0.07344128709660035,1.0,0.3215410779498318,0.24212831471107968,2385
254,8056,0.5165460625335851,0.0,0.1164016860528081,0.1345894493836369,0.7431629666381763,0.1736405109134715,1.0,0.1963012718363838,0.2653564312881845,0.0,0.869300858990161,0.5183733406662578,0.7606458862803938,0.9257153714927412,0.6662165371175994,0.23082885156228414,0.41027858538705697,0.05820084302640405,0.9257153714927412,0.3208324000698108,0.24616619135381343,2386
46,5005,0.0,0.0,0.170525387834285,0.1640517602607517,0.8791994582334123,0.0687211665527092,1.0,0.2887546045681483,0.234772180571539,0.0,0.4902302214549392,0.4102296686958786,0.7125442614903211,0.8822616494359928,0.4032510379102847,0.26176339256984366,0.42239447700937466,0.0852626939171425,0.8822616494359928,0.3199718834158956,0.2483078340610925,2387
44,5012,0.0,0.0,0.1164016860528081,0.1504550567838726,0.9461968716314892,0.0360522565423877,1.0,0.2227179971951646,0.3203245880414371,0.0,0.5510204377418992,0.709707638386519,0.7125442614903211,1.0,0.49331808440468483,0.2715212926183008,0.42654083699155,0.05820084302640405,1.0,0.3194215144573056,0.2401348572741839,2388
588,14039,0.0,0.9259045797270626,0.951506276095177,0.2059302165347342,0.3651790850494253,0.2701889722150807,0.0,0.6473742415318293,0.7483914098052846,1.0,0.7568389278017185,0.2618884249336284,0.0,0.0537555486029017,0.2546818381838367,0.697882825668557,0.36825965475984807,0.9387054279111198,0.0537555486029017,0.3189902811671475,0.49787003614022757,2389
1931,26055,0.0,0.6535081748864516,0.6933495829799523,0.0600657289978819,0.907105419652962,0.2548481805184039,1.0,0.0115473372006386,0.08737021212986,1.0,0.9148935729679912,0.7191984747739342,0.0,0.3731274821811408,0.40852301193548135,0.0494587746652493,0.6444038658338496,0.6734288789332019,0.3731274821811408,0.3183855859765942,0.3060042357764374,2390
436,12041,0.238801820487719,0.0,0.1898429731494084,0.3579225202498811,0.3745121571011911,0.1612258087025078,1.0,0.2633492081579627,0.3483974495758932,0.0,0.3638732387513119,0.0685792385203339,0.869453057760477,0.7645232988719857,0.38517683887996046,0.305873328866928,0.378732097210716,0.0949214865747042,0.7645232988719857,0.3177297117923892,0.2551083094191101,2391
1035,20220,0.418388564882842,0.0,0.1164016860528081,0.4470838523121212,0.5125557913497896,0.2946743158177312,1.0,0.2363416050987318,0.3861205380554354,0.0,0.3638732387513119,0.0376365936308366,0.7606458862803938,1.0,0.39513607088634606,0.31123107157708363,0.4508627918959284,0.05820084302640405,1.0,0.31751237718481284,0.2383421344889351,2392
22,3009,0.0,0.3492226129321054,0.4802442396168488,0.0163178492800516,0.2930916087955714,0.2514709615728157,1.0,0.0799280864489851,0.1239944213874734,0.0,0.7064697672194014,0.4845938638603816,0.6304410739041073,0.5303779200216894,0.45537617624597254,0.10196125391822924,0.31217608392968776,0.41473342627447707,0.5303779200216894,0.3167465663629016,0.27844763633397307,2393
593,14071,0.0,0.0,0.1468825741932007,0.200869677641566,0.3919916657445174,0.2821244593171716,1.0,0.2982635447126205,0.3999804560024159,0.0,0.6565349984605797,0.1850892113953527,0.7947952132712555,0.8079770209287339,0.409104855781797,0.34912200035751817,0.374997160540651,0.07344128709660035,0.8079770209287339,0.316545266895576,0.2504350019759876,2394
269,8035,0.0,0.1586950842025142,0.220323861289801,0.0934980629777796,0.9027279089155866,0.1354615409093977,1.0,0.0437964975203106,0.2302393632463636,0.0,0.7650890596410862,0.3270988106062393,0.7606458862803938,0.6159540418574678,0.46320843913192983,0.1370179303833371,0.4263375025605528,0.1895094727461576,0.6159540418574678,0.3161530146624614,0.2675990589504439,2395
228,8008,0.5406557772729131,0.0,0.170525387834285,0.1232547967899474,0.6516791909869843,0.2679730256997861,1.0,0.2627758248389589,0.2409891253210367,0.0,0.340425501077594,0.0091809604310097,0.7947952132712555,0.8514307429854822,0.4212643630131931,0.2518824750799978,0.4085814026953436,0.0852626939171425,0.8514307429854822,0.3159278627151739,0.24657417002581827,2396
267,8033,0.5165460625335851,0.0,0.1164016860528081,0.1378132480571138,0.7328520438177453,0.1680608815966069,1.0,0.1714230921568109,0.2847273655237163,0.0,0.8614851189742889,0.6251320988771547,0.7390115964200016,0.8275164340507248,0.6855437192012576,0.2280752288402636,0.40774523469429325,0.05820084302640405,0.8275164340507248,0.31437037615681396,0.24680722075173234,2397
263,8026,0.0,0.0,0.1468825741932007,0.123032178585502,0.7910190675877702,0.1426667081952928,1.0,0.2751579349814255,0.354002382028269,0.0,0.9834997363212644,0.6660069564233134,0.0,0.7771461144782232,0.41237667318614446,0.3145801585048472,0.41134359087371297,0.07344128709660035,0.7771461144782232,0.3138590259601297,0.25020305505143214,2398
1578,20488,0.418388564882842,0.0,0.1468825741932007,0.4059838273459909,0.4583462555207255,0.2640622491811246,0.0,0.4351971641747276,0.3635510313421312,0.0,0.8193660902313391,0.5838473616135131,0.0,1.0,0.45540050418192357,0.39937409775842936,0.2256784664095682,0.07344128709660035,1.0,0.31321370785822233,0.2343154637360852,2399
1231,20424,0.1301851996254693,0.0,0.1898429731494084,0.5113041229280657,0.5979570704285466,0.3609616402376311,0.0,0.1742604745115201,0.384722231567825,0.0,0.4724271964065982,0.0088946053908878,0.9301468010770012,1.0,0.3854134506249891,0.27949135303967254,0.2940445667188487,0.0949214865747042,1.0,0.3130506334212411,0.23416297849104326,2400
409,12083,0.2644493959937323,0.0,0.1164016860528081,0.3517254145625738,0.3617531620211258,0.1570644375435617,1.0,0.2563543168542374,0.3399134529280654,0.0,0.5336518045170537,0.1780229066072321,0.869453057760477,1.0,0.4613942912196238,0.2981338848911514,0.3741086028254522,0.05820084302640405,1.0,0.3128110640398917,0.23393900149435304,2401
1965,26031,0.3021239261483743,0.0,0.2328033721056162,0.0978824948055886,0.8775177152305296,0.1846714189181519,1.0,0.0391419666249328,0.2143355134683435,0.0,0.7325227170566702,0.3155820832623638,0.7606458862803938,0.8822616494359928,0.5277186531869505,0.12673874004663815,0.4320143257908541,0.1164016860528081,0.8822616494359928,0.31222906644779663,0.24081986731543997,2402
1952,26060,0.1799126144928759,0.0,0.1164016860528081,0.080241940348502,0.9640067353769728,0.147787905331139,1.0,0.1980131490938985,0.2762575369029779,0.0,0.9270515748152952,0.5909327998794349,0.7125442614903211,0.8079770209287339,0.6026103126694818,0.2371353429984382,0.4384073162113228,0.05820084302640405,0.8079770209287339,0.31177966429277454,0.24573101751608548,2403
1663,21123,0.3484713972187253,0.0,0.1468825741932007,0.324364087801906,0.4885159983597174,0.2686538170800676,0.0,0.4881950628205754,0.4537127033523316,0.0,0.2401215717364553,0.03359966050702,0.9518127218666266,1.0,0.39350133783220675,0.4709538830864535,0.21630678064833822,0.07344128709660035,1.0,0.31173603113894127,0.23293446544217883,2404
1338,20137,0.0,0.0,0.1164016860528081,0.434249862157458,0.4970970406956866,0.2309317578547909,1.0,0.2589903955467127,0.3065491199456586,0.0,0.6699957616774894,0.1783838869302638,0.9036320434281871,0.9257153714927412,0.43800292300898513,0.2827697577461856,0.43245573214158706,0.05820084302640405,0.9257153714927412,0.3104929014195109,0.23628993658824127,2405
2155,30107,0.0,0.0,0.0734412870966003,0.3486862460306374,0.4323248987317873,0.3661344396587713,1.0,0.4237898308868,0.8566489707842687,0.0,0.2158054645166272,0.0455858205111268,0.869453057760477,1.0,0.2827110856970577,0.6402194008355344,0.4294291168842392,0.03672064354830015,1.0,0.30980946976978624,0.23113640840893931,2406
308,10003,0.0642424287642484,0.0,0.1164016860528081,0.1612504776565845,0.5938465101586614,0.2166372564569219,1.0,0.1593647913167558,0.3274734013011298,0.0,0.7959184560828418,0.4276636090462736,0.7390115964200016,1.0,0.5067090225783414,0.2434190963089428,0.3943468488544336,0.05820084302640405,1.0,0.3093030388715562,0.23066422024732058,2407
972,19015,0.250577804494873,0.0,0.1164016860528081,0.1849631493366971,0.939417774298834,0.1330336054557843,1.0,0.144130965171466,0.2989097805341769,1.0,0.5722969409746816,0.7409700269779363,0.0,0.8514307429854822,0.3909611931118728,0.22152037285282145,0.6514829058182631,0.05820084302640405,0.8514307429854822,0.3085359615858735,0.2393838826059446,2408
2010,28020,0.0,0.0,0.0734412870966003,0.2035601683318421,0.8318619910657119,0.1971619210169168,1.0,0.2744382677328337,0.4577308390746051,1.0,0.4277029555000982,0.2358093946565126,0.7947952132712555,0.8822616494359928,0.36457689085696654,0.36608455340371937,0.6465168160828941,0.03672064354830015,0.8822616494359928,0.3085258878623603,0.23725488495203673,2409
1258,20011,0.3061859246211213,0.0,0.1468825741932007,0.3695167992297594,0.3970963115482869,0.198332116563016,1.0,0.2799667141187311,0.2584926028623066,0.0,0.7572731125747738,0.3558778839795246,0.0,1.0,0.3548342302938549,0.26922965849051883,0.39298904546821245,0.07344128709660035,1.0,0.3076761459866885,0.2291486397516433,2410
875,16081,0.2254445032821548,0.0,0.1164016860528081,0.2754985384228591,0.3354399601152953,0.2407101247690437,1.0,0.3374926526964719,0.3054507841217029,0.0,0.6730352621393154,0.1476601399377491,0.8212921674167302,0.8514307429854822,0.46685801819398737,0.3214717184090874,0.3703297246614396,0.05820084302640405,0.8514307429854822,0.3076089405966853,0.23848516048020965,2411
1250,20521,0.0538605071821859,0.0,0.1164016860528081,0.4133844578299582,0.4691621967871889,0.2521344292100504,0.0,0.4235117956335954,0.3239273680204582,0.0,0.7915761942514103,0.5653344429990528,0.7947952132712555,1.0,0.5513915894259761,0.3737195818270268,0.22693621676543949,0.05820084302640405,1.0,0.30687945607080497,0.22840718934644424,2412
1817,22014,0.0,0.9643511695118206,0.8721985079418263,0.25857112806743,0.4677049064269876,0.1819534033195358,1.0,0.2781430637400071,0.4383335065757172,1.0,0.8215372211470553,0.4844204981068206,0.7606458862803938,0.0272255429149524,0.5166509013835674,0.35823828515786216,0.5816458875627907,0.9182748387268235,0.0272255429149524,0.30619311231483143,0.5607252766308324,2413
1021,20446,0.0,0.0,0.1164016860528081,0.403169573539424,0.454100226097323,0.1951349785504876,1.0,0.5187332602658463,0.2324077043332466,0.0,0.286582758785616,0.0378122689734143,0.869453057760477,1.0,0.2984620213798768,0.3755704822995465,0.41048095563744696,0.05820084302640405,1.0,0.30588667831513694,0.2274839204501657,2414
20,3003,0.0010988078740985,0.6529518414388197,0.7564711495792674,0.0059083189189285,0.109587820535888,0.6142396698847996,1.0,0.1072197219544222,0.1865064781811919,0.0,0.7212330847554764,0.2629828187972867,0.7390115964200016,0.1640999286339595,0.4310815769617158,0.14686310006780706,0.3459471618679232,0.7047114955090436,0.1640999286339595,0.30249648674600854,0.3524709432022812,2415
1395,20239,0.0,0.0,0.0734412870966003,0.4047424779905889,0.456482557699971,0.2237396331234034,1.0,0.3853795841937992,0.2565143582540742,0.0,0.791142009478355,0.4440550956406456,0.7947952132712555,1.0,0.507498079597564,0.3209469712239367,0.4169929337627926,0.03672064354830015,1.0,0.3015652762105379,0.22347382703367932,2416
238,8058,0.0,0.0,0.0734412870966003,0.1353031823483174,0.7994991629159399,0.1235476420095835,1.0,0.3012688206987233,0.6784981862685129,0.0,0.9526703398795092,0.6439840291018291,0.0,0.8079770209287339,0.3991635922453346,0.4898835034836181,0.41166999745476823,0.03672064354830015,0.8079770209287339,0.2989650699521023,0.23317168433750268,2417
1445,20332,0.0538605071821859,0.0,0.1164016860528081,0.4173261601081428,0.4747220717381849,0.2402018213616323,1.0,0.3710848099961935,0.2910649136616711,0.0,0.7234042156711922,0.3741024362655563,0.0,1.0,0.28784178977973357,0.3310748618289323,0.42645001064159194,0.05820084302640405,1.0,0.29838397265028077,0.22053085677998432,2418
1310,20199,0.1546603173784129,0.0,0.1164016860528081,0.3633557635685644,0.3852992158787065,0.2061990199344903,1.0,0.2890689124587359,0.2538189453856244,0.0,0.8823274374340155,0.4713271683822675,0.0,1.0,0.377078730798674,0.27144392892218017,0.39097079987635225,0.05820084302640405,1.0,0.2974658768239344,0.21968299569320612,2419
1489,20370,0.0,0.0,0.1164016860528081,0.4094739420192601,0.4635093505074844,0.2223816420115123,1.0,0.3510324626534549,0.2668192401329775,0.0,0.7837602471850975,0.4344585688562015,0.0,1.0,0.30455470401032475,0.30892585139321616,0.4190729869076513,0.05820084302640405,1.0,0.2965839886919681,0.21886918815611947,2420
1276,20536,0.0,0.0,0.2540651106953986,0.4135417186756059,0.4693866494298701,0.2345688466515612,0.0,0.3859683315516578,0.2797902294288584,0.0,0.6873643949023354,0.2637221351839662,0.0,1.0,0.2377716325215754,0.33287928049025806,0.22349944295140745,0.1270325553476993,1.0,0.29534366291301795,0.21772563756758248,2421
1348,20148,0.1301851996254693,0.0,0.1468825741932007,0.5285066362293475,0.6105902238514103,0.3867926683699406,0.0,0.1488054854159999,0.358335110479628,0.0,0.40338684828027,0.0925674323567826,0.9301468010770012,1.0,0.38907157033488077,0.25357029794781394,0.30517790569013964,0.07344128709660035,1.0,0.29439081069543566,0.21684794553370207,2422
481,13071,0.0345917213552578,0.0,0.1468825741932007,0.2872401711985554,0.5311665064977438,0.2801018754559716,1.0,0.2534203358931768,0.4129072426723322,0.0,0.2006078586822774,0.0085590950921325,0.7606458862803938,0.8514307429854822,0.25110114035251535,0.3331637892827545,0.4197017106304541,0.07344128709660035,0.8514307429854822,0.29397294628945125,0.22534445421903856,2423
1458,20323,0.3932202598211434,0.0,0.1164016860528081,0.5851695737646075,0.6195833133047026,0.3787325018017912,0.0,0.1976977541545137,0.2720401908435006,0.0,0.40338684828027,0.3250414433641452,0.9036320434281871,1.0,0.5063201487234364,0.23486897249900718,0.31669707777422024,0.05820084302640405,1.0,0.29387648598075694,0.2163744852282902,2424
1485,20361,0.3932202598211434,0.0,0.1164016860528081,0.5351931325872499,0.6118751868900557,0.3776062223754125,0.0,0.1808929255644661,0.306741721357016,0.0,0.5961789669466746,0.2327268905674802,0.7789425991309047,1.0,0.5002671791165507,0.24381732346074103,0.3049349083705436,0.05820084302640405,1.0,0.29314372240385506,0.21570029938332685,2425
1032,20230,0.1546603173784129,0.0370250231441437,0.1898429731494084,0.3732845777458081,0.4040902340273071,0.2097148303574403,0.0,0.3415262087562093,0.2351114461666659,0.0,0.8619193037473438,0.4212498997704778,0.0,0.9257153714927412,0.35945738022405865,0.2883188274614376,0.1974179284261111,0.11343399814677604,0.9257153714927412,0.29270190085913295,0.21948889885595652,2426
987,19050,0.0,0.0,0.0734412870966003,0.1710378007558003,0.9173562414731772,0.090813002313105,1.0,0.3735314126861276,0.25346581602535,0.0,0.5779417571252785,0.7020769865282611,0.7606458862803938,0.8275164340507248,0.5101661574834834,0.3134986143557388,0.43584140890841655,0.03672064354830015,0.8275164340507248,0.29187206770795726,0.22492954857000103,2427
1216,20099,0.3061859246211213,0.0,0.2061757588128866,0.3613340795512664,0.3813281126018845,0.1960905994943429,0.0,0.2541373145906578,0.2771784140761053,0.0,0.8918801235925489,0.4470978968218455,0.0,1.0,0.41129098625887894,0.26565786433338157,0.18775055832949877,0.1030878794064433,1.0,0.29177773091310394,0.21444463139778724,2428
320,10019,0.4863074710471081,0.0,0.1164016860528081,0.1498853103976359,0.5287360374135159,0.2954107773307807,1.0,0.1235182624518947,0.3255113811944936,0.0,0.3703864244480188,0.0122196633896408,0.8212921674167302,0.9257153714927412,0.42255143157537445,0.22451482182319416,0.39480642502838653,0.05820084302640405,0.9257153714927412,0.2890567474837371,0.21607748718328776,2429
1491,20372,0.0,0.0,0.0734412870966003,0.4110528235392686,0.46580833827774,0.2045593971264854,1.0,0.4014210126224251,0.2528517140882377,0.0,0.4910985910010494,0.2647493803541696,0.8429462157448122,1.0,0.3996985467750078,0.32713636335533136,0.41628411178869873,0.03672064354830015,1.0,0.28850430789549114,0.2114415714887567,2430
356,11006,0.0,0.0,0.1164016860528081,0.2674629400155862,0.5366646286312989,0.2446669826209169,1.0,0.4328347848839136,0.2640692056333867,0.0,0.3152410243116557,0.2017905922786236,0.7947952132712555,0.725114210224383,0.3279567074653837,0.3484519952586501,0.4097589102535604,0.05820084302640405,0.725114210224383,0.2878489929685185,0.22848320860988397,2431
303,10030,0.2671280001888875,0.0,0.0734412870966003,0.1623962324397058,0.6574611825583414,0.1685329149794736,1.0,0.176565402839225,0.2778173257499505,0.0,0.8280504068437622,0.5419530519133607,0.7125442614903211,1.0,0.587418930109083,0.22719136429458775,0.39767806599550415,0.03672064354830015,1.0,0.2870491969288241,0.21010936983969755,2432
18,3001,0.1497635312299134,0.5690983674919964,0.623946528160716,0.0149235688181718,0.269199248477653,0.2646476851865933,1.0,0.049055702893818,0.0882628444340696,0.0,0.8176291440886787,0.4593637089253884,0.0,0.4284921794367211,0.35668909606099514,0.06865927366394381,0.3097541004964836,0.5965224478263562,0.4284921794367211,0.2867577465620751,0.25936312105200093,2433
214,8020,0.5406557772729131,0.0707545655738672,0.170525387834285,0.1141449216255129,0.6348385181259824,0.2578699324689997,0.0,0.1996874301964012,0.2413679173905738,0.0,0.4468084313423845,0.0807044546935622,0.7947952132712555,0.7532318055434659,0.4657409691450288,0.2205276737934875,0.20137067444409898,0.1206399767040761,0.7532318055434659,0.2849736676346157,0.22349805719095178,2434
1318,20110,0.0,0.0,0.1898429731494084,0.412901309397067,0.4684712356837395,0.2094359772159781,0.0,0.3353774416598253,0.2701107291798699,0.0,0.818063328861734,0.3442269226675386,0.0,1.0,0.29057256288231814,0.3027440854198476,0.21816170445935695,0.0949214865747042,1.0,0.2832009228755164,0.2065942977613229,2435
610,14031,0.2614115765947605,0.0,0.0734412870966003,0.1941150203227647,0.4173004704150538,0.2660413499442382,1.0,0.1907856212008672,0.3903540562166275,0.0,0.712983159966549,0.2820485675263078,0.7947952132712555,0.8822616494359928,0.5128096293397182,0.29056983870874736,0.3754913681364114,0.03672064354830015,0.8822616494359928,0.28291949208239814,0.21290175271020537,2436
273,8042,0.0,0.0,0.170525387834285,0.1274575754197958,0.9281857980755018,0.0477377342465579,1.0,0.0790369290852017,0.1580196965628503,0.0,0.5614417004969832,0.5911409679551445,0.6304410739041073,0.9257153714927412,0.44575593558905874,0.11852831282402601,0.42067622154837114,0.0852626939171425,0.9257153714927412,0.28107404627003624,0.20864431858673324,2437
1109,20386,0.0,0.0,0.0734412870966003,0.4277168174481873,0.5024749608288106,0.228806656452168,1.0,0.3717765014570398,0.2473415971557714,0.0,0.6517585518560933,0.1547593593940478,0.869453057760477,0.8514307429854822,0.41899274225265454,0.3095590493064056,0.4317996869458332,0.03672064354830015,0.8514307429854822,0.2809689885519312,0.2129539270477101,2438
1473,20212,0.4532684132055056,0.0,0.1164016860528081,0.5216692575931757,0.581529128889962,0.297578678055356,0.0,0.2503074106719603,0.2891159727076832,0.0,0.2249239659021051,0.0045327407831646,0.9036320434281871,1.0,0.3965892908297406,0.26971169168982173,0.28015541290769874,0.05820084302640405,1.0,0.2807461504834529,0.2043582911978749,2439
300,10011,0.4326154053495746,0.0,0.0734412870966003,0.1554189193757417,0.64810253165208,0.1817966504527635,1.0,0.1815965231506444,0.2797173982203395,0.0,0.8701694355867116,0.4319982717522569,0.7390115964200016,0.8079770209287339,0.6184486772771361,0.23065696068549194,0.397063620296117,0.03672064354830015,0.8079770209287339,0.2786685286872871,0.21355520125972663,2440
221,8023,0.5590118060989652,0.0,0.170525387834285,0.1019350536832172,0.8590730035422661,0.1354653892509574,1.0,0.0494468462711731,0.1682188973621442,0.0,0.8119843279380821,0.6474769314169607,0.7125442614903211,0.6252790567992559,0.6827543317360824,0.10883287181665866,0.4192946892952881,0.0852626939171425,0.6252790567992559,0.2780195716258632,0.22702607543648393,2441
1472,20211,0.1301851996254693,0.0,0.1164016860528081,0.5283120097554832,0.6104547546978926,0.385690793722571,0.0,0.1502040052077956,0.3562837130441106,0.0,0.3838471876649285,0.0332606090538913,0.9301468010770012,1.0,0.36935994935532257,0.2532438591259531,0.30489151163518935,0.05820084302640405,1.0,0.2779794344534801,0.20184399518115298,2442
1435,20304,0.0538605071821859,0.0,0.1164016860528081,0.4304736528829,0.4923074828409876,0.2573016924862163,0.0,0.2929349834236727,0.3245910314408609,0.0,0.6995223967496391,0.2327434809291801,0.7789425991309047,0.8822616494359928,0.44126724599797745,0.3087630074322668,0.23601656564202078,0.05820084302640405,0.8822616494359928,0.2776893499546878,0.20799345994625573,2443
1974,26061,0.3162956739269331,0.0,0.0734412870966003,0.1007871940030037,0.7746120328590429,0.3140452188384783,1.0,0.1050080270306207,0.28983033122941,0.0,0.7368649788881017,0.2987627112202033,0.7789425991309047,0.9257153714927412,0.5327164907915357,0.19741917913001533,0.437888889140105,0.03672064354830015,0.9257153714927412,0.274743504647367,0.20278691272767585,2444
1497,20383,0.0,0.0,0.0734412870966003,0.407292167806175,0.4602949489910982,0.224426760800362,1.0,0.3745397115217245,0.2613725199702829,0.0,0.8059053270144301,0.4602659616364025,0.0,1.0,0.3165428221627081,0.3179561157460037,0.41840277551952704,0.03672064354830015,1.0,0.27406962087365416,0.19830155682352069,2445
1016,20481,0.0,0.0,0.1164016860528081,0.4064411632418443,0.4590292409450849,0.1986790559137248,0.0,0.4699407036889552,0.238776796850159,0.0,0.4233607971938866,0.0970576726913285,0.869453057760477,1.0,0.347467881911423,0.3543587502695571,0.2128298920201308,0.05820084302640405,1.0,0.2733153012821679,0.1976195619918698,2446
256,8046,0.4211705665827852,0.0,0.0734412870966003,0.1243400700517697,0.634322220366408,0.2998644233224772,1.0,0.2414587600408576,0.2921144584948775,0.0,0.3795050293587172,0.0351278635118585,0.7947952132712555,0.8275164340507248,0.4076496681811541,0.26678660926786757,0.4117053427481309,0.03672064354830015,0.8275164340507248,0.2671436818587531,0.20136638670882614,2447
1185,20186,0.1546603173784129,0.0,0.0734412870966003,0.3623249967108856,0.3832807939118023,0.211815458560248,1.0,0.2937649856515556,0.2435279129290894,0.0,0.900130255431917,0.4447310161962658,0.0,0.9257153714927412,0.37488039725164896,0.2686464492903225,0.39148424983658714,0.03672064354830015,0.9257153714927412,0.26633925355444377,0.1950628673956427,2448
11,2007,0.083378951908735,0.3288575351719288,0.4226463452550246,0.0505217016431677,0.8211406729451822,0.2597111111858121,1.0,0.0060233505891912,0.1220738171246674,0.0,0.58228401895671,0.3582543499025037,0.0,0.4842778890646183,0.25597933019198715,0.0640485838569293,0.42627469715483246,0.3757519402134767,0.4842778890646183,0.2635602869072608,0.22637387464799227,2449
1496,20376,0.1546603173784129,0.0,0.0734412870966003,0.3708556890263466,0.3996004969685915,0.2016016769479423,1.0,0.2960205832665908,0.251301347497407,0.0,0.8158924049964582,0.411348813378572,0.0,0.9257153714927412,0.3454753839383608,0.2736609653819989,0.39441157258857606,0.03672064354830015,0.9257153714927412,0.26338647776073376,0.19236341319962696,2450
13,2004,0.0,0.9648589907093216,0.883952081824066,0.0450769450509401,0.9882357746589128,0.4836382004869248,1.0,0.4516911930444107,-2.220446049250313e-16,1.0,0.6261397867918796,0.498624868464058,0.0,0.0305210473650324,0.2811911638139844,0.22584559652220523,0.7033901840393556,0.9244055362666939,0.0305210473650324,0.2630839261576163,0.45078352419114776,2451
1140,20479,0.0538605071821859,0.0,0.1164016860528081,0.4163333144028159,0.473334509874515,0.2367652698057796,0.0,0.3697964236901732,0.2887288256571636,0.0,0.7299174013678995,0.3736388012534868,0.0,1.0,0.28935417745089304,0.3292626246736684,0.2252866188166221,0.05820084302640405,1.0,0.26261974374594743,0.18800059186961532,2452
1244,20514,0.4532684132055056,0.0,0.0734412870966003,0.527248617580606,0.5855098596631001,0.3126860706093984,0.0,0.2320566663681308,0.3115078915162779,0.0,0.2948327870997635,0.0816777001122901,0.9036320434281871,1.0,0.4333527359614366,0.27178227894220436,0.28508890957062094,0.03672064354830015,1.0,0.2619332655816398,0.18738650959151193,2453
1575,20093,0.1627695631497328,0.0,0.0734412870966003,0.4041606222721484,0.4556040021218787,0.2411029138470102,0.0,0.5682958367087592,0.2972135543016742,0.0,0.7807207467232715,0.4411790031549171,0.0,1.0,0.3461673282569803,0.43275469550521667,0.22017350764820748,0.03672064354830015,1.0,0.2610000811425244,0.186552383812548,2454
1950,26015,0.1510850624970373,0.0,0.0734412870966003,0.0935144221461078,0.9229064889278572,0.1616022472736225,1.0,0.0506356175491243,0.2753752971131251,0.0,0.6986540272035289,0.3888534046317105,0.7390115964200016,0.9257153714927412,0.4944010226880695,0.1630054573311247,0.4356046316695175,0.03672064354830015,0.9257153714927412,0.26022699753821854,0.18948335677750874,2455
14,2001,0.0,0.7656060581441675,0.7448493961598132,0.0504308574645281,0.8932859141769318,0.481772523022821,1.0,0.1251896031062581,0.0442747049702995,0.0,0.6508901823099831,0.2018660331355729,0.0,0.162530282045598,0.21318905386138898,0.0847321540382788,0.48509785893285623,0.7552277271519903,0.162530282045598,0.25487717487968137,0.2852200873199049,2456
15,2006,0.0,0.4975700658598089,0.5670474622191726,0.0419744730850281,0.6975513921153927,0.1671949856149712,1.0,1.1102230246251563e-16,0.1554696978445134,0.0,0.4732957730031486,0.18281875081559,0.0,0.3908903859825862,0.16402863095468465,0.07773484892225675,0.3813441701630784,0.5323087640394908,0.3908903859825862,0.2517759407834174,0.2255558196629007,2457
17,2002,0.121152741620236,0.9216620618690962,0.8324036183775732,0.054016711722424,0.9619650705778914,0.3559653514093882,1.0,0.0879765675257664,0.0501281140629887,1.0,0.6977854506069787,0.5537591984751156,0.0,0.0624606049575298,0.3431743476755826,0.06905234079437755,0.6743894267419407,0.8770328401233347,0.0624606049575298,0.24459366447311734,0.3440764571855695,2458
375,11020,0.0,0.9184463893633456,1.0,0.2315894539891357,0.4617562271908447,0.1584703836276377,1.0,0.4042958712354118,0.7018819314606989,1.0,0.8514980409922603,0.5162045083571603,0.7947952132712555,0.0,0.540624440655169,0.5530889013480553,0.5703632129615237,0.9592231946816727,0.0,0.0069622940179382255,0.6359755938396171,2459
1465,20341,0.1627695631497328,,0.0,0.4072321912707756,0.4602059655019348,0.2429009698002986,1.0,0.5128404143449155,0.301431415196423,0.0,0.7920103790244652,0.4474291954541297,0.7947952132712555,1.0,0.5492510877248957,0.40713591477066924,0.42206782531460174,0.0,1.0,0.006237039829547609,0.0017527627978247587,2460
193,7125,0.7493588939345635,,0.0,0.3932232682533115,0.9507892075152294,0.1916533385888925,1.0,0.3407927292788053,0.397886005456032,0.0,0.2917932866379376,0.0566484639638579,0.9701320359742358,0.9257153714927412,0.5169831701276486,0.3693393673674186,0.5071331628714868,0.0,0.9257153714927412,0.006173057163349954,0.0017640301533277543,2461
1003,19003,0.250577804494873,,0.0,0.1819470109362432,0.9240656103093003,0.123502885221105,1.0,0.1778772439626561,0.2777264034639807,1.0,0.5753364414365076,0.7429200618686175,0.7606458862803938,1.0,0.582370048520098,0.22780182371331842,0.6459031012933296,0.0,1.0,0.006117651307684155,0.0017109247130917705,2462
58,5026,0.0,,0.0,0.1558660034361475,0.8824331147424298,0.0478351281125799,1.0,0.3108389143438413,0.3754761027899382,1.0,0.4732957730031486,0.4247814333333651,0.7125442614903211,0.8822616494359928,0.40265536695670867,0.34315750856688976,0.6172268492582315,0.0,0.8822616494359928,0.005960653025390204,0.0017089051241310842,2463
1403,20245,0.1546603173784129,,0.0,0.3718772149780641,0.4014970651178391,0.2221218838135048,1.0,0.3883136935634023,0.2382999420160315,0.0,0.8588798032855178,0.459661301381325,0.7947952132712555,1.0,0.5669991588291279,0.3133068177897169,0.3990992327818816,0.0,1.0,0.0058901537420261215,0.0016317675350661963,2464
1942,26065,0.0,,0.0,0.081528211362379,0.9525038208466052,0.1694239463762179,1.0,0.2974153411639026,0.3672880687138019,0.0,0.8849327531227871,0.5746529808316667,0.7125442614903211,0.8822616494359928,0.5430324988611938,0.33235170493885224,0.4406911957170404,0.0,0.8822616494359928,0.005878020572358925,0.0016793434578723568,2465
1915,26046,0.0,,0.0,0.0802554609360625,0.9275316951400906,0.1768192338296386,1.0,0.3063096925705294,0.3462852453176555,0.0,0.9244464661769644,0.61249231504238,0.6784442506275288,0.8822616494359928,0.5538457579617183,0.32629746894409245,0.4369212779811583,0.0,0.8822616494359928,0.0058694935157595106,0.0016762987979126915,2466
1225,20423,0.0,,0.0,0.4101618195200486,0.4645137477427785,0.2297678979276558,1.0,0.3877086287028188,0.270362136337834,0.0,0.7307859779644497,0.4161751745844433,0.7947952132712555,1.0,0.4854390914550371,0.3290353825203264,0.42088869303809656,0.0,1.0,0.00582785746524504,0.0016102234676695333,2467
1428,20292,0.0,,0.0,0.4649687928451034,0.5321323937477741,0.267096544304227,0.0,0.4431137285293459,0.5080500360529394,0.0,0.7872341394704188,0.2203881547620831,0.7947952132712555,1.0,0.45060437687593935,0.4755818822911426,0.2528395461794209,0.0,1.0,0.005581785484676947,0.0015256904487998349,2468
236,8018,0.5314139445041567,,0.0,0.1226491159116306,0.7628092975326921,0.1568316696957481,1.0,0.1980626742269168,0.2788289232165631,0.0,0.9274859666387908,0.5980772467213936,0.7390115964200016,0.7771461144782232,0.6989971885710856,0.23844579872173996,0.4084580166280142,0.0,0.7771461144782232,0.005555242755361535,0.0016152997731595233,2469
1283,20048,0.0,,0.0,0.4666120453384347,0.5338237642469726,0.2691979222346035,0.0,0.3917162347574836,0.4605752856792735,0.0,0.7802865619502162,0.2183875139285638,0.7947952132712555,1.0,0.44836732228750886,0.4261457602183786,0.25392674636400214,0.0,1.0,0.005459842498354633,0.0014841409334030663,2470
215,8041,0.5406557772729131,,0.0,0.1175430441977275,0.6662241797121826,0.2119350430024611,1.0,0.308917066719495,0.2379639186817197,0.0,0.516283171292208,0.1470314222711567,0.7789425991309047,0.8822616494359928,0.49572824249179565,0.27344049270060733,0.3991404533824743,0.0,0.8822616494359928,0.005442092605022401,0.001525134197386046,2471
1889,24031,0.4600283775685494,,0.0,0.2643096874086129,0.5784983340086736,0.2952287901738459,1.0,0.2837379081431391,0.3310698027129274,0.0,0.3603994499912109,0.1109401163119607,0.869453057760477,0.7771461144782232,0.4502052504080495,0.3074038554280333,0.4276073623182265,0.0,0.7771461144782232,0.005401738350698259,0.0015597006746363802,2472
60,5013,0.0,,0.0,0.1550217184396211,0.955694979530814,0.0474207280845904,1.0,0.1676675104169301,0.2458533178594095,0.0,0.5679548861936903,0.7290125047671917,0.7390115964200016,1.0,0.5089947468452208,0.2067604141381698,0.4316274852110051,0.0,1.0,0.005388376795004739,0.001459897774320737,2473
1886,24030,0.2520310546068048,,0.0,0.2422486525009038,0.5922657141635781,0.2178840698297377,1.0,0.3010320284032275,0.383609555108881,0.0,0.5905341507960777,0.1375886162785593,0.7606458862803938,0.7097780834867178,0.4351999269904589,0.34232079175605423,0.41047968729884393,0.0,0.7097780834867178,0.005339582113756708,0.0015725462986494348,2474
1498,20408,0.0,,0.0,0.4060497778859984,0.458444866506205,0.2204584429621126,1.0,0.3555425665899246,0.2571999707640663,0.0,0.82110282932356,0.472175338287273,0.0,1.0,0.3233195419027083,0.3063712686769955,0.4169906174708632,0.0,1.0,0.005286901932401807,0.0014256127418199333,2475
1426,20288,0.4532684132055056,,0.0,0.4965952291684913,0.5618226969952307,0.2894405708179912,0.0,0.3076683420611455,0.3809753882317941,0.0,0.3347806849269974,0.0048815901593446,0.869453057760477,1.0,0.41559593651308113,0.3443218651464698,0.2695716993963427,0.0,1.0,0.005215092769334155,0.001401449806390482,2476
2039,28036,0.3572144398235061,,0.0,0.2075046329909385,0.8635531131046661,0.2200656121061779,1.0,0.1651994293011721,0.293520163017955,0.0,0.543638675448642,0.6195038964332341,0.0,0.9257153714927412,0.38008925292634554,0.22935979615956356,0.4582246716403565,0.0,0.9257153714927412,0.0051712051309838,0.0014137425790816378,2477
2422,32027,0.0,,0.0,0.184485116319259,0.696288020091699,0.0982239256447585,1.0,0.1506710338200172,0.1944023658486553,0.0,0.8267476454741567,0.5900298452130667,0.7125442614903211,1.0,0.5323304380443862,0.17253669983433625,0.3957994124111433,0.0,1.0,0.005153562963220121,0.0013808117784309803,2478
