CVEGEO,water_availability,economic_output,n_industy,distance_ciit,dist_to_border_km,dist_min_ports,highways,dist_min_km,gen_min_km,rails,pv_mean_annual_kwh,wind_mean,rainfall,crime
1001,0,279752.625,4316,1000.373808,639.5138521,332.0189367,1,45.98414795,5.717994718,1,1880.844955,40.68944931,600,6177
1008,8.399309,46.698,63,1040.528137,610.4549776,327.8327312,1,21.45487886,40.17946399,0,1746.159971,15.15791893,700,64
1011,0,44202.135,251,1003.729148,611.6143571,348.3910989,1,23.75526247,20.01309906,1,1903.840029,61.58621979,500,339
1009,0,6960.706,58,1008.841846,587.9575029,362.053249,1,14.16084162,42.60056703,0,1887.050028,61.19379044,500,78
1007,0,4399.484,232,1026.4987,590.5849199,350.3688078,1,4.583098076,44.81011408,1,1888.87507,22.74875259,500,277
1006,0,440.578,168,1015.042856,606.9280656,345.1246756,1,13.80249149,26.63086078,1,1900.189946,45.16228867,500,248
1004,0,456.057,47,1025.640836,578.5138521,359.5104219,1,15.07765885,54.83871678,1,1875.734978,44.79206848,0,78
1005,0,49562.686,865,1022.172798,632.1412691,322.9023385,1,34.51237983,17.89590671,1,1860.405045,31.02900505,600,806
1010,0,1253.369,58,979.3443712,616.7442995,361.5906567,1,45.1721373,27.59391826,0,1882.669997,56.83396149,500,85
1003,0,1456.031,259,1046.930158,645.9108217,298.1513916,1,52.35612034,42.01320712,0,1777.184985,20.25899315,600,203
1002,7.97713,106.629,111,988.8712832,593.7442995,369.9457736,1,31.20109287,38.88248666,1,1891.430058,53.58961487,500,134
2007,0.889374,72.8,53,2792.41789,230.7695526,210.1149241,1,262.6364281,228.2726094,0,1589.210033,9.958270073,0,122
2003,1.037084,24334.459,475,2835.827053,37.45584412,71.0820678,1,73.51599788,443.9786382,1,1744.334929,20.07292175,0,742
2004,0,302569.193,4199,2889.069694,19.14213562,64.83986506,1,20.97160459,484.939507,1,1626.074972,26.88739204,0,8485
2001,0,22333.76,1129,2794.003676,139.3969696,65.48213937,1,134.6610928,369.0517816,0,1646.880031,2.870661736,0,2475
2006,0,669.53,210,2945.631093,387.2964646,340.6541474,1,271.6405239,185.6831117,0,1497.59506,2.409881115,0,293
2005,0.471866,6958.619,476,2888.028063,33.65685425,50.24150615,1,21.16436844,478.4646563,0,1699.075077,45.51646423,0,694
2002,1.520579,171967.327,2581,2732.086938,52.41421356,126.9392468,1,165.9410921,355.9602447,1,1686.299958,39.24798965,0,6298
3001,2.13557,1707.955,360,3488.142853,929.8082246,204.761101,1,206.3989437,281.2985242,0,1787.039967,20.47556114,0,206
3008,0,2664.448,1329,3829.086071,1270.751442,46.00200784,1,18.72635274,45.16027651,0,1708.199937,4.025697708,400,2575
3003,0.00842,5116.472,1260,3690.292132,1131.957503,32.36998291,1,148.9573384,153.227688,0,1706.009922,4.813137531,500,2439
3002,0,819.012,238,3231.951945,673.6173157,241.0611324,1,94.37350973,242.7706218,0,1639.215064,10.07291222,200,189
3009,0,95.325,92,3457.882969,899.54834,219.3636766,1,173.6030823,225.5789456,0,1693.599951,24.40146637,200,79
4008,2059.634923,174.124,74,674.9869401,628.5584412,158.3620932,1,32.96787604,119.5215473,1,1634.47006,68.37025452,1000,7
4005,2059.634923,283.014,121,695.7148622,649.2863633,138.6870029,1,51.10173538,99.68501539,1,1632.280045,70.66766357,0,30
4003,1762.97343,4075.182,927,468.9970414,409.6812409,182.4052768,1,79.57919603,37.08742748,0,1595.780079,74.86575317,1500,202
4012,2059.634923,156.95,56,613.8326112,567.4041123,213.5995631,1,28.37611672,161.6136803,0,1673.16004,69.49634552,1100,35
4001,2059.634923,359.333,825,719.6732316,673.2447327,116.1994926,1,69.57408009,81.99231975,1,1638.849916,75.95532227,0,31
4010,306.460761,80.191,59,661.8254685,525.1858582,320.2930397,1,180.5728678,228.1258353,1,1474.235013,23.80846405,1300,2
4006,306.460761,532.564,195,707.1168825,608.5533906,201.7966056,1,101.7886005,160.3781845,0,1529.714994,42.07170486,1000,25
4011,385.530232,46.236,73,536.4284989,404.4751801,266.0871577,1,92.57764792,130.4251759,1,1552.344921,40.48239517,1300,11
4004,2059.634923,2296.561,278,598.2346315,523.6883835,256.5997312,1,78.51124822,147.7020883,1,1589.210033,34.42736816,1300,173
4013,2059.634923,259.299,415,716.3422792,669.9137803,121.1896588,1,72.55924745,81.10958249,1,1630.455003,71.04069519,0,21
4002,2059.634923,3367.802,1029,640.8448045,588.5584412,196.2677158,1,34.3745124,156.4122351,1,1608.555024,59.53469086,1100,264
4009,2059.634923,621.22,268,579.5533906,464.5878785,288.9794559,1,139.1395454,141.1724308,1,1561.104982,33.71450424,1300,5
4007,1762.97343,17.245,36,406.156421,357.9705627,131.6769651,1,69.43690778,44.82239122,0,1595.414932,85.69220734,0,0
5010,0,40197.365,441,1413.221572,225.0954544,618.6042235,1,11.1344896,105.861379,1,1700.534971,47.27963257,0,310
5036,0,9.779,17,1281.21147,443.7960313,420.0530421,1,45.65926001,65.65708887,1,1646.515057,29.42908478,300,52
5018,0,22456.179,1241,1394.552524,194.1665222,594.7294693,1,22.86047967,104.1110222,1,1528.254926,17.5190506,400,1308
5029,0,0,5,1421.748484,246.119841,627.2585126,1,32.98875867,116.8429665,1,1633.374965,37.76661301,200,2
5007,0.421886,780.795,63,1417.701802,294.0731599,569.1351007,1,88.59682179,170.6552243,1,1553.804989,12.15470886,400,77
5032,0,435.915,183,1531.836795,114.4091629,714.6132564,1,35.74395688,35.72966717,1,1637.025049,47.15254211,500,144
5006,0,10499.95,145,1368.422582,227.2497834,578.2358708,1,32.18403169,123.1580941,1,1635.200007,16.52495003,400,151
5003,0,598.568,73,1536.782971,63.15432893,714.0302281,1,53.07460592,23.84714304,1,1617.680058,120.2407227,400,110
5012,0,0,2,1495.243866,72.38477631,674.9939087,1,77.75883528,66.69348429,0,1562.930024,112.6134491,400,0
5009,0,3245.823,160,1413.152596,371.5239533,476.7262282,1,64.88852769,89.63532067,1,1669.87493,34.85674667,200,135
5005,0,0,4,1373.398195,157.2375901,569.3187409,1,53.50015291,113.5980159,0,1511.830072,14.48634243,400,2
5004,0,35866.006,116,1200.356565,270.3797257,424.3194114,1,37.10106689,35.4929879,0,1441.384957,8.386995316,600,336
5016,0,10.092,12,1451.961687,228.3330445,631.1626793,1,55.26549032,108.2825442,1,1660.75007,16.08094215,400,2
5035,0,183792.083,2315,1289.466304,477.8670991,389.4568786,1,39.86907825,47.53754247,1,1619.870074,22.32983398,300,2775
5014,0,29.744,15,1618.439826,40.24264069,788.598301,1,34.10073766,56.49454878,1,1567.310054,108.2931595,400,49
5008,0,0,2,1443.280446,184.5269119,637.1894222,1,46.29743824,60.55549708,1,1543.585033,31.79597092,400,8
5019,0,177.134,28,1548.410388,72.39696962,726.1514442,1,54.40666196,25.18422796,1,1629.360082,98.30873108,400,25
5038,0,102.738,47,1614.251009,77.56854249,787.7985091,1,71.04057793,59.22654861,1,1583.735082,35.74008179,400,45
5037,0,5.378,15,1510.983982,77.35533906,690.2044605,1,44.76132448,44.7361661,1,1594.320011,131.8472443,400,5
5001,0,0,2,1421.623592,188.8111832,618.3124669,1,29.61836144,79.83765798,1,1574.610047,30.38478279,400,2
5017,0,8316.747,371,1330.80945,456.0559159,417.5733927,1,3.407296807,25.65963003,1,1849.454968,58.17348862,200,581
5002,0,27105.198,376,1708.103823,103.3137085,814.4805406,1,105.204337,149.4671251,1,1589.575007,23.08957672,400,1349
5026,0,,0,1445.510893,153.1421356,634.7931905,1,47.18619104,47.21253596,1,1497.59506,16.06093979,400,2
5021,0,8.68,24,1454.162697,214.5340546,647.7529195,1,48.80478996,91.97082552,1,1617.315085,20.80578995,400,22
5013,0,,0,1453.160605,60.35533906,636.1656176,1,106.0530314,106.0443798,0,1577.165036,128.1873932,500,0
5024,0,2185.167,150,1278.245958,348.9554108,506.1716203,1,91.26146731,135.8147203,1,1666.589994,31.67781067,400,251
5020,0,786.097,364,1589.547473,142.8650071,733.7330603,1,98.06591414,97.63837275,1,1444.66998,1.882292151,600,342
5023,0,3434.701,33,1581.726189,239.8893937,636.4411987,1,173.6993482,173.7052614,1,1509.640057,16.77146721,300,18
5022,0,95859.857,111,1548.770778,27.14213562,724.3445256,1,88.33596429,28.0242906,1,1568.040001,116.1334457,500,126
5015,0,0,3,1458.256059,114.6568542,642.4698691,1,47.34773329,47.35225255,0,1606.000035,101.7781982,400,0
5011,0,77.065,37,1257.049999,303.256926,502.6901955,1,56.33367346,103.7487959,1,1589.575007,13.61319447,200,76
5034,0,9.387,17,1558.135352,263.4802307,552.9477169,1,135.2605021,134.4026125,1,1668.78001,25.53928757,300,0
5033,0,2204.728,262,1367.098772,379.4701295,492.8660803,1,44.48924466,95.44492996,1,1706.37507,16.32046127,200,321
5031,0,226.916,111,1530.446968,181.764502,681.9378527,1,82.4247534,82.43305638,0,1624.980052,21.52050209,400,83
5030,0.762258,407352.925,3008,1185.238816,332.8772004,434.3886421,1,47.94176862,57.46250112,1,1610.380065,15.87973309,400,1563
5028,0,8055.844,266,1505.89567,112.2670273,689.1028553,1,9.532892445,9.505285666,1,1632.280045,56.97182846,400,322
5027,0,479117.157,527,1288.866233,249.0731599,514.3901484,1,58.91934367,75.03103756,1,1542.124965,26.71272469,400,710
5025,0,38673.913,468,1579.770778,13.3137085,753.2459872,1,66.51998417,42.64680696,1,1569.50007,112.5611954,500,1698
6009,4.480262,10360.849,595,1134.494516,1031.309883,79.52856941,1,144.3053423,64.84480426,1,1493.580003,8.540393829,1000,586
6005,0.527467,2176.885,152,1024.293506,969.2611101,81.65915069,1,16.7617557,102.8303802,1,1711.485047,6.988712311,1200,132
6010,0,863.766,611,1050.465079,982.4448763,56.68465848,1,14.10962017,76.22835524,0,1680.460033,1.213712215,1200,935
6008,0,29.447,34,1072.778787,982.314934,46.39341454,1,34.48266053,58.53475469,0,1549.424958,0.526373148,1500,54
6002,4.480262,4775.563,897,1018.766594,993.9179644,72.29183477,1,17.56235975,99.55421019,1,1662.209964,6.870504856,800,1632
6007,0,5253.628,566,1090.837662,1017.912914,11.10792991,1,60.13280993,30.7737978,1,1608.919997,3.065687656,1000,1971
6006,4.480262,8.625,18,1017.139177,1011.989032,67.48423792,1,31.08690748,98.27872171,0,1628.994935,6.567138195,700,28
6003,0.527467,123.324,147,1045.607214,968.7169542,69.22779347,1,17.11886526,86.16703617,0,1653.084929,1.487578273,1200,142
6001,0,699.868,174,1053.210245,1021.072293,33.98024942,1,38.25842974,65.65576315,1,1675.715029,2.684916496,1000,133
6004,0,78.276,82,1051.080303,997.9301577,45.05114772,1,20.11580643,69.48590316,1,1638.484943,1.57283771,800,160
7106,58.831968,5743.14,745,273.3847763,156.8528137,242.980843,1,42.9184325,74.75336328,0,1542.855086,4.813737392,1200,2
7090,190.085458,3.964,23,241.7939392,279.119841,134.9332039,1,51.18268267,10.76205415,0,1301.954968,15.33370399,3500,1
7022,577.409318,8.794,16,288.9238816,237.3380951,168.8489319,1,31.53780338,49.79626828,0,1324.584981,1.945173979,2000,1
7073,190.085458,47.612,60,253.5512986,270.7350647,139.515754,1,51.50234626,6.558458946,0,1433.71999,31.31481934,3500,1
7042,577.409318,24.14,34,259.5218613,282.3208512,128.1997991,1,63.29120051,6.810523119,0,1288.44999,4.848757267,4000,3
7036,697.527042,,24,356.0071427,51.38477631,326.9736537,1,56.84715945,50.89279963,0,1318.744969,1.285364985,3000,0
7121,190.085458,3.517,12,261.2081528,272.2497834,137.931045,1,57.14506946,9.384545256,0,1357.069976,31.6875,3500,0
7119,577.409318,0,2,274.1959595,232.8944443,172.421496,1,25.13104063,39.78142351,0,1489.929919,5.017464638,2000,0
7124,190.085458,14.433,39,185.137085,297.901587,133.3099643,1,4.66954013,64.84400597,0,1353.78504,12.43314457,3000,4
7123,58.831968,20.274,54,239.0710678,187.6934342,217.1333081,1,34.71713073,39.58837856,0,1707.46999,8.172481537,1200,2
7067,190.085458,12.776,35,246.5512986,273.6345597,138.9014416,1,49.14896269,7.885093644,0,1329.329985,21.69955254,1500,2
7091,577.409318,52.497,105,255.4507935,278.1492783,132.5899326,1,57.74769946,1.430708968,0,1395.759957,22.95941544,3500,3
7114,6.823576,369.621,87,486.4142136,271.0365799,368.6127731,1,177.8892855,236.9101822,0,1481.535006,27.0640583,2000,8
7069,303.352004,158.034,216,245.4507935,142.6101731,221.395678,1,69.10093038,76.20298247,1,1338.08996,8.075893402,3500,10
7081,577.409318,101.288,258,292.3086579,251.1665222,156.2843976,1,44.47195629,43.28880394,0,1400.139987,0.840057373,2000,13
7080,303.352004,,56,340.5929291,58.59797975,311.9836949,1,45.26155718,42.47984492,0,1281.51497,0.489233553,3500,3
7065,388.45366,1538.62,447,392.8772004,277.9116882,184.1264329,1,49.66035947,129.708405,1,1462.554989,3.325490475,3500,57
7077,577.409318,51.044,61,351.2203461,268.9411255,154.721133,1,55.74495444,90.57509514,1,1435.545032,11.51648426,3500,1
7086,58.831968,72.04,197,214.3847763,207.2914139,204.9188474,1,20.52511703,19.49074149,0,1528.985047,4.1460495,1200,3
7010,697.527042,,8,363.8355698,49.79898987,333.4769369,1,61.14065786,54.34504359,0,1432.260009,3.607998133,1200,1
7011,697.527042,,22,348.0365799,64.627417,321.9614209,1,60.97028569,57.62426946,0,1319.839977,0.17719321,2500,1
7024,30.605168,17.223,33,316.5269119,176.6984848,227.6822736,1,33.76305809,99.35053906,0,1504.895053,3.076860905,1500,1
7028,190.085458,15.952,35,258.3847763,189.0660172,214.4729755,1,20.02605181,49.2801659,0,1672.429919,7.611272335,1200,0
7122,58.831968,72.842,154,232.3847763,173.8355698,233.4243288,1,33.40999441,49.57230276,0,1637.390022,31.24865341,1200,8
7001,303.352004,69.506,119,312.8061325,75.254834,281.8899069,1,14.53251047,24.87846699,1,1426.419997,2.325159788,3500,8
7002,143.591609,47.047,133,248.9705627,191.7939392,212.6779077,1,25.4622804,41.28177132,0,1538.840029,7.202024937,1200,4
7003,303.352004,1011.72,108,312.5046174,75.55634919,279.3992551,1,10.80980351,21.39761239,1,1585.55995,11.70731544,0,11
7004,388.45366,55.994,156,356.8406204,190.9116882,242.7980405,1,36.19774974,135.0769237,0,1411.089977,0.918649435,2500,4
7005,577.409318,19.931,26,276.0782105,288.3502884,122.0337059,1,50.71835078,22.67377714,0,1285.530027,5.305162907,3500,1
7006,697.527042,,61,366.5218613,60.28427125,338.6164626,1,68.78202258,64.16358442,0,1422.039967,0.428687364,1200,5
7007,143.591609,72.063,1147,293.5563492,172.1543289,229.4082,1,31.61463465,83.49746811,0,1543.22006,8.267015457,0,1
7029,190.085458,15.867,34,233.4386002,253.2914139,159.7559596,1,26.9166494,6.321576799,0,1473.505065,5.736666679,1000,2
7012,295.2518,1330.537,1095,205.8111832,245.9898987,174.0717646,1,18.02616017,22.94788482,0,1370.209981,10.5693531,1500,7
7013,190.085458,80.226,116,250.6812409,249.6639969,159.5542364,1,36.97665942,16.60114921,0,1485.184915,4.833772659,1500,8
7014,577.409318,18.143,63,274.9238816,243.137085,163.093487,1,34.42910689,37.77965513,0,1320.205038,0.024830652,2000,1
7015,38.479355,98.296,235,384.4751801,4.414213562,346.307398,1,16.058805,21.2358175,0,1175.30001,0.048487239,4500,6
7016,161.080504,9.24,24,384.374675,303.3847763,147.2587775,1,49.0223811,98.02925298,1,1615.855017,101.8239899,2500,14
7019,143.591609,728.726,1174,318.9705627,138.7989899,260.763473,1,65.0794825,114.3776098,0,1620.964994,17.09738159,1200,125
7020,303.352004,14.856,208,274.9533188,123.0660172,260.3691967,1,73.80191683,85.48225424,0,1369.114974,1.259254217,3500,2
7021,190.085458,26.579,79,221.5807358,269.9188309,148.5642027,1,37.23955933,23.95586641,0,1301.589994,8.522498131,1500,5
7033,180.335309,0,2,226.6934342,293.5756852,126.5710972,1,36.40324821,28.19114228,0,1205.230017,3.93377471,3500,1
7053,38.479355,0,7,367.2203461,35.97056275,334.229204,1,47.95720295,45.6779622,0,1428.974986,0.113843486,4000,2
7025,577.409318,14.678,39,244.3502884,290.9482682,123.0115495,1,52.15241803,15.09847957,0,1197.930024,3.590363741,3500,1
7026,577.409318,20.261,112,291.0243866,228.2670273,177.7979434,1,24.59418149,55.89238004,0,1397.949972,1.658125401,2000,3
7027,58.831968,3692.77,459,233.0416306,204.2497834,203.9372021,1,28.58311157,24.05201418,0,1172.745022,2.411323309,1200,61
7030,697.527042,0,124,323.5807358,89.66904756,302.8916205,1,65.67243394,67.91078663,0,1453.430041,1.522796392,2500,19
7031,388.45366,83.906,144,355.7228714,230.2132034,192.4177889,1,24.76543433,105.48583,0,1389.920032,0.878252983,2000,5
7055,38.479355,7.845,24,394.901587,11.48528137,354.0035071,1,11.45279505,11.77268362,0,1678.270018,18.52801514,2500,1
7023,30.605168,28.213,110,273.3969696,216.8233765,187.4683898,1,10.15763884,46.20065227,0,1426.784971,14.10439873,1500,2
7034,697.527042,0,309,355.9949494,82.87005769,318.9590221,1,83.88594232,80.49105312,0,1557.089925,2.13173461,1200,24
7075,143.591609,72.642,227,295.4852814,153.4974747,246.0470425,1,46.25999399,93.22938369,0,1531.540036,15.52232075,1200,1
7076,577.409318,15.261,52,300.5929291,271.1665222,138.7925691,1,49.13967873,43.77382751,0,1393.935002,2.505814314,3000,1
7038,30.605168,5.14,12,299.4264069,191.9827561,210.9885046,1,23.23641858,78.7674573,0,1574.610047,6.460784435,1500,1
7039,577.409318,22.48,42,288.8650071,265.4802307,142.76798,1,56.33591153,34.11228831,0,1355.245022,3.609269142,3500,1
7040,38.479355,2876.313,303,344.3036072,46.24264069,307.6507351,1,25.85446829,13.50426683,1,1532.269983,3.551630974,3500,30
7041,52.993121,77.454,161,362.8700577,145.4680374,288.975515,1,83.14605878,138.349823,0,1317.284988,4.955338955,1200,4
7043,577.409318,24.085,61,250.9066376,301.119841,112.8671369,1,59.23460336,21.12629201,0,1285.895001,8.648472786,4500,4
7044,190.085458,27.152,74,249.9827561,225.3502884,182.0760273,1,28.19559383,25.07781935,0,1491.025014,10.5080471,1200,3
7045,577.409318,8.45,17,266.391919,301.7350647,110.0332237,1,52.71838027,24.57157031,0,1318.744969,11.08189869,4000,3
7046,227.611227,43.05,132,153.2426407,237.3036072,167.4637531,1,42.98375069,49.53445653,0,1439.560002,8.011797905,2000,6
7048,577.409318,51.211,83,252.3330445,335.6761902,81.51566954,1,36.68338478,53.39213687,1,1473.870039,48.31837082,3500,11
7052,52.993121,198.483,277,360.4142136,167.5391052,275.3263431,1,68.30581188,154.7114386,0,1357.435037,2.209548712,1200,30
7056,577.409318,2.331,8,288.2964646,218.8528137,185.8267348,1,17.12399524,57.14761384,0,1486.28001,16.9156208,2000,1
7054,38.479355,63.384,166,360.8305192,39.65685425,322.4777627,1,25.31342352,5.125894565,0,1722.799923,13.99690247,1500,27
7072,190.085458,55.652,135,269.2081528,268.9360749,139.6928689,1,58.35641033,16.6997335,0,1276.404992,18.36962128,3500,4
7111,30.605168,133.749,720,258.8406204,209.9655121,195.0040912,1,13.76796219,37.83252926,0,1416.929989,11.2007618,1200,5
7110,190.085458,17.052,44,261.2842712,196.0660172,207.1743828,1,13.22593192,46.43601295,0,1502.705038,3.998532057,1200,0
7051,303.352004,881.189,222,288.5634919,99.49747468,258.8403211,1,29.38167857,43.62504895,1,1395.394983,0.59335345,3500,32
7050,161.080504,5.807,21,405.3330445,297.9827561,179.5173129,1,31.73784599,115.3515974,1,1624.980052,107.5619125,2500,1
7049,190.085458,11.752,98,266.9533188,232.3797257,173.4277772,1,25.49784573,33.94249575,0,1360.719973,4.186734676,1500,1
7096,577.409318,42.951,218,316.9066376,273.7817459,139.7612612,1,43.82633078,58.16264329,0,1341.740043,2.003162384,3500,3
7097,227.611227,526.452,525,176.7817459,211.2792206,162.0795114,1,61.38539584,12.05128626,1,1401.234995,6.022571087,2500,47
7099,697.527042,91.953,237,362.5685425,120.7401154,300.9797664,1,98.87129263,115.7651204,0,1249.760009,2.571774483,1200,17
7058,143.591609,20.827,65,266.4142136,171.6812409,230.0300013,1,29.50946795,66.47597734,0,1636.294928,9.696185112,1200,0
7060,190.085458,13.213,26,235.3797257,280.6051224,134.523842,1,45.46453467,17.12369863,0,1214.354964,3.130732775,3500,0
7070,303.352004,,25,355.7350647,44.04163056,324.3929888,1,48.80785471,41.50949222,0,1488.834999,2.109760284,3500,1
7063,190.085458,7.562,17,232.882251,240.6345597,171.0143197,1,18.32588586,5.161325943,0,1199.025031,9.009299278,1200,0
7057,38.479355,112.898,260,355.5340546,32.52691193,321.0894765,1,38.79285117,28.65079099,0,1221.654958,0.43684876,4000,37
7101,190.085458,8712.956,3540,220.4264069,224.7056275,187.8959453,1,6.065775347,2.456880361,0,1357.80001,4.767695904,1000,461
7102,38.479355,48.144,104,391.5878785,6.414213562,350.9463203,1,5.402654348,6.228744691,0,1606.729982,3.107934713,1500,40
7103,38.479355,61.93,53,355.8183259,32.24264069,319.3200219,1,30.70271115,19.65398303,1,1499.054954,0.534753382,4000,8
7104,697.527042,48.97,151,321.254834,121.2842712,275.5163672,1,75.58308466,107.0523961,0,1652.354982,36.33006668,1000,4
7079,190.085458,209.981,103,219.2964646,247.4335495,168.5241645,1,16.69893692,12.65315159,0,1320.934985,6.773321152,1500,7
7120,303.352004,,1,312.5929291,75.46803743,284.7209294,0,30.60091473,37.37824478,0,1348.674976,0.492498845,3500,0
7107,227.611227,10.54,415,221.2253967,166.8355698,210.4302385,1,35.8642504,56.60734908,0,1278.959981,3.040601969,2500,9
7108,227.611227,3908.751,846,191.2132034,196.8477631,195.5449586,1,10.37095795,50.25855888,0,1435.179971,3.322136402,2500,53
7109,577.409318,96.224,196,326.2081528,245.3259018,167.0204434,1,40.18697974,73.71875222,0,1365.100003,1.045171738,3000,5
7085,190.085458,18.613,70,244.5391052,240.492424,168.717327,1,27.84910332,11.40441556,0,1524.240043,12.66490078,1200,3
7088,180.335309,8.857,19,237.391919,313.747258,104.909122,1,49.87394636,36.59614209,0,1360.354999,28.71262932,4000,0
7093,30.605168,24.18,42,296.6396103,210.7106781,193.8095696,1,20.55264975,67.46504075,0,1481.535006,4.100986958,1500,0
7098,143.591609,20.32,43,264.7279221,181.7523087,220.3946744,1,21.46610042,57.53235522,0,1550.885026,5.712809086,1200,2
7100,577.409318,19.524,47,336.5929291,256.254834,160.2291588,1,48.45181764,79.55424391,0,1412.915019,0.472365469,3500,2
7105,38.479355,22.003,54,392.3036072,4.242640687,353.5288879,1,14.86174194,22.78550623,0,1144.63997,0.09885329,4500,3
7112,577.409318,25.877,31,309.6101731,219.3969696,187.8055411,1,31.31427519,74.95842119,0,1569.865043,1.730917811,2000,1
7087,38.479355,77.316,127,402.1858582,31.89949494,360.6395488,1,29.74011159,30.84915884,1,1699.075077,23.72547531,1500,23
7113,577.409318,,37,276.3675324,229.6518036,176.3409012,1,21.18029247,43.16967975,0,1537.014987,2.588327169,2000,1
7115,388.45366,12.566,24,420.627417,192.8233765,323.505407,1,119.3435553,178.9370583,0,1403.42501,1.965157747,3000,0
7117,697.527042,0,30,301.2081528,86.85281374,276.4753738,1,43.20694175,51.63348913,0,1374.954985,1.146671295,3500,0
7118,577.409318,2.23,36,273.3086579,259.0365799,148.2224031,1,49.4064576,24.89875842,0,1484.089994,10.9540596,2000,0
7047,190.085458,18.636,73,263.4091629,254.9360749,153.1507812,1,46.47514823,23.12775442,0,1494.30995,15.10271454,1500,1
7092,190.085458,23.326,70,209.8944443,284.1320344,141.1741367,1,21.78299244,41.10920963,0,1296.480017,6.916067123,3000,5
7018,190.085458,19.767,87,237.2375901,268.119841,145.8262448,1,40.06799847,18.39594293,0,1460.364974,12.2173996,1500,2
7059,6.823576,309.617,637,416.1543289,222.1076477,276.1310438,1,84.1815806,188.8359647,0,1378.970042,0.716675103,3000,81
7061,58.831968,4959.034,561,185.7401154,248.4457429,176.8717468,1,33.05616764,38.78650408,0,1305.970025,0.786284328,1500,21
7064,30.605168,24.108,89,316.9827561,197.5979797,208.2178493,1,22.47607553,89.23153394,0,1496.499965,2.610523462,1500,1
7066,577.409318,27.624,111,305.9949494,236.1248917,171.4905448,1,40.20682386,62.29670032,0,1541.030045,4.693405151,2000,4
7071,38.479355,147.392,93,332.9898987,55.07106781,297.5264006,1,15.16451749,7.199639748,1,1580.084999,8.481801987,3500,7
7078,30.605168,5533.848,1870,278.1837662,197.2670273,205.2845428,1,4.075056077,58.8196668,0,1508.909936,8.806682587,1200,246
7032,303.352004,54.818,130,328.8772004,59.18376618,296.1934368,1,16.78813258,16.73879666,1,1403.789984,2.273088455,3500,19
7125,303.352004,,0,327.3502884,66.56854249,299.8262696,1,39.77483322,41.00217287,0,1345.024979,0.472690582,3500,1
7035,38.479355,15.318,53,398.2152955,19.48528137,356.3389663,1,18.03455771,18.88500235,0,1684.109943,21.71489334,1500,1
7062,180.335309,659.812,56,218.492424,313.374675,112.8917961,1,34.52531082,45.64218773,0,1306.334999,23.252388,3500,2
7037,38.479355,107.981,122,361.6173157,35.55634919,323.6408014,1,20.78822636,15.40530983,1,1580.814946,0.909086823,4000,12
7068,577.409318,55.683,126,244.4629868,316.6761902,100.195103,1,53.98490931,36.84701313,1,1351.959999,14.24121571,3500,15
7074,180.335309,33795.776,165,254.7888886,355.747258,63.30363848,1,19.0845883,60.56244378,0,1485.550063,87.50806427,2500,58
7082,577.409318,17.814,25,318.5807358,229.7401154,179.6509717,1,30.78848763,74.78489027,0,1574.975021,4.836079121,0,1
7083,697.527042,28.338,63,308.0832611,125.0832611,272.5575985,1,71.14493967,101.3524349,0,1638.484943,17.79350853,1200,5
7084,577.409318,14.016,27,260.6639969,293.5634919,118.0636839,1,60.85938845,15.40282261,0,1233.334981,4.909552574,4500,4
7089,38.479355,7155.371,1384,377.9310242,19.24264069,338.7271791,1,5.426385016,6.081715206,1,1099.745004,0.098172314,1500,272
7008,697.527042,37.675,222,295.0660172,96.50966799,272.966081,1,52.74833388,61.40910943,0,1373.130031,1.047537804,3500,4
7009,227.611227,1298.229,283,138.0121933,250.0487732,134.8126479,1,70.90947466,26.56723577,1,1505.625,18.3313179,2000,21
7017,227.611227,247.769,605,139.5269119,267.5878785,154.1682889,1,59.75941858,70.74442851,0,1388.09499,1.409208894,1500,11
7116,6.823576,14.945,28,469.4852814,249.9655121,356.8398794,1,161.9115282,219.6521962,0,1482.264953,11.69700623,3000,1
7094,143.591609,213.506,599,282.2132034,181.5391052,220.3711926,1,19.63235803,70.38061613,0,1473.139918,4.763395309,1200,10
8037,0,230889.474,2770,2118.872509,32.11269837,573.0011382,1,30.31575939,15.12546692,1,1884.130065,90.48136139,0,6929
8021,0,14324.182,614,1708.350647,202.7350647,450.2677908,1,22.23005998,6.15139609,1,1900.189946,69.73041534,300,1046
8019,0,171326.553,3099,1836.345597,202.4386002,468.5182557,1,39.03877682,39.71146101,1,1753.09499,28.28767776,400,4185
8001,0,310.647,44,2001.073519,138.3137085,520.4483092,1,134.7465099,98.79417138,1,1771.710033,50.94752121,300,49
8006,0,8.069,13,1867.009594,310.4091629,367.5308103,1,115.1531985,118.340591,0,1835.219955,40.93518829,500,16
8052,0,1934.219,91,1804.171932,26.55634919,611.1749675,1,165.610425,161.7598929,1,1685.934985,38.37965012,300,33
8020,60.906153,1.523,4,1876.227848,466.7228714,212.1471978,0,88.55001901,109.0400181,0,1475.329933,0.728353143,800,9
8041,60.906153,,0,1836.79639,426.9726548,269.6968499,1,47.70529467,111.3692542,0,1533.730052,1.68729353,700,2
8055,0,30.943,35,1728.705986,203.0904038,436.6980863,1,48.96807158,25.54429922,1,1869.164932,51.04672241,400,59
8032,0,4805.684,583,1608.877559,321.2619767,374.8954218,1,76.48457409,53.83352368,1,1853.834999,57.97216034,400,881
8017,0,27049.137,714,1837.75476,285.0365799,396.4837783,1,81.07685198,82.41654174,1,1827.190015,38.64580917,500,1339
8043,0,148.072,10,1882.406563,336.1126984,326.3065097,1,83.26960177,129.0913182,1,1883.034971,59.55617142,600,5
8016,0,0,4,1664.539464,210.9238816,472.562612,1,28.0487407,53.18465909,1,1837.409971,66.79490662,300,5
8023,70.214055,0,4,2025.021787,182.7279221,401.9852751,1,205.9471369,171.5973304,0,1782.294962,74.0905304,400,32
8059,15.204465,10.584,19,1594.404471,357.6173157,341.0733644,1,104.6862338,89.8975479,1,1780.835068,43.86833191,500,60
8015,0,0,5,1876.095813,85.52691193,590.5453971,1,149.0119514,148.2348491,1,1776.455038,32.01701736,300,7
8049,50.503198,0,6,1690.671499,326.0264787,310.3858518,1,76.94490033,125.8957257,0,1825.364974,19.43568802,600,8
8036,0,868.66,144,1547.44401,275.8284271,477.0157477,1,52.83432413,52.05840953,1,1797.259922,45.81376266,300,278
8060,15.204465,21.673,30,1576.605481,360.9898987,352.5676338,1,92.30862074,89.65916864,1,1782.659936,44.22993851,500,88
8007,50.503198,10.88,20,1649.019695,395.4701295,281.1293295,1,53.93881085,141.7832425,0,1629.360082,0.278763205,800,29
8008,60.906153,0,4,1772.375034,445.394011,201.2314413,1,61.99454505,109.2968062,0,1385.904975,0.073821463,800,3
8051,60.906153,36.512,17,1873.708078,404.8061325,265.1113515,1,6.406590027,75.59227489,0,1481.535006,0.373236597,700,29
8067,19.400403,15.831,23,1653.019695,285.4041123,384.5845435,1,78.59320962,39.41212076,0,1857.850056,39.60269165,400,23
8062,0,596.139,76,1688.551657,210.9360749,454.3241413,1,6.028876619,23.99610748,1,1838.870039,61.10625839,300,146
8061,19.400403,0,4,1701.345597,267.7300141,372.7504875,1,92.89628775,80.89542637,0,1852.009957,35.70537186,400,26
8029,0,33.467,45,1673.92424,479.5950212,211.4794077,1,72.67078026,96.31288807,0,1385.904975,0.036226589,800,41
8003,0,75.351,34,1587.72323,310.1076477,408.6504258,1,37.98925972,38.82251178,1,1847.629926,66.2587204,400,12
8014,21.494882,4.099,4,1527.610532,351.9949494,404.9467284,1,56.51204579,57.00505256,0,1875.734978,65.9484787,400,0
8018,56.690775,,0,1779.097905,304.646753,359.5833742,1,89.36492226,86.38559983,0,1879.385061,53.05324936,500,7
8054,0,1576.01,6,1832.085712,248.7228714,429.063606,1,51.52307749,53.84676242,1,1849.089994,35.83701706,500,12
8058,0,0,1,1643.794298,258.1787156,427.7665332,1,49.82714301,6.470743814,0,1900.554919,72.3653183,0,5
8002,0,1033.229,79,1817.250142,136.5391052,514.9309258,1,67.54890628,66.17153781,1,1751.634922,34.15890503,300,84
8065,60.906153,2.905,14,1812.629868,459.139177,209.3711403,1,98.94597133,110.2131466,1,1485.184915,0.358655453,800,8
8063,19.810746,0,7,1886.318252,350.019336,288.7493086,1,57.17147513,91.6947075,1,1736.304989,4.742803574,700,6
8022,0,0,3,1736.700936,273.002092,369.8531187,1,78.2804057,72.57822734,0,1895.444942,56.19966507,500,5
8066,60.906153,0,4,1891.867458,422.9655121,234.5403894,1,48.07280936,70.20474806,0,1508.909936,0.532887816,700,2
8004,0,451.913,24,1773.191268,182.9066376,459.7131744,1,24.39645843,20.68744875,1,1758.569942,62.33993149,300,27
8009,60.906153,348.524,89,1796.725322,391.0437226,284.7736363,1,76.56146782,146.8405023,1,1678.270018,0.360526472,700,89
8010,0,476.511,59,1990.311109,209.5512986,437.0160491,1,183.0994937,154.4621996,0,1760.394983,55.13540268,400,33
8011,0,1535.811,155,1653.272437,171.6568542,532.8971825,1,84.97134411,105.6433511,1,1796.894948,64.27657318,400,293
8012,19.400403,5.712,7,1744.896895,340.8721497,314.4871454,1,108.798375,125.8541293,0,1834.125035,16.70672989,700,8
8013,11.266036,28.45,64,2052.389319,183.9482682,363.3964029,1,219.692479,176.1360595,1,1771.34506,10.64600563,600,33
8053,0,62.437,16,2069.019695,64.32590181,605.3813099,1,62.19399745,54.21190211,0,1776.455038,109.6224747,0,3
8057,19.400403,0,7,1737.298916,305.5584412,342.6053066,1,102.2330927,97.24100106,0,1891.430058,44.90660095,500,4
8044,21.494882,220.901,12,1557.250142,359.6345597,373.8575422,1,74.22952487,75.0510698,1,1849.089994,46.59732819,500,13
8031,60.906153,406.867,92,1827.607573,359.5340546,331.1360125,1,67.10204806,134.972679,1,1798.71999,18.59038162,700,122
8056,50.503198,0,2,1651.144587,329.529004,329.385601,1,90.25674059,93.93880378,0,1830.474951,30.80389404,600,1
8045,0,6868.194,145,1733.350647,177.7350647,465.5668372,1,41.23318172,19.45145118,1,1860.040071,67.19206238,300,238
8046,23.874806,0,1,1760.392278,467.3767671,170.3091493,1,69.94474848,79.52590435,0,1418.755031,0.276197016,800,4
8047,19.810746,4.859,6,1926.536506,381.2670273,213.066324,0,51.60919929,30.90508236,0,1598.700042,1.172909021,700,6
8025,0,171.738,22,1939.406563,279.1126984,345.8931106,1,133.0158563,158.6380998,0,1863.325007,55.9766922,600,6
8048,0,1278.582,105,1908.382177,274.5269119,397.0390772,1,122.535484,123.9114785,0,1774.629996,38.64007187,500,28
8024,0,254.418,15,1767.730373,246.0904038,403.2338928,1,41.76961683,36.61033939,1,1893.985047,56.43493652,0,32
8064,50.503198,0,3,1636.860315,354.1147904,317.8685523,1,81.28785381,103.2461125,0,1863.325007,58.04231262,600,2
8050,0,2493.629,219,2068.921282,144.627417,422.2968387,1,178.2039014,149.0400712,1,1873.909936,95.06013489,400,307
8026,0,0,3,1774.843071,268.9188309,387.1643542,1,57.79234789,54.02326297,0,1926.469955,83.94470215,0,7
8027,50.503198,296.636,102,1736.073519,391.6955262,248.4908071,1,39.49263034,156.5832509,0,1541.395018,0.148349985,700,97
8028,0,3.556,13,2011.250142,121.509668,602.850539,1,115.0206394,98.30004552,0,1800.910006,64.73558807,0,4
8030,60.906153,6.222,13,1848.914139,478.8549058,212.7240196,1,90.80883576,113.2607873,1,1468.394914,0.75075525,800,3
8033,50.503198,0,2,1618.203461,342.5878785,339.1182587,1,103.8347284,83.27075329,0,1823.905079,63.7156601,500,4
8034,0,4.813,9,1980.163923,235.8700577,367.9512284,1,174.0392724,190.8504788,1,1760.759957,38.2889595,600,6
8035,0,6.97,7,2134.673591,127.4386002,401.9933447,1,212.570479,116.8394205,0,1742.875035,7.906428337,600,35
8038,0,0,5,1736.125251,138.509668,512.8222591,1,61.20252724,58.72398918,0,1803.464994,62.6639595,300,15
8039,2.403231,8.871,17,1557.125251,317.509668,429.2226006,1,23.98243601,24.55482692,1,1851.28001,67.97944641,400,6
8040,0,385.282,78,1964.016736,272.3208512,294.9597549,1,124.0419692,121.5254497,1,1634.835033,1.483078957,700,85
8042,0,0,4,1726.419623,95.19595949,635.1154775,1,174.472782,182.7766859,0,1571.690085,50.6150322,200,1
8005,0,673.024,81,2146.980156,53.3137085,499.5954004,1,109.1063984,99.15463279,1,1802.370074,95.52748871,0,82
9005,0,32822.074,3640,564.4062043,752.9949494,315.1640101,1,5.893593223,2.336760707,1,1786.674993,20.18671227,600,3147
9007,0,95224.636,7805,550.3645738,767.0954544,307.7573427,1,11.55676968,4.946604658,1,1796.894948,27.4369545,600,4270
9015,0,34805.815,4003,564.0924958,762.2375901,317.9587876,0,2.433009633,2.740155619,1,1801.639953,28.91629028,600,5081
9017,0,8468.884,1601,558.0924958,759.7523087,312.0912087,0,8.203096853,7.413004556,1,1814.049923,33.65348816,600,1922
9013,0,14990.228,1394,549.394011,780.7523087,310.9895931,1,2.221592856,11.83795993,0,1734.114974,21.68822289,1000,1133
9003,0,30727.638,1513,559.1219331,774.2375901,317.4840849,1,4.855670414,1.080553063,0,1774.265022,18.0519371,800,2894
9008,0,1191.593,541,568.6366517,785.2081528,329.7335821,1,9.597313077,5.938257481,1,1665.495074,9.131209373,1000,692
9009,0,1137.993,579,539.8376618,789.6812409,306.8061498,1,14.06994431,20.68302768,0,1722.43495,24.14796829,1000,293
9010,0,13359.866,1590,569.5361467,777.3797257,327.6495042,1,3.417368761,3.388818176,1,1678.999965,3.807217121,1000,2347
9014,0,21339.281,1083,562.6072145,768.6518036,318.8760512,1,2.9656593,2.115750631,0,1795.800028,27.85441208,800,3282
9011,0,8400.585,1687,542.0508653,773.0243866,301.832969,1,11.25050974,6.172416315,1,1798.355017,26.68562698,700,977
9006,0,24438.822,1551,556.4356416,763.7523087,311.9722897,0,8.616351732,4.937244835,0,1806.74993,32.22050476,600,2456
9002,0,152594.599,1583,570.5777772,757.8944443,321.895027,0,4.674914197,1.124049697,1,1809.304919,32.83448029,700,1487
9012,19.238514,12851.695,1968,559.3229432,790.7228714,323.1812632,1,12.13935738,11.93169563,1,1692.140057,13.38094711,1000,2814
9004,0,9072.288,513,576.1219331,781.2792206,334.3382606,1,6.662847919,5.332831335,1,1683.744969,13.36902332,1000,588
9016,0,59156.421,1265,569.6782823,765.7228714,323.750553,1,0.033195453,0.033195453,1,1798.355017,26.39513779,800,2949
10009,30.134138,6.286,9,1568.811542,461.8305192,302.2381048,1,13.46121851,100.3741048,0,1686.664932,1.664310217,800,3
10017,26.144879,16.692,34,1550.764861,392.2619767,351.3212858,1,66.24643146,104.0822889,1,1706.740043,13.92965126,600,8
10036,0,11515.813,58,1434.377993,387.2375901,449.1735708,1,90.90527492,88.3000274,1,1789.229982,31.89820099,200,24
10021,0,21.858,34,1315.650071,539.3553391,296.0781321,1,100.2823439,72.14711039,1,1788.865008,30.27192116,500,16
10034,0,17.801,26,1589.591196,603.9970414,196.7847551,1,78.10146679,32.15220456,0,1368.385026,0.024496544,1000,7
10024,0.632674,29.826,58,1382.703894,492.5269119,291.2541697,1,121.6568229,87.52024863,0,1806.74993,15.45126247,400,28
10012,0,2568.51,429,1341.277488,480.3380951,375.473751,1,29.08970162,17.22097218,1,1672.795067,21.40084076,300,126
10039,30.134138,994.33,114,1415.377993,549.4091629,230.9168255,1,98.06767415,44.24205147,1,1760.03001,14.93784046,400,56
10018,22.8065,39.375,65,1463.68665,478.0365799,288.238526,1,84.81132981,58.81698211,0,1736.669962,14.83110428,500,8
10011,26.144879,0,1,1449.556708,449.9238816,315.6575761,1,98.05380159,85.90915178,0,1831.205072,16.90026093,500,5
10005,0,26502.776,2718,1358.199277,639.3675324,182.3594946,1,18.7581167,48.11037464,1,1476.425028,0.083104491,1000,1668
10010,5.658765,1.171,6,1456.669406,403.0538239,359.7049833,1,114.2736287,115.2729748,0,1830.109978,48.15338898,500,1
10030,6.678254,0,1,1387.68665,438.0710678,338.2838963,1,100.8716974,86.93125354,0,1795.800028,36.20701599,400,0
10029,6.678254,0,11,1364.988166,464.2426407,323.2660956,1,92.18949625,79.75763751,0,1868.070011,33.11113739,400,0
10023,0,1010.263,247,1382.346463,719.6639969,115.3368579,1,93.00417443,77.74645825,1,1381.525031,0.039119668,1200,79
10033,3.883231,13.542,38,1263.346463,649.5676759,233.5299123,1,27.22749167,92.97872494,1,1697.979982,5.732244492,600,7
10016,0,433.36,68,1286.743433,638.1707063,235.6541213,1,24.71799723,52.44677147,1,1827.190015,25.94224358,500,55
10003,0.632674,0,2,1397.662264,518.6396103,263.1539742,1,111.1252023,63.78021453,0,1768.790071,16.39131165,500,0
10004,0,314.668,85,1273.507935,545.4062043,322.8502948,1,94.77246654,92.24489152,1,1741.77994,38.33405304,600,101
10006,7.018567,2.849,9,1243.223664,493.5067094,369.6596964,1,84.47460857,90.82004138,0,1772.075007,30.43688202,400,1
10025,26.144879,1.476,3,1537.095813,425.2619767,340.0203324,1,39.06722345,127.7637881,0,1816.97006,22.26927376,600,0
10008,0,528.37,182,1298.667314,580.3553391,274.5263854,1,71.02113583,44.03217453,1,1826.094921,36.41027069,500,98
10027,0,12.349,15,1209.512986,448.8914857,409.7106724,1,110.0328283,125.0267506,1,1862.230086,54.34606552,300,0
10001,0,210.287,101,1391.052091,582.6812409,210.1263325,1,60.38504881,56.96879029,1,1777.914932,14.62752151,800,55
10035,39.890599,93.506,56,1544.958728,522.2447327,252.8507622,1,54.53515199,57.49524876,1,1498.689981,0.322976172,1000,15
10014,13.21242,19.643,25,1285.878426,711.0357134,192.3611606,1,85.48480913,81.9802921,0,1520.954933,0.204007179,600,28
10022,0,63.631,118,1275.027704,609.8864351,260.5138586,1,30.36760064,51.01087797,1,1845.074937,60.78194809,600,73
10038,0,426.234,179,1256.601297,616.3128419,259.02843,1,3.458517201,73.52638374,1,1856.754961,62.07044983,600,93
10037,0,2.454,9,1590.674457,564.6122651,229.4987637,1,98.31025548,5.694204432,0,1373.495004,0.059952196,1000,0
10019,39.890599,0,2,1500.579003,601.1025971,174.3254244,1,135.9311667,64.56705598,0,1411.089977,0.09575592,1000,1
10028,0,163.965,33,1355.892711,531.7989899,267.0083032,1,86.97003177,63.54336097,0,1810.03504,25.28127289,500,36
10026,0,16.414,31,1461.039897,645.646753,134.1307986,1,111.999879,95.83928325,0,1237.715012,0.052050639,1200,4
10015,0,58.194,39,1335.774962,488.7695526,329.1480309,1,74.01927278,63.91246132,0,1738.495004,20.69960403,400,19
10031,7.018567,15.303,33,1235.395237,525.5189027,338.4698192,1,102.4178599,102.5292022,0,1846.535006,63.90455246,500,5
10007,0,83357.839,1170,1361.40743,449.7787873,408.6474751,1,25.86392568,19.60690293,1,1826.094921,36.44305801,200,355
10020,0,30.166,41,1330.80945,561.2426407,255.0186352,1,58.53448676,31.06319017,1,1806.384957,47.69987488,500,27
10032,39.890599,1126.055,221,1487.419623,559.3330445,211.9316252,1,107.9613994,28.17775243,1,1362.180041,0.123138778,1000,157
10013,6.678254,894.812,78,1433.502884,388.1126984,400.8320193,1,101.4801315,88.92672124,1,1609.284971,19.32305336,300,16
10002,39.890599,0,5,1568.975972,580.2274888,208.4700745,1,107.2839963,19.12382673,0,1557.455072,0.067320198,1200,0
11044,0,26686.91,295,807.7981233,722.5950212,313.0086268,1,10.7395427,21.43621914,1,1889.240043,96.84950256,700,273
11017,0,140060.591,2056,853.8397539,721.7493501,316.3123504,1,32.22425556,22.54237269,1,1853.470025,34.53895187,800,4713
11037,105.046121,331260.344,865,873.8519472,696.0630586,342.7421988,1,44.17673807,16.22116355,1,1829.015057,47.69697189,800,1667
11010,1.004238,24.187,42,729.8864351,732.4995667,314.1958848,1,51.76355587,38.36808904,0,1788.865008,69.91311646,0,48
11031,0,19139.826,2376,907.7808794,715.9747468,331.4957044,1,14.6834141,24.93953349,1,1886.320081,43.1079216,700,613
11015,0,1644.227,806,855.3372286,681.3645738,353.9831856,1,35.98127515,7.432729822,1,1742.144914,12.71350574,800,2097
11034,0,25.267,27,740.9646456,615.2447327,257.7832666,1,46.08525781,76.48184904,0,1721.705003,17.49601555,500,30
11036,0,19.295,26,789.9869401,765.5950212,274.7415619,1,12.71926309,22.92669854,0,1814.049923,53.85161209,0,20
11030,105.046121,2333.805,350,877.2905474,628.3645738,355.6868396,1,49.84096153,59.51362351,1,1701.630065,21.03680229,800,650
11026,0,809.436,245,883.6387438,717.6904756,324.4466797,1,23.15050668,33.32105689,0,1859.674923,44.7284317,700,131
11009,0,4617.225,286,795.9108217,691.8965363,341.8235895,1,23.69513565,4.740678247,1,1792.880065,16.61883926,800,433
11016,0,77.436,94,852.5138521,764.54834,277.2107915,1,9.799040291,39.0432003,0,1866.609943,47.25994492,0,39
11024,0,29.691,29,845.7981233,738.3351365,300.5822644,1,20.74269214,17.45756183,0,1884.495039,66.97547913,700,79
11029,0,1388.049,92,834.805266,617.7960313,319.8951151,1,32.35072784,64.15696463,1,1771.710033,33.73561096,600,142
11011,0,8315.869,506,796.413347,733.1097398,303.9993195,1,23.83856452,27.77552595,1,1811.494935,75.09344482,700,466
11027,0,215747.922,838,829.5260454,721.0508653,314.9113307,1,18.02734471,6.261301885,1,1852.740078,46.09984589,800,2024
11025,0,10167.565,1319,922.1950929,720.7737367,324.8443855,1,12.75224052,33.66021218,1,1815.145018,32.32087326,800,274
11003,0,12744.878,651,799.1950929,669.8254685,330.8081479,1,31.94562168,23.66920605,1,1742.875035,28.39109039,800,2126
11004,0,4404.772,357,759.413347,717.783838,321.6386074,1,39.64764555,32.19259922,0,1831.205072,32.89509201,700,307
11005,0,126913.634,400,771.4549776,702.8549058,333.6947727,1,39.07224608,18.18495087,1,1864.785075,36.94301224,700,992
11043,0,22.584,37,766.4915575,598.8721497,261.3405518,1,65.92375648,91.48290634,0,1548.330038,4.809324741,700,58
11022,0,1004.546,99,905.0184694,629.3056993,377.1320555,1,33.57159087,54.90170841,0,1765.504961,32.50822449,600,124
11014,0,1880.033,1050,830.1362184,654.5239533,339.7943026,1,1.705439596,41.06614355,1,1762.220025,20.55911255,800,983
11045,0,0,20,741.4915575,588.5168107,239.1359947,1,43.89074816,100.0896599,0,1482.264953,1.384097815,800,17
11001,0,1936.227,293,863.9696962,748.2051942,294.0707191,1,9.088384787,35.6808112,1,1863.325007,40.37679672,0,236
11033,0,433.79,458,795.1484117,606.0559159,285.524807,1,51.26615148,80.70106476,1,1615.490043,7.142749786,600,892
11006,0,0,2,719.3494219,591.0609665,227.3051079,1,23.40736134,94.69378592,0,1364.73503,2.868719101,800,12
11002,0,3182.949,507,760.430591,766.2396821,277.1228118,1,21.86955872,34.69714101,1,1735.575042,9.649736404,800,397
11012,0,351.416,176,880.6976183,744.5899705,300.1331298,1,1.614713695,47.44698403,0,1812.955003,28.97683334,800,46
11013,0,9136.054,68,770.1362184,629.6711396,285.0115398,1,58.22657906,62.87037012,0,1815.145018,34.70819473,500,99
11007,0,281899.844,1682,786.3839098,714.8965363,321.7576709,1,23.9683563,10.77755389,1,1839.235013,54.1233902,700,3616
11019,1.004238,116.105,122,741.058008,739.4701295,304.7251179,1,38.8422118,49.75813974,0,1721.340029,12.78512096,800,67
11035,0,6181.56,337,813.5971132,708.5950212,326.424981,1,3.871617882,22.11402145,0,1868.070011,48.88586807,800,308
11018,0,1658.183,176,805.0996385,746.0803025,291.9717596,1,24.30184356,28.20720567,1,1817.700007,30.93040276,700,204
11008,0,1047.308,211,907.2539674,742.7026689,307.7396164,1,23.34867901,43.45300184,0,1816.239939,27.3493576,800,59
11041,0,1073.761,1490,805.3300859,776.6366517,263.52142,1,29.9832386,19.02795007,0,1828.284936,28.85236168,800,237
11028,0,1451.672,434,784.4722215,756.2813127,283.2314732,1,3.585637019,31.32541566,1,1790.325077,29.21042633,0,536
11040,0,21.925,36,744.5798693,631.9726548,271.7116827,1,55.89747989,63.41002963,0,1640.309985,11.96617126,600,66
11042,0,3355.214,509,828.9280656,753.6072145,285.4791412,1,28.23746128,23.15456868,1,1781.929989,29.10795593,800,657
11039,20.926815,96.075,169,770.6143571,738.8254685,300.7150394,1,17.42010241,37.60225869,1,1733.020053,31.64827919,0,181
11032,0,78262.822,394,766.923015,645.9137803,294.5576087,1,57.81957029,49.9536828,1,1700.534971,21.26215363,600,777
11023,0,9839.527,529,887.1707063,774.2173875,274.3233279,1,29.12853548,22.2947192,1,1796.894948,16.37074471,800,521
11038,1.004238,37.93,68,734.3595231,761.2985566,286.2754923,1,43.04613786,47.04840283,1,1801.639953,22.34557152,800,47
11046,0,746.086,351,815.2295808,772.5361467,266.9692646,1,36.01495663,28.90869142,0,1739.955072,23.96518517,800,274
11021,0,849.762,1432,812.6732316,784.3645738,256.0905376,1,40.33039033,22.3255985,0,1787.40494,25.18618774,800,233
11020,0,164884.332,12557,900.3077913,685.9331163,356.5218062,1,27.61707109,5.469535939,1,1815.509992,30.3481884,800,11281
12021,35.220061,149.943,285,550.4680374,938.529004,241.8093875,1,15.78489125,99.47291711,0,1351.229964,0.317248583,1500,105
12060,1.903079,34.879,99,581.6417023,872.6051224,275.9542735,1,58.29143437,17.45243027,0,1708.199937,1.94818902,1000,1
12063,5.185709,2.487,10,420.4386002,808.4995667,355.5122516,1,71.4458145,44.90589497,0,1643.960068,1.689589262,1500,1
12082,3.263022,21.561,60,443.8284271,831.8893937,340.0923895,1,66.14005433,76.23126138,0,1759.300063,23.94730949,1200,0
12024,9.344285,12.923,30,433.0487732,821.1097398,313.2356224,1,93.89110744,63.94363087,0,1788.500035,3.503444672,1000,2
12058,50.473092,140.15,321,593.3868684,914.9604615,243.6682448,1,39.17640286,55.82145696,1,1659.654975,3.72471261,1000,67
12010,226.448562,13.466,50,446.6934342,834.7544007,347.2691283,1,86.94797876,30.27105382,0,1597.604947,5.187664986,1500,1
12011,4.812715,340.252,302,590.1665222,978.2274888,206.1889612,1,46.22770792,125.334513,0,1258.884957,0.307984173,1500,50
12012,6.522905,113.822,187,442.8406204,830.901587,342.0608707,1,77.45842372,47.34529527,0,1632.280045,2.03644228,1500,41
12004,111.556852,12.086,47,383.8944443,771.9554108,310.799861,1,60.0094746,85.04639852,0,1607.094955,1.805038452,1500,8
12068,2.640035,28.156,49,781.2325394,1038.460028,34.90099321,1,37.85002261,30.13597673,0,1475.329933,3.116450548,1000,74
12043,111.556852,11.425,50,379.7106781,767.7716447,334.5171185,1,49.34701103,82.49276409,0,1509.640057,0.822350979,1500,14
12007,50.473092,143.47,234,618.4163056,939.3868684,212.0323832,1,11.74989178,82.78364765,0,1628.994935,2.77713275,0,6
12057,31.165688,433.182,522,635.4802307,1023.541197,163.3143268,1,83.86940187,156.4939908,0,1208.880013,0.118293673,1500,77
12066,9.344285,299.861,635,418.764502,806.8254685,319.0010761,1,91.32582148,60.86152571,0,1686.664932,3.433786869,1000,177
12056,3.263022,39.456,90,461.8406204,849.901587,324.2311686,1,58.63446726,49.30657777,0,1645.784936,2.304105282,1500,19
12001,35.220061,5105.315,3339,505.1837662,893.2447327,283.5637914,1,15.02083821,76.85610591,0,1656.735013,4.184566021,1500,2504
12075,20.756871,487.136,1454,535.119841,923.1808076,272.4865098,1,13.93242561,64.16644025,0,1628.264987,1.308786869,1000,112
12055,1.903079,617.008,2660,567.8427125,883.2914139,280.0320249,1,65.54256255,32.5990743,1,1704.550028,1.875156403,1000,172
12006,50.473092,46.595,113,586.9604615,947.4457429,233.0347444,1,33.49268824,85.5970203,0,1692.870004,3.520858765,1000,7
12037,1.903079,27.274,123,582.3574311,896.3330445,261.340346,1,56.8193144,39.24148585,0,1726.085033,6.27266407,1200,6
12085,20.634036,20.014,60,379.0121933,743.0487732,358.4135507,1,32.32912451,127.5972057,0,1794.33996,31.63479614,0,0
12027,31.919487,37.186,46,680.6417023,913.6122651,182.6715389,1,34.51025318,101.0472736,0,1527.160006,2.44866538,1000,7
12015,5.409428,169.642,214,546.3574311,881.4213562,297.0051022,1,62.06962116,40.3926009,1,1737.400084,3.431035995,1000,39
12074,11.640191,110.62,1736,487.0487732,875.1097398,317.8130297,1,48.22342023,37.85284462,0,1603.810019,8.973621368,1000,0
12014,31.165688,158.242,126,587.3969696,975.4579362,208.2472193,1,38.63855707,138.5800447,0,1745.430024,18.38976288,0,23
12018,6.522905,68.963,131,414.1421356,793.9188309,375.5847524,1,55.98744819,92.09005933,0,1777.549958,19.42916489,1200,14
12072,226.448562,4.216,19,429.9949494,818.0559159,352.8220961,1,82.73365028,36.90169536,0,1578.62493,1.012699485,1500,0
12009,111.556852,1.859,49,400.509668,788.5706345,335.9110029,1,66.36110113,63.82692638,0,1511.099951,1.84140265,1500,1
12081,5.185709,16.795,25,396.5685425,784.629509,356.4614633,1,45.94935642,68.89409491,0,1416.200042,0.712059796,2000,4
12084,5.185709,2.282,9,404.6690476,792.7300141,368.9366642,1,48.44768486,64.14758254,0,1606.000035,1.082737088,2000,0
12071,0,69.99,895,336.6984848,724.7594514,325.6274201,1,29.33807295,122.8213227,0,1588.480086,1.255511284,2000,9
12070,9.344285,44.877,340,423.9188309,811.9797975,289.0585675,1,77.63230586,88.68216734,0,1784.120004,6.336370945,800,14
12083,6.522905,0,2,424.5269119,812.5878785,359.1469075,1,64.29080663,59.00640259,0,1548.330038,2.302778244,1500,0
12079,226.448562,14.34,81,452.9655121,841.0264787,341.9866801,1,83.60348437,18.42970379,0,1595.780079,2.97217989,1200,1
12076,5.185709,10.782,18,437.9533188,826.0142853,350.3460245,1,80.20080503,32.75987423,0,1591.765022,0.633827329,1500,0
12065,9.344285,16.507,24,397.5929291,785.6538957,300.6907944,1,70.14959838,82.35107558,0,1774.994969,5.402259827,800,0
12073,24.1831,36.663,52,729.1442277,974.7077195,110.5358159,1,57.45023294,72.42681303,0,1422.770001,0.395799816,1200,7
12064,31.919487,31.793,51,651.2863633,930.7422074,191.7563961,1,19.85644746,90.77662459,0,1681.189981,2.872237206,1000,1
12019,5.409428,134.303,917,484.8183259,872.8792924,330.9703562,1,58.40665769,64.65054184,0,1696.15494,3.940798283,800,7
12005,9.344285,44.347,123,411.9066376,799.9676042,304.7920208,1,78.37476829,74.2235161,0,1755.649979,4.919258595,800,5
12030,5.143525,69.2,144,432.4142136,819.646753,351.9175941,1,76.91309686,79.2774255,0,1772.804954,18.96310997,1200,28
12069,9.344285,14.105,186,403.9655121,792.0264787,321.4016132,1,78.46609263,66.36281313,0,1662.209964,4.17278862,1000,3
12036,111.556852,23.208,69,369.3847763,757.4457429,359.0789322,1,14.66543328,98.16341512,0,1746.159971,1.70300281,1500,20
12080,5.185709,16.977,41,387.5563492,766.5046174,375.0082707,1,30.23621243,104.0974074,0,1797.990043,20.85825539,0,13
12078,111.556852,11.765,19,376.0538239,764.1147904,335.9648957,1,44.79954743,86.30021309,0,1427.150031,0.39524585,1500,12
12077,5.185709,56.437,116,392.4852814,775.5756852,382.7568533,1,35.81300458,96.12293536,0,1764.775014,10.11452198,1200,21
12023,20.634036,119.458,201,373.9411255,742.119841,355.8949443,1,26.3868506,124.8175407,0,1779.010026,23.25203705,1200,31
12048,0.541362,163.66,247,690.0071427,1052.222438,113.6598989,1,95.93733888,107.5707191,0,1371.304989,0.268815964,1500,35
12053,3.263022,126.566,245,469.3847763,857.4457429,316.9850465,1,43.65648248,71.0009844,0,1667.684915,10.34170437,1500,50
12054,31.165688,16.864,61,611.3624817,990.3574311,197.2640541,1,36.38885024,126.8975797,0,1392.839994,0.201789245,1500,1
12047,50.473092,3.059,22,597.0853532,891.8893937,252.8011673,1,50.13938387,35.74127565,0,1687.760026,3.089712143,1200,0
12049,26.427143,42.111,204,577.5411973,862.7056275,284.1516961,1,59.7515653,13.10168654,0,1783.025084,3.34858036,1000,16
12050,31.919487,207.412,357,665.5584412,947.1980515,171.3673101,1,6.634159891,111.4959302,0,1671.334999,4.235599995,1000,37
12051,226.448562,67.052,152,466.1665222,854.2274888,325.1027001,1,81.03022919,10.74424502,0,1501.244969,1.289726257,1500,2
12045,9.344285,90.66,557,452.0904038,840.1513703,314.9522696,1,86.56558232,67.53838002,0,1749.445081,4.814550877,1000,13
12046,111.556852,345.54,2233,349.2426407,734.8183259,341.6752249,1,7.455444355,119.739776,0,1756.745074,3.195416689,2000,133
12040,226.448562,131.262,1424,546.2497834,934.3107499,254.8144794,1,26.02280783,71.35729256,0,1526.065085,0.515780687,1500,13
12013,5.185709,34.091,73,372.4142136,759.646753,365.097862,1,16.84303935,102.2387034,0,1761.12493,3.490640402,1500,11
12062,111.556852,48.715,570,352.5979797,740.6589463,338.0096276,1,30.89083465,107.899592,0,1480.074937,1.19195199,2000,7
12041,5.185709,0,5,408.3675324,796.4284989,351.4324033,1,61.79347952,55.95409576,0,1405.615026,0.594377041,1500,8
12042,11.640191,44.562,622,509.7766953,897.8376618,298.9803435,1,27.80980223,51.19516863,0,1674.254961,6.521411419,1000,0
12044,226.448562,29.546,75,486.9949494,875.0559159,305.3056646,1,69.73772473,23.17234421,0,1650.164967,1.093242168,1500,3
12038,24.1831,511.634,558,728.119841,1042.234631,79.89609237,1,83.64164952,71.35728419,0,1460.364974,1.0406183,1500,404
12039,5.143525,51.301,93,488.882251,876.9432175,300.5441105,1,47.79725927,43.9934791,0,1676.80995,1.289130211,1500,69
12002,9.344285,21.667,65,463.4629868,851.5239533,338.1516003,1,71.47043654,44.36339142,0,1688.854947,3.575901031,1000,3
12003,4.832512,80.148,297,644.6761902,994.783838,166.2217218,1,48.39463717,139.3400146,0,1374.225038,0.296466708,1500,3
12034,5.409428,129.435,515,518.002092,898.9655121,310.9770666,1,49.69354725,60.4269242,0,1772.804954,6.460663795,1000,60
12035,20.883012,1177.429,953,551.5878785,914.0487732,276.3486308,1,33.19148732,64.76298481,1,1757.475021,3.292272806,1000,467
12031,10.107356,4.333,27,617.1147904,914.2447327,225.9302107,1,23.04404732,60.9995046,0,1679.364939,4.026740074,0,2
12032,226.448562,49.243,167,575.8061325,963.8670991,229.0631312,1,7.890353519,98.27695744,0,1369.845008,0.390042484,1500,7
12033,9.344285,56.95,136,423.3624817,811.4234483,297.7370463,1,80.60678967,79.41902431,0,1692.505031,5.504535198,800,18
12028,226.448562,387.534,2782,468.6934342,856.7544007,328.3368534,1,68.37264665,13.99475082,0,1463.284936,1.823952436,1500,36
12029,35.220061,987.235,2159,524.0660172,912.1269837,270.1284639,1,53.18415515,56.55539783,0,1380.794997,0.113991126,1500,1285
12008,5.409428,16.487,44,494.27417,882.3351365,329.622558,1,61.08052731,71.6825246,0,1741.049993,9.32167244,800,9
12025,6.522905,36.068,69,414.8284271,802.8893937,367.5623785,1,58.75906175,79.33968,0,1745.794997,12.54928017,1200,6
12026,50.473092,6.493,27,571.6173157,936.4041123,250.8349509,1,31.4542441,76.89629948,0,1707.834964,3.537168741,1000,0
12059,11.640191,53.281,109,533.7888886,921.8498551,287.149633,1,23.72648927,78.919026,0,1768.05995,5.035353661,800,61
12061,17.693104,100.861,866,499.0071427,887.0681092,300.3330735,1,43.89786638,30.13160699,0,1710.024979,8.453323364,1200,51
12052,6.522905,126.543,884,399.2842712,787.3452378,378.1529784,1,41.26913498,73.54138908,0,1612.570081,1.27028203,1500,26
12067,50.473092,134.161,232,645.6589463,947.156421,186.0531772,1,18.53304936,100.9727917,0,1704.550028,4.652718067,1000,12
12016,24.1831,6.837,13,772.2447327,1000.761543,67.02298374,1,68.67046374,26.61274854,0,1445.400014,0.968808174,1200,1
12017,50.473092,22.275,70,561.0315293,930.8477631,261.5598136,1,25.63228813,74.68101109,1,1722.799923,3.172883272,1000,2
12020,9.344285,14.275,51,420.9655121,809.0264787,334.8090991,1,87.41058481,49.34802589,0,1624.980052,3.851203203,1200,4
12022,0.541362,64.62,75,687.1320344,991.2813127,132.8375829,1,40.30201423,105.1077895,0,1409.265022,0.205831081,1500,19
13031,0.399755,31.796,71,654.0823946,594.4802307,192.045702,1,52.77742558,49.67579946,0,1452.335033,1.187935233,600,13
13005,30.462743,1111.088,102,589.5727266,683.7523087,264.4509778,1,18.04412019,21.09092444,1,1738.859978,24.01695251,600,12
13075,0,644.935,89,566.1168825,695.1248917,273.7448227,1,15.21388999,24.30471233,1,1820.984943,37.50434875,600,117
13028,7.447469,344.579,1000,643.6732316,546.0710678,135.3432481,1,4.448955224,37.20798204,0,1308.16004,8.210337639,1500,99
13045,4.463735,8.113,23,545.4722215,657.2842712,239.6435674,1,12.70983533,15.34896297,0,1676.080003,15.2525816,1000,33
13021,23.526769,1278.269,85,517.8620485,712.627417,263.9884271,1,43.50734293,43.46200605,1,1804.559915,36.46515656,0,75
13001,0,175.114,12,541.0163774,645.4142136,230.5760765,1,24.58764985,33.43926568,0,1675.350056,5.782438755,600,20
13002,0,128.09,276,525.6610383,651.7695526,230.3793664,1,38.95130283,56.38767211,1,1449.05001,0.703644335,1500,98
13049,0.399755,16.122,42,677.8691911,558.2670273,159.7511951,1,60.84167644,21.62476556,0,1363.640022,0.299544662,2500,1
13003,53.144093,3618.296,629,579.6854249,653.882251,236.2232487,1,23.91116227,30.29773634,0,1566.945081,2.672360897,500,302
13030,53.144093,300.947,646,622.2123369,644.5512986,232.7540093,1,31.7247824,45.6934073,0,1610.014918,3.118896484,400,253
13023,30.462743,113.635,278,595.9575029,671.1665222,253.4022279,1,11.42572415,27.66097214,0,1810.400014,30.34814644,500,84
13004,0,22.259,53,555.1168825,629.6568542,212.0772848,1,31.70512995,48.2517155,0,1364.369969,1.206505299,1500,23
13027,12.840719,28.895,110,560.276262,606.3847763,189.6304848,1,59.39056646,73.32133725,0,1269.104999,1.365234733,2500,19
13022,0,15.746,24,540.8448045,674.1126984,255.2198006,1,27.67790354,10.87600798,1,1755.285006,39.64023972,600,52
13020,0.302078,0.892,7,618.4844148,606.882251,194.6766475,1,55.43448585,20.51742401,0,1330.424993,0.615158975,600,1
13074,30.462743,1397.824,353,604.3300859,693.3797257,274.6605456,1,11.7676098,5.715901186,1,1822.809985,56.28974533,0,144
13070,30.462743,245.83,151,604.9869401,688.9655121,270.6683429,1,12.88741092,9.520572742,0,1839.599986,43.85403442,0,76
13018,0.399755,22.526,44,663.7981233,568.1959595,165.1870001,1,55.8427043,22.78927695,0,1269.469973,0.045020096,1500,22
13029,0,4211.575,165,665.1707063,682.2619767,277.4018516,1,50.58143746,31.22829711,1,1802.735047,44.96510315,600,140
13071,0.302078,0,3,635.6265504,598.0243866,188.8628194,1,65.3676437,37.2938479,0,1268.374965,0.069387026,600,3
13076,0,333.628,577,617.6732316,703.5929291,285.7841306,1,3.616961706,11.10421752,1,1807.480052,20.10585213,700,528
13046,4.195399,79.188,256,664.4722215,536.8700577,129.669805,1,22.45467791,20.65831496,0,1366.195011,8.784474373,1500,11
13065,30.462743,48.556,59,597.158513,688.0660172,268.7305381,1,14.37014436,13.72274909,1,1757.475021,38.34500122,0,14
13061,2.756391,50889.178,401,515.3178926,690.4852814,257.0262108,1,47.60893249,38.58778791,1,1791.055024,28.59353828,600,253
13047,43.183646,5.011,9,664.5382387,598.9360749,202.3237107,1,35.41406422,62.32038627,0,1253.045032,0.452524364,1000,3
13078,8.071,12.051,40,607.2173875,577.5563492,156.851614,1,33.12448329,57.66154625,0,1401.599969,6.297057629,2000,5
13063,0,26814.906,393,609.2173875,721.1787156,300.1702136,1,15.82525154,19.89901292,1,1753.459964,20.8982048,800,349
13017,30.462743,15.122,41,637.78593,686.1492783,273.50836,1,26.75405465,30.72687826,1,1775.359943,16.46874428,600,18
13083,0,355.666,165,538.8742418,687.3553391,267.6085821,1,33.55201623,18.72871282,1,1804.559915,34.78830338,600,196
13072,2.756391,91.981,60,525.1463197,692.2132034,266.9149472,1,40.76290726,31.29782449,1,1829.745004,49.18980789,600,36
13067,30.462743,196.973,374,615.058008,687.2792206,270.3762035,1,13.03209786,13.32068704,1,1826.094921,20.30021667,0,138
13026,7.447469,2.803,16,630.9158723,561.3137085,149.9416359,1,17.32287153,42.03326748,0,1319.839977,3.76611948,2000,4
13062,4.195399,3.421,18,651.8275606,570.2253967,162.9303079,1,44.53922714,22.76768963,0,1253.410006,0.346805841,1500,10
13044,0,76.837,23,657.1290758,698.8477631,289.3520778,1,39.56353867,36.06922002,1,1808.939946,49.24755096,700,19
13016,17.344356,340.653,375,509.9747468,674.0832611,241.4640166,1,29.84621495,48.33561925,1,1699.44005,19.84338379,600,90
13015,53.144093,4.347,16,611.5260454,630.7523087,218.1846773,1,41.30086162,30.60810123,0,1539.569976,2.551221132,400,9
13014,8.071,40.332,129,623.4011537,573.7989899,161.7464843,1,29.1176685,41.49013238,0,1296.84499,0.555691898,2000,6
13068,8.071,7.933,22,609.4011537,587.7989899,174.3216874,1,41.74806427,31.00094069,0,1275.674958,0.174975708,1500,6
13084,13.653593,381.45,183,650.1534624,628.0071427,225.1313171,1,49.9186759,64.81545059,0,1456.714977,3.422169924,500,73
13081,9.456009,2851.613,381,597.058008,603.4558441,189.0823841,1,41.36048836,19.73528836,0,1345.024979,0.500904143,600,45
13043,0.399755,3.286,16,635.3250353,615.7228714,209.0709316,1,59.71762663,47.72757449,0,1473.870039,2.158174276,1000,0
13066,0,2254.509,98,551.4600282,693.7401154,273.2920122,1,20.48071619,20.11502671,1,1843.980017,54.2317543,500,66
13013,0,9407.71,272,598.531096,707.3797257,286.4087532,1,3.747007205,10.38069758,1,1810.03504,30.15278053,600,213
13025,8.071,44.922,89,625.9747468,558.0832611,136.4999047,1,19.95871736,60.52817622,0,1427.515005,7.679291248,1500,10
13048,0,7916.856,1793,559.158513,672.3259018,252.9900647,1,23.48524684,5.510813591,1,1774.265022,34.65413666,600,2097
13038,0,5.708,17,561.5432893,658.0832611,239.4692053,1,11.53244833,15.61063142,0,1646.515057,8.694418907,600,25
13052,0,631.354,175,574.3300859,680.9533188,260.3089155,1,29.56057943,21.5714394,1,1780.469921,17.38881111,600,97
13037,0.302078,29.613,58,596.5849199,622.9827561,207.7271114,1,34.75376992,5.314614937,0,1422.405027,0.872547805,600,31
13036,9.456009,20.882,33,582.4722215,618.8700577,202.7827004,1,27.26340256,18.16634176,0,1391.380013,0.275286108,600,10
13053,12.840719,15.902,47,559.6610383,617.7695526,196.5425079,1,53.13285894,61.15137685,0,1239.539967,0.286968112,1500,22
13012,4.463735,68.516,138,567.3717165,639.7695526,222.9079213,1,8.112485924,27.51883131,0,1524.240043,4.448294163,600,86
13011,8.071,20.992,51,629.9453096,554.8284271,141.6648497,1,12.87891266,50.39371581,0,1420.944959,5.434487343,2000,7
13010,30.462743,116446.215,205,601.2590181,697.9655121,278.0927897,1,7.09336653,5.132012139,1,1779.739974,34.29627609,0,194
13009,53.144093,27.499,60,574.1290758,664.4680374,245.5749271,1,24.02243932,21.46669771,0,1696.885061,15.83793926,800,37
13008,23.526769,21911.785,282,506.175757,698.4142136,249.6944809,1,44.48266326,45.42303461,1,1814.415071,47.81868362,0,260
13007,23.526769,176.976,74,494.0041841,700.1421356,237.9592806,1,31.94033916,40.31941442,1,1711.485047,23.50811005,0,40
13006,30.462743,156.31,56,637.413347,667.2497834,256.7368484,1,28.69659065,40.7745865,0,1778.280079,18.328022,500,33
13054,53.144093,32.942,109,595.8569978,662.9238816,245.0476735,1,16.14998579,35.5631522,0,1775.359943,26.45577431,500,70
13055,53.144093,3936.546,74,593.8275606,648.0243866,231.3357478,1,28.33538151,29.88008542,0,1701.630065,17.92767906,400,25
13080,8.071,58.963,313,617.3595231,567.4142136,153.8822377,1,24.35475538,53.51302788,0,1442.845025,4.150510788,2000,7
13079,9.456009,6.641,10,614.1290758,590.5269119,176.9976494,1,44.48337712,26.10761102,0,1374.590012,0.170303896,1500,6
13035,0,1105.305,39,542.8742418,641.8994949,222.5811998,1,33.35787705,45.02141048,1,1738.130031,7.018966198,600,17
13073,7.447469,39.055,127,640.9575029,565.3553391,154.5861696,1,27.20397581,28.90883108,0,1213.989991,0.659438193,2000,18
13034,7.447469,0,4,637.2712114,575.6690476,165.2809186,1,37.67635187,33.6290413,0,1365.464977,0.496884942,1500,11
13019,30.462743,23.424,27,617.6854249,669.6223664,254.7814246,1,11.09060741,29.18704249,0,1773.900049,11.46753311,500,25
13077,0,3479.122,1125,528.2884553,656.4852814,237.2600845,1,36.86013453,40.11090001,1,1735.575042,24.63312912,600,778
13051,0,7096.229,898,550.0874452,674.4264069,255.1115747,1,25.40747699,2.998066785,1,1818.429954,45.44562912,600,700
13082,0,413.556,180,560.7737367,688.2253967,267.109172,1,22.28089195,16.13158295,1,1865.150049,35.29817581,600,142
13064,30.462743,8.43,18,626.4722215,690.8355698,275.1753782,1,16.56779697,19.94750433,1,1799.084964,20.92193794,600,16
13024,0,3.636,8,547.5727266,647.9705627,231.5512526,1,13.89383992,25.34226272,0,1645.054989,6.940828323,600,57
13041,30.462743,262.367,333,605.1290758,677.3086579,259.8601984,1,2.510320557,20.33152904,0,1810.400014,18.29233742,500,166
13060,0,22.686,55,547.4894655,631.5979797,210.5464317,1,47.4550892,61.53461661,0,1315.825007,0.840144992,1500,40
13059,0,121.171,119,667.2123369,663.1909089,261.4571064,1,56.32845616,40.14410611,1,1731.924958,33.57629395,500,26
13032,3.470966,80.356,434,649.9869401,546.3847763,137.0542018,1,12.26867858,29.10103553,0,1409.265022,11.66837692,2000,4
13058,13.653593,29.588,87,640.6265504,651.0071427,243.1916735,1,38.07711465,54.30653516,0,1758.934915,13.77663994,400,22
13057,0,334.783,71,523.1879503,671.4852814,255.4666757,1,36.88144325,26.9414049,1,1709.660006,20.18023682,600,69
13050,30.462743,710.071,206,609.2712114,667.3086579,251.2464034,1,7.734408013,29.63875593,0,1777.184985,12.92808723,500,110
13056,0,549.36,181,519.9453096,664.8284271,247.7185195,1,39.11183652,35.88830528,1,1731.195011,33.72774887,600,97
13042,7.447469,30.625,45,628.3422792,588.7401154,177.3781383,1,48.33321266,30.28310198,0,1365.100003,0.579526007,1500,20
13040,0.399755,5.135,11,663.1828996,579.5807358,178.4684523,1,57.92361878,36.55947915,0,1319.839977,0.126166508,1200,3
13069,0,28124.697,836,565.5605333,707.7817459,285.7220071,1,3.294989291,27.82581516,1,1864.419928,59.43062973,0,1002
13039,0,72.017,98,547.8153673,662.9411255,244.4146331,1,15.67968936,10.03973052,0,1690.679989,22.51660919,600,50
13033,4.195399,0.664,7,626.8275606,595.2253967,183.7772776,1,55.40751142,27.62311849,0,1326.044962,0.497370213,600,0
14018,0,2158.168,279,958.5138521,808.4549776,237.5021413,1,34.32650221,11.10530103,1,1847.629926,31.31212997,800,57
14097,0,116087.699,1466,1056.898628,833.9768389,183.8447778,1,18.56129029,10.55660815,1,1738.859978,24.05465698,1000,1967
14114,0,144.375,93,1083.170706,855.4032457,161.1605723,1,47.65383669,31.2433729,1,1760.03001,18.76952744,800,33
14113,0,247.517,37,1056.104689,932.0601,94.74856394,1,51.28928205,70.76716563,0,1538.475056,3.932382822,1200,15
14112,0,72.32,63,981.4894655,885.923015,165.575198,1,17.91419809,68.62783806,0,1665.129926,6.949591637,1200,3
14111,0,232.015,38,1002.579869,738.8397539,273.5093383,1,40.86522729,40.74003963,0,1813.68495,11.81808949,800,9
14110,0,41.502,50,1123.359523,922.4276324,104.3229891,1,99.11480452,69.05218606,0,1723.530045,4.016346931,800,15
14109,0,2448.11,61,940.550432,699.0874452,336.1192595,1,19.18841211,33.56014144,1,1847.995074,35.4435463,700,11
14124,0,2322.119,461,1025.940259,801.2367235,219.9146462,1,28.281729,32.37571123,0,1683.015022,4.820578575,0,154
14065,4.480262,27.435,89,994.0092347,980.1484117,98.86321608,1,38.14651354,125.3071349,0,1600.159936,1.42081368,800,5
14116,0,148.857,184,1025.160605,667.3544725,297.5922905,1,42.44703218,37.33692168,0,1877.195046,16.73713303,700,11
14117,0,14.486,28,1012.964646,727.9108217,270.5997553,1,27.51800728,41.9992542,0,1815.509992,19.01799202,700,2
14118,0,97.481,166,1035.722005,740.8519472,246.4805085,1,26.63315203,24.87464219,0,1769.155045,6.879922867,800,21
14119,0,280.609,206,1061.714862,867.6042559,152.5614126,1,49.71562185,15.14822597,1,1723.165071,11.44208908,800,43
14014,0,160.048,88,1040.94531,889.4621202,137.1241371,1,46.69011661,31.72643493,1,1688.854947,13.13901711,800,8
14015,3.682467,3765.083,353,1117.761543,952.9129137,76.52183144,1,82.04220853,44.69121853,0,1611.110013,1.628172398,800,91
14017,0,64.073,60,1144.844805,924.29769,107.299462,1,90.15915623,54.40761072,0,1615.490043,1.295027137,1500,1
14043,0,136.061,132,1165.820418,1000.9373,76.98539333,1,122.3280777,23.59534867,0,1667.684915,4.562408924,0,24
14106,0,3.001,10,1085.862048,947.9007204,75.71001295,1,57.6183635,67.11673717,0,1564.024944,0.842715144,700,1
14107,0,22.173,25,1023.572727,863.5209947,165.4729679,1,28.6339658,24.66975802,0,1762.220025,37.05559158,800,12
14108,0.527467,1318.12,269,1016.335137,946.0479067,101.9002412,1,38.52833657,88.592906,1,1564.389918,0.84846276,1200,43
14115,8.259542,46.766,44,1153.729148,730.5676759,222.5081561,1,89.69056353,55.1009214,0,1607.459929,4.206629753,800,4
14075,0,17.939,37,1157.052957,843.2438662,107.2545816,1,36.37951017,40.653669,0,1781.565015,8.811113358,1000,11
14077,2.208133,646.582,111,1106.655988,858.1017306,141.3561486,1,63.52521576,46.92126995,0,1762.949972,8.468202591,1000,39
14078,0,2171.192,361,972.0945879,733.2417741,295.2814688,1,52.99751157,67.08668994,0,1841.060054,52.35328674,800,29
14074,0,1359.438,161,950.5088014,723.1290758,311.6190559,1,30.66663644,52.27837792,0,1863.689981,51.62382507,800,4
14076,6.350523,15.687,11,1145.26111,761.0357134,184.4314054,1,93.36374723,32.14199553,0,1622.059915,1.817311525,800,1
14069,0,8.196,20,968.8326112,885.3666658,173.3660181,1,26.09228273,66.06593706,0,1676.080003,4.083470821,1200,2
14123,0,431.277,51,1005.070201,814.8519472,213.4802249,1,8.35744768,49.18705648,0,1833.760061,26.60140419,800,53
14122,0.588234,12.312,38,1049.991991,955.3027407,77.89896941,1,29.97923245,90.47943885,0,1454.524962,0.379951835,1200,5
14121,0,5996.363,162,1011.54834,926.4915575,119.8692753,1,52.85832989,73.35882473,1,1752.365043,6.220642567,1000,52
14120,0,212291.062,4652,1079.396103,802.2905474,183.0281118,1,26.32854802,15.07212967,1,1579.720025,2.063427687,1000,3553
14002,0,8103.808,109,1074.413347,848.2611101,169.123379,1,36.80634905,23.94493526,1,1703.820081,26.24668503,800,70
14003,0,150.925,163,1121.668181,830.3443712,136.5757639,1,64.55873766,20.0747004,1,1784.484978,8.942232132,1000,43
14005,0,1870.856,58,1104.881384,805.8174593,160.6196058,1,48.29857211,13.23117569,1,1746.889918,4.104209423,1000,21
14055,0,103.249,111,1139.780879,818.5159441,129.6309168,1,49.51053835,19.88023248,1,1771.710033,8.549581528,1000,43
14086,0,101.325,120,1069.874242,907.3027407,114.8022533,1,77.60166054,50.65429331,0,1659.654975,6.992622375,800,24
14098,0,109732.802,2807,1054.869191,819.0773439,197.7766033,1,4.224148621,4.288649924,1,1856.389987,32.01440811,0,2983
14025,6.350523,123.114,202,1115.628642,686.668181,258.4186648,1,50.31651522,31.17299827,0,1756.014953,7.754901886,700,17
14027,0,30.281,20,1104.678282,987.3271273,42.44697737,1,64.37042004,34.77803873,0,1521.320081,0.779377222,1500,10
14028,1.935336,14.499,21,1158.472222,911.197185,91.68268629,1,72.61001229,38.63049426,0,1638.849916,4.692523003,1500,1
14101,0,10973.158,2698,1042.111832,810.2783541,208.4325791,1,11.04954581,15.60700978,0,1784.120004,10.20704651,0,1464
14022,1.192573,239.934,191,1129.636652,1017.581961,40.12076512,1,92.815061,5.990620547,0,1691.044962,4.303896427,1200,41
14039,0,181779.731,7945,1057.011327,808.2489168,198.9130225,0,6.379607966,3.859383925,1,1735.940015,4.770956993,0,6831
14044,2.862133,15153.691,91,1030.756493,834.8641405,188.3990631,1,27.80967013,26.24491321,1,1796.529975,21.47415161,0,80
14051,0,942.22,58,1027.898628,821.9646456,200.8925349,1,24.11042588,28.70460452,0,1820.984943,24.63575172,0,74
14070,0,75761.846,1131,1041.798123,819.5209947,199.1874459,1,11.87940531,15.71907173,1,1836.31505,26.62383842,0,888
14125,0,1590.217,308,974.7392488,763.6265504,268.0270443,1,38.11170105,54.18208985,0,1811.860082,52.57169724,1000,5
14071,0,0,3,1090.994083,774.2905474,186.8751302,1,50.68597317,40.46432015,0,1651.625035,2.461790562,800,5
14068,16.181773,29.911,41,1164.075252,962.7240969,93.85782282,1,106.3342086,36.72567068,0,1529.714994,1.330793262,1500,6
14067,0.3743,2923.945,1005,1247.082395,943.2144289,11.39115359,1,12.56570792,48.71171138,0,1519.130065,0.909823358,1500,891
14066,0,4943.531,263,993.3717165,834.6093065,200.9934636,1,13.10532196,43.69712171,1,1800.180058,27.83233833,800,44
14064,0,100.482,152,940.3738085,614.6610383,388.3560418,1,14.21568165,60.12420104,0,1842.154975,29.66367531,600,39
14063,0,18229.357,990,981.1707063,813.1534624,223.6689738,1,17.81234519,29.27469981,1,1830.474951,23.58486366,800,116
14062,2.208133,11.101,12,1166.969696,881.3271273,83.92884655,1,50.71225135,41.17344586,0,1708.565085,1.320767999,1200,1
14061,0,10.813,21,1193.841846,752.4549776,217.2787922,1,113.8066981,53.40517576,0,1445.764987,0.239231184,600,5
14060,0,25.485,38,1023.520995,719.3961031,267.8952411,1,15.11718611,46.32883145,0,1844.709964,21.53289604,700,4
14059,0,66.381,75,994.9747468,884.4793642,160.4207737,1,11.81783504,56.76962258,0,1684.474916,10.3663063,1000,36
14058,1.753788,96.082,153,1207.283405,915.0134188,45.48991188,1,20.81327994,22.0597273,0,1587.384992,0.447832376,1500,23
14057,0,29.944,29,1003.773737,871.7220049,166.1118238,1,9.507579661,44.24288734,0,1759.665036,30.05429077,1000,2
14056,2.606066,7.714,7,954.4062043,914.5382387,164.0217617,1,54.40839499,90.52478801,0,1662.209964,2.55834341,800,2
14054,0,17.286,22,1100.317893,932.8002154,90.18792611,1,76.27266417,68.8171856,0,1749.445081,10.60064411,800,1
14053,0,59349.785,853,942.8763338,656.7026689,362.0104966,1,50.57654376,46.45546573,1,1737.034936,32.31666946,800,467
14052,0,44.392,30,1102.844805,906.9007204,114.7353593,1,94.83763666,67.86646059,0,1664.035006,4.877716541,800,6
14050,0,187.757,172,1049.442784,851.9768389,168.554281,1,35.15300488,3.901148281,0,1745.06505,25.76271248,800,72
14031,6.350523,0,1,1138.0601,742.2367235,203.2743673,1,93.10671056,42.99467737,0,1699.075077,5.59948349,800,2
14049,80.042898,20.381,12,949.293506,938.1950929,154.0122536,1,65.01628272,112.5221805,0,1662.574937,1.374962926,700,1
14048,0,1922.025,88,928.9402589,761.058008,289.2065882,1,46.36721299,33.97420665,0,1838.870039,39.2433548,1000,11
14047,0,457.703,140,971.78593,824.4966081,218.4234838,1,27.64246744,21.95119499,1,1869.530079,33.01390457,800,26
14046,0,1551.41,251,992.2072862,715.7981233,292.864939,1,41.98989903,62.44603703,0,1860.405045,23.18848038,700,33
14045,0,84.745,62,1055.952452,779.6925676,211.8163801,1,32.17544666,21.36708336,0,1593.590064,2.61417079,800,12
14042,0,59.263,59,1202.410388,725.0823946,254.7238279,1,95.85593296,71.28087057,0,1748.349986,5.272768497,600,6
14041,8.259542,35.037,46,1119.983982,670.3128419,278.6551041,1,36.00856134,5.743665022,0,1848.360047,25.41885376,700,12
14040,0,32.86,35,1151.82251,816.4743136,129.8627431,1,42.09929823,31.61980225,1,1703.820081,3.314015388,1000,17
14038,1.424735,5.571,8,1170.839754,869.4570696,85.81372541,1,42.07637252,53.32004193,0,1661.115043,2.669528008,800,7
14037,0,146.446,168,1108.246825,941.942351,83.86399266,1,78.27765191,58.22426538,0,1737.765057,4.267481327,0,30
14036,0,176.198,179,1142.325035,835.9717882,117.2348229,1,50.6703761,32.34617337,1,1762.949972,6.047755241,1000,14
14035,0,625.955,305,978.7758287,663.3717165,332.7568734,1,66.93854257,35.53922124,1,1857.119935,46.12943649,600,64
14034,0,8.714,10,1101.217388,924.9717882,98.35424915,1,82.281514,75.12274001,0,1729.004996,6.504359245,800,2
14033,13.496152,174.392,151,925.2417741,784.1290758,273.0715817,1,55.11775888,19.25291903,0,1846.170032,33.0353241,0,23
14004,0,11.137,18,1057.359523,895.0895372,127.6914995,1,62.55567115,36.92202594,1,1740.685019,8.718711853,800,3
14019,8.259542,13.97,11,1172.101731,762.1950929,193.2202251,1,105.9764354,26.20512968,0,1665.860047,1.772335172,800,0
14001,0,272.81,252,1017.153462,780.0235201,240.5508689,1,27.5614251,21.16490089,0,1703.820081,7.972679138,0,17
14006,2.208133,2998.052,315,1129.212337,854.5575747,121.8924658,1,70.37940281,43.92808821,1,1760.03001,7.391579628,1000,122
14007,0,65.726,50,1133.22453,822.2438662,130.1483254,1,56.28162777,18.32197529,1,1781.565015,13.81257439,1000,20
14008,0,13629.132,509,953.7392488,754.9280656,283.8028125,1,53.24450667,53.23489691,0,1830.839925,23.19291496,1000,76
14009,0,3070.201,114,1096.739249,814.1606051,163.511769,1,40.02711257,21.29368349,1,1790.325077,16.44534874,0,66
14072,0,56.008,56,934.2661608,719.9158723,320.352053,1,17.2434249,39.60817728,0,1875.734978,33.05636215,700,3
14080,1.424735,7.783,17,1220.709812,903.5870119,49.13216647,1,10.52653203,52.18626415,0,1593.590064,1.278217196,1200,2
14081,8.259542,11.021,25,1109.184992,671.1118318,273.9583635,1,35.12329616,19.13201553,0,1835.950077,29.11632729,700,7
14082,0,2223.645,287,1047.732106,909.8468966,117.3443941,1,61.33028762,49.35282091,1,1710.389953,11.3800087,800,48
14083,0,8242.837,251,1090.111832,830.1606051,162.8828344,1,37.53952897,25.60709289,1,1768.05995,14.25494099,1000,202
14084,1.935336,115.428,189,1209.856998,942.4398257,49.02627264,1,51.97221738,16.04784787,0,1530.809915,1.054049015,1500,5
14085,0,3098.857,126,996.8620485,911.0357134,138.5958445,1,37.2090759,70.61439588,0,1693.599951,3.357830048,1200,27
14087,0,56.943,110,977.7371568,962.8641405,119.7479324,1,56.44237577,119.1944862,0,1599.429989,0.769081473,1000,9
14088,0,94.015,76,1110.371716,883.0722933,134.3730935,1,83.23502587,61.76417961,0,1686.299958,4.832417488,800,19
14089,0,14.247,14,1056.501659,883.0184694,138.933438,1,58.68051886,25.70712326,1,1770.980086,9.199713707,800,6
14094,0,14628.405,218,1122.893578,783.4032457,160.7520673,1,72.23992314,27.32525171,1,1608.555024,1.345678449,1000,67
14095,0,25.187,29,1109.42554,828.7880221,147.177453,1,53.48884355,21.21676479,1,1836.31505,13.46303082,1000,14
14096,0,89.136,83,1004.330086,859.0651506,176.1389703,1,15.1086321,41.53342458,0,1763.679919,30.93580627,800,36
14032,0,19.935,21,1088.087445,897.2733034,122.8608789,1,83.07921789,51.6732025,0,1647.609978,3.894654989,1000,2
14030,0,1629.454,230,1022.957503,848.0357134,178.5231929,1,30.44480076,25.42673089,1,1787.769914,18.90316582,800,129
14029,0,31.193,28,1037.437734,764.9940828,233.1316861,1,47.52620612,2.645270838,0,1703.820081,7.010946274,800,8
14026,0,91.953,67,1016.116882,881.5209947,153.1200266,1,22.29889597,38.74249867,0,1735.210068,20.92812538,800,5
14024,0,1513.743,113,1095.170706,860.3738085,150.8053228,1,58.13282572,42.62939489,0,1742.510061,20.23129272,1000,47
14023,0,2713.108,602,1032.690476,923.5331881,111.7116195,1,56.30320366,63.51605118,1,1718.78504,9.252492905,800,244
14021,3.682467,1616.003,112,1128.54834,974.9545443,63.07803592,1,86.94733649,22.11554509,0,1555.265057,4.00484705,1500,14
14020,1.935336,41.099,63,1259.342279,986.9545443,37.75155334,1,47.58001358,60.68889335,0,1599.065015,1.519087791,1500,10
14016,0,2377.466,243,945.3128419,786.5849199,260.861838,1,46.97471952,22.61888265,0,1841.425028,30.938797,800,27
14011,2.208133,12.456,14,1139.271211,886.8418459,107.6022195,1,78.19006851,57.64382677,0,1783.025084,10.33578396,1000,5
14013,0,14681.161,271,968.7981233,789.2834047,249.0941247,1,26.11144923,30.89741611,1,1831.570046,24.41788101,0,49
14010,0,78.618,48,1076.229581,880.6458864,138.3878346,1,65.23744995,33.50184048,0,1644.690015,11.55160999,800,3
14012,2.208133,13.141,16,1169.099639,899.197185,80.11685947,1,56.92208031,28.84521061,0,1692.140057,3.845358849,1200,6
14073,0,12983.481,306,975.9352083,698.5138521,314.4427892,1,51.36763113,65.35612368,0,1852.740078,30.24800682,700,47
14079,0,238.427,135,1029.317893,903.3910524,129.751017,1,43.72577699,46.92596962,1,1713.309915,6.718438148,800,31
14093,0,21126.966,747,1000.22453,767.1534624,256.8363039,1,30.50538034,33.83080375,0,1655.274944,6.005784988,1000,199
14099,0.588234,28.124,45,1070.063059,957.7585848,68.65642161,1,39.90638497,74.63703028,0,1472.774944,1.352108717,700,8
14100,1.935336,127.373,114,1218.359523,979.9373004,74.38275394,1,85.52117125,56.56577282,0,1527.889953,0.930354118,700,22
14102,0,257.976,60,1084.317893,926.1727984,96.09773862,1,70.36977259,72.21979003,0,1676.080003,6.069159985,700,6
14103,0.527467,39.783,37,1023.264069,954.7758287,92.25692098,1,29.05207776,94.35635983,1,1747.985013,4.932447433,1200,10
14104,6.350523,20.343,14,1129.415439,712.8813844,233.7955875,1,74.81314571,52.62050659,0,1777.184985,4.44118309,800,1
14105,0,9239.733,91,990.7981233,798.3961031,233.2693594,1,4.40411251,41.56624144,0,1844.709964,23.10286713,0,24
14090,0,54.937,38,1119.98694,902.2854967,122.2062172,1,99.12519495,73.19348232,0,1774.265022,8.631674767,800,2
14091,0,266.086,297,1012.46212,686.6976183,294.3736852,1,33.00766636,49.79170719,0,1775.359943,26.11144638,700,19
14092,0,286.919,24,1032.915872,872.0773439,154.963656,1,36.23961407,20.98633787,0,1713.675063,22.24450493,800,6
15116,4.586288,130.638,22,662.2813127,853.2863633,237.3017731,1,19.34577398,62.33600304,0,1692.505031,2.466254473,1200,2
15072,0,1897.873,184,594.4234483,813.4629868,305.4248153,1,13.3006984,11.5081037,0,1809.670067,49.35203934,0,24
15003,0,620.329,74,667.7442995,718.4751801,310.1505347,1,28.31155343,33.19617722,0,1744.700077,30.99833679,800,123
15007,0,22.639,32,642.9797975,820.6883835,272.276779,1,37.07568329,29.23878555,0,1593.590064,4.463834286,1000,30
15094,0,62.676,76,512.038672,794.5685425,285.7587427,1,24.12370751,32.17704441,1,1790.69005,46.47964096,1000,45
15032,2.061531,29.2,118,666.8792924,822.3868684,259.0959769,1,44.01735601,49.57494538,0,1550.155079,3.582810402,0,29
15081,0,11708.417,1574,560.5189027,725.6101731,301.7001444,1,12.88595539,11.47187485,1,1856.754961,49.81393433,600,2119
15071,0,1973.095,74,672.7148622,706.4751801,301.0903085,1,38.47549127,23.37938229,1,1828.650084,44.78142548,700,124
15070,0,15432.574,1566,539.7787873,761.5391052,296.2567915,1,20.45576165,6.234460823,1,1825.364974,65.21004486,600,1329
15026,0,156.968,131,624.903679,737.0487732,317.8518604,1,33.0937952,32.37648348,0,1744.334929,12.92101479,1000,37
15061,0,174.893,163,537.903679,701.0121933,279.5154493,1,27.21302764,29.88553363,1,1860.040071,52.55086899,600,110
15057,0,76931.815,2595,580.7493501,764.4507935,333.3246387,1,10.24737241,7.068957988,1,1786.310019,13.86948013,1000,3970
15120,0,1032.561,1180,574.4894655,717.3380951,294.8761536,1,10.06671551,16.67448058,1,1850.550063,39.92634964,600,1062
15110,4.586288,214.772,232,653.666089,834.4873734,256.1013639,1,28.66099795,44.63758377,0,1605.269914,1.50156796,1200,172
15030,0,281.249,465,543.8914857,737.4680374,292.9483399,1,17.90766634,13.18555833,1,1854.929919,91.46257019,0,155
15044,0,142.834,181,573.175757,726.1665222,302.6962193,1,12.50947176,12.28448095,0,1872.450042,50.7416153,0,106
15093,0,157.218,197,530.7199128,729.6690476,279.5141321,1,30.90803608,26.04716749,0,1699.805024,13.01659584,800,87
15108,0,12618.949,752,573.276262,734.4091629,310.0176528,1,9.943168193,5.693591292,1,1842.519948,38.58588409,0,703
15111,2.061531,45.005,58,665.1930009,812.3158005,267.7123715,1,40.46295674,45.67770851,0,1727.910075,3.810682058,0,56
15016,2.756391,598.193,150,535.4183976,707.0121933,278.7190431,1,27.64192626,35.0439283,1,1790.69005,43.38432693,600,203
15112,0,163.357,213,611.9331163,745.7350647,323.6022224,1,28.15637198,19.33243542,0,1694.695046,10.30640125,1000,73
15113,0,110.105,136,598.5533906,837.4335495,286.3843759,1,30.67804645,10.11245311,0,1599.429989,2.250285864,1500,82
15123,31.919487,64.23,110,671.8965363,872.4995667,216.9133259,1,27.32459674,78.80340359,0,1533.730052,0.972457111,1000,5
15074,0,201.669,409,661.6194078,775.6883835,298.565518,1,7.033800142,22.6310099,1,1792.149944,21.26262283,0,135
15125,0,37.158,86,566.6904756,730.509668,307.116974,1,7.848583803,6.45921404,0,1880.115008,51.71281433,600,53
15053,0,493.904,269,575.9331163,730.8233765,307.5935512,1,8.008145368,9.036798791,0,1876.830072,43.28399277,0,218
15055,0,477.582,201,598.7371568,805.8772004,307.3984997,1,5.940827979,8.115162556,0,1838.870039,48.66439056,0,60
15073,0,4427.251,356,593.666089,809.6345597,308.3488197,1,11.57060069,8.996155895,0,1812.955003,48.83876801,0,73
15015,36.495821,187.922,232,500.2813127,786.1837662,272.5361254,1,34.15586074,33.79347963,1,1509.640057,2.65259099,1200,49
15014,0,24454.151,690,654.6610383,752.8893937,320.6338523,1,15.38726307,29.96032997,1,1736.304989,17.30131721,1000,406
15056,0,305.281,319,629.7615434,750.7766953,330.7046044,1,31.40759936,35.8238417,0,1719.150014,16.7982769,1000,46
15054,0,2062.368,1176,601.394011,802.2914139,308.7426913,1,4.084193498,6.425250169,1,1820.984943,35.34169769,800,1209
15076,0,5365.348,877,597.2224382,798.2203461,314.1356682,1,9.284473042,1.43068305,1,1820.254996,43.54808426,0,427
15060,0,3228.551,1551,598.7909806,752.0071427,328.2784477,1,16.90742341,7.413947043,0,1732.289932,7.177979469,1000,1319
15083,0,26.356,39,525.3229432,776.6396103,289.2842316,1,24.65860244,12.09958941,1,1812.590029,110.8368073,800,41
15024,0,52375.866,672,578.5189027,733.0660172,309.2687973,1,5.185531968,6.686712709,1,1852.37493,32.7640152,0,847
15059,0,163.793,263,570.7615434,726.3380951,302.9476127,1,13.26653411,11.31464293,1,1865.515022,52.60813522,600,274
15009,0,1204.371,264,504.4234483,776.1837662,271.8826216,1,41.94116079,24.99519615,1,1552.710068,2.193287611,1000,198
15067,0,799.413,678,604.5067094,777.8061325,324.9551967,1,19.89732714,20.54118022,0,1757.839994,17.73051834,1000,211
15031,0,2860.767,3207,542.6782823,754.5391052,296.6972709,1,23.47261927,12.327542,1,1833.02994,75.93066406,600,2515
15092,0,6370.295,443,548.1046891,721.6396103,292.4181553,1,19.08803278,17.29841152,1,1817.335033,47.75774002,600,326
15066,4.586288,2.669,12,670.3523805,850.7716447,234.2966362,1,27.57619149,66.81903392,0,1593.224916,2.528570175,1000,3
15098,0,13.574,62,587.0092347,811.5634919,310.7867587,1,17.95725668,6.98411961,0,1755.285006,18.09481812,1000,6
15025,0,11342.503,1825,523.2224382,767.5685425,283.8038677,1,28.96412982,6.44688817,1,1615.855017,4.532069683,1000,2306
15077,31.919487,8.982,8,635.5533906,852.7594514,253.2541727,1,13.41533851,43.02315677,0,1526.430058,1.725591421,1500,3
15078,4.586288,11.715,18,671.666089,841.9432175,240.5770665,1,32.68570514,62.60765985,0,1546.504996,1.79584682,1000,5
15096,0,716.277,298,586.6316011,710.6518036,289.0035026,1,11.18659842,19.18178916,1,1835.219955,33.32025528,600,75
15104,0,103950.098,2652,572.0630586,751.4802307,321.2721856,1,1.938168815,1.724742892,1,1805.290036,19.5520401,600,3755
15107,26.427143,38.658,71,583.8549058,855.9482682,283.7388455,1,51.25918003,4.479682062,0,1818.064981,3.517132521,1000,25
15100,0,884.224,296,549.9625535,734.1248917,297.1544612,1,13.32468439,8.465412197,1,1867.340064,81.62628174,600,156
15082,31.919487,224.175,305,648.5828278,872.2152955,231.4078115,1,8.536608033,57.55367544,0,1581.91004,1.156369686,1500,57
15058,0,12621.71,4728,550.6782823,757.8528137,304.6531464,1,15.55306667,11.44670434,1,1841.790001,45.95261002,0,2956
15064,0,96.94,139,677.8326112,764.8305192,301.1188874,1,5.801794846,5.618398676,1,1774.265022,17.47010612,0,72
15109,0,59462.204,1880,572.7909806,741.2375901,316.4812947,1,8.9756904,2.023808027,1,1771.34506,25.85844994,0,1994
15023,0,180.276,258,589.2468248,726.9655121,303.7759704,1,4.404781762,5.329009795,1,1835.950077,23.68831253,700,250
15040,26.427143,98.81,137,593.1686143,850.4335495,281.02515,1,44.04936732,5.305584395,0,1818.429954,3.934194326,0,79
15039,18.017454,13049.859,1976,521.3645738,755.0832611,278.5728179,1,35.76438904,9.57299645,0,1631.915071,3.205169201,1000,1418
15005,0,1656.962,449,633.4356416,795.646753,295.5431738,1,22.91437105,17.71701908,1,1686.299958,18.71463966,1000,386
15086,0,21.554,21,636.5239533,839.1025971,262.1061289,1,23.82943376,37.66683229,0,1527.160006,1.190319419,1500,47
15042,0,2473.074,1277,639.7199128,774.8183259,308.9543345,1,18.55904716,34.59302284,1,1798.71999,22.17900276,1000,329
15049,0,54.445,75,585.1097398,818.9777054,307.2251264,1,22.87782363,13.41790007,0,1760.03001,19.65408897,1000,25
15052,9.055854,91.726,260,572.411255,838.3208512,302.5259651,1,42.75392159,13.87066245,0,1771.34506,2.704725266,1000,66
15103,18.017454,99.723,139,510.1513703,768.0121933,273.3001296,1,39.77121771,17.19637715,1,1574.245074,2.445295334,1000,106
15050,0,72.141,136,522.766594,788.4680374,291.7474687,1,27.93614939,22.72389424,0,1789.959929,23.50934982,1000,54
15101,0,44737.322,714,580.666089,804.2497834,319.3950331,1,22.39430311,4.09310027,0,1664.399979,10.59218121,1000,275
15090,0,4794.758,607,597.5239533,822.9482682,296.7108985,1,18.06912814,14.48873628,0,1652.719955,8.122157097,1000,211
15062,0,13546.842,486,582.8082246,793.4213562,326.4427703,1,18.91447712,10.79162084,1,1644.690015,10.0675869,1000,251
15105,31.919487,20.483,41,637.6711396,909.8721497,213.4746333,1,24.76338876,68.24286639,0,1626.074972,1.956091404,1500,18
15068,0,386.909,204,509.4528855,792.3259018,282.3376232,1,26.99024152,31.53763597,1,1738.130031,58.89274216,1000,73
15080,31.919487,24.059,45,618.3696244,877.27417,247.0680351,1,26.3406832,34.48553404,0,1536.650014,0.952562273,1500,6
15106,0,304660.45,5423,611.4650788,800.6051224,304.0029732,1,2.996051194,4.85480559,1,1612.935054,12.41845322,1000,4561
15118,0,7011.279,825,621.7371568,815.4041123,287.5576633,1,18.25984495,12.1671315,0,1572.055058,7.904460907,1000,595
15036,0,359.286,369,577.1168825,699.6812409,278.5778491,1,14.83187285,27.91437808,0,1811.860082,47.48313522,600,72
15013,0,18195.893,1883,583.8914857,754.0365799,328.4531107,1,7.217246222,7.737182533,0,1793.245039,14.23804379,800,1887
15124,2.061531,31.409,61,676.9625535,786.7300141,282.8472827,1,19.84339629,20.3488611,0,1708.930058,12.03221798,1000,72
15117,31.919487,36.052,46,599.9554108,870.8183259,263.9277347,1,41.76820274,18.05240651,0,1614.394948,2.649597645,1200,4
15046,0,225.873,47,593.4062043,765.0071427,339.8067087,1,19.84021313,15.39962957,0,1730.465064,8.53349781,1000,45
15115,0,218.439,330,598.0924958,776.3208512,329.8923222,1,22.66057112,20.14932544,0,1760.394983,16.81196022,1000,177
15045,0,42664.426,313,638.6021638,718.119841,303.0043234,1,26.592,34.31130469,1,1732.655079,15.08747768,800,325
15006,0,102.899,593,587.2518754,808.1492783,313.5250306,1,17.08333907,3.568591891,0,1804.559915,34.40294266,1000,26
15012,0,447.314,320,589.0803025,806.5634919,313.5397869,1,15.38251929,3.563289031,0,1806.74993,41.10922623,1000,37
15034,0,32.564,44,499.3818177,794.0121933,275.2132351,1,28.14162656,39.41812441,0,1615.12507,10.7970953,1200,13
15041,2.061531,4.763,12,673.394011,832.1147904,247.3438537,1,39.75755282,59.34849388,0,1701.995039,4.912847519,1000,5
15017,0,11.159,23,515.4234483,780.7401154,282.3768741,1,33.88457023,20.47980875,1,1774.994969,59.22135162,0,14
15102,0,531.173,28,645.803174,737.5046174,321.4911363,1,29.1190756,44.53041282,0,1754.555058,21.81459045,1000,23
15089,0,47.646,54,521.666089,779.8111832,287.9342595,1,27.49085934,16.28217985,1,1818.429954,104.5023041,800,28
15029,0,1880.257,710,535.2640687,752.6396103,289.3212217,1,29.26407629,11.32991145,1,1745.794997,38.3515892,600,633
15087,0,357.419,520,614.1635636,777.119841,320.4671319,1,20.55570994,24.58060101,0,1728.640022,16.63924408,1000,202
15069,0,79.661,47,540.3056993,734.8111832,288.9571551,0,21.67052469,16.85793558,0,1844.34499,87.02855682,0,11
15084,0,247.957,238,554.903679,708.0538239,285.9132672,1,10.08004634,27.32678663,1,1830.474951,55.80524445,600,111
15119,26.427143,16.088,65,576.6833329,850.6345597,292.7588172,1,49.72050016,12.24840398,0,1765.139987,2.326286554,1000,15
15008,31.919487,52.925,74,645.7127702,893.2863633,218.5074205,1,26.99664736,63.80896246,0,1594.320011,1.085839033,1500,8
15011,0,281.539,401,550.4772721,741.3675324,299.6170472,1,12.34564801,8.362397659,0,1859.30995,83.53410339,600,256
15121,0,195019.727,1865,583.0336213,741.9655121,317.6336905,1,4.049835562,10.03127415,1,1849.819942,27.03141785,700,3048
15075,0,1542.141,256,545.3473298,716.9827561,289.1297928,1,19.2126789,22.67715278,1,1814.415071,37.34471512,600,137
15018,0,209.622,310,603.2518754,814.7766953,299.4891085,1,8.932584302,15.47608505,0,1780.469921,19.99555588,1000,132
15019,0,383.87,254,585.7371568,800.492424,318.9132077,1,17.89496102,3.332126863,0,1729.004996,33.56224442,0,89
15020,0,6090.282,696,568.7909806,739.5807358,314.6100606,1,4.951701443,2.174805742,0,1791.419997,22.07297897,0,1118
15022,0,828.733,48,523.9797975,771.3969696,286.64374,1,26.3268506,8.425632302,0,1797.62507,118.7315292,0,75
15047,0,38.188,112,622.7199128,767.7766953,323.0018177,1,31.26444134,33.60106136,0,1710.389953,11.68728924,1000,96
15001,0,1228.686,440,665.1168825,736.1320344,324.7703894,1,14.90690159,33.18825416,0,1762.584999,25.10796928,800,133
15048,0,11161.987,440,647.5189027,761.646753,316.0230968,1,12.1885502,33.57766131,1,1787.40494,18.56505013,1000,182
15028,0,314.722,207,543.7199128,735.0538239,291.8538024,1,18.67912336,13.84303305,1,1847.995074,59.32040405,0,116
15063,9.055854,34.882,96,569.6244584,819.5929291,316.2609328,1,35.54968386,20.25021156,0,1637.390022,1.889305472,1200,87
15051,0,125640.831,1198,593.9503602,786.3208512,324.3235734,1,17.84819414,10.61610093,1,1719.514987,9.204597473,1000,585
15085,0,433.508,857,679.6316011,749.1736649,313.8837101,1,3.690913214,16.58884174,1,1754.920032,19.27705574,800,135
15088,0,338.872,528,585.5533906,832.0487732,297.6232149,1,31.28742406,2.820623629,0,1777.184985,4.495441437,1200,283
15027,0,26.164,48,595.3229432,805.6345597,310.2806361,1,9.126769962,6.719838948,0,1830.109978,48.65589523,0,44
15122,0,2185.917,1824,536.0508653,770.5391052,296.1034276,1,16.877699,3.116233934,1,1810.03504,37.55562592,700,1458
15099,18.017454,9628.018,1252,533.1635636,743.5685425,284.7060163,1,28.56555531,18.74675968,1,1608.555024,4.001869678,1000,1127
15004,31.919487,28.166,40,609.9259736,860.8893937,263.0071595,1,31.01449631,20.86720033,0,1691.044962,3.211686134,1500,10
15043,19.238514,281.573,205,573.666089,801.3502884,326.5225677,1,24.25377542,11.35436172,0,1664.764953,25.41966629,1200,33
15035,0,16862.034,496,593.903679,724.2081528,302.2039774,1,2.304133273,9.81353286,1,1764.41004,20.33405495,700,886
15065,0,289.672,222,532.4478349,719.8406204,278.1750177,1,31.27291351,29.15659087,1,1810.03504,41.82468033,0,205
15079,30.462743,313.372,69,632.2590181,710.8061325,295.0023622,1,17.7031663,25.40537355,1,1812.225056,28.21119118,800,67
15010,30.462743,7127.878,234,590.3595231,701.6518036,281.1054628,1,5.726832363,15.24085185,1,1830.839925,40.03480911,600,74
15037,0,1388.794,729,581.6072145,776.5218613,337.5880279,1,8.056482092,6.465582857,1,1703.08996,14.82346249,1000,767
15038,0,17.216,23,600.4772721,762.0782105,337.5984137,1,22.97991659,14.9716079,0,1717.689946,10.77043533,1000,25
15091,0,3123.566,360,582.0041841,727.4802307,303.9437594,1,5.702761798,5.364516941,1,1863.689981,44.78057098,0,524
15033,0,149325.816,7917,560.7199128,742.0954544,308.4303193,1,4.460648787,2.972359565,1,1813.319976,15.24147892,600,6044
15097,31.919487,27.437,54,622.8965363,852.2031022,260.4784691,1,21.84577523,32.01279547,0,1614.394948,3.393507957,1500,17
15114,0,207.655,57,653.0924958,799.1025971,283.6970424,1,29.13662704,33.82416179,0,1715.49993,21.3624382,1000,149
15095,0,44591.72,412,594.3473298,737.2792206,314.2404118,1,10.26087792,9.71233441,0,1766.600056,21.72278214,1000,510
15021,0,74.574,82,609.3107499,845.4041123,274.3327023,1,36.69764562,20.46541814,0,1568.040001,4.398920059,1500,45
15002,0,11108.796,1025,550.6194078,729.7106781,296.5518115,1,14.6660793,10.14843558,1,1802.735047,55.56147003,600,418
16045,0,1346.25,269,964.7026689,861.3961031,193.3792017,1,28.12701528,43.73249456,0,1756.379926,27.44263458,800,92
16093,0,122.461,106,690.0041841,772.2152955,290.23199,1,7.733536591,8.076069136,0,1697.615008,13.91467285,1000,17
16092,31.919487,44.996,37,717.8670991,877.4823228,190.6892014,1,69.74473662,96.85365281,0,1671.699972,1.711027145,1000,12
16088,0,1218.553,295,791.6610383,809.6366517,233.1030238,1,12.55791831,18.68306558,0,1804.194942,22.42810631,700,257
16085,0,177.337,360,908.1463197,850.8569978,213.2601106,1,51.36292754,46.13257932,0,1626.439946,15.99876308,1000,52
16084,0,134.663,294,929.9747468,857.5554826,216.430796,1,60.39159055,42.39740749,1,1678.634992,11.53092766,800,79
16074,0,79.893,90,983.9158723,851.7808794,191.021881,1,20.0845573,45.748962,0,1775.724916,25.29739952,800,11
16055,80.042898,214.917,213,853.7249635,945.4722215,113.4667482,1,23.76455628,51.66502343,1,1725.72006,12.31839752,700,75
16061,2.061531,122.252,119,693.8914857,799.6000718,265.2118826,1,31.86137411,32.37901621,1,1643.229947,5.536416531,1000,13
16073,0,284.598,1699,825.8620485,840.2051942,204.826369,1,19.32840761,29.2120092,1,1660.75007,15.99411011,1000,74
16104,0,1969.775,56,948.531096,852.3544725,209.3370883,1,45.50584796,33.03300502,1,1779.739974,31.16003418,800,22
16089,80.042898,159.191,172,935.2813127,966.3666658,143.4582305,1,55.59899246,122.2601795,0,1630.819976,1.64142704,1000,32
16103,0,299.703,217,963.158513,839.668181,211.0495112,1,38.06755376,24.6143922,0,1800.180058,27.09195518,0,29
16102,80.042898,7476.328,3285,873.2640687,892.6437944,165.8061456,1,3.097700475,49.1651779,1,1603.080072,1.126451135,1200,1538
16071,0,278.889,305,843.9158723,793.7909806,249.5519262,1,36.97067056,40.76033212,1,1724.624965,19.18053818,800,147
16064,80.042898,66.348,66,866.8670991,939.2001436,123.4574672,1,12.23200486,55.98847961,1,1723.165071,3.185293198,700,29
16063,0,166.969,55,864.9453096,816.5605333,231.1887519,1,54.26525428,18.74864935,1,1766.235082,23.02698326,800,39
16062,0,97.115,113,949.5727266,832.8691911,223.4183126,1,49.43713734,15.17708381,0,1752.365043,29.19960976,800,12
16060,13.496152,46.099,61,895.1290758,797.430591,255.9962522,1,49.75667788,11.88686855,0,1821.349916,34.29399872,0,19
16059,0.613843,0,6,834.4234483,912.8742418,138.1455156,1,37.91409984,17.88779586,1,1639.945011,2.687449694,800,12
16058,80.042898,505.319,748,880.6072145,900.3717165,161.7321665,1,12.81292612,55.86007717,0,1616.21999,0.916980565,1200,16
16057,27.550217,32.377,36,763.5239533,891.7077195,162.4282568,1,64.16028236,52.85938303,0,1625.345025,3.367628336,800,3
16056,35.462472,384.94,1756,858.3767671,860.7026689,190.5355347,1,30.15472238,23.15722542,0,1661.115043,16.20307159,1200,29
16079,27.550217,716.325,655,826.3645738,881.4183976,166.8789973,1,18.68460311,18.48564913,1,1614.029975,7.512039185,1200,124
16078,0,87.604,153,789.6021638,780.666089,260.7113886,1,24.94628207,8.865026263,0,1825.729947,45.28079224,700,6
16018,0,18.357,23,803.2173875,801.5361467,240.051031,1,22.97608346,16.52480321,0,1800.910006,24.65522766,700,43
16019,2.606066,469.133,122,949.7615434,883.3250353,186.9160441,1,42.27044701,61.46912466,0,1686.299958,2.699422359,1200,28
16020,0,433.639,369,794.1168825,789.5655839,251.4537846,1,31.25259556,4.526160466,0,1825.364974,23.11091423,700,74
16021,0,132.239,962,897.8620485,870.0285707,193.2543121,1,32.35992347,49.43569135,0,1647.245004,16.11430931,1200,5
16022,2.061531,96.541,58,769.6194078,820.4234483,226.6044546,1,18.17020278,33.23970763,1,1689.950042,2.393406153,1200,59
16067,0,54.517,58,881.5016588,810.531096,240.5463701,1,53.89284282,29.30235535,0,1786.674993,27.71186256,800,12
16072,2.061531,43.614,85,754.5189027,805.9676042,241.7115433,1,36.02751666,35.27158213,0,1596.510026,1.050919056,1200,32
16086,0,67.417,48,934.5432893,812.5849199,246.4191624,1,56.41180535,3.16285748,1,1818.429954,39.18848419,800,27
16087,74.011561,510.967,54,846.293506,895.531096,155.8351479,1,22.42949422,23.76750506,1,1698.344955,3.982735872,1200,35
16047,2.061531,40.696,47,707.2640687,823.884343,240.0724716,1,56.74492095,57.24870403,0,1671.334999,1.449522972,1200,12
16046,2.061531,41.268,76,693.6366517,836.9848481,234.4849391,1,52.70329203,65.73915981,0,1676.080003,1.456967592,1000,10
16012,80.042898,429.676,160,912.4945161,939.3544725,145.5948055,1,31.00317849,92.35377878,0,1632.280045,7.252128601,700,52
16065,35.462472,537.412,1170,878.7909806,867.9869401,189.2650836,1,24.02988666,36.33844819,0,1618.410006,13.71342087,1200,36
16066,27.550217,510.718,1001,822.7493501,864.6904756,181.771055,1,4.868208569,32.79607163,1,1600.890057,8.600518227,1200,325
16068,80.042898,235.543,102,911.7493501,901.5554826,173.8139741,1,39.84853699,79.68075526,0,1459.635026,3.203992367,1200,19
16069,13.496152,7443.297,670,908.6143571,795.9869401,261.2874046,1,54.70292167,6.698721183,1,1839.599986,56.34781265,800,328
16070,26.820476,953.623,201,882.803174,835.6732316,218.2102119,1,53.08163023,23.95391287,0,1707.46999,32.77411652,1000,16
16083,80.042898,52.788,66,893.293506,914.9991334,154.2394859,1,29.75324092,68.69330102,0,1440.65501,1.762385845,800,61
16002,0,48.309,125,912.0264787,994.2245302,110.7620883,1,55.24197349,105.6751698,0,1560.375035,0.504287302,1200,4
16094,0,13.541,34,893.9453096,828.5727266,228.2075922,1,62.85682223,35.19572527,0,1745.430024,40.72999191,0,8
16095,2.606066,1080.597,67,933.7909806,890.7686861,192.5548784,1,58.72156276,70.34624752,1,1689.585068,3.014398575,1200,23
16100,0,104.241,635,823.1341264,849.6194078,195.5548585,1,10.69324804,34.20881125,1,1680.09506,16.80776787,1000,45
16105,0,13157.933,67,948.9575029,817.3839098,235.6857807,1,45.47373105,1.013095492,1,1843.615043,47.57286453,800,18
16101,27.550217,4.466,19,747.8498551,841.8670991,211.4912725,1,39.14202305,61.1261253,0,1647.245004,1.250578403,1200,11
16111,74.011561,48.935,60,851.4356416,885.9453096,166.3731079,1,17.61302411,31.98817104,1,1737.034936,3.256111145,1500,77
16034,2.061531,2080.309,2475,732.1341264,811.9259736,242.7749015,1,53.66233435,56.59893672,0,1540.299923,0.876952887,1200,209
16017,0,22.424,32,699.2884553,752.629509,304.2972856,1,19.48944324,19.12560762,1,1781.929989,20.06921005,800,42
16016,0,66.588,682,839.4183976,832.9331163,212.5923078,1,28.66092259,16.26855326,1,1655.639918,18.64056015,1000,25
16015,0,138.264,111,941.4701295,1019.307791,125.7698461,1,90.12898786,132.271523,0,1527.160006,0.431454271,1200,23
16014,0,55.229,76,1000.783838,1034.503751,81.38264482,1,56.78766653,114.6102101,0,1553.804989,1.0682199,1200,15
16053,27.550217,46044.16,5065,796.6194078,831.6072145,212.5256415,1,9.657542502,39.41876173,1,1680.09506,3.660444975,1200,3916
16052,8.870558,86185.351,810,839.5462479,1053.241774,26.23317786,1,22.10507409,54.61795575,1,1689.950042,6.761738777,1000,846
16051,4.902971,1568.86,169,991.0163774,862.923015,179.1449211,1,8.291129556,54.87107974,0,1703.820081,30.38418388,800,10
16050,0,266.854,431,718.9747468,770.156421,283.022577,1,32.3799602,32.43666939,1,1741.049993,24.86067009,1200,209
16049,27.550217,69.67,85,770.7077195,863.0508653,187.4085312,1,36.64361336,57.65230785,0,1627.53504,0.713602602,1200,21
16042,0,550.273,44,936.5727266,827.4844148,234.4546998,1,59.17118761,15.33010824,0,1819.890022,35.005867,800,11
16041,0,49.892,202,715.1046891,790.8132752,266.0567799,1,35.91606108,36.25205892,1,1744.334929,30.87605476,1000,19
16038,24.1831,172.695,244,732.2274888,936.1513703,137.6481373,1,56.36918659,88.238255,0,1665.495074,4.746997833,700,71
16037,26.820476,25.532,41,829.9747468,816.1341264,226.8682192,1,37.14201593,30.14459778,0,1743.604982,23.82422829,0,21
16036,0,43,79,811.531096,795.6072145,245.7491289,1,32.73516466,21.76738741,0,1827.919962,27.10892677,800,12
16035,1.857187,71.757,173,826.9259736,950.7737367,102.6429203,1,49.25820935,47.05787614,1,1548.330038,3.550506115,600,14
16023,0,508.172,66,935.6021638,841.1412691,224.8096596,1,60.35032779,25.54450588,1,1759.665036,46.06367493,800,18
16025,0,593.567,2119,889.2468248,851.2295808,206.717508,1,41.66687447,33.78299414,0,1669.87493,12.71995735,1000,67
16040,2.061531,75.564,190,766.175757,806.1097398,239.6825032,1,27.42835695,25.78738136,1,1632.645018,7.53139925,1200,38
16039,0,20.435,27,808.9919908,855.4772721,190.0568596,1,16.63604512,42.60753479,1,1664.399979,10.99949455,1000,16
16026,0,2.223,12,979.6122651,1023.391052,100.7573747,1,62.97465836,133.0882118,0,1551.979947,0.751516521,1200,2
16027,26.820476,10.928,23,815.9747468,810.3351365,232.236561,1,26.90347581,31.23014568,0,1759.665036,20.3456459,800,12
16028,0,12.178,27,901.7442995,815.4011537,241.7189182,1,67.08616876,24.2350221,0,1799.084964,53.44984818,0,39
16029,1.857187,37.172,72,786.884343,954.1046891,101.2541829,1,85.49568006,53.80010215,0,1639.945011,5.165734291,600,3
16030,0,995.595,55,919.9869401,819.4427843,244.5506814,1,71.40693285,16.64397728,1,1788.135061,39.96738815,800,70
16054,26.820476,25.4,42,829.531096,803.0630586,238.9286021,1,40.1712623,38.82480949,0,1724.259992,31.15820122,0,12
16033,0.613843,109.586,92,850.4234483,919.5016588,135.2949855,1,31.51301356,32.44842168,1,1676.444976,2.256679296,800,22
16076,0,2330.631,1775,970.430591,853.2245302,196.9149508,1,27.67383766,38.79066286,0,1792.514918,28.0015583,800,136
16075,2.606066,324.168,507,912.7909806,882.0702013,190.2018535,1,40.97837184,67.43082628,1,1568.769948,4.089308262,1200,73
16080,0,18.677,53,703.7615434,781.4284989,277.5046225,1,22.39252889,22.73166008,1,1620.600021,12.77026463,1000,13
16081,4.586288,0,2,684.0803025,845.9137803,232.0544113,1,40.53201718,73.18150122,0,1665.495074,1.698559999,1000,3
16082,27.550217,873.546,283,795.5655839,885.0630586,163.6883417,1,35.41772975,26.7351302,0,1651.625035,2.987843513,1200,91
16099,4.586288,25.661,46,707.3229432,852.0264787,216.7059893,1,59.62439884,81.65782323,0,1662.940085,0.756541491,1200,8
16003,0,64.231,104,780.1463197,797.8376618,245.4803997,1,25.81508904,11.36219376,1,1793.974986,36.50935364,700,63
16090,74.011561,88.973,618,849.5777772,873.4600282,176.7845207,1,24.74168064,35.89111722,1,1686.664932,7.104253292,1200,31
16091,0,231.602,75,930.0041841,871.6265504,206.4609367,1,58.77258506,53.82643486,1,1650.894914,9.392380714,1000,65
16048,0,407.837,33,806.4772721,847.4062043,197.7216217,1,21.85811307,47.48994984,1,1744.700077,15.81367111,1000,15
16001,27.550217,79.774,120,794.5067094,856.5067094,189.8368786,1,28.00475912,47.11856812,0,1656.370039,12.90343189,1200,24
16024,35.462472,196.883,701,874.5189027,855.6732316,198.8251148,1,34.14703272,24.55918962,0,1648.705072,12.2889328,0,10
16009,0.613843,109.691,176,818.0092347,907.2468248,142.7242432,1,42.96925066,6.421289611,1,1630.090029,2.206400156,1200,69
16008,0,7.843,16,943.8010819,1058.935208,121.6299072,1,109.4028692,141.1790602,0,1511.099951,1.178195953,1000,13
16007,0,28.059,47,704.6194078,793.4995667,266.9646377,1,31.03244588,31.4628049,1,1711.485047,18.60689926,0,4
16006,1.857187,1660.482,615,883.0681092,962.3128419,112.7446247,1,16.91779009,81.50361797,1,1593.590064,1.555256605,1200,573
16005,0,24.857,52,693.3767671,792.3574311,271.7606763,1,25.18822059,25.69954457,1,1596.510026,10.89680958,1000,5
16004,0,37.996,61,865.158513,799.0752519,247.1586985,1,40.03803783,34.28022753,1,1794.704933,26.10197639,0,12
16011,0,55.229,38,959.7148622,825.3544725,223.6002052,1,38.67094998,12.62687609,0,1858.580003,53.6450386,0,6
16010,8.870558,79.547,154,840.9726548,1018.685425,47.20575556,1,44.3236197,39.93116255,1,1619.870074,1.672726274,1000,62
16110,0,269.084,241,753.1463197,786.6538957,259.4319919,1,39.08890024,33.22055476,1,1627.900014,6.181273937,1200,131
16109,13.496152,14.977,39,897.2295808,806.5016588,248.0374609,1,58.09554154,17.60275064,0,1798.71999,58.13591003,800,7
16108,0,7579.914,1047,916.1879503,834.2712114,231.0635414,1,68.65862745,28.47638236,1,1780.104947,26.70014763,800,657
16107,35.462472,8649.886,840,861.6610383,838.6316011,210.9796266,1,38.80343581,5.254797291,1,1643.594921,11.98253536,1000,80
16106,0,247.393,283,924.6143571,802.6143571,259.5918794,1,65.34880935,11.2967224,1,1834.854982,44.9741478,800,42
16013,27.550217,20.812,29,739.7249635,898.2518754,165.1932231,1,78.09056088,75.09080208,0,1665.860047,5.333034515,800,0
16044,26.820476,33.468,32,853.6316011,821.2468248,224.6966102,1,44.13745381,13.00721126,1,1727.544928,16.8487606,0,18
16043,0,7490.795,300,917.6316011,847.7564928,220.5163165,1,60.40887392,38.54568421,0,1740.320046,24.80841064,1000,264
16077,24.1831,55.085,83,691.4995667,929.8254685,164.4820262,1,25.55696157,118.0349323,0,1685.934985,5.03638649,0,12
16032,0,23.61,82,841.54834,856.0752519,191.1504436,1,14.76439793,24.04207927,1,1749.079933,17.74511909,0,16
16031,1.004238,20.638,31,716.9869401,735.3574311,314.2627927,1,39.41686218,38.65226158,0,1775.724916,37.19186401,800,11
16098,2.061531,53.003,143,710.4772721,807.6417023,252.7765972,1,44.69363297,45.15351932,1,1697.615008,3.699299574,1200,29
16097,5.878429,80.623,118,778.0681092,918.8204179,135.0281138,1,69.6629528,42.93930893,0,1673.16004,5.320637703,800,10
16096,1.857187,10.087,18,875.6711396,1008.454978,75.49906223,1,59.67662813,70.55045186,0,1573.879926,0.591430366,1200,0
16113,0,62.343,141,854.5432893,779.4478349,263.589822,1,21.71867535,48.12850472,1,1811.129961,36.43317795,0,36
16112,2.061531,899.505,779,688.6782823,815.0142853,254.6421275,1,44.90373002,45.44181284,1,1556.724951,1.454710364,1000,383
17008,9.055854,6425.17,458,537.9259736,831.0660172,323.7562421,1,23.82408801,6.23922861,1,1806.019983,8.219695091,0,624
17003,34.070832,169.197,293,479.0853532,843.0121933,285.971501,1,18.07936917,56.98190195,1,1875.370004,15.93146706,0,83
17036,0.527376,27.422,78,490.2396821,801.9411255,271.8360214,1,22.88168979,48.04582154,0,1760.394983,10.74688911,1200,7
17029,0,1058.964,537,527.411255,819.6812409,309.463746,1,11.80169523,21.04252272,1,1801.639953,3.756410837,0,918
17018,9.055854,420.811,467,549.1686143,832.2081528,322.471136,1,33.51183088,8.879203444,0,1835.219955,6.337629795,1000,609
17014,9.055854,20.028,28,550.7127702,853.9360749,308.2000608,1,45.70702563,17.81540041,0,1850.915036,8.664886475,0,24
17019,34.070832,84.661,179,497.156421,844.6396103,299.0898174,1,15.35080964,41.3096482,1,1816.605086,16.2752037,0,34
17006,0,9859.015,914,515.3401872,820.5391052,300.6903459,1,1.100425819,28.25446893,1,1844.709964,6.920163631,0,1709
17001,26.427143,32.933,45,548.156421,865.764502,303.4486302,1,52.10765584,26.68000939,1,1797.62507,4.955140114,1000,26
17025,5.409428,91.534,105,511.4284989,861.0954544,319.617556,1,35.16661132,34.4330417,1,1791.784971,7.989367485,0,67
17002,0,89.078,116,513.7249635,804.6396103,292.1305269,1,14.19282514,38.94193583,1,1798.355017,10.10039902,1000,90
17026,0,136.293,126,523.139177,807.3675324,300.3475093,1,14.96675229,32.82673623,1,1789.594955,3.840981007,0,59
17023,0,13.671,17,529.2813127,798.1959595,301.1569259,1,24.45159855,29.62200769,1,1750.904975,6.163897038,1000,22
17004,0.527376,28814.844,336,512.3696244,833.3675324,304.5044445,1,11.74273652,26.71619779,1,1824.270053,8.568271637,0,218
17010,0.527376,100.337,165,488.1269837,826.8406204,283.0174659,1,3.892415549,49.46428626,0,1846.170032,14.82570553,0,70
17017,5.409428,205.703,150,537.4995667,866.0365799,311.8831496,1,46.62238241,25.94277468,1,1734.844921,10.60352612,1000,210
17015,9.055854,40.248,55,557.9259736,839.3502884,312.1253469,1,43.65208472,16.15020255,0,1824.270053,4.573891163,1000,28
17022,0.527376,47.861,137,493.4823228,799.7695526,273.3238495,1,25.63197436,46.04834444,0,1624.980052,1.513171196,1200,23
17009,0,221.367,132,555.6955262,807.9655121,326.909206,1,25.77247204,27.62847216,1,1661.84499,3.678037643,1500,343
17011,0,68401.333,977,539.8254685,823.6518036,321.2216936,1,23.42415375,13.5438947,1,1812.225056,5.322682381,1000,1215
17012,9.055854,251.491,309,531.156421,858.7228714,320.2191991,1,38.37216491,21.14513612,1,1817.335033,8.432274818,0,358
17024,9.055854,115.482,185,524.9554108,839.7523087,318.1375832,1,20.56888029,14.57376705,1,1812.225056,6.031794071,0,79
17030,0,8551.698,441,505.9970414,811.9827561,289.3320065,1,10.89176448,39.6428633,1,1770.249965,18.8324604,1200,191
17013,0.527376,61.996,111,492.2985566,830.9116882,288.1339518,1,2.17556455,45.46275274,1,1848.725021,16.81526947,0,59
17034,9.055854,33.688,80,548.1980515,845.8650071,315.0818081,1,38.75192962,10.20066894,0,1854.564946,9.834464073,0,16
17020,0,329.076,223,538.7960313,809.1665222,313.6930107,1,24.10616377,26.23989431,1,1706.740043,1.788995028,1000,219
17031,9.055854,2363.45,164,532.4701295,849.8944443,324.015002,1,31.80885754,13.4922255,1,1852.37493,7.667861462,0,73
17021,9.055854,18.044,36,556.1269837,855.0071427,303.6137224,1,50.19217267,21.76160411,0,1843.980017,5.893316269,0,25
17027,0,25.156,63,519.6244584,798.882251,293.8988777,1,20.30024495,33.10610534,1,1788.865008,9.957555771,0,15
17016,0.527376,50.476,103,499.2396821,805.6690476,280.9753908,1,19.47690917,47.29362422,0,1689.219921,11.75720406,1200,51
17032,0.527376,51.994,111,492.9259736,812.4264069,279.3753924,1,13.15229503,49.68710872,0,1786.674993,14.73543167,1000,13
17033,0.527376,487.954,703,494.4406922,820.0832611,284.0934394,1,6.98387211,45.75399034,0,1849.819942,27.78362083,0,56
17035,9.055854,798.477,238,538.7127702,848.9655121,320.2319467,1,34.26633506,10.48306475,1,1856.389987,8.206688881,0,37
17007,0,19422.143,1548,552.3107499,821.7939392,326.7420737,1,34.99728929,18.43703524,1,1696.519914,2.926626682,1000,3597
17005,26.427143,8.014,8,561.783838,852.6639969,301.4060174,1,52.59902504,23.74103107,0,1843.980017,5.008292198,0,19
17028,9.055854,2112.063,312,541.4406922,839.5512986,323.6607832,1,30.22692031,1.891505178,1,1859.30995,6.067063332,0,347
18009,0.892374,11.311,80,1258.113924,805.5626253,175.0131428,1,70.28430803,19.84019065,0,1475.329933,0.024373285,1000,1
18003,1.424735,45.764,50,1176.295598,860.0012255,90.57276248,1,24.39225609,57.92931285,0,1752.365043,4.075199127,1000,12
18015,0,354.175,440,1316.101731,863.5575747,133.8755939,1,58.02268182,93.8135812,1,1678.634992,2.395144224,0,107
18014,0,557.768,45,1217.905771,854.3910524,103.8812338,1,34.43853661,64.12875547,1,1699.44005,2.022069216,1200,23
18007,0,81.705,220,1190.6215,843.6753237,106.1216099,1,16.48959273,64.68200531,0,1613.665001,0.678108394,1200,13
18005,0,13.047,25,1347.765727,786.1787156,128.2520583,1,35.48247139,94.51480834,0,1545.410075,0.186571151,1500,13
18017,48.085217,14729.812,2263,1255.332178,866.9646456,116.134414,1,11.67355948,76.61021147,1,1601.255031,2.728605509,1500,543
18013,1.424735,13.916,31,1225.793073,880.5037508,76.78202122,1,29.88047259,86.557887,1,1735.940015,4.863151073,800,10
18012,8.057612,262.615,288,1317.746391,893.5281374,104.9464724,1,62.50160841,125.1541158,0,1587.749965,3.206321001,1500,37
18011,13.21242,138.452,179,1283.90072,833.8174593,151.6442379,1,51.8583498,54.16362601,1,1618.045032,0.976036787,2000,16
18010,0,38.794,64,1316.113924,829.5870119,162.8468519,1,44.06957949,73.12902442,1,1671.699972,1.571130753,2000,41
18002,1.424735,88.064,73,1202.408296,867.8885271,82.07609599,1,9.87223658,77.38289931,1,1762.220025,3.723252535,800,20
18001,6.645055,1543.95,148,1334.854039,808.0601,143.5250172,1,12.01306255,79.25392774,1,1605.635061,0.701980293,1500,53
18018,0,153.603,262,1326.072293,853.6286425,146.1506332,1,58.15881127,93.80733417,0,1731.924958,16.09757233,1500,25
18019,0,6.766,17,1180.775829,801.5209947,150.805136,1,63.60679451,17.70826095,0,1547.599916,0.11109183,1000,1
18004,1.424735,382.661,561,1256.964646,913.3321779,57.07938096,1,44.75725274,86.41344514,1,1584.100056,2.007351398,0,152
18006,0,398.166,210,1174.579869,841.7169542,106.5290876,1,18.31908548,51.25911486,1,1707.105017,1.463230729,1000,40
18020,1.424735,1805.113,717,1266.124025,948.1727984,22.35342656,1,10.8309001,69.26845554,0,1620.964994,3.80593133,1500,311
18008,0,462.331,276,1257.562625,890.7341982,87.99476792,1,14.13974686,95.79952546,1,1594.684985,3.036811829,1500,49
18016,6.645055,129.117,200,1356.469263,840.4448763,132.0415711,1,22.51056048,103.0478723,0,1731.924958,9.313491821,1500,41
19035,93.847952,0,3,1232.136218,123.6568542,431.0899751,1,80.02520491,65.44454951,0,1584.465029,139.2571259,0,0
19036,0,3.616,5,967.2316729,371.629509,253.1463784,1,28.92189595,62.63361766,0,1728.640022,15.69622231,500,0
19002,0,67.825,21,1268.834703,139.0416306,464.6698953,1,51.67711622,70.56324665,0,1568.769948,34.77006531,600,1
19013,12.810618,31.403,33,1149.1829,95.92388155,354.0959978,1,127.701558,92.62524554,0,1573.879926,110.9278412,600,14
19014,0,477.057,87,1022.444876,328.8427125,289.9533311,1,23.08807972,45.76241178,0,1707.46999,5.78015995,400,42
19032,0,146.26,24,1380.65808,109.7106781,570.2513857,1,60.81735794,111.6832961,1,1467.664967,19.44095993,400,1
19001,0,669.515,14,1256.829653,209.0365799,462.9194854,1,18.55294515,23.98638524,1,1454.159988,55.59617615,400,0
19031,0,9602.415,834,1208.817459,205.9533188,417.042589,1,16.65855054,15.75337736,1,1444.305006,5.81127739,800,587
19015,5.767295,0,2,1205.082395,80.97056275,407.1168424,1,121.0648289,76.22817893,1,1580.814946,138.8868713,0,3
19043,0,0,3,1148.817459,230.8061325,367.7701484,1,27.1225952,42.86182997,0,1399.775014,1.223348737,700,1
19048,0,147091.517,1047,1219.729148,243.6101731,434.3138211,1,15.51657636,16.79480361,1,1274.945011,1.412940979,800,252
19047,0,544.037,75,1264.90072,205.1076477,470.9678468,1,26.50182465,27.50839805,1,1420.579985,44.88233566,400,15
19040,0,0,5,1296.106781,104.3137085,490.1713409,1,57.46144821,103.0044646,0,1577.894983,136.8246765,600,0
19037,0,11.328,18,1310.569768,186.7766953,515.8898093,1,42.66517,62.09412009,1,1422.405027,28.48420334,400,10
19027,5.767295,1.321,3,1214.82251,121.4558441,414.4793786,1,82.60420816,66.84674262,1,1586.290071,123.3756027,600,1
19020,12.810618,45.43,24,1179.212337,69.42640687,385.1522506,1,135.1818681,64.35524699,0,1570.959964,170.6864319,600,17
19005,0,4234.289,88,1396.917964,58.45584412,583.7904401,1,94.16850017,121.7322041,1,1577.894983,133.698761,500,10
19019,0,23794.772,302,1222.172798,229.7106781,434.0819913,1,3.462494251,3.929385941,1,1385.540001,14.30566311,600,159
19041,0,180601.549,228,1217.018469,186.1543289,421.1285818,1,24.05683933,7.984824367,1,1565.485013,83.46472931,0,128
19008,0,50.315,39,1333.45707,145.6639969,530.4903123,1,15.39020445,88.96591544,1,1430.800028,14.17852974,0,5
19026,0,187153.115,2079,1219.545381,212.0538239,427.094237,1,7.214966252,8.123158808,1,1437.005013,10.89763069,800,635
19051,0,31.139,21,1312.758585,148.9655121,510.0694341,1,8.686157726,80.21684488,1,1341.010009,22.32661819,500,4
19007,2.950438,22.724,28,1046.047907,270.4457429,281.7729054,1,67.64664869,45.95325625,0,1116.899979,0.054686785,800,5
19050,0,0,1,1314.704761,108.9116882,507.3871388,1,32.97179432,101.1457337,0,1585.55995,106.9884796,600,4
19049,0,1672.909,152,1188.373808,227.3086579,402.6569269,1,30.55759259,30.51356439,0,1189.169962,0.482694,800,57
19034,0,5186.283,40,1231.604256,178.9411255,433.8119155,1,29.47794836,17.03993141,0,1522.415001,18.93509865,700,2
19045,0,38011.763,205,1276.444876,178.6518036,476.5267438,1,38.56586058,46.47770392,1,1355.245022,22.45841026,600,132
19038,0,8742.585,151,1142.562625,195.9066376,354.555838,1,43.09632581,39.1582243,1,1389.189998,0.317471921,800,87
19033,0,7148.113,269,1100.550432,186.9482682,313.7960465,1,55.47016061,4.603356405,1,1306.699972,2.497668743,800,72
19010,0,16207.873,180,1250.758585,210.9655121,456.5405046,1,12.65860261,19.39180914,1,1527.524979,35.35867691,500,87
19023,4.82752,0,4,1248.479364,120.3137085,446.2961943,1,78.88467575,79.82892318,0,1580.814946,134.9148712,600,2
19009,0,90162.202,254,1191.118974,188.6812409,397.6535919,1,38.36391522,28.10420002,1,1451.604999,4.422224998,800,101
19029,0,54.112,71,1110.763635,192.6761902,324.8774793,1,40.94865498,11.42692058,1,1610.745039,105.871521,0,9
19030,0,5.019,16,1089.805266,224.2031022,313.1497726,1,30.95166647,35.64569223,0,1515.844955,1.56020999,700,0
19006,0,340854.751,1737,1231.716954,204.6690476,437.2877182,1,6.82421943,6.14180873,1,1593.955038,91.50038147,600,567
19028,0,0,2,1250.846897,174.4852814,450.8351291,1,39.35653463,32.38987925,0,1504.530079,26.7010231,600,1
19025,0,60532.915,268,1242.645886,194.2842712,445.8049228,1,20.9238611,17.11939358,0,1596.875,117.5079117,600,69
19046,0,175666.574,1140,1229.030663,215.1543289,436.5440531,1,3.640939283,1.714655278,1,1576.434915,50.08478165,600,379
19021,0,192816.241,1318,1241.758585,219.9655121,449.1709154,1,4.820778724,11.59957681,1,1535.554919,39.85938644,500,461
19003,5.767295,,0,1228.02352,100.4142136,427.8663987,1,100.1293091,86.98046341,1,1583.369935,140.713913,600,0
19042,0,13.13,8,1192.86414,150.4680374,394.7295766,1,63.64749492,47.91282994,1,1555.995004,79.11110687,700,8
19018,0,96835.72,661,1252.184992,234.391919,465.6761744,1,31.88538395,12.13165988,1,1454.890022,25.62599564,400,386
19017,0,36.641,58,1125.587012,270.8893937,359.9543034,1,32.17496788,33.77963308,0,1583.004961,3.856938124,300,58
19016,1.255152,749.207,14,1222.976839,163.7695526,423.8477542,1,43.04205933,27.65637016,0,1528.620074,27.20804596,700,4
19011,0,23.496,19,1243.834703,143.4142136,441.7968503,1,63.08599094,50.35257618,0,1479.34499,17.62654495,700,3
19044,0,3668.012,165,1316.474314,128.6812409,511.1473064,1,8.674127517,90.32777715,0,1471.31505,14.29974747,600,17
19004,0,1388.113,116,1170.675324,210.0365799,383.0490873,1,48.10731367,47.95073212,0,1417.294962,0.345604539,1000,45
19022,12.810618,130.529,44,1143.408296,149.8650071,349.4352955,1,83.47553637,50.42011125,1,1582.275014,64.94121552,800,12
19024,1.903012,0,13,1003.834703,300.2325394,246.4453007,1,51.9106266,49.70518716,0,1464.745004,0.119207524,800,1
19039,0,221296.897,5224,1220.687517,223.2964646,430.4109467,1,2.290016508,1.080553634,1,1277.864974,0.614286602,800,1863
19012,0,10537.576,113,1251.716954,195.9238816,454.6856274,1,24.7248695,24.79943411,0,1610.380065,103.1023712,600,83
20155,0,3.043,13,201.4852814,584.5756852,193.9028395,1,53.59178133,58.39623636,0,1791.784971,14.72662544,800,0
20481,0,0,2,301.3259018,689.3868684,289.0274178,0,18.84596701,110.808588,0,1455.619969,0.927048802,1500,0
20378,0,7.362,47,200.627417,588.6883835,195.1947713,1,38.90625778,36.5112817,0,1783.390057,2.863340139,700,1
20334,11.016983,276.594,640,285.9238816,643.3330445,250.7226246,1,31.50131773,115.7712412,0,1624.615078,2.177592754,1500,38
20437,30.778398,26.329,104,128.1959595,516.256926,139.246512,1,70.68189846,66.69680611,0,1372.76497,1.350677967,1500,2
20441,19.097052,182.278,1303,25.72792206,369.9482682,28.31528594,1,8.350280003,22.55325707,0,1797.259922,783.0875244,1000,0
20446,0,0,2,307.5685425,695.629509,294.4254836,1,14.11908756,115.2775638,0,1340.645036,0.299198657,1500,0
20447,0,44.562,231,312.9705627,701.0315293,304.3149677,1,27.71191041,137.3043197,0,1628.264987,0.89738518,2000,3
20469,0,79.742,162,337.6101731,725.6711396,298.6347303,1,20.6198956,124.2446909,0,1529.714994,0.496343106,1500,17
20440,19.097052,1.54,14,57.24264069,445.3036072,67.56299348,0,53.44255248,55.93886716,0,1674.985082,16.65536499,1000,0
20513,19.097052,38.461,143,37.21320344,415.901587,76.14233122,0,34.37267428,35.597808,0,1336.629978,28.34417152,2000,3
20278,30.778398,61.067,104,242.5462479,613.6194078,109.9605623,1,31.89426254,21.73361458,0,1436.274979,7.113490582,3500,22
20457,30.778398,1.851,7,160.8355698,548.8965363,182.7567032,0,61.75419456,72.24926158,0,1274.214977,0.198226169,3500,1
20482,20.634036,262.094,465,339.8111832,697.2203461,313.1430855,1,8.631989105,166.4227149,0,1738.130031,14.82898235,1500,59
20329,0,3.457,38,249.7401154,637.8010819,240.1476648,1,60.37352096,59.4664706,0,1807.480052,8.9675951,1000,2
20330,30.778398,8.044,45,232.1320344,620.1930009,143.9803597,1,51.60459315,13.97108293,0,1366.559985,0.841695666,3500,0
20170,19.097052,3.827,139,141.9411255,510.119841,124.5577238,1,86.57900609,76.75806593,0,1730.465064,10.76074409,600,1
20230,2.254951,0.623,5,370.9066376,758.9676042,272.8422372,0,39.6084245,113.3590253,0,1824.270053,15.66467857,0,1
20184,30.778398,13977.573,802,203.8061325,566.0924958,129.9782666,1,7.886630428,46.96188742,1,1449.414984,7.951635361,2000,306
20214,23.352309,3.743,22,215.2203461,603.2813127,178.1832504,1,64.05068441,46.95943665,0,1328.600038,0.643047214,1500,0
20220,23.352309,0,2,233.5340546,621.5950212,174.9985757,1,71.99800192,44.1558259,0,1405.615026,0.297680765,600,0
20262,3.030253,1.597,14,174.509668,562.5706345,176.5805236,1,30.26463971,27.16101895,0,1577.165036,1.093239069,1200,1
20266,1.700436,9.61,38,134.6518036,492.0609665,99.46189733,1,124.8442383,51.26572403,0,1426.784971,1.053907156,2500,1
20265,3.437684,6.116,28,78.38477631,320.4457429,99.66274841,1,68.77335613,48.90781104,0,1428.245039,5.042757511,1500,1
20318,7.602375,536.87,865,239.8944443,597.3036072,201.990114,1,39.53803745,63.75184049,0,1719.150014,4.65778923,1500,99
20327,227.611227,46.437,102,107.1837662,280.8772004,105.5392849,1,87.19034892,53.69675156,1,1686.299958,25.09763336,0,13
20556,2.462729,0,2,312.3624817,700.4234483,213.9178297,1,13.99411918,59.93104708,0,1829.380031,97.98455811,0,0
20005,19.097052,57.87,238,18.55634919,378.6173157,60.48572365,1,20.8590408,19.10582972,1,1438.829968,120.0004807,1200,10
20517,19.097052,188.968,23,120.9116882,508.9726548,126.7308126,1,70.32766573,66.11698853,0,1641.039932,12.62878513,800,2
20565,3.030253,243.15,520,194.4974747,582.5584412,188.7799083,1,16.49418125,13.97079098,1,1823.905079,16.87890434,700,98
20503,30.778398,2.501,12,153.3380951,541.3990617,161.8819932,1,51.47021851,47.94778322,0,1627.170067,1.751956344,1500,0
20500,0,7.538,36,269.6984848,657.7594514,260.6064422,1,47.29990671,89.59085682,0,1692.870004,2.623749971,1500,1
20059,15.914757,192.118,552,178.254834,539.8061325,156.383412,1,70.36453117,69.5700064,0,1638.849916,9.970009804,600,91
20177,23.352309,31.037,52,255.119841,643.1808076,184.2456052,1,64.81073193,44.70907899,1,1551.979947,0.664146483,700,9
20364,11.016983,81.209,273,255.9533188,613.3624817,224.6758424,1,6.265554894,96.81931627,0,1548.330038,1.808573484,2000,8
20057,179.154991,120.791,248,68.3137085,406.9848481,111.6196151,1,67.52209988,59.24826753,1,1339.550028,30.49207497,2000,39
20544,3.030253,3.368,16,202.8944443,590.9554108,203.1395362,0,26.70523207,27.43320631,0,1577.165036,1.029431343,1000,1
20410,8.463489,4.676,15,96.98275606,454.391919,71.99696638,1,87.57656804,89.58440243,0,1584.100056,6.604619026,700,2
20435,19.097052,5.739,11,112.7401154,500.8010819,121.3383014,1,79.07747573,74.88148793,0,1477.519948,3.747963667,1200,0
20417,30.778398,10.281,16,185.0487732,560.8082246,149.6870173,1,26.02352998,49.45597801,0,1381.890005,1.432100415,3500,5
20439,7.602375,121.679,327,205.764502,563.1736649,164.9912356,1,83.12282124,17.93121731,0,1676.444976,9.65669632,1200,21
20251,9.344285,1.283,10,401.9066376,789.9676042,296.7742789,1,69.02524786,83.32309245,0,1830.839925,6.036859035,800,0
20467,5.674356,77.994,291,307.5391052,664.9482682,276.9840805,1,32.86983946,145.469847,0,1603.445046,4.915730953,2000,7
20559,30.778398,32.197,64,191.8477631,579.9087297,156.9534685,1,38.03628325,37.49207238,0,1281.880031,0.118922301,4500,13
20169,30.778398,1.726,12,251.2447327,634.6194078,117.546678,1,27.43644272,22.96681364,0,1494.30995,2.582903624,3500,0
20118,19.097052,7.118,48,163.4264069,551.4873734,161.028234,1,31.55523381,27.85802582,0,1697.615008,16.10877991,700,1
20568,2.254951,10.489,195,352.5046174,740.5655839,231.5504001,1,11.78041444,85.11369988,0,1816.97006,21.61226082,800,8
20460,30.778398,2.117,9,126.2081528,514.2691193,154.3911606,1,79.91158072,87.54790597,0,1244.650031,0.366543293,2000,0
20044,30.778398,581.718,276,193.1076477,544.2640687,135.4082615,1,10.83435215,68.49550081,1,1457.809985,36.85260391,2000,41
20507,20.634036,11.484,49,364.1543289,721.5634919,339.2806442,1,32.95253288,146.9712337,0,1790.325077,30.69289207,0,1
20515,8.463489,267.775,935,52.42640687,403.9777054,21.86233932,1,47.08232287,48.62550229,1,1451.240026,15.73596191,800,186
20516,0,8.637,22,236.7279221,617.3330445,226.9851091,1,37.96714882,80.56928633,0,1677.905045,2.10676384,2000,0
20051,19.097052,124.928,671,169.0121933,557.0731599,166.0094378,1,27.9655,24.70353484,0,1655.639918,10.23264122,700,3
20041,23.352309,110.553,340,257.1736649,645.2346315,136.5782706,1,29.38642235,5.254696389,0,1346.850021,0.474564016,3500,7
20042,23.352309,63.951,37,177.1787156,565.2396821,190.2538826,1,60.10148003,58.39629857,0,1333.710016,0.013389305,3500,2
20071,7.602375,9.54,56,171.3086579,528.7178208,134.7026964,1,99.06631399,22.89689763,0,1551.979947,1.059890509,3000,2
20223,30.778398,0,4,156.4507935,544.51176,173.2721106,1,67.00957398,64.27396301,0,1466.935019,0.010509769,2000,0
20190,179.154991,65.851,809,100.0538239,467.6122651,131.4717707,1,75.23832337,94.70105944,0,1411.089977,1.682245374,2000,8
20097,30.778398,1.819,12,153.2375901,541.2985566,164.6730105,1,56.43289469,53.15869391,0,1570.230017,3.471352339,1500,0
20098,30.778398,1.821,18,226.0609665,614.1219331,147.633357,1,51.23533091,16.29470239,0,1403.789984,0.617180228,4500,0
20101,0,5.647,29,190.6568542,575.4041123,184.2892045,1,56.38252571,53.84455277,0,1815.509992,24.46772957,700,0
20104,0,2.765,12,217.6984848,605.7594514,210.8516928,1,45.08324808,43.13243765,0,1680.460033,2.402623892,1000,0
20413,1.700436,310.687,431,154.6934342,512.1025971,117.4121185,1,124.5915797,32.6780548,0,1577.53001,0.857192695,2500,80
20120,30.778398,0,3,153.5807358,541.6417023,163.5409426,1,53.24645863,49.85243546,0,1603.810019,1.510301232,0,0
20121,0.508321,0,3,283.6639969,671.7249635,218.259318,1,29.45682424,65.75734594,0,1724.624965,22.22431183,700,0
20015,15.914757,5.001,184,169.3847763,546.6761902,158.6544758,1,64.48393103,62.0970896,0,1814.415071,15.14915562,600,2
20125,1.700436,1.816,17,100.6984848,471.3624817,86.44988636,1,91.53799982,93.8948484,0,1378.240008,0.44498983,700,5
20124,19.097052,304.429,1656,25.65685425,382.119841,21.83180536,1,16.7638044,22.50641353,1,1773.169928,342.7419128,1000,13
20020,0,9.553,19,330.8111832,718.8721497,309.2040966,1,8.903763405,128.7589055,0,1602.349951,1.818943381,0,0
20153,7.602375,30.479,116,233.3380951,590.747258,198.3148988,1,33.36213462,66.5071951,0,1644.690015,2.443398476,2000,2
20141,227.611227,40.885,125,83.08326112,304.9777054,77.85711224,1,62.41574667,46.550729,1,1789.594955,78.90292358,1200,3
20147,0.508321,0,10,274.3086579,662.3696244,239.8909397,1,42.81917774,72.88031087,0,1803.464994,12.07139492,0,0
20150,3.030253,55.241,150,232.5512986,620.6122651,219.3084091,1,38.42185517,40.17263572,1,1661.84499,13.54359627,800,10
20164,2.254951,5.536,11,369.391919,757.4528855,266.166987,1,34.04708408,118.1877124,0,1783.755031,18.07143974,800,0
20204,19.097052,0.192,6,91.14213562,470.9188309,86.13543929,1,85.52001865,87.9548548,0,1748.71496,64.53915405,700,1
20035,23.352309,0,6,184.4802307,572.5411973,188.3500847,1,33.94399383,32.25765737,0,1709.660006,1.54026854,800,0
20202,7.602375,21.783,125,234.2964646,591.7056275,205.5445743,1,18.9595382,83.04801888,0,1568.404975,1.618699074,2000,0
20566,0,1.077,9,250.7989899,638.8599564,243.1947989,1,61.39055702,77.29748422,0,1627.53504,1.785603881,2000,0
20217,0,0,3,245.5391052,633.6000718,235.5421867,1,48.45400844,48.13765485,0,1749.445081,5.139860153,1000,0
20016,111.556852,9.407,38,359.4386002,747.4995667,311.3199186,1,36.64014866,103.0748461,0,1647.609978,1.412324905,1500,1
20229,0,2.751,7,228.7989899,605.2619767,216.4572802,1,34.42589657,77.83633159,0,1713.675063,5.930084705,2000,0
20232,30.778398,53.309,197,214.8183259,594.6782823,131.5266584,1,24.40277248,18.71995826,0,1442.845025,2.136185884,4500,10
20235,15.914757,15.5,119,154.8700577,527.1909089,140.8029531,1,75.06952591,72.67666805,0,1775.724916,20.88466263,600,0
20236,1.700436,0,11,163.9238816,521.3330445,130.0516573,0,97.62513124,36.30406803,0,1443.940033,0.816811323,3000,0
20525,3.437684,52.707,205,84.89949494,303.1614716,97.94312579,1,72.91598618,52.97075835,1,1445.764987,16.11728477,2000,9
20526,11.016983,43.97,214,248.0954544,605.5046174,213.3987097,1,20.288837,81.48246517,0,1574.245074,1.882899404,2000,2
20052,8.463489,24.676,89,70.18376618,435.8772004,53.11112818,1,61.90853119,64.04450108,0,1536.28504,4.45049715,700,12
20290,2.254951,1.128,6,378.119841,766.1808076,263.6235268,1,36.65726566,116.9573297,0,1818.429954,36.78184128,0,0
20043,19.097052,927.882,5145,27.87005769,360.7766953,36.94167883,1,10.7636252,14.98098937,1,1664.764953,561.449585,0,118
20079,1.401873,123107.776,535,46.55634919,385.8061325,3.96308942,1,34.98450511,42.2334022,1,1784.849951,442.9608459,1000,162
20207,179.154991,1.657,15,76.32590181,450.3279938,109.5349648,1,71.15941607,72.67172541,0,1367.290019,3.975128651,2000,1
20356,3.030253,28.234,287,165.8111832,553.8721497,164.6720395,1,28.19180302,23.98175486,0,1793.974986,23.37605286,700,2
20340,1.73708,1.695,18,349.0315293,737.0924958,206.7574797,1,34.47757942,67.01377359,0,1777.914932,41.71257782,800,3
20218,0,2.143,45,270.0538239,658.1147904,258.8712487,1,54.14967951,75.44551372,0,1793.610013,7.865985394,0,0
20386,0,0,1,263.6984848,634.3624817,246.9458036,1,33.30582295,105.0685405,0,1647.609978,1.829101801,1500,3
20179,23.352309,5.083,24,222.8650071,610.9259736,207.7512696,0,39.76977346,42.04252801,0,1509.640057,1.449677587,600,1
20524,2.462729,1.425,52,326.3208512,714.3818177,239.8745408,1,13.89075462,86.25560572,0,1771.34506,21.03019524,0,0
20264,0.508321,0.31,16,272.7350647,660.7960313,207.5304641,1,40.40237995,57.47689161,0,1758.934915,25.24147606,700,1
20333,19.097052,4.16,29,123.0710678,511.1320344,123.3423211,1,70.38267018,66.62602416,0,1749.079933,9.925976753,600,6
20198,179.154991,35.792,394,55.65685425,414.4284989,98.63350959,1,54.86994134,55.30931856,1,1361.450007,21.89920998,2000,5
20365,3.030253,2.077,10,177.2670273,565.3279938,178.6525008,0,25.29329332,22.19501153,0,1564.024944,1.441557884,1000,1
20002,30.778398,2278.023,156,269.1025971,633.7321061,93.42441796,1,33.23671708,41.37573304,1,1427.879978,1.099063039,2000,14
20006,0.508321,82.243,330,261.4507935,649.51176,222.8449712,1,49.96939773,63.39246143,1,1765.504961,11.92101669,700,52
20008,8.463489,1.744,12,86.98275606,444.391919,61.40150721,1,78.43352745,80.42580503,0,1706.740043,39.24052811,700,0
20009,30.778398,17.568,45,171.2914139,557.5950212,164.6903015,1,41.08540617,55.87685603,0,1402.330003,1.30826664,3500,5
20010,19.097052,5203.639,31,27.07106781,393.4163056,70.71345526,1,26.70615757,26.46719143,1,1430.069994,106.3858719,1500,8
20414,0,41.744,227,322.5391052,679.9482682,292.0809934,1,20.15603844,159.9522038,0,1766.235082,23.24633026,1500,3
20291,7.602375,3.512,14,200.5391052,557.9482682,170.5449629,1,54.27622244,56.48835318,0,1574.975021,3.534130573,2000,1
20298,19.097052,215.179,1025,146.1543289,534.2152955,147.1628673,1,46.9497585,42.73700274,0,1648.705072,5.973694324,700,22
20385,3.030253,631.258,675,195.3969696,583.4579362,190.4455913,1,8.694029483,6.195949203,1,1846.899979,34.38670731,0,218
20023,3.030253,39.97,173,200.9827561,589.0437226,195.0121183,1,12.93098619,10.86034041,0,1842.154975,32.74261475,700,21
20306,1.700436,0,7,172.1665222,529.5756852,137.5675648,1,91.25241947,31.77412455,0,1485.184915,0.312690884,3000,0
20310,3.030253,21.694,83,205.0538239,593.1147904,199.3798459,1,12.07107093,10.89579386,0,1826.094921,30.75951385,700,17
20309,30.778398,21.923,130,236.1025971,620.0630586,123.6013496,1,41.76311131,9.181021369,0,1386.270036,2.220058203,3500,0
20324,7.602375,338.042,548,175.5218613,532.9310242,136.8634632,1,106.4984306,13.0772338,0,1613.300028,2.614571571,2500,51
20337,19.097052,22.019,37,131.6396103,519.7005769,137.8934724,1,62.46354866,58.30882019,0,1538.475056,3.779789448,1200,8
20351,15.914757,2.233,8,183.7695526,550.2914139,165.7203149,1,63.38339122,73.85158908,0,1797.990043,78.81070709,600,1
20562,0,17.989,33,281.137085,669.1980515,241.9567576,1,37.81675004,79.44478128,0,1698.344955,6.123140335,0,0
20426,0,0,2,227.6396103,615.7005769,219.080702,1,34.04752397,33.26625027,0,1684.109943,4.499563217,1000,1
20427,179.154991,20.625,148,35.41421356,401.5584412,80.56401733,1,36.45157511,36.60901638,1,1423.500035,32.48846054,2000,4
20021,30.778398,777.979,105,287.4873734,652.1168825,88.59495425,1,27.68845933,53.38595807,1,1463.650084,3.534366608,2000,7
20175,23.352309,0.562,7,226.492424,614.5533906,190.7740737,0,55.42717748,57.12574286,0,1504.895053,1.391787529,500,0
20466,0,4.837,54,283.7989899,660.2619767,270.5783833,1,44.28437629,119.6363252,0,1665.860047,2.85965085,2000,4
20468,30.778398,7.921,39,157.4213562,536.1097398,171.9079274,1,50.1777874,74.73496864,0,1415.105034,1.271661639,3500,1
20470,19.097052,2.967,26,55.69848481,443.7594514,75.92276278,1,49.51216354,51.87859352,0,1399.04498,4.179741859,2000,0
20479,0.508321,0,2,283.2081528,671.2691193,236.887654,0,33.68665478,81.22111749,0,1713.309915,11.1395483,0,0
20498,30.778398,2.555,15,120.4680374,476.8965363,133.8969845,1,55.32431647,111.907662,0,1424.229982,3.459024429,2000,3
20133,0,2.681,10,297.6396103,685.7005769,284.8039419,1,26.54364645,103.349889,0,1590.304954,1.029367805,1200,3
20134,30.778398,34.587,192,225.8599564,613.920923,132.3419622,1,42.0288318,0.927398153,0,1304.144983,0.120603733,3500,3
20138,30.778398,1.904,15,152.6812409,540.7422074,160.043548,1,49.1767522,45.49707267,0,1505.989974,0.478943169,1500,0
20149,0,6.781,20,198.7989899,575.2619767,186.7803561,1,51.74445615,64.46615334,0,1727.910075,4.790018559,800,1
20161,0.508321,0,12,243.9655121,632.0264787,222.0716089,1,47.47275122,48.88070486,1,1743.604982,11.53632164,500,2
20159,7.602375,0,4,219.2964646,576.7056275,189.784968,1,34.70921404,71.15535957,0,1559.644914,1.627089024,2000,0
20047,2.462729,0,3,311.6051224,699.666089,210.1051882,1,17.85895055,56.23014408,0,1795.070081,57.05731201,0,0
20094,0.508321,0.637,19,239.9238816,627.9848481,231.6071726,1,40.13519238,40.70811227,0,1734.844921,4.683123589,0,0
20031,19.097052,7.547,17,120.4680374,508.529004,130.6621074,1,74.24735647,70.12690216,0,1437.73496,3.169510841,1500,1
20279,1.700436,16.435,56,167.8528137,525.2619767,135.4504369,1,91.00227117,39.05311898,0,1537.744935,1.709338069,2000,0
20401,7.602375,115.75,298,228.0365799,585.4457429,187.8675213,1,57.25202609,45.52087827,0,1717.689946,9.137601852,1500,58
20367,20.634036,32.75,235,307.3259018,664.7350647,283.2690732,1,23.34718284,144.0900039,0,1733.75,40.78019333,0,0
20359,23.352309,0,6,201.2081528,589.2691193,204.1090393,0,35.29772772,35.51517868,0,1620.235047,1.176438689,1000,0
20511,0,3.859,7,237.0243866,625.0853532,228.6446186,0,38.37697095,38.54282658,0,1734.479947,4.711843491,1000,3
20096,0.508321,0,9,276.1076477,664.1686143,226.3809748,1,36.27878145,75.44190878,0,1797.62507,28.40702057,800,1
20504,3.030253,7.208,10,196.9949494,585.0559159,196.5433115,1,20.29597106,20.32945351,0,1573.514953,1.59613061,1000,1
20537,2.254951,16.995,42,369.5929291,757.6538957,279.5671772,1,45.36031865,109.8217998,0,1697.615008,5.903762341,1000,3
20543,0,10.441,60,276.1543289,633.5634919,250.6231745,1,27.35724858,120.8876325,0,1675.715029,4.362657547,1500,0
20548,23.352309,7.903,71,303.1320344,691.1930009,180.8285769,1,47.05252715,27.74106344,0,1462.554989,1.24247241,500,15
20076,0,8.501,26,297.2426407,682.8183259,289.9194931,1,39.98602357,130.4040856,0,1575.704968,0.970789075,2000,0
20463,23.352309,0,2,250.5218613,638.5828278,213.0780033,0,56.13129964,57.77412454,1,1684.109943,4.550606251,500,1
20436,23.352309,7.205,205,262.2914139,650.3523805,190.3105084,0,56.00158419,45.45048054,0,1624.24993,2.738517284,500,1
20523,0.508321,2.195,15,284.1787156,672.2396821,225.0003556,1,28.70436681,72.41477109,0,1689.950042,10.69612026,800,3
20054,0.508321,0.648,7,263.9655121,652.0264787,231.3801672,1,48.64550666,64.3273639,0,1869.164932,39.87721634,600,1
20168,20.634036,3.494,10,351.0832611,710.9777054,328.0191249,1,21.75123407,149.7843467,0,1776.820011,20.57399368,1200,2
20185,111.556852,20.501,43,329.6568542,714.4041123,321.3738424,1,27.4035748,136.4217841,0,1730.465064,4.733884335,2000,2
20246,30.778398,6.384,80,144.4386002,532.4995667,152.7658624,1,55.7923938,51.95045358,0,1626.439946,6.777570724,1500,0
20277,0,18.678,31,215.2132034,590.8477631,202.7159731,1,39.85174937,71.21758274,0,1618.410006,1.586286902,700,7
20542,0,2.747,11,181.8994949,564.1614716,174.026006,0,57.82463402,55.29833324,0,1857.485082,59.84947205,0,1
20357,19.097052,1.111,18,84,472.0609665,88.07579876,1,81.83698971,84.32132583,0,1545.775049,3.648488998,1000,0
20489,0,8.783,39,289.9116882,648.1492783,266.0409069,1,40.66493783,130.0089553,0,1675.350056,7.472747803,2000,0
20490,30.778398,0,2,279.0731599,667.1341264,141.0406445,1,25.03965704,13.59042377,0,1534.095025,10.82072639,2000,0
20502,30.778398,2.452,12,113.9238816,501.9848481,135.4587427,1,89.31950234,85.47740276,0,1334.439963,0.760239244,2000,2
20163,23.352309,5.806,29,271.1736649,659.2346315,143.2356386,1,29.0664811,8.996927438,0,1497.59506,5.472998142,2000,0
20166,30.778398,19.752,69,192.0487732,563.7077195,142.5151137,1,18.9052269,46.97676723,0,1413.644966,1.785501957,3500,8
20237,2.254951,4.787,16,352.8772004,740.9381669,247.5029328,1,13.52203314,98.10319107,0,1794.33996,10.56221581,800,0
20506,30.778398,6.237,71,141.7106781,529.7716447,147.4986022,0,53.99780046,49.91903047,0,1626.439946,1.620942235,1200,0
20508,19.097052,4.713,26,11.48528137,399.5462479,51.35269007,1,9.757689371,11.68145941,0,1690.679989,295.3716431,1000,3
20205,30.778398,4.616,7,131.7228714,508.0681092,159.9937893,1,67.45856283,101.8305409,0,1357.80001,0.701366782,3500,3
20271,0,0.675,9,203.3847763,591.4457429,198.2495754,1,44.37525988,42.02191873,0,1739.589925,3.026079416,1000,0
20545,23.352309,35.779,76,287.6883835,675.7493501,159.2375205,1,43.02169771,4.901920021,1,1649.799993,5.282855034,500,20
20546,3.030253,103.734,901,173.4680374,561.529004,171.9944668,1,21.61115219,17.42512149,0,1691.044962,5.213380337,700,3
20547,2.462729,6.379,15,314.7056275,702.766594,218.8980828,1,9.286026227,64.96484675,0,1804.925063,38.60917282,700,1
20186,2.254951,0,1,397.2619767,785.3229432,269.8653415,1,51.99873995,107.5871118,0,1856.389987,18.48303223,0,1
20227,3.030253,266.502,155,207.3675324,595.4284989,201.9534341,1,10.16303895,11.00229037,1,1833.394914,52.73786163,0,19
20261,2.254951,2.463,24,371.5046174,759.5655839,246.6967352,1,27.01772252,103.6500038,0,1786.310019,9.595208168,800,2
20552,23.352309,1.97,17,314.5046174,702.5655839,204.3651087,1,24.47625505,51.33106944,0,1613.300028,8.859046936,0,0
20550,3.030253,53.164,273,174.3969696,562.4579362,171.8360986,1,20.13725797,16.02201362,1,1799.815085,18.33996391,700,3
20253,1.700436,1.162,13,159.8233765,517.2325394,124.2311668,0,106.315047,32.85464709,0,1493.215029,0.250979632,3000,1
20254,7.602375,4.589,23,174.1959595,531.6051224,142.3321067,1,83.15837268,43.05596564,0,1451.604999,1.462543607,2500,3
20272,5.674356,17.782,134,264.0538239,621.4629868,235.9260231,1,11.63676799,109.9058389,0,1540.665071,1.72599268,0,3
20273,0,2.443,17,218.8406204,606.901587,211.4648028,0,36.22799813,34.58609944,0,1660.019948,3.889154196,1000,0
20275,19.097052,9.148,27,92.39696962,480.4579362,109.1666185,1,84.28996724,86.58359053,0,1378.970042,3.611991405,2000,0
20551,19.097052,182.245,384,147.5979797,535.6589463,146.8538668,1,45.06582394,41.03400537,1,1702.724986,17.31398582,600,82
20553,3.030253,290.37,392,186.1248917,574.1858582,183.1065417,1,10.70914217,6.833792881,1,1686.299958,10.18064976,700,26
20493,0.508321,0,5,277.2792206,665.3401872,229.040791,1,35.82806563,77.0425017,0,1786.310019,24.09822655,800,0
20554,30.778398,8.557,17,130.9949494,519.0559159,148.3415335,1,76.01124529,72.36473069,0,1281.880031,0.462986082,2000,0
20555,3.030253,4.305,21,196.254834,584.3158005,190.2358649,1,19.58409354,17.10614333,1,1872.085068,35.95550537,700,2
20018,23.352309,0.479,18,316.8893937,704.9503602,192.6149488,1,37.84988259,42.0499319,0,1635.564981,6.347024918,500,1
20036,19.097052,10.527,86,44.59797975,432.6589463,77.23810141,1,42.32352395,44.33182078,0,1326.044962,8.630540848,1500,0
20338,3.030253,62.719,137,209.6812409,597.7422074,204.9598361,1,14.13613837,15.97468835,1,1818.064981,57.86133194,0,24
20344,7.602375,2.853,18,213.2670273,570.6761902,179.4763562,1,47.91108244,54.55588927,0,1608.19005,3.252487659,2000,3
20366,7.602375,10.391,32,197.0954544,554.5046174,163.3082339,0,64.07380582,43.11764752,0,1563.294997,2.231102228,2000,0
20377,0,8.996,30,279.8994949,667.9604615,272.6724794,1,42.71013506,109.0567403,0,1491.754961,0.679335833,2000,2
20451,23.352309,1.79,32,267.9777054,656.038672,201.887927,1,46.72683844,53.82546572,0,1674.254961,9.871461868,700,0
20404,0.508321,4.082,12,276.8355698,664.8965363,216.8026711,1,35.49965344,65.74773193,0,1785.580072,41.07504654,700,0
20407,3.437684,5.487,36,92.05382387,334.1147904,121.9598253,1,87.39101279,36.91524603,0,1173.840029,0.880260646,1500,1
20558,23.352309,0,5,258.3624817,646.4234483,182.9206645,1,63.15511381,41.66483901,1,1721.340029,3.082631111,500,0
20561,19.097052,14.072,121,148.7279221,536.7888886,146.6253853,1,51.12928365,47.96393917,0,1825.729947,24.49294662,600,0
20056,111.556852,8.505,24,341.2132034,716.8477631,327.6102778,1,25.32345971,137.8591083,0,1771.34506,13.36877632,1500,0
20563,15.914757,0,29,190.1126984,559.9482682,173.9624065,1,57.76932699,69.83638239,0,1728.640022,29.95930481,700,1
20497,11.016983,49.009,560,247.2964646,604.7056275,218.4704526,1,6.438101479,93.38913997,0,1558.549993,2.37265873,2000,1
20549,1.937141,16.861,70,339.8355698,727.8965363,255.7098828,1,23.83494053,103.0022892,0,1653.81505,6.11136198,800,2
20564,0,6.178,281,256.4680374,644.529004,245.8025862,1,61.75448498,61.21686283,0,1818.429954,53.62968826,1000,0
20099,9.344285,0,6,399.7350647,787.7960313,292.9601394,0,65.10286775,87.27763543,0,1849.454968,18.79232216,0,0
20491,0,0.335,3,239.8994949,627.9604615,233.943229,1,54.08298623,73.50621809,0,1597.604947,1.23869133,2000,0
20379,1.937141,1.594,4,304.3675324,692.4284989,281.9063034,1,27.17226419,106.5537555,0,1681.919928,4.517960548,0,0
20494,0,0,2,219.3969696,607.4579362,212.1020816,1,28.00284573,26.95960942,0,1710.024979,8.286121368,1000,0
20499,2.462729,11.467,35,304.8650071,692.9259736,244.8995394,1,22.46349605,90.48393941,0,1745.430024,12.84512806,800,0
20058,23.352309,4.226,13,263.374675,651.4356416,153.5927567,1,42.11023437,13.04685832,0,1493.215029,0.9518103,2000,0
20569,0.508321,0,3,249.5807358,637.6417023,238.4875225,1,49.57893966,50.18145564,0,1819.890022,26.10376549,1000,0
20570,0,151.482,254,214.2132034,602.27417,207.8211884,1,48.28681562,46.16290668,1,1605.269914,0.80225426,2000,55
20567,9.344285,3.905,14,406.119841,794.1808076,286.479177,0,64.66597627,91.1803269,0,1800.545032,11.85178375,800,0
20423,0,,0,294.3797257,682.4406922,245.7087489,1,30.38988054,91.05905459,0,1714.040036,15.11132145,800,0
20528,1.937141,2.295,53,342.3797257,730.4406922,275.1142871,1,43.81071345,121.6079463,0,1706.740043,4.098781109,0,0
20112,19.097052,11.114,149,158.2132034,546.27417,155.0383537,1,42.31428992,39.28324973,0,1781.565015,10.82449532,700,3
20510,0,0.508,4,271.1837662,659.2447327,261.7990634,1,45.74525296,87.29581285,0,1860.405045,8.517604828,0,1
20129,23.352309,1.371,12,296.8772004,684.9381669,210.15187,1,21.21946071,55.69857221,0,1740.685019,21.64642525,600,3
20371,0,1.623,10,280.2253967,668.2863633,268.5279432,1,42.91990656,86.5608806,0,1863.325007,9.261679649,0,0
20424,1.700436,0,5,156.0243866,513.4335495,123.6559996,0,102.1893114,44.54604006,0,1496.864939,0.071777225,2500,0
20406,30.778398,12.378,33,258.8010819,646.8620485,119.6086213,1,16.66648681,20.91149979,0,1313.270018,0.048349448,3500,4
20422,0.508321,0.373,10,288.5634919,676.6244584,213.8026456,1,26.00911694,60.35188011,0,1745.06505,36.79663086,800,2
20450,0,2.014,12,260.2426407,645.8183259,253.6876154,1,50.46294055,98.02613788,0,1695.060019,1.822684407,2000,0
20075,3.437684,21.44,63,77.627417,310.4335495,83.92660622,1,60.93469299,41.78033914,1,1773.535075,165.8771362,0,4
20501,2.254951,0,8,379.6639969,767.7249635,282.0123334,1,49.77662887,102.9152095,0,1804.559915,13.26647854,0,1
20505,3.437684,23.535,85,40.24264069,350.3036072,67.42015301,1,33.98553452,15.7014103,0,1681.189981,486.8360901,1500,3
20459,1.73708,23.025,38,356.4163056,744.4772721,200.7583523,1,46.27291397,68.59484293,0,1811.860082,54.66016006,800,3
20477,0,0.369,10,240.9411255,609.119841,223.3884973,1,22.99975297,90.74457162,0,1747.620039,6.360666275,1500,0
20484,2.254951,5.008,38,387.4629868,775.5239533,275.09181,1,47.81915009,105.190201,0,1830.109978,20.6964283,800,0
20485,20.634036,4.294,16,375.1543289,732.5634919,350.1254775,1,40.36177612,140.5666487,0,1803.100021,28.43777466,0,0
20492,0,1.113,10,268.2670273,656.3279938,255.4834753,1,56.40026949,69.06110711,0,1739.589925,9.536399841,1000,1
20495,1.700436,1.446,10,145.1665222,502.5756852,110.9375491,0,117.9169397,44.21765566,0,1524.240043,0.409591228,2500,0
20514,30.778398,0,1,141.137085,529.1980515,159.2530207,0,73.76297204,70.46750255,0,1347.579968,0.739582896,2000,0
20534,15.914757,19.955,437,197.4264069,560.6345597,176.590121,1,51.48528997,77.99733346,0,1757.110047,17.29306602,600,0
20117,7.602375,2.256,10,206.8944443,564.3036072,168.6822447,1,66.00505804,34.37918861,0,1651.625035,3.715514183,2000,1
20512,1.700436,0.703,4,148.2964646,505.7056275,119.6849932,1,104.9967214,53.85657099,0,1564.389918,2.161082029,1200,0
20518,0.508321,0,6,277.3797257,665.4406922,236.6513211,1,39.04888587,75.4794971,0,1754.920032,13.91458988,0,0
20206,23.352309,3.71,12,277.2031022,665.2640687,159.9009281,1,44.65132495,10.44440406,1,1659.290001,26.2550354,500,0
20521,0.508321,0,2,288.492424,676.5533906,218.6042328,0,24.70961605,65.20927011,0,1765.139987,42.47066116,800,0
20001,23.352309,1.657,7,207.3502884,595.411255,196.7488825,0,45.09809593,45.64713749,0,1493.944976,0.890075445,800,0
20256,23.352309,0,3,306.6051224,694.666089,206.5326604,1,21.33881164,52.22544618,0,1761.12493,50.72187042,0,0
20003,30.778398,2.428,8,110.4680374,498.529004,123.7311577,1,84.39488286,80.27870256,0,1411.455038,1.652341604,2000,1
20263,7.602375,17.561,51,188.5391052,545.9482682,158.7955935,1,66.01832225,51.06008393,0,1601.984978,2.939361572,2000,1
20004,2.254951,2.625,13,335.9898987,724.0508653,213.4841157,1,21.26986005,65.19951034,0,1676.080003,15.92368507,0,0
20007,3.030253,7.521,43,180.7989899,568.8599564,176.2531001,0,36.32990643,33.83297385,0,1872.085068,74.49336243,0,2
20267,23.352309,0,6,192.8944443,580.9554108,195.2747761,1,30.28683981,29.55928244,0,1621.329968,3.174646378,800,0
20011,9.344285,0,3,379.764502,767.8254685,289.5514645,1,56.23699019,98.03453084,0,1736.304989,9.78633976,0,0
20027,30.778398,27.758,69,244.1320344,632.1930009,148.8334689,1,46.96731371,18.4964787,0,1424.229982,2.880976677,2000,0
20030,19.097052,56.218,90,13.89949494,376.5046174,37.21431702,1,4.319537843,11.51669985,1,1761.490078,781.387085,0,16
20519,3.030253,39.348,98,182.2964646,570.3574311,179.4902402,1,13.57733605,9.414823326,0,1687.760026,19.85899925,700,1
20034,2.254951,5.368,9,380.2914139,768.3523805,267.7616112,1,40.1571423,112.9769556,0,1791.419997,19.22217178,800,1
20013,3.030253,36.003,63,191.5979797,579.6589463,186.0231069,1,22.44257516,19.89999274,1,1869.164932,53.87507629,0,5
20017,0,5.857,8,189.8994949,572.1614716,182.7499852,1,58.40512349,55.86344126,0,1739.589925,8.262218475,700,1
20049,3.030253,0.963,8,176.3137085,564.374675,173.0326693,1,42.33554379,39.8547567,0,1865.150049,75.73999786,0,0
20520,1.937141,13.904,34,357.9777054,746.038672,258.1569208,1,24.09535611,108.6891905,0,1768.790071,11.85985088,800,2
20019,23.352309,2.864,15,249.3330445,637.394011,166.1641691,1,59.51094217,29.07548205,0,1388.825024,0.960847437,600,2
20022,1.73708,2.101,15,361.1025971,749.1635636,211.8012569,1,38.9150978,76.90790297,0,1858.580003,80.32283783,800,0
20024,23.352309,3.325,26,254.8893937,642.9503602,156.7219335,1,48.62742284,18.20986938,0,1470.950077,6.677038193,1500,1
20025,3.437684,97.93,219,108.5979797,279.4629868,106.5836842,1,88.46432223,52.34369435,1,1783.755031,90.50033569,0,9
20026,0,28.222,60,279.9116882,667.9726548,268.4300041,1,40.00420938,90.01555501,0,1777.549958,3.998455763,1000,3
20029,30.778398,1.276,8,267.2447327,655.3056993,135.8942483,1,23.43555875,7.452641678,0,1375.319959,0.329297125,3500,2
20032,2.254951,1.422,3,385.1614716,773.2224382,253.4323689,1,39.57408491,113.8404338,0,1808.209999,7.895744324,800,0
20033,3.030253,329.242,36,209.8528137,597.9137803,204.6620133,1,13.19181006,14.78057487,1,1854.929919,64.52664185,0,4
20050,0,3.531,65,291.509668,679.5706345,264.0582997,1,47.05590733,90.61111685,0,1788.500035,10.36927128,0,0
20536,0,0,10,288.2081528,676.2691193,239.6220244,0,30.69593971,85.87021117,0,1677.540071,4.841806889,0,0
20037,0,4.368,7,323.1837662,711.2447327,311.8557996,1,13.97174686,134.2736142,0,1715.134957,0.842215538,2000,1
20040,23.352309,4.429,44,251.8599564,639.920923,142.6443827,1,37.51549085,9.278493799,0,1438.100021,1.898338079,2000,1
20045,3.030253,1723.105,87,213.7523087,601.8132752,210.1222862,1,20.24428246,22.16615281,1,1806.384957,60.18513489,700,10
20053,19.097052,10.542,42,18.89949494,401.1614716,38.60571113,1,15.18259624,17.38590123,0,1601.620004,94.03396606,1000,0
20046,0,3.154,17,259.7523087,647.8132752,244.7687504,1,57.74522852,59.35642552,0,1749.445081,10.04427719,600,0
20172,0,0.901,5,291.4802307,679.5411973,250.8634674,1,36.61349143,88.54901515,0,1727.910075,15.17281151,0,0
20048,0,,0,206.5979797,594.6589463,199.9465981,0,29.69627054,27.55886497,0,1755.649979,3.320477247,800,0
20522,30.778398,4.488,64,153.1959595,541.256926,157.8957118,1,45.47955171,41.57457049,0,1611.83996,2.401968002,1500,0
20456,1.73708,2.511,60,334.8772004,722.9381669,234.7744518,1,8.269744071,82.81970288,0,1830.109978,77.34250641,0,3
20060,30.778398,0.672,6,135.2670273,523.3279938,147.0330863,1,65.77844108,61.93657603,0,1495.040071,1.193766594,1500,0
20061,15.914757,3.775,7,175.0121933,539.0487732,155.1539781,1,72.48625285,71.98170959,0,1791.419997,47.50588608,0,2
20062,23.352309,0,6,176.0660172,564.1269837,181.7003186,1,38.76610164,36.40202839,0,1697.979982,5.678631783,0,0
20063,3.030253,18.74,62,212.8528137,600.9137803,207.3430172,1,15.61620851,16.95387618,0,1872.815015,91.86279297,0,4
20065,1.937141,0.888,9,353.1076477,741.1686143,273.5955594,1,39.46926554,121.4812061,0,1656.735013,7.448937416,0,1
20069,0,0,7,182.8284271,569.2325394,178.0963419,1,52.41499061,49.87522887,0,1858.944976,41.44934082,0,0
20070,20.634036,51,288,318.4264069,681.6345597,297.3020211,1,12.0875898,151.9155207,0,1741.414967,12.96440601,2000,1
20072,0,16.528,78,169.6568542,557.7178208,166.6578254,1,46.70995775,44.31120699,0,1647.609978,3.535559654,700,1
20074,19.097052,0,8,138.0832611,497.9777054,116.0002744,1,98.88872743,69.29589284,0,1633.009992,2.652287006,700,0
20078,3.030253,8.463,33,182.9827561,571.0437226,179.4490346,1,13.02286311,9.73848669,1,1820.254996,30.56207275,0,1
20077,3.030253,11.126,35,213.0954544,601.156421,208.1597342,1,17.11077851,18.79773099,1,1845.805058,83.12179565,0,6
20081,1.937141,1.973,21,354.8355698,742.8965363,265.5421648,1,30.92032145,114.4333014,0,1747.255065,25.40726471,0,1
20092,3.030253,4.666,12,210.0538239,598.1147904,203.689043,0,16.16306168,15.27575737,0,1773.535075,5.301168442,700,1
20080,0,7.619,49,188.7989899,565.2619767,177.1584185,1,59.89270022,62.22183161,0,1730.465064,6.293155193,700,1
20084,3.030253,21.671,35,202.0954544,590.156421,198.751465,1,12.2446143,14.05424165,0,1574.610047,2.059067965,700,3
20082,0,2.285,26,298.9411255,667.119841,280.6148697,1,29.67233416,134.4069295,0,1647.974951,2.925100803,2000,1
20086,0,2.899,22,285.4386002,673.4995667,265.6785793,1,48.59465747,85.75105691,0,1755.285006,9.502196312,0,1
20083,3.030253,64.503,151,187.5685425,575.629509,183.4156885,1,11.4321125,9.290986773,0,1781.200042,22.17326355,0,32
20087,3.030253,102.29,267,191.2964646,579.3574311,187.9162354,1,4.13548376,0.088299969,0,1841.790001,30.30898285,700,7
20089,2.462729,2.743,66,328.2203461,716.2813127,233.8833711,1,12.28681226,80.87116247,0,1799.084964,39.62773895,0,4
20090,20.634036,34.974,87,315.9116882,674.1492783,291.6622906,1,14.96556936,150.7945459,0,1747.985013,21.79346466,0,3
20091,3.030253,17.989,47,192.7817459,580.8427125,189.6605774,1,6.666951031,5.384469339,0,1730.830038,12.90167713,700,6
20095,7.602375,9.061,44,170.0538239,527.4629868,142.2714129,1,82.25720419,53.08331934,0,1618.774979,8.073174477,1000,0
20100,30.778398,0,2,145.0660172,533.1269837,159.547556,1,66.02074514,62.65202848,0,1491.389987,1.963798285,1500,0
20199,2.254951,0,2,394.7056275,782.766594,277.8980358,1,53.40472923,100.9240165,0,1841.425028,22.25511551,0,0
20102,3.030253,7.233,54,219.8528137,607.9137803,214.1613305,1,22.35918056,23.17003156,0,1796.165001,7.987915516,700,5
20233,19.097052,5.482,40,157.5979797,545.6589463,155.7688482,1,36.55888075,32.74387873,0,1684.474916,17.39369774,700,0
20103,3.030253,77.23,109,179.2842712,567.3452378,175.1838441,1,30.77015053,28.34659914,1,1856.754961,73.31567383,0,12
20105,1.937141,3.619,121,324.9360749,712.9970414,252.4130313,0,24.68285959,98.24579495,0,1630.090029,8.262408257,800,1
20107,3.030253,266.682,887,189.8111832,577.8721497,185.772417,1,7.843346995,5.843625664,0,1756.745074,19.30823517,0,57
20108,0,0.902,7,232.4264069,620.4873734,224.0188681,1,49.16817112,47.77168937,0,1653.084929,2.396624565,1000,0
20109,23.352309,0,4,295.3452378,683.4062043,159.6953692,1,43.83306508,9.666580453,1,1791.419997,31.83955956,400,3
20110,0,0,5,289.3675324,677.4284989,273.2398647,0,41.02471857,91.20158162,0,1787.40494,8.98167038,0,0
20111,111.556852,20.323,42,321.2132034,696.8477631,307.5738694,1,22.35862265,153.0710862,0,1727.179954,7.449272156,2000,0
20527,23.352309,1.17,36,248.019336,636.0803025,174.4941852,0,67.74572116,37.3701307,0,1552.344921,1.432742357,600,0
20116,30.778398,12.864,61,240.0315293,628.0924958,139.7817339,1,43.48418959,15.33038076,0,1251.584964,0.646177351,3500,2
20114,30.778398,0,4,149.7523087,537.8132752,159.1594886,1,55.77970424,52.21934381,0,1626.074972,1.564675331,0,0
20115,3.030253,211.863,190,186.0832611,574.1442277,181.6404023,1,16.72064344,14.35483986,0,1811.494935,19.14840698,0,38
20119,0,0.102,10,279.6812409,667.7422074,259.650952,1,51.38063481,79.68954087,0,1717.689946,7.827456474,1000,0
20014,19.097052,202.329,522,6.414213562,389.5462479,51.82281294,1,7.847532522,7.603826751,1,1626.804919,262.9346924,1000,45
20123,0,5.135,16,205.1126984,593.1736649,198.5504611,1,34.64746487,32.38038252,0,1746.159971,2.929389477,1000,1
20122,19.097052,1.786,33,96.28427125,467.7766953,83.39429604,1,87.72406413,90.08596629,0,1723.165071,50.6839447,700,1
20126,1.700436,27.466,1010,150.4974747,509.5634919,127.9277553,1,93.86571012,65.36702623,0,1574.610047,3.656522751,600,0
20127,0,0.55,28,296.5807358,684.6417023,261.9177768,1,43.2158408,94.4869826,0,1804.559915,18.32720947,0,0
20128,30.778398,8.387,22,152.5512986,540.6122651,167.6548046,1,64.49102597,61.46761857,0,1503.070011,0.754644692,0,1
20529,2.254951,0,5,365.119841,753.1808076,253.3021989,1,23.26313591,106.3706384,0,1817.335033,27.19839096,0,0
20131,19.097052,116.636,419,137.4558441,525.5168107,136.346837,1,55.98500974,52.09122284,0,1724.989939,17.33509636,600,5
20130,3.437684,19.419,110,48.9411255,339.119841,52.17947021,1,31.23333798,17.59754473,1,1778.645053,627.9146729,0,1
20152,2.254951,3.064,7,377.4507935,765.51176,295.2688193,1,60.84641921,96.15849793,0,1697.979982,7.209429264,1000,0
20132,3.030253,1.285,11,173.3847763,561.4457429,169.6264266,1,38.17215479,35.80196266,1,1871.354947,87.30696869,0,0
20135,3.030253,18.971,93,213.7106781,601.7716447,207.4142914,1,17.93554523,17.61518729,0,1747.620039,4.847406387,700,2
20136,23.352309,26.184,145,210.6761902,598.7371568,157.9742687,1,48.82508744,28.62649781,0,1230.779992,0.097283572,4500,3
20137,0,0,2,253.1126984,641.1736649,244.219195,1,63.33821568,72.68183372,0,1662.940085,2.310721397,2000,1
20139,30.778398,0,3,239.9898987,628.0508653,157.3954059,1,56.43733317,27.12867272,0,1344.295032,1.109853387,2000,1
20142,30.778398,5.091,13,274.2447327,662.3056993,139.994783,1,24.96967908,11.79285777,0,1509.275084,7.803736687,2000,0
20140,0.508321,0,3,274.7939392,662.8549058,233.7435217,1,39.66312512,73.92732774,0,1774.265022,11.21287537,800,1
20160,2.254951,2.45,26,352.1909089,740.2518754,239.6933779,1,8.972095438,91.51022461,0,1818.794928,10.23172951,800,1
20143,3.437684,34.304,146,72.69848481,315.3624817,75.78477178,1,54.35957856,36.15921359,1,1771.710033,72.45648193,1200,3
20144,0.508321,4.617,24,267.8944443,655.9554108,238.2584074,1,48.22528701,66.44995525,0,1796.894948,15.56398296,800,1
20145,3.030253,136.22,94,180.2253967,568.2863633,177.1753822,1,14.73539535,10.66779161,1,1840.695081,46.95536804,700,12
20531,3.030253,32.297,185,219.1959595,607.256926,212.854395,1,21.68501486,22.03580808,0,1800.545032,8.40994072,700,2
20146,15.914757,3.741,119,147.5979797,512.4629868,128.7000805,1,87.25070213,72.59235562,0,1718.054919,39.70879364,600,0
20148,1.700436,0,3,140.0243866,497.4335495,107.9783626,0,117.9245801,52.57566358,0,1438.829968,0.870320678,2500,0
20151,23.352309,0.78,33,322.3330445,710.394011,207.9746273,0,24.31741024,56.42874997,0,1661.480017,9.517076492,700,0
20157,3.030253,409.49,125,201.1248917,589.1858582,195.8199795,1,4.35173144,4.834728566,1,1858.215029,36.67640305,0,49
20248,19.097052,40.764,343,42.89949494,366.9777054,16.69686554,1,25.5686464,37.37960952,0,1804.194942,669.5999146,0,0
20158,0,0,2,249.0416306,623.019336,234.9186413,1,30.93087688,92.99147587,0,1770.249965,6.703948498,1500,1
20162,19.097052,1.09,14,161.3137085,549.374675,158.5516159,0,45.56177296,43.21644479,1,1747.620039,17.71277618,700,1
20176,2.462729,7.255,30,284.8772004,672.9381669,202.7823903,1,33.67737598,49.74354048,0,1729.004996,25.88828659,700,5
20165,2.254951,15.027,81,370.8183259,758.8792924,238.2359398,1,27.02407662,97.01698715,0,1848.360047,27.65981293,0,0
20167,15.914757,2.525,29,163.7401154,521.1492783,139.3471522,1,85.75171401,60.79131335,0,1639.215064,6.238571644,600,0
20530,3.030253,20.877,187,176.7695526,564.8305192,172.3765153,1,26.2235789,24.06198732,0,1721.340029,18.60044479,700,2
20187,23.352309,1.558,7,245.0315293,633.0924958,141.3498693,1,40.53785558,14.88440832,0,1378.604982,1.27471292,3500,1
20171,30.778398,12.188,42,244.002092,632.0630586,128.3377882,1,33.26968155,16.92271946,0,1272.754996,0.021052212,4000,2
20188,20.634036,35.841,259,308.2842712,679.7766953,292.4234311,1,23.33717968,141.9130606,0,1680.09506,1.905226707,2000,1
20173,23.352309,1.193,13,190.5218613,578.5828278,196.0097203,1,47.95845572,47.09602621,0,1444.66998,0.215057224,1500,1
20174,3.030253,8.576,16,191.1543289,579.2152955,186.0050542,1,11.45136639,8.984360822,0,1842.884922,37.70964813,0,17
20191,23.352309,0,2,183.8233765,571.884343,186.3924361,1,30.54834431,28.62537301,0,1622.425063,1.629379988,800,0
20196,23.352309,1.247,6,193.2081528,581.2691193,197.9730159,1,39.19878558,38.49582523,0,1597.604947,3.610314369,800,2
20178,3.030253,96.677,7,207.7523087,595.8132752,204.6469209,1,16.92051165,19.21225213,1,1643.960068,14.14872742,700,5
20197,3.030253,29.102,205,170.9116882,558.9726548,168.0456444,1,24.05717747,20.24231348,1,1850.915036,50.89955902,0,0
20180,111.556852,18.168,30,354.8700577,727.1909089,338.6183206,1,21.18848684,132.1623629,0,1772.439981,12.91829205,1200,0
20215,0.508321,3.819,10,274.4507935,662.51176,229.5360215,1,39.08646577,73.80302365,0,1799.449937,24.16036034,800,0
20181,1.73708,0,5,338.3036072,726.3645738,207.626836,1,28.09397372,61.95446675,0,1737.034936,19.91115189,0,1
20480,1.937141,0,3,311.6518036,699.7127702,264.9596296,1,39.67551051,108.3461722,0,1745.430024,6.570193291,800,0
20182,30.778398,1.042,44,221.747258,609.8082246,154.909589,1,53.50418316,23.50002937,0,1443.209999,0.125562668,3500,1
20183,9.344285,1.417,26,389.4213562,777.4823228,292.0894723,1,60.76325519,91.81970872,0,1814.415071,14.75619698,800,0
20189,30.778398,0.649,5,128.137085,516.1980515,152.1234537,1,85.1080043,81.66352744,0,1344.295032,0.862110615,2000,0
20192,3.030253,5.824,59,178.1126984,566.1736649,173.8080514,1,29.47054743,27.12034876,0,1841.790001,68.60575867,0,1
20193,3.030253,10.257,23,214.8944443,602.9554108,212.3417812,1,27.25710795,29.56100026,0,1592.859943,3.75731945,700,2
20194,19.097052,36.644,334,127.8406204,515.901587,130.6826299,1,63.18088642,58.9799727,0,1702.360013,14.40755939,700,1
20195,0,1.297,21,275.5807358,663.6417023,251.053327,1,47.99487513,74.77787983,0,1735.940015,13.23116875,0,1
20210,1.937141,0.708,7,321.7939392,709.8549058,260.8361872,1,33.25150825,106.3697066,0,1668.415036,6.916572094,0,1
20200,19.097052,5.969,28,98.42640687,486.4873734,107.9783388,1,89.49805113,87.01511222,0,1475.695081,8.874773026,600,2
20201,30.778398,0,3,164.3086579,552.3696244,174.153815,1,51.18008117,48.3776789,0,1326.774997,0.146736935,1500,0
20203,19.097052,6.431,49,157.8994949,540.1614716,150.9825821,0,60.68374571,58.45383644,0,1772.075007,10.31024742,600,0
20208,1.937141,7.97,29,327.6518036,715.7127702,275.264914,1,35.52795498,120.8483096,0,1724.624965,3.549460411,700,2
20209,1.700436,0.597,16,145.9827561,503.391919,119.856538,1,103.0166371,61.14242264,0,1529.714994,2.031768799,700,1
20284,19.097052,28.202,204,164.627417,552.6883835,160.9842129,1,38.50767911,35.87719645,0,1764.045067,7.297192574,700,2
20219,3.030253,22.297,230,174.0121933,562.0731599,170.0127842,1,25.1677849,22.30457084,0,1724.989939,10.60380077,700,0
20216,30.778398,0.938,7,155.3086579,543.3696244,167.8162798,1,58.73674411,55.6599112,0,1521.685054,1.919178724,0,0
20221,0.508321,0,2,293.6639969,681.7249635,224.3195732,1,19.46292359,70.3494808,0,1733.385026,30.78407478,800,2
20222,30.778398,1.3,56,167.6934342,555.7544007,182.4681447,0,60.60542169,58.36231404,0,1455.98503,0.058838513,2000,0
20541,30.778398,1.31,10,166.2081528,554.2691193,178.5526024,1,55.49787141,53.01041863,0,1435.910006,0.100131765,2000,0
20224,0.508321,1.772,10,275.764502,663.8254685,221.2163901,1,36.53874142,70.48459037,0,1793.245039,52.72177887,600,0
20225,20.634036,9.054,42,309.0121933,673.0487732,287.9841365,1,20.7880088,143.3192165,0,1727.179954,20.44412041,2000,1
20226,19.097052,3.956,69,135.4264069,523.4873734,137.2246559,1,55.58255759,51.40592165,0,1734.844921,13.71366119,600,0
20228,30.778398,6.877,7,273.0731599,661.1341264,136.9246545,1,22.0963149,12.01743253,0,1361.814981,0.572718561,2500,0
20231,19.097052,0,8,80.74011537,468.8010819,100.3640747,0,73.94171252,76.21243441,0,1271.659988,2.89268589,2000,0
20239,0,0,1,304.5512986,692.6122651,253.5699938,1,30.80015448,99.24744414,0,1764.775014,18.39559746,800,0
20234,23.352309,2.544,5,267.5168107,655.5777772,146.1956337,1,33.17222286,7.508320965,0,1470.584929,3.932478905,2000,0
20240,0,0,16,321.8528137,709.9137803,285.4179644,1,22.81623406,121.857169,0,1695.789967,8.598228455,1200,0
20241,3.030253,11.374,49,189.2426407,574.8183259,184.0693178,1,54.56058069,52.0219952,0,1762.220025,29.99324608,700,0
20242,111.556852,3.259,25,370.0660172,758.1269837,302.2559059,1,49.66571164,97.9793702,0,1664.035006,4.744854927,1500,1
20243,3.030253,78.787,192,183.1837662,571.2447327,178.0090408,1,23.95980273,21.56237822,0,1831.570046,29.6572628,0,2
20244,23.352309,5.65,23,280.1025971,668.1635636,153.8092963,1,38.08512475,5.360241648,0,1622.425063,26.22229958,500,5
20249,30.778398,6.001,30,264.7594514,652.8204179,140.7790481,1,29.32779884,2.557909359,0,1501.609943,3.495032787,2500,1
20245,2.254951,,0,374.1909089,762.2518754,255.7219475,1,30.28416401,111.1371489,0,1821.715064,20.51813126,800,0
20269,0,5.55,15,290.0538239,678.1147904,277.28759,1,34.54078009,95.24370476,0,1716.230052,5.394310951,1000,0
20247,23.352309,7.303,33,176.8944443,564.9554108,182.5389805,1,40.32414844,38.05218828,0,1622.059915,1.770100951,1200,1
20250,0.508321,1.898,17,270.2081528,658.2691193,230.3546969,1,43.26498746,69.66342225,0,1820.619969,22.26429939,600,2
20255,0,3.976,55,260.7401154,648.8010819,250.00796,0,60.19356095,69.54683699,0,1772.075007,14.31249619,1000,0
20252,0,2.436,30,280.3675324,668.4284989,268.1412908,1,48.75071539,82.7553293,0,1784.120004,6.285219193,1000,0
20257,30.778398,1.088,11,144.9949494,533.0559159,157.0175399,1,62.66709678,59.14256167,0,1562.56505,2.26975584,1500,0
20258,0,1.606,8,285.8233765,673.884343,253.2021813,1,41.96618423,84.24845277,0,1722.069976,14.97497177,0,1
20259,9.344285,14.991,66,394.9777054,783.038672,286.7715647,0,58.92871265,93.56677928,0,1824.635026,20.20061302,0,0
20260,23.352309,5.449,11,211.4507935,599.51176,204.8240275,1,38.02257299,39.26216645,0,1533.365078,1.073422909,1000,1
20268,0,3.189,10,176.6568542,561.4041123,171.386206,1,54.83498981,52.33105491,0,1837.774944,23.11049843,0,2
20276,23.352309,0,4,245.8183259,633.8792924,158.3280551,1,54.03246737,23.88415974,0,1439.195029,7.707910061,1200,1
20281,0.508321,0.342,5,270.137085,658.1980515,236.0428098,1,44.42879279,69.65253177,0,1820.984943,13.26458645,800,1
20274,0,1.396,47,242.9116882,630.9726548,233.7736945,0,54.59288967,53.5736219,0,1727.544928,8.133397102,0,0
20532,0,1.597,3,309.2964646,697.3574311,289.5500785,1,19.03422197,113.0531798,0,1418.38997,3.434526682,1500,0
20280,30.778398,8.638,32,159.3797257,547.4406922,172.8501334,1,60.01945513,57.22408566,0,1491.025014,0.416282713,2000,0
20533,7.602375,27.318,25,174.8111832,532.2203461,148.3401404,1,76.27081565,56.79488156,0,1635.200007,8.829440117,700,1
20368,3.030253,28.594,45,170.4558441,558.5168107,166.3995425,1,34.96196428,32.74964421,0,1792.880065,11.79014492,700,1
20282,8.463489,0,10,62.56854249,419.9777054,38.38490543,0,58.44103595,60.1419338,0,1665.129926,42.54245758,800,1
20283,23.352309,2.161,49,294.4335495,682.4945161,197.0679162,1,32.35605645,42.58004417,0,1645.784936,12.10074139,700,1
20535,0,1.834,14,208.4142136,596.4751801,204.0627914,1,53.79724628,57.11428824,0,1754.920032,1.932871699,1500,0
20286,1.937141,9.689,29,349.2081528,737.2691193,278.0952667,1,44.88247329,122.7742957,0,1767.330003,25.02604675,0,2
20285,20.634036,20.01,76,331.7695526,698.2914139,312.7835306,1,12.48496752,155.5800856,0,1756.379926,15.00769234,1500,1
20288,30.778398,,0,171.137085,559.1980515,179.857432,0,48.04557686,45.60834552,0,1381.159971,0.043535072,1500,0
20289,15.914757,2.601,11,184.5269119,553.5340546,168.1525776,1,62.57633122,70.66987838,0,1789.594955,82.84107971,700,0
20292,0,,0,208.7401154,596.8010819,202.1558572,0,22.04789757,20.32403729,0,1761.490078,3.378380537,800,0
20380,3.030253,17.422,220,174.9116882,562.9726548,171.8440512,1,20.86436347,17.39142039,0,1847.629926,45.18156815,0,2
20294,3.030253,17.19,74,223.6518036,611.7127702,219.169241,1,29.43804346,31.24090413,1,1621.694942,6.688842773,800,16
20295,3.030253,87.312,168,192.2842712,580.3452378,186.5355409,1,31.68835725,29.15747992,1,1872.815015,14.61945724,700,10
20538,15.914757,1.979,14,165.4264069,528.6345597,145.2021847,1,81.90674799,69.58792442,0,1829.015057,63.74204636,0,0
20296,23.352309,0,7,197.0071427,585.0681092,190.4826865,1,52.0395356,51.6690906,0,1432.624983,0.741954982,1500,0
20297,0,1.287,19,270.7401154,658.8010819,260.1065874,1,49.50931043,80.13741656,0,1753.459964,2.515728951,1000,0
20304,0.508321,0,2,259.1787156,647.2396821,212.7783571,0,52.24456929,64.93943572,0,1687.760026,3.753570795,700,2
20299,30.778398,12.071,237,145.1959595,533.256926,152.1176052,1,53.35552005,49.42615245,0,1626.074972,2.225172997,1500,0
20300,111.556852,54.229,545,319,707.0609665,313.6349359,1,35.35584829,140.8460287,0,1749.079933,4.573732376,2000,4
20308,19.097052,14.045,69,37.65685425,377.1492783,9.88386425,1,25.96044516,35.05995242,0,1800.910006,498.9768066,1000,1
20301,3.030253,9.179,31,180.9705627,569.0315293,176.2030499,1,38.75738458,36.25024154,0,1877.195046,68.18235779,0,0
20311,23.352309,1.631,102,257.6345597,645.6955262,192.4662957,0,58.29665349,49.57738806,1,1566.945081,0.96718663,500,1
20302,20.634036,23.326,64,314.0416306,688.019336,298.9703061,1,22.01072517,146.4323351,0,1691.409936,4.934759617,2000,0
20303,30.778398,19.311,146,151.8528137,539.9137803,158.502705,1,49.09657712,45.33558093,0,1666.954968,2.791295767,1500,0
20305,19.097052,35.97,133,14.89949494,390.0904038,33.03427577,1,11.69598734,12.60122468,1,1731.924958,484.0652161,0,4
20321,2.462729,0,2,321.6051224,709.666089,216.7279396,1,15.23322531,64.0339655,0,1707.834964,12.15249825,700,0
20332,0.508321,0,2,281.4507935,669.51176,232.6716315,1,33.43837963,80.04764763,0,1707.834964,11.17705917,0,0
20307,1.700436,12.442,62,98.5807358,455.9898987,66.31774348,1,96.17402296,83.6683252,0,1688.489974,32.08797836,800,7
20312,20.634036,25.791,124,323.5269119,692.5340546,306.0590276,1,14.53175112,155.789833,0,1737.765057,7.891409874,2000,2
20313,23.352309,11.304,253,265.9482682,654.0092347,187.9632985,0,54.34618457,41.30189009,0,1626.804919,6.601933479,700,0
20314,0,4.301,66,229.3259018,586.7350647,205.2857326,1,21.77767516,90.67457156,0,1730.099916,2.762827396,1200,1
20331,0,13.905,118,279.0660172,667.1269837,245.5675614,1,41.99117348,77.22756964,0,1685.570011,7.393926144,0,0
20315,3.030253,4.375,49,177.3847763,565.4457429,173.5264581,1,37.95720856,35.49603507,0,1868.070011,80.43092346,0,0
20316,19.097052,2.404,21,131.2842712,502.7766953,117.1440166,0,87.24763737,83.68064579,0,1649.799993,8.946174622,600,0
20317,1.937141,0,2,311.0365799,699.0975465,251.2146358,1,25.67526863,96.67681728,0,1713.309915,9.866150856,800,0
20360,3.030253,10.379,57,185.1126984,573.1736649,180.0304513,1,28.21726442,25.70681241,0,1860.770018,55.85727692,0,6
20319,1.700436,1.397,24,135.2253967,492.6345597,108.6119912,0,110.811068,63.35233406,0,1510.005031,0.69940716,1200,0
20320,0,0,9,284.2964646,672.3574311,271.9785432,1,41.7665207,88.49538023,0,1838.870039,6.842703819,0,0
20322,30.778398,2.371,9,270.4163056,658.4772721,139.4834707,1,25.41501921,8.922049201,0,1528.620074,11.22078228,2500,0
20323,19.097052,0,2,97.98275606,486.0437226,112.6461237,0,89.5489669,90.11336329,0,1438.829968,7.785325527,2000,0
20325,19.097052,28.567,138,108.0416306,496.1025971,111.581655,1,81.11638648,76.97040305,0,1613.300028,8.539426804,600,2
20326,30.778398,2.435,21,224.2619767,612.3229432,162.1649699,0,60.79595956,30.75239343,0,1354.514987,0.161289483,2000,0
20328,19.097052,48.618,368,154.8284271,542.8893937,152.4413101,0,53.21154698,50.74686142,0,1721.340029,6.166787148,600,0
20335,30.778398,0,6,177.8650071,565.9259736,187.9069086,0,51.32230704,49.48485825,0,1415.470008,0.137660727,1500,0
20336,23.352309,0.921,6,197.9777054,586.038672,177.4585896,1,61.67967801,49.49952824,0,1309.620022,0.042203907,2000,0
20339,0.508321,15.584,38,299.9360749,687.9970414,237.1390716,1,19.69049021,82.91286832,0,1700.534971,10.31888866,800,5
20341,2.462729,,0,299.8355698,687.8965363,229.4127251,1,14.62408402,75.03910183,0,1765.504961,18.83600426,800,0
20342,3.030253,7.679,17,194.7401154,582.8010819,189.3257928,1,12.69862356,10.17511522,1,1875.734978,43.55159378,0,8
20343,3.030253,4.246,29,179.1543289,567.2152955,175.4411148,1,16.86103224,13.28940835,1,1822.809985,36.34224319,0,3
20345,111.556852,7.878,27,333.0416306,707.019336,318.1488242,1,22.93940612,145.8859916,0,1756.014953,17.01107216,2000,1
20346,1.937141,7.88,279,317.9360749,705.9970414,247.3896159,1,19.87506642,92.9411245,0,1669.144983,11.78172684,800,1
20347,1.700436,13.589,102,159.4680374,516.8772004,131.3937055,1,93.16432752,53.36773743,0,1526.065085,3.602435589,1200,0
20539,3.030253,19.222,53,211.0243866,599.0853532,205.855171,1,13.9946186,15.11495613,0,1860.040071,44.01223755,0,11
20211,1.700436,0,2,140.1959595,497.6051224,108.6049813,0,117.0008782,53.25624241,0,1422.405027,0.260437816,2500,0
20212,30.778398,0,2,146.1787156,534.2396821,172.3587956,0,66.52958187,81.02547678,0,1288.814963,0.04111544,2000,0
20213,0,4.202,21,254.4974747,613.5634919,231.6650381,0,13.77974324,105.1125632,0,1555.995004,3.84306097,2000,0
20348,111.556852,20.939,31,353.6518036,741.7127702,291.9174369,1,39.14507858,114.1553635,0,1666.954968,1.636110544,1500,2
20349,3.030253,9.132,83,180.4974747,568.5584412,176.3894692,1,17.77325131,15.02104854,0,1797.259922,23.31618881,0,4
20540,2.462729,25.576,122,316.2203461,704.2813127,226.6523816,1,1.985163637,72.56322227,0,1762.584999,20.9683094,700,8
20350,3.030253,102.175,98,190.0538239,578.1147904,185.871595,1,6.399290135,3.85902853,1,1784.484978,30.09611702,0,50
20352,2.254951,3.475,68,367.019336,755.0803025,248.3299632,0,23.02836105,103.1624397,0,1793.974986,17.77886581,800,1
20353,15.914757,4.609,69,187.6690476,548.391919,165.1370064,1,61.21159922,70.39092379,0,1739.955072,22.10508537,700,0
20354,30.778398,0,4,270.4873734,658.54834,134.3605775,1,20.41660942,11.28021005,0,1295.749983,1.760132074,3500,0
20355,30.778398,2.795,13,250.1320344,638.1930009,151.5944001,1,46.30715285,16.31765767,0,1439.195029,4.141497612,2000,0
20358,3.030253,2.261,9,193.5563492,581.6173157,189.0340447,1,41.48918456,38.98485385,0,1841.790001,7.04535675,700,0
20362,15.914757,10.797,21,180.3259018,537.7350647,155.98065,1,69.32232447,63.81248333,0,1673.16004,11.85031223,600,1
20361,19.097052,0,2,134.254834,495.8061325,113.3140973,0,98.44314359,72.59456077,0,1600.890057,3.753046036,700,0
20363,3.030253,30.704,39,187.9238816,575.9848481,187.4973729,1,20.18182688,18.34524124,0,1571.690085,2.042446375,1000,4
20373,23.352309,0.858,26,330.1320344,718.1930009,199.1714569,1,35.58212611,52.50436046,0,1663.305058,5.74865675,600,0
20369,3.030253,14.826,33,187.1837662,575.2447327,182.2280637,1,23.0265915,20.51121646,0,1853.105052,44.7434845,0,1
20370,0,0,2,295.6518036,683.7127702,255.3751914,1,37.51213735,93.08806682,0,1758.569942,17.19573212,0,0
20381,2.254951,15.863,39,383.1909089,771.2518754,263.3649817,1,40.18644073,115.6700042,0,1832.299993,7.497755527,800,1
20372,0,0,1,292.7401154,680.8010819,280.2876548,1,28.07946337,101.5324555,0,1512.560019,4.881876469,1200,0
20374,30.778398,1.384,8,266.5878785,654.648845,140.1080502,1,27.6707144,4.798791462,0,1503.799958,5.612695217,2500,1
20293,3.030253,431.314,53,201.0243866,589.0853532,197.7649539,1,8.277600092,10.64257272,1,1633.009992,7.989891052,700,35
20382,0,1.115,7,266.0121933,654.0731599,255.8839137,1,51.83344403,80.66180466,0,1787.039967,5.794799328,1000,0
20375,3.030253,49.199,115,191.0538239,579.1147904,186.5506862,0,5.762483133,3.556076525,1,1803.100021,31.33379173,0,22
20376,2.254951,0,1,376.5929291,764.6538957,284.6501935,1,51.33639715,102.5153029,0,1785.580072,14.60210323,0,1
20383,0,0,1,299.7228714,687.783838,252.6614334,1,32.7813486,96.29496336,0,1777.184985,20.60488701,0,0
20408,0,,0,302.0660172,690.1269837,257.9536514,1,36.55578295,98.82540439,0,1789.959929,22.38673973,0,0
20384,15.914757,13.718,357,181.6690476,542.391919,159.6376352,1,66.76902801,69.12860762,0,1723.530045,29.25115776,600,1
20387,3.030253,9.297,44,188.627417,576.6883835,183.703074,1,35.18507498,32.64219024,0,1881.209929,23.77211761,700,6
20411,3.030253,3.951,20,180.5685425,568.629509,176.7690964,1,15.50842973,11.96267543,1,1843.980017,48.3952713,0,0
20388,0,0,1,201.8406204,589.901587,195.8484618,1,23.78823098,21.53194097,0,1780.104947,5.02109623,800,0
20106,2.462729,0,2,309.7056275,697.766594,216.3275121,1,11.52727367,62.04075246,0,1825.364974,144.3627625,0,1
20055,2.254951,16.715,33,379.6051224,767.666089,259.476451,1,35.97185205,116.0815639,0,1811.494935,9.554739952,800,3
20390,3.030253,394.911,530,191.882251,579.9432175,188.0446988,1,3.955320029,2.126179365,1,1823.539932,29.87875938,0,139
20391,7.602375,2.235,14,181.7106781,539.119841,152.4373677,0,72.20920633,50.81629386,0,1615.855017,7.530395985,1500,0
20418,19.097052,42.424,175,43.3137085,424.747258,48.81984381,1,38.20901606,40.60634966,0,1615.855017,10.28166199,700,17
20392,0,0,10,295.4264069,683.4873734,284.0811021,1,23.53725867,108.5634249,0,1438.464994,0.554543853,1500,0
20393,3.030253,6.804,51,173.1421356,561.2031022,169.0388303,1,40.87671626,38.48578406,0,1871.719921,97.57788086,0,2
20394,30.778398,1.962,20,103.9533188,492.0142853,122.60149,1,92.71783068,88.66531592,0,1261.074972,2.646285772,2000,2
20395,23.352309,0.707,44,260.7350647,648.7960313,201.2444574,0,52.86890112,56.19045551,0,1663.305058,6.892889023,700,0
20396,23.352309,5.741,99,257.1025971,645.1635636,141.4357345,1,33.63702185,4.385719199,0,1522.050028,4.599987984,2500,1
20397,0,209.863,331,305.0954544,693.156421,273.3997727,1,34.52847652,104.7938587,0,1656.735013,4.491048813,1200,34
20398,0,24.988,94,193.6568542,581.7178208,189.8457055,1,49.45435979,46.95267608,0,1787.769914,4.498382568,700,3
20399,3.030253,138.449,727,203.7106781,591.7716447,198.0544649,1,7.416808283,7.225574817,0,1857.485082,33.40436935,0,71
20400,1.73708,6.712,19,332.0904038,720.1513703,217.7203726,1,17.18004078,67.51659511,0,1693.234978,44.1782074,0,1
20402,20.634036,9.413,25,354.5979797,719.4629868,334.4309275,1,29.1096484,141.5648015,0,1776.455038,27.72957802,1200,0
20154,15.914757,0.195,7,159.3259018,516.7350647,135.2285929,1,90.0410396,62.10994532,0,1593.955038,4.66399622,600,0
20156,30.778398,10.867,19,149.7939392,537.8549058,167.1369146,1,69.20916425,66.19930469,0,1364.369969,0.26213637,2000,1
20403,3.030253,101.574,38,189.3259018,577.3868684,184.5544844,1,13.31962676,10.88483712,0,1829.745004,41.53565216,0,13
20419,23.352309,2.757,15,191.5512986,579.6122651,195.2814187,1,35.42052399,34.52747476,0,1601.984978,1.402294397,800,0
20405,2.462729,114.185,30,317.6639969,705.7249635,238.6953985,1,10.93576443,84.3766157,0,1678.999965,7.571957111,800,0
20409,3.030253,524.03,80,184.2253967,572.2863633,180.8206181,1,11.12298405,7.370939018,1,1799.084964,43.88480759,700,12
20412,19.097052,55.865,65,35.04163056,423.1025971,65.28708451,1,31.67938687,33.8895763,0,1341.010009,2.844186544,1500,0
20415,111.556852,8.423,20,312.8994949,695.1614716,303.5110516,1,31.20222894,145.1754619,0,1678.270018,2.36628437,2000,0
20287,2.462729,4.233,7,305.119841,693.1808076,211.9716248,1,16.43674211,57.50239704,0,1738.859978,41.77306366,700,0
20416,23.352309,9.459,140,280.0904038,668.1513703,184.6798602,0,48.43173935,32.4650685,0,1683.379996,3.378006935,700,0
20420,0,0,3,212.1421356,600.2031022,206.9803053,1,52.20325435,50.00339289,0,1704.915001,1.304684639,1500,1
20421,19.097052,16.444,62,25.04163056,399.019336,29.83936224,1,22.34109374,23.97722291,0,1702.724986,287.1886902,0,5
20425,23.352309,0.555,8,238.4335495,626.4945161,168.9951482,0,66.57026465,36.37808049,0,1370.940015,1.41254282,1500,0
20428,19.097052,0.554,11,115.0832611,474.9777054,92.84428234,0,103.6746638,80.88978131,0,1553.440015,1.658298016,1000,0
20432,30.778398,2.876,9,152.2081528,540.2691193,168.9491255,0,67.48242923,64.54301697,0,1470.950077,1.189929247,2000,0
20429,0,3.705,19,209.7279221,590.3330445,200.8105901,1,45.87611965,65.12469465,0,1740.320046,3.440051794,1200,0
20430,0,0.087,11,269.9533188,658.0142853,258.1237855,1,58.84940737,72.12973706,0,1843.980017,42.06067276,0,0
20431,23.352309,3.864,11,278.646753,666.7077195,171.7405194,1,56.46537071,19.98151947,1,1646.515057,5.487403393,700,1
20270,23.352309,4.343,110,273.5340546,661.5950212,192.682507,1,46.46600833,42.52266235,0,1639.580038,4.398054123,700,0
20433,11.016983,2.833,38,243.3675324,600.7766953,212.3634126,0,14.14441112,85.61765415,0,1591.400049,1.143801451,2000,0
20442,30.778398,0.368,3,160.8233765,548.884343,169.500095,1,49.02151463,45.88668254,0,1455.619969,1.753092885,1500,0
20438,30.778398,6.812,23,239.8183259,627.8792924,155.4492363,0,54.90584985,25.90895564,0,1339.915001,2.072741032,2000,1
20434,23.352309,0,3,277.002092,665.0630586,144.1196553,1,28.60961078,11.77175752,0,1490.66004,8.0978899,2000,0
20444,0,0.625,9,264.3553391,652.4163056,254.4330519,1,53.10824099,81.37380316,0,1789.959929,8.959213257,1200,0
20443,23.352309,0,6,169.509668,557.5706345,173.0231006,1,34.7528821,31.48035024,0,1591.400049,0.612078786,1200,0
20445,0,0.235,12,279.2964646,667.3574311,267.0247353,1,47.25597917,82.99829466,0,1831.205072,6.715428829,1000,0
20448,0,0,3,242.8284271,629.2325394,237.0623935,1,45.9298294,82.73679408,0,1636.660075,1.717559338,2000,0
20449,19.097052,9.76,45,138.8994949,521.1614716,132.8523959,1,69.55432915,66.46791157,0,1745.794997,7.802042007,600,1
20452,3.030253,37.429,210,182.4558441,570.5168107,177.8065543,1,32.64607201,30.14554451,1,1868.434985,67.23862457,0,1
20453,8.463489,11.055,59,89.53910524,437.5756852,49.25211857,1,82.02761068,84.59066767,0,1769.884992,82.55827332,0,5
20454,30.778398,0.802,5,113.3675324,501.4284989,128.8221093,1,84.69825904,80.6719426,0,1334.07499,1.592326641,2000,2
20455,2.254951,4.136,17,369.1614716,757.2224382,240.6955916,1,24.71429069,98.10688935,0,1810.400014,17.776577,0,1
20458,23.352309,0,3,188.5634919,576.6244584,177.7384288,1,58.58358094,53.17522751,0,1291.004978,0.040999409,3500,1
20461,2.254951,2.89,6,358.3797257,746.4406922,285.8855366,1,48.16770418,113.1129185,0,1717.689946,6.950570583,1000,1
20462,1.73708,15.573,22,333.1909089,721.2518754,225.7597211,1,10.53213506,74.57863939,0,1747.255065,20.53867531,0,7
20464,23.352309,0,8,311.9188309,699.9797975,201.6489796,1,26.72421366,48.38772945,0,1603.080072,7.871448994,0,0
20465,179.154991,2.151,8,69.32590181,457.3868684,93.81998438,0,64.0870122,66.26155442,0,1299.035006,7.11826086,2000,0
20471,30.778398,0,6,163.4507935,551.51176,178.1433216,0,61.20311297,58.70768531,0,1499.785075,0.78909862,2500,0
20472,19.097052,13.286,55,20.07106781,408.1320344,51.02789029,1,16.70315412,19.12138248,0,1528.985047,85.35604858,1000,4
20473,30.778398,0.685,12,160.509668,548.5706345,166.2451874,1,43.35965501,39.86949145,0,1519.495039,0.725070715,0,0
20474,20.634036,9.045,29,347.1126984,716.9482682,329.471114,1,27.16100115,140.5537109,0,1769.520018,14.62572002,1500,2
20475,19.097052,296.205,271,152.5269119,540.5878785,150.2086594,1,42.6472451,38.92211798,0,1777.549958,10.04245853,700,11
20476,2.254951,2.518,24,345.0609665,733.1219331,215.1401041,1,22.74747039,70.27612547,0,1764.045067,16.95078087,0,1
20389,3.030253,3.574,35,186.8700577,574.9310242,181.32715,1,31.87734302,29.34049236,1,1882.305024,65.38906097,0,0
20478,23.352309,1.321,7,238.5929291,626.6538957,203.2459487,1,52.19703324,54.28813548,1,1635.929954,4.882428646,500,0
20012,7.602375,24.41,112,183.5512986,540.9604615,145.6617921,1,90.08687558,18.25933201,0,1506.354947,0.573905826,3000,5
20028,15.914757,80.413,217,176.6568542,561.4041123,170.8630961,1,54.77309976,52.27394381,0,1682.285075,4.618149757,600,51
20039,2.254951,317.049,605,347.2619767,735.3229432,230.6488856,1,7.723015395,82.6986937,0,1791.055024,9.864413261,800,203
20064,19.097052,7.49,15,78.3137085,466.374675,84.74024836,1,73.10114507,75.59887323,0,1445.764987,1.676105857,600,4
20066,3.437684,35.346,98,56.24264069,331.8183259,75.75876573,1,46.38365574,26.1333244,1,1703.08996,60.24766541,1500,5
20067,3.030253,1763.126,2361,197.5391052,585.6000718,193.2003529,1,1.48070631,3.757789058,1,1724.989939,4.224319935,700,1378
20068,19.097052,191.436,385,177.7989899,565.8599564,173.9960162,1,36.46728999,34.00900763,1,1814.415071,39.59832382,0,40
20073,0,61.693,142,314.9116882,702.9726548,302.3139009,1,5.418004162,125.1006312,0,1491.389987,0.574348152,1500,23
20085,7.602375,7.439,34,190.2375901,547.646753,153.9699556,1,77.46903,29.03767146,0,1456.714977,0.583954334,2500,3
20088,0,3.694,22,297.2842712,685.3452378,287.2901739,1,25.01062767,116.6961436,0,1529.350021,0.840945005,2000,1
20483,3.030253,25.35,104,222.9238816,610.9848481,217.594578,1,25.82578345,27.00019739,1,1764.41004,4.701099873,700,14
20486,2.462729,6.166,15,302.9777054,691.038672,220.598202,1,11.93223903,66.06147098,0,1716.595025,21.35806084,800,6
20093,2.462729,0,1,305.6639969,693.7249635,231.5785742,0,10.4687046,77.03847764,0,1756.014953,18.02792168,0,0
20113,7.602375,15.186,69,206.7523087,564.1614716,171.8687724,0,57.52792877,44.81006619,0,1599.065015,1.885805726,2000,0
20487,3.030253,0.879,15,235.4091629,623.4701295,228.9594334,1,37.1935719,38.30779065,1,1745.06505,6.555112362,500,1
20488,23.352309,0,3,302.1909089,690.2518754,205.3888552,0,23.08798915,50.88341255,0,1788.500035,48.16974258,0,0
20496,23.352309,0,2,171.8233765,559.884343,176.9612416,1,39.84151779,37.0683311,0,1592.129996,1.657394767,1200,1
20509,7.602375,16.014,38,197.8650071,555.27417,158.3759973,1,83.39239257,16.56850089,0,1641.039932,6.068050385,1500,0
20557,19.097052,82.036,366,33.3137085,354.747258,53.32318968,1,21.06873408,1.732669768,1,1739.589925,766.9588623,1000,3
20560,3.030253,54.386,696,158.882251,546.9432175,160.366602,1,36.04812095,31.91344732,0,1662.574937,3.29234314,700,3
20038,30.778398,30.21,107,142.0954544,530.156421,152.3277524,1,60.11628147,56.35388476,0,1620.600021,1.641119957,1500,0
20238,0,1.825,15,174.8284271,562.8893937,172.2487455,1,48.16852323,45.67361784,0,1806.384957,44.77818298,0,0
21053,0.33811,318.155,559,485.3473298,685.4558441,220.9865982,1,10.16421627,45.42062289,0,1679.364939,7.653402328,700,276
21211,13.283498,64.597,135,454.9087297,700.9827561,162.3373527,1,36.0435822,30.48615056,1,1648.339925,56.63355255,1000,32
21206,34.070832,5.095,24,409.3990617,797.4600282,213.6269656,1,12.63824171,52.23161709,0,1853.470025,29.31377792,800,6
21152,0,18.358,60,403.2518754,764.3553391,169.9093135,1,51.26542826,49.29419165,1,1828.284936,28.67279816,600,21
21027,23.352309,1.653,19,328.9310242,716.9919908,184.7933984,1,50.60401974,43.63823828,0,1707.105017,8.081494331,500,1
21026,18.017454,41.881,129,478.5950212,767.8284271,246.7085496,1,28.05521738,14.20830742,0,1820.254996,13.39333057,1000,29
21015,0,15898.273,1192,432.5239533,766.3137085,202.9227852,1,26.58419573,15.96807333,1,1877.924993,36.40751266,1000,892
21014,13.283498,5.599,41,498.2640687,657.627417,198.8023814,1,19.11511364,28.71551226,0,1369.114974,0.362043977,2000,1
21010,30.778398,1014.84,2388,305.1858582,693.2468248,135.6887312,1,29.03053202,32.39030068,1,1392.10996,2.080981255,500,51
21149,25.324552,1260.617,403,342.9848481,731.0458146,153.7872519,1,53.64272152,59.61271385,1,1724.259992,13.05744839,500,46
21004,0,926.978,559,401.1097398,773.5269119,172.808118,1,51.53175984,46.29791784,0,1866.974916,53.10193634,800,317
21005,36.495821,56.324,532,482.8549058,814.1126984,272.5429747,1,14.6422775,57.4680414,0,1828.284936,9.674448967,0,1
21006,13.283498,17.952,40,498.1635636,657.7279221,203.5741785,1,26.73353865,35.45041325,0,1359.259992,0.322940141,1500,9
21008,0,15.952,31,512.7615434,658.8700577,230.3666015,1,26.27038195,62.56042695,1,1642.864974,9.35839653,1500,40
21146,34.070832,6.986,136,413.6417023,801.7026689,215.0373049,1,15.72511194,47.62331175,0,1859.674923,56.90948868,800,1
21145,30.778398,4.064,29,271.529004,659.5899705,116.9189187,1,3.732013896,27.60021132,0,1313.999965,0.30497846,3500,1
21003,2.254951,163.112,335,393.9310242,781.9919908,238.0460653,1,50.81802735,96.79471026,0,1815.145018,9.115652084,800,43
21117,0,2796.826,227,417.0508653,747.0416306,177.0825103,1,39.87170321,40.6275292,1,1908.585033,61.55156326,600,53
21165,36.495821,5.808,118,477.0264787,814.0416306,268.1854801,1,18.39258533,55.16307101,0,1865.150049,12.87561703,0,0
21163,0,62.286,225,431.0803025,752.8284271,196.8429077,1,25.59772378,24.75687138,1,1738.130031,6.228993416,1000,22
21113,34.070832,6.574,20,409.4457429,797.5067094,255.678295,1,62.73195347,101.4282608,0,1842.519948,16.40070724,800,7
21009,34.070832,4.63,10,406.2447327,794.3056993,242.199932,1,47.90748293,88.24044421,0,1841.425028,59.65087128,0,1
21039,13.283498,7.358,24,481.8498551,674.0416306,191.0710228,1,27.05846556,30.01189461,0,1312.904958,1.279591799,1500,2
21040,34.070832,33.301,49,426.7960313,774.4852814,202.9721847,1,34.58241867,18.48481642,0,1901.28504,43.22624207,800,25
21041,18.017454,207368.574,666,456.4234483,768.0121933,223.5189787,1,11.30192595,10.94957634,1,1906.395018,69.32257843,0,772
21016,13.283498,24.199,24,471.648845,684.2426407,198.9392025,1,13.65653664,46.84965291,0,1599.794962,2.963999033,700,6
21087,5.409428,53.39,181,485.7300141,873.7909806,309.6742949,1,43.12547886,61.19965288,0,1766.235082,6.863985062,0,3
21167,13.283498,3.676,15,488.3351365,667.5563492,198.5180212,1,22.88980921,34.82953748,0,1451.604999,0.246912181,1500,3
21166,36.495821,16.759,56,455.1980515,809.8284271,247.804388,1,39.10043301,41.46876721,1,1870.625,33.11673737,0,16
21018,1.73708,2.763,9,361.2863633,749.3473298,187.9204868,1,34.71494912,70.37539231,0,1819.525049,28.86208916,700,3
21054,0,354.634,413,448.1097398,707.7817459,149.0455889,1,27.29498818,30.70939963,1,1424.960016,8.550868988,1500,31
21127,1.73708,3.707,20,377.002092,765.0630586,218.9362047,1,43.04323506,89.86724837,0,1865.879996,45.09079742,800,2
21129,23.352309,132.074,721,312.0731599,700.1341264,162.7777001,1,50.3228742,25.17218258,1,1730.830038,8.895809174,500,38
21130,0,3.941,17,380.3523805,768.413347,150.259,1,64.64221588,68.69647023,1,1775.724916,33.35786819,600,20
21213,13.283498,17.215,62,525.6782823,630.2132034,212.3057499,1,25.6851766,41.66278472,0,1353.78504,0.639590383,2500,3
21124,25.324552,240.571,677,327.2152955,715.276262,164.2295702,1,57.08674816,38.61851759,0,1758.204968,15.33273697,500,20
21169,34.070832,77.588,65,393.6711396,781.7321061,205.5489561,1,10.07372122,65.31288341,0,1798.71999,13.50679493,800,26
21172,13.283498,42.489,121,471.4356416,684.4558441,186.3910431,1,26.60976285,34.99488729,0,1345.024979,0.548322499,1500,27
21179,0,101.703,191,377.5533906,751.5554826,128.4473654,1,54.61533719,64.44251848,0,1434.450024,1.362719893,600,27
21202,13.283498,30.761,354,479.6366517,676.254834,179.1756418,1,18.47001346,15.94439497,0,1307.065033,0.273572743,1500,9
21203,34.070832,15.604,86,385.783838,773.8448045,182.0809508,1,20.2093989,58.18343822,0,1846.535006,96.81726074,700,5
21042,34.070832,8.946,29,416.7716447,804.8326112,232.3093929,1,31.24123958,64.55669889,0,1829.015057,21.88332748,800,1
21043,13.283498,99.254,501,483.4234483,672.4680374,170.0964842,1,15.40188174,2.934617351,0,1281.149997,1.537898064,4000,36
21217,30.778398,17.1,72,287.529004,675.5899705,127.6209017,1,13.8510492,28.83894334,0,1298.670032,0.018380009,2000,4
21101,13.283498,4.513,32,480.1513703,675.7401154,174.4321471,1,15.98552927,9.027613531,0,1382.985013,2.036898613,2500,2
21100,0,12.242,57,531.5189027,637.627417,219.6660086,1,45.15941987,64.82478936,0,1356.340029,0.032043476,2000,4
21099,30.778398,35.505,64,351.8549058,739.9158723,145.9290439,1,55.51828533,76.14216536,1,1704.915001,34.30698395,400,37
21098,34.070832,12.612,33,394.5411973,782.6021638,192.2279796,1,11.12359641,53.294488,0,1838.505065,34.14644623,0,8
21096,0,8.619,14,399.9087297,762.4264069,164.0626009,1,55.28046545,55.57318463,1,1845.440085,42.19457626,600,40
21094,12.318401,145.234,300,428.0508653,727.8406204,164.8100691,1,55.85888785,51.53577285,1,1770.980086,15.42271519,600,139
21093,0,0.267,3,391.4823228,753.1828996,122.3379277,1,40.20467609,47.67780365,0,1593.590064,33.68008804,600,5
21092,34.070832,9.663,150,374.3279938,762.3889604,184.8472844,1,21.24319468,73.66209334,0,1839.599986,51.5290184,700,2
21012,0,6.08,37,380.5950212,766.8986284,146.0405562,1,70.52157318,72.72015976,0,1841.060054,27.08363914,0,13
21013,25.324552,390.134,1040,319.8721497,707.9331163,154.6304084,1,47.74211338,34.38227963,1,1866.609943,41.74207687,400,39
21007,34.070832,4.982,14,432.5706345,820.6316011,236.8736136,1,36.90259909,50.81806745,0,1857.850056,21.45676994,800,2
21011,9.344285,9.69,35,432.4751801,820.5361467,286.8717874,1,78.90189344,93.5250335,0,1835.219955,27.21819305,800,0
21022,0.527376,38.885,100,478.7544007,804.2132034,263.8980691,1,24.71845768,48.0225984,0,1792.880065,12.90923882,1200,21
21025,13.283498,27.288,68,485.2813127,670.6101731,165.6159779,1,20.06194102,14.21696238,0,1334.805024,6.222867966,4000,5
21037,34.070832,1.173,14,375.1147904,763.175757,198.0304263,1,24.17360289,80.81428489,0,1837.409971,75.62419128,700,1
21035,23.352309,225.943,147,295.3158005,683.3767671,148.2696654,1,33.2336075,13.28520905,1,1634.47006,11.40352345,500,13
21033,0.527376,48.69,412,486.0264787,817.7695526,276.8766082,1,10.32339751,53.42948162,0,1803.100021,14.28206348,1000,10
21032,5.409428,2.096,8,466.7594514,854.8204179,301.6477833,1,54.32991138,79.39248996,0,1665.495074,2.43069768,800,0
21031,34.070832,12.721,47,420.5706345,808.6316011,225.1830665,1,24.5262995,50.84666383,0,1857.485082,28.68013573,800,5
21029,13.283498,17.18,55,492.9797975,662.9116882,182.1455065,1,3.867932432,10.03936072,0,1366.924958,1.335310221,3500,0
21045,0,363.155,383,364.038672,752.0996385,138.6997431,1,68.21377398,81.72741474,1,1664.035006,14.8149538,600,165
21046,30.778398,130.954,182,344.7127702,732.7737367,147.6160845,1,56.036293,65.93812736,1,1718.054919,17.57546806,500,9
21002,75.816902,19.992,43,481.8254685,674.0660172,152.6687725,1,19.55023896,32.53954789,0,1397.584999,17.59383774,1500,9
21212,0,90.706,798,455.8792924,700.0121933,172.2977222,1,39.77813226,37.49254121,1,1565.849986,2.575026989,1000,16
21199,0,290.225,403,443.7960313,712.0954544,141.103426,1,25.13391198,22.57551054,0,1393.935002,7.965011597,600,36
21205,0,2908.876,205,379.0975465,767.158513,169.6694407,1,33.35673425,62.56739557,1,1856.025014,82.7378006,600,29
21201,34.070832,6.852,19,442.2985566,820.9705627,239.8278442,1,43.27352386,43.31411541,0,1888.144948,34.26067352,0,5
21197,1.453705,533.652,782,533.2346315,622.6568542,209.225604,1,36.84894192,51.58945962,0,1294.654975,0.506134093,2500,135
21195,30.778398,40.674,76,316.156421,704.2173875,133.2226703,1,37.5296869,45.40457415,0,1560.375035,4.138733864,600,14
21186,0,857.81,248,463.0092347,692.882251,159.941701,1,24.37424184,19.93892296,1,1269.835033,0.255193025,1500,52
21185,36.495821,46.17,42,464.5411973,815.8994949,259.3776813,1,27.94672753,51.14790373,0,1896.540036,30.96513367,0,16
21184,13.283498,8.729,16,507.920923,647.9705627,206.1994529,1,22.45239835,34.52495952,0,1314.365026,0.478640139,2500,1
21158,13.283498,5.002,23,497.2813127,658.6101731,172.121447,1,18.30508003,22.7445846,0,1439.560002,18.07538414,2000,3
21104,0,7063.999,293,416.5655839,752.2132034,178.8096308,1,39.8526556,41.19385053,1,1841.425028,36.60086441,600,54
21123,13.283498,0,3,503.8498551,652.0416306,200.5163211,0,16.92548914,28.79068615,0,1301.589994,0.263284802,3000,0
21128,12.318401,105948.313,62,408.4650788,749.7695526,167.8589395,1,48.85768266,48.79903709,1,1897.99993,62.75068665,600,63
21126,18.017454,5.221,15,466.6955262,776.0710678,238.5765877,1,26.08971737,19.74555692,1,1922.455072,100.7743378,0,5
21161,25.324552,3204.052,239,354.5706345,742.6316011,164.9827684,1,41.24451804,67.9438463,1,1819.890022,27.1372261,500,49
21079,0,17.578,58,398.0975465,786.158513,188.0808007,1,21.23523352,46.55537721,0,1912.234943,78.21691132,0,12
21194,1.453705,690.201,334,544.1219331,611.7695526,189.86936,1,29.39649673,56.26489609,0,1402.694976,25.23377609,1500,43
21190,1.73708,0,10,373.1442277,761.2051942,207.0336006,1,33.94076516,83.62626378,0,1852.37493,78.04934692,800,1
21189,0,335.588,234,396.9970414,785.058008,182.4770394,1,29.06426115,46.13632606,1,1900.554919,72.01383972,0,58
21188,0.527376,54.351,262,484.3107499,793.627417,262.7602398,1,31.9104067,38.97929197,0,1618.410006,1.492491841,1200,14
21187,12.840719,4.563,29,546.4478349,618.5563492,202.0508773,0,53.42699812,68.48889207,0,1391.744987,2.197604895,2500,3
21177,34.070832,531.588,1568,369.1269837,757.1879503,168.7708959,1,32.88220375,73.40879392,1,1825.364974,49.329319,600,80
21156,25.324552,16754.093,3935,340.4284989,728.4894655,160.768674,1,53.27789726,53.41416562,1,1614.394948,10.6240921,500,695
21155,9.344285,18.681,17,410.9604615,799.021428,262.9816607,1,63.14218297,108.5541799,0,1852.37493,15.72381783,0,9
21154,0,3405.615,633,389.2396821,777.3006486,172.465271,1,36.73832355,53.3100401,1,1830.839925,51.16323853,600,433
21153,34.070832,7420.574,411,415.4823228,780.8284271,196.2964115,1,33.26060512,29.52972566,1,1887.779975,27.44858932,700,56
21118,0,94.613,201,403.7960313,779.0416306,179.907074,1,42.93885102,40.80233524,0,1936.324937,72.04597473,700,57
21119,18.017454,7026.78,865,455.2813127,779.254834,227.7763734,1,22.06208387,8.838522682,1,1919.900084,58.6906395,0,908
21120,25.324552,4.415,54,324.4995667,712.5605333,143.3218289,1,45.70975702,45.44530159,0,1681.554954,12.31593609,500,5
21125,18.017454,2114.204,175,460.4528855,781.1421356,233.7749189,1,25.58052547,14.83872585,0,1925.010061,131.5294189,0,32
21105,0,5.484,23,437.0508653,718.8406204,166.5115702,1,49.47656688,53.56420855,1,1756.379926,16.76922226,600,10
21175,36.495821,16.992,74,474.038672,778.8284271,247.8780733,1,35.04038224,25.24290672,0,1729.004996,19.98643684,1200,28
21085,34.070832,400.514,568,446.256926,833.4142136,255.8701724,1,42.31529614,63.59998415,1,1814.780045,10.95243835,800,168
21164,0,957.499,1007,412.2813127,770.5563492,184.6167163,1,44.00573664,34.67796359,1,1886.685054,23.03753281,800,278
21198,34.070832,2.069,10,442.6173157,830.6782823,287.7117483,1,68.18013906,96.81837392,0,1787.039967,3.579811573,800,0
21133,36.495821,0,5,444.2985566,820.1421356,241.7026177,1,45.16181351,44.00297275,0,1898.730052,44.44460678,0,0
21174,13.283498,5621.752,1158,458.7960313,697.0954544,148.0051575,1,11.07235135,24.72968464,1,1322.394966,5.820367813,1500,122
21176,36.495821,26.028,19,462.2274888,824.3137085,261.9822878,1,28.33370091,57.93940792,1,1895.444942,20.8201313,0,14
21178,1.453705,8.965,45,542.3767671,618.4852814,204.0243532,1,47.5158992,62.6773802,0,1364.73503,0.263635069,2500,6
21134,18.017454,183.922,484,492.7787873,742.0710678,249.6107947,1,25.1310993,16.95133916,1,1879.385061,24.75501251,0,48
21135,2.254951,2.374,68,351.7178208,739.7787873,217.2450904,1,25.0035269,74.78129172,0,1779.375,53.23570633,0,0
21208,0,548.579,641,496.9625535,663.0710678,213.1980927,1,14.38731693,49.53320566,0,1372.76497,0.141752809,1500,265
21207,13.283498,144.377,323,467.7371568,688.1543289,168.2653328,1,27.90946248,19.20012866,0,1357.435037,2.390933037,1500,33
21180,18.017454,1033.383,422,502.1930009,744.7989899,258.3662414,1,33.93760987,24.04853962,0,1683.379996,4.921481133,1000,120
21137,0,17.528,82,393.1808076,762.7106781,143.4978768,1,62.18549545,63.3083953,0,1755.649979,35.15860367,400,29
21001,0,1748.276,595,423.4234483,757.6568542,190.3729943,1,33.479496,29.08019532,1,1837.409971,19.46680832,1000,170
21138,36.495821,76.365,158,486.3523805,774.5563492,256.4041611,1,37.95255881,22.46075061,0,1653.450077,10.80577946,1200,11
21139,34.070832,11.086,30,397.1025971,785.1635636,241.9687961,1,53.86822782,98.35843131,0,1876.464925,43.07649612,800,2
21196,34.070832,2.009,10,383.3158005,771.3767671,216.8584874,1,34.24162805,87.41058313,0,1868.434985,62.97702408,800,3
21140,18.017454,6155.365,1977,463.3523805,774.1421356,232.9439513,1,19.51985422,15.18543696,1,1918.075042,78.65338135,0,513
21116,0,2.912,12,381.6122651,733.3544725,103.2316969,1,27.72166192,37.66923749,0,1288.085016,0.157739103,2000,15
21141,2.254951,16.09,26,381.5462479,769.6072145,239.1496524,1,39.13904647,103.0655271,0,1834.854982,23.39071655,800,2
21170,0,500.466,175,420.9381669,734.9533188,143.1013808,1,53.01318828,40.47208206,1,1840.329933,39.80955887,600,111
21052,34.070832,12.685,329,413.2985566,801.3595231,211.9510355,1,14.9355249,44.81723955,0,1855.66004,77.43572998,800,0
21168,0.527376,27.401,409,474.4701295,825.8700577,272.5818534,1,16.02330659,61.78584851,0,1850.184915,12.60552788,0,12
21143,18.017454,549.243,270,494.2224382,755.5563492,255.3711922,1,31.88875499,15.91222266,1,1604.174993,6.342033386,1000,141
21142,0,252.368,1110,391.9087297,765.7401154,155.8419337,1,62.99036143,63.62543867,1,1790.69005,36.91862488,400,79
21023,30.778398,13.633,32,353.0681092,736.4427843,126.7651138,1,68.21524627,78.10960373,0,1623.884957,20.28391266,600,20
21115,0,559.814,369,383.3818177,771.4427843,160.4926092,1,50.69386215,60.69387823,1,1765.504961,30.02945518,600,143
21114,34.070832,115056.603,8590,442.4528855,776.2842712,216.0567722,1,23.96609659,3.964600175,1,1778.280079,6.807493687,1000,8484
21108,12.318401,53.838,144,407.9087297,747.9827561,153.0844036,1,63.62489735,60.84827219,1,1876.830072,46.55354309,400,121
21112,2.254951,47.237,57,369.7888886,757.8498551,226.0879488,1,34.11569836,89.27778791,0,1842.154975,26.6149292,800,11
21147,34.070832,28.933,431,400.1147904,788.175757,220.4994446,1,23.80164742,71.14910358,0,1809.304919,10.33106232,800,3
21204,13.283498,13.509,140,468.5239533,687.3675324,158.6971298,1,16.04841184,14.27591176,0,1267.645018,1.665370107,1500,4
21097,0,6.703,19,408.3107499,782.1421356,187.9526789,1,35.60323384,35.65071914,1,1940.339994,67.56954956,700,1
21148,36.495821,221.799,42,462.7960313,783.4852814,238.3448717,1,31.03714965,19.81031133,1,1905.299923,101.095108,0,26
21200,13.283498,33.413,22,469.2224382,686.6690476,174.2110021,1,28.3462895,22.76508403,0,1452.700007,2.551521778,1500,1
21151,0,61.788,154,404.4823228,785.3847763,185.6253543,1,33.86307466,39.08656506,0,1933.040001,71.28538513,0,5
21159,34.070832,17.251,618,436.6122651,810.1837662,229.0554245,1,36.94355182,33.50802497,0,1872.815015,19.83048248,0,2
21050,0,7.84,26,374.5411973,726.2834047,98.53615023,1,30.20781954,39.86792593,0,1416.200042,0.816927135,2000,10
21144,0,1712.247,402,397.5533906,784.1126984,175.2081045,1,41.04927761,46.94841416,1,1929.389918,80.65229797,0,153
21051,34.070832,3908.468,164,465.256926,839.627417,273.6269026,1,26.48830997,69.58060832,1,1805.290036,17.17228889,0,55
21055,2.254951,11.823,58,361.2325394,749.293506,229.9244307,1,21.56902232,87.2689906,0,1812.955003,29.43263817,800,6
21056,34.070832,2.886,9,431.6883835,819.7493501,273.1524622,1,69.39959106,102.2317237,0,1835.950077,11.80480099,0,0
21057,0,9.085,22,538.3178926,642.4264069,220.129147,1,44.14259959,55.09774593,1,1420.215012,1.810359955,1500,11
21058,0,30.736,97,385.7544007,743.3544725,113.7752981,1,34.63253818,44.43157314,0,1403.789984,2.013204336,1500,15
21059,34.070832,8.561,14,416.2447327,804.3056993,250.5171466,1,53.63467196,88.38811421,0,1869.164932,32.00095749,800,8
21063,30.778398,70.688,99,350.6538957,738.7148622,135.095245,1,66.89021714,85.90758135,1,1646.880031,83.83487701,600,353
21064,1.453705,28.728,91,571.920923,583.9705627,166.7296887,1,55.22914259,61.02634791,0,1393.935002,16.84067917,1500,8
21065,0,36.765,154,390.6955262,778.6690476,162.6971353,1,55.36597085,56.54270687,0,1807.845025,40.21825409,800,34
21066,2.254951,11.953,39,393.5462479,781.6072145,248.3102223,1,48.23491433,108.6029389,0,1830.109978,15.62466812,800,2
21067,0,135.223,196,399.2102448,756.6812409,131.7051363,1,46.90226601,47.94396681,0,1717.324972,32.71340561,400,36
21070,34.070832,9.41,123,415.9554108,804.0163774,211.7052281,1,17.74021006,40.88208794,0,1856.025014,36.3543663,800,5
21071,0,277.674,671,521.4478349,643.5563492,227.7244676,1,35.97728704,56.90867147,0,1326.774997,1.11661303,1500,368
21076,75.816902,88.097,112,476.139177,679.7523087,153.7998846,1,10.09432177,22.70482803,0,1288.085016,3.069132805,3500,49
21038,0,347.144,95,402.139177,783.0416306,180.9346926,1,38.38616894,41.66266324,1,1935.59499,73.93444824,700,56
21078,13.283498,17.785,163,482.5361467,673.3553391,185.0100361,1,19.95925894,21.14256418,0,1275.309985,0.360294372,1500,3
21047,34.070832,78.267,151,451.901587,839.9625535,279.6533274,1,49.56004145,85.88870181,0,1799.449937,7.538114071,800,21
21048,18.017454,105.971,186,486.7371568,759.4852814,250.3196105,1,29.00089077,10.96870321,0,1732.655079,6.538892269,1000,13
21049,0,5.118,39,508.3056993,648.4142136,215.830984,1,28.46490987,46.29136368,0,1377.145001,0.709076822,1500,9
21080,13.283498,3.453,16,486.8082246,669.0832611,180.7184812,1,9.861685011,10.40945161,0,1311.080003,1.294363976,2500,1
21132,18.017454,18347.924,1402,481.4650788,748.4142136,241.4570252,1,17.73383674,5.712829046,1,1896.540036,41.69023895,0,1028
21216,13.283498,4.41,12,486.3229432,669.5685425,176.3066812,1,9.843348028,4.3068982,0,1244.284971,0.962242186,2500,0
21072,13.283498,42.368,79,496.394011,659.4974747,184.9591457,1,0.593756549,13.061573,0,1346.48496,0.553721607,3500,8
21068,13.283498,3.589,24,502.3645738,653.5269119,195.7945669,0,11.20261079,23.69710344,0,1379.335016,0.350338101,3000,1
21171,0,89.947,106,400.7544007,788.8153673,187.7122643,1,25.12229033,43.3584833,0,1909.679954,81.08351898,0,10
21062,34.070832,10.873,22,444.6417023,823.3137085,245.0702009,1,45.3797008,49.14298672,0,1884.495039,35.8360939,0,2
21061,30.778398,2.495,14,290.0853532,676.3889604,113.6638757,1,13.71394492,42.41949881,0,1352.690033,1.002523899,2500,9
21060,18.017454,13.916,42,475.8376618,764,242.8956484,1,23.52221672,10.13799694,0,1912.599916,30.34409714,0,5
21181,18.017454,11.967,33,467.0803025,765.1421356,232.4704902,1,13.0984388,10.05515218,1,1914.424958,87.75389862,0,22
21044,0,27.579,113,437.9087297,717.9827561,157.4462112,1,48.10287815,45.7905116,1,1704.915001,12.59163475,600,54
21036,23.352309,5.613,24,280.9726548,669.0336213,134.4612241,1,18.27579917,20.11011708,0,1322.029992,0.18233566,3500,6
21191,9.344285,51.155,113,416.2325394,804.293506,274.900629,1,67.95481858,102.8123164,0,1822.809985,18.48382187,800,11
21215,13.283498,14.664,67,487.6072145,668.2842712,191.0485541,1,19.97175414,24.76457236,0,1346.119987,0.599646688,2000,3
21192,13.283498,9.551,38,492.666089,663.2253967,177.3152202,1,9.786239847,9.152641614,0,1316.920015,0.895865977,3500,0
21193,34.070832,7.944,262,419.1686143,790.0710678,205.4431087,1,27.71381518,29.22473375,0,1830.109978,30.54882813,700,6
21173,13.283498,22.562,73,461.9381669,693.9533188,155.8732555,1,19.13526669,20.10511223,0,1475.695081,35.20326614,1500,6
21073,34.070832,50.651,86,470.0437226,858.1046891,288.6422974,1,34.51444648,68.25087019,0,1835.950077,12.92317677,0,6
21121,34.070832,11.95,12,447.2691193,808.9705627,236.8916794,1,46.84755498,32.04595512,0,1884.860013,35.31546021,0,1
21083,12.318401,20.728,25,452.3351365,703.5563492,187.1270381,1,30.45122013,39.76713773,0,1669.144983,3.935287237,800,8
21081,9.344285,10.346,20,451.3036072,839.3645738,301.3077973,1,72.18275021,84.33661614,0,1760.03001,3.900239229,800,2
21075,13.283498,120.531,629,467.8670991,688.0243866,155.080765,1,11.75076734,17.13701311,0,1241.000035,0.326973468,1500,4
21074,18.017454,51791.901,898,478.4945161,760.4142136,243.5806546,1,23.03919127,6.975104781,1,1691.775084,8.86302948,1000,484
21111,1.453705,22.392,119,557.4062043,598.4852814,183.9095613,1,45.76924203,69.19507283,0,1441.019983,6.473249435,2000,8
21089,13.283498,35.753,150,514.4356416,641.4558441,205.1718411,1,19.56891962,33.1449812,0,1322.394966,0.980097473,3000,2
21210,13.283498,19.324,51,488.7077195,667.1837662,186.1342528,1,13.10799951,17.2919471,0,1376.049993,0.296772659,0,1
21136,18.017454,20143.677,126,463.9087297,764.0832611,228.5995741,1,8.91428804,12.21685551,0,1910.410075,79.26851654,0,205
21077,13.283498,6.832,32,492.293506,663.5979797,187.4448209,1,9.152860281,16.49390265,0,1354.514987,0.652995765,3000,0
21088,13.283498,5.127,19,489.666089,666.2253967,175.4148103,1,10.59104487,6.376171899,0,1292.83002,0.453452706,4000,2
21131,34.070832,10.67,120,414.8549058,797.6568542,206.1237276,1,20.1645873,36.47968292,0,1895.809915,109.3550034,700,1
21110,0,7588.53,330,367.411255,755.4722215,153.1440422,1,49.94187259,73.65123762,1,1811.860082,43.94458771,600,192
21183,13.283498,11.017,47,515.2346315,640.6568542,214.7516888,1,30.52784233,42.96639393,0,1339.184967,0.197201818,2500,25
21020,34.070832,66.043,264,405.7544007,792.3137085,192.0631286,1,24.23458851,39.7967651,0,1881.94005,26.4851017,0,7
21028,13.283498,10.859,19,494.1930009,661.6984848,193.0942547,1,15.6342675,23.50755067,0,1356.705003,0.649126887,0,1
21109,0,128.611,737,538.175757,634.2842712,214.8445616,1,50.99731464,66.27073345,0,1412.184985,0.270218015,2000,8
21030,13.283498,1.017,7,495.3645738,660.5269119,192.3724044,1,12.34404744,21.53169357,0,1325.679989,0.37492761,2500,1
21034,18.017454,1239.429,734,461.2518754,767.6690476,227.176789,1,10.79986715,14.72519521,1,1910.410075,88.822052,0,411
21090,18.017454,1071.756,235,465.4234483,769.1421356,232.8976659,1,15.80240613,13.08878316,0,1923.549993,93.40884399,0,109
21091,0,30.177,68,524.9625535,635.0710678,221.0419575,1,40.93648829,53.72598023,0,1420.215012,0.383623689,2500,11
21095,34.070832,25.561,42,422.4406922,801.9705627,213.562165,1,24.67298422,33.61357355,0,1879.385061,91.42677307,800,2
21102,18.017454,222.476,320,473.9381669,771.4142136,243.9522987,1,28.09825471,17.88414287,0,1890.699937,54.66740417,0,15
21103,30.778398,51.676,34,337.2985566,725.3595231,141.933575,1,56.84141675,61.34573381,0,1668.050063,8.911617279,500,13
21106,34.070832,467.705,245,454.139177,790.3847763,232.0182744,1,32.72696239,16.1026694,0,1847.264953,37.44734192,0,55
21107,13.283498,11.541,66,499.8792924,656.0121933,190.2403559,1,5.015313935,18.09819823,0,1372.035023,0.400133222,3500,1
21214,25.324552,146.948,442,310.629509,698.6904756,150.227501,1,40.15942995,26.6257396,1,1761.855052,14.28982258,400,22
21019,36.495821,2711.117,937,466.4823228,789.4142136,246.4108088,1,41.85563862,29.65258352,1,1803.829968,19.09876633,1200,643
21017,13.283498,98.057,220,456.5239533,699.3675324,152.9605216,1,21.20162633,24.79251579,1,1462.190015,16.60225105,1200,28
21024,34.070832,0,4,425.7594514,813.8204179,263.6916465,1,65.94054998,95.45019771,0,1830.839925,12.84982491,800,2
21086,1.453705,0,5,545.9919908,609.8994949,194.8416873,1,39.15288971,60.15197596,0,1375.685019,2.675995827,2500,21
21084,13.283498,32.399,69,490.6366517,665.254834,183.4295981,1,7.213752571,12.05559431,0,1366.195011,2.804642439,3000,0
21150,34.070832,11.481,31,428.2691193,802.0416306,218.7389962,1,30.11941174,30.54884429,0,1866.244969,29.65772438,800,7
21082,34.070832,27.14,63,381.8427125,769.903679,196.1505112,1,15.72163921,72.12423268,0,1859.674923,91.56788635,700,8
21160,34.070832,16.833,14,484.3574311,855.7401154,297.0624108,1,25.87742815,54.30023769,0,1824.270053,14.14471817,0,1
21157,34.070832,49.199,87,424.629509,812.6904756,247.4128999,1,46.94663417,75.46356071,0,1838.505065,14.78279877,800,30
21162,13.283498,11.83,49,492.4356416,663.4558441,194.861078,1,19.715086,26.79078794,0,1370.940015,0.646422327,2000,1
21209,1.73708,43.213,89,339.1442277,727.2051942,178.679829,1,55.27479913,49.93897094,0,1799.449937,12.76849842,500,14
21122,18.017454,25.792,68,490.394011,756.3137085,251.6369343,1,28.71368067,12.03262257,0,1715.49993,5.32123518,1000,24
21182,0,90.239,158,405.2396821,787.5563492,188.3762564,1,30.15534906,38.71143793,0,1921.724951,70.07713318,0,7
21021,36.495821,3.08,10,458.3279938,830.8994949,263.9505923,1,31.16174979,63.97620331,0,1870.989974,35.26227188,0,1
21069,36.495821,35.655,131,466.2691193,806.0710678,255.5745421,1,31.00414092,43.58218779,1,1858.944976,14.14594269,0,16
22006,0,36777.737,644,748.3128419,704.9848481,329.4607556,1,54.9524378,33.72849621,0,1847.629926,33.15519333,700,977
22011,0,162652.408,918,742.0823946,671.9432175,300.6868765,1,74.55679611,33.36650825,1,1749.445081,13.49670601,500,1288
22012,0,6529.37,265,719.8986284,694.3868684,308.1621287,1,63.95669919,5.877881624,1,1747.620039,23.58568382,700,270
22001,0,322.013,93,698.2295808,724.0731599,324.3963495,1,30.40311722,25.95254886,0,1730.465064,21.73105621,800,149
22005,0,33913.899,199,725.7392488,660.4873734,283.0195202,1,64.20349789,33.1286947,1,1758.934915,8.399307251,600,234
22004,0,609.186,238,681.8103166,636.4335495,244.2597422,1,37.86848277,56.25466774,0,1478.25007,2.909179211,500,131
22017,0,1328.729,745,700.6265504,675.8599564,284.9477361,1,70.37955588,18.83810902,1,1807.845025,48.53629303,0,299
22003,2.293699,21.884,42,723.6214998,568.019336,204.4473372,1,30.37427405,89.64296766,0,1336.265005,0.81794399,800,19
22013,0,12.634,18,713.4793642,610.8893937,238.8184602,1,21.40746648,76.54732785,0,1620.235047,4.146058559,500,27
22007,0,2688.903,310,696.1828996,661.1320344,271.090035,1,58.91197876,31.72906211,0,1780.469921,25.59868431,500,136
22015,43.183646,15.15,32,676.5088014,609.6345597,219.8303399,1,19.92684043,81.60412692,0,1329.329985,0.140370801,1000,17
22018,0,53.429,82,716.1950929,635.4457429,258.742211,1,39.76012286,54.13535423,0,1710.389953,4.918992519,600,59
22002,0,15.628,25,692.550432,594.9482682,215.4362341,1,3.610335984,84.86842025,0,1414.010026,0.764559209,1000,22
22008,1.004238,3084.492,57,731.5849199,708.6000718,324.4111951,1,62.7309859,21.28068983,0,1777.549958,31.51003838,700,127
22016,0,116192.902,1406,697.3422792,697.9310242,302.1258091,1,50.09225864,2.502805,1,1789.229982,24.17717552,700,1362
22014,0,300566.136,3758,760.4966081,678.3990617,315.3994015,1,56.82193082,31.74762943,1,1790.325077,24.37217903,600,8750
22009,0,70.599,83,707.3666658,557.764502,178.6920742,1,40.40925581,58.11942678,0,1341.374983,0.690766692,800,74
22010,0,10.51,13,688.5676759,564.9655121,174.1425081,1,46.96088846,42.37733808,0,1394.665036,0.027459163,1200,18
23007,2059.634923,59.893,79,1001.888527,892.1950929,238.392843,1,54.86109922,50.91833858,1,1566.21496,52.59529114,1500,100
23009,2059.634923,236.806,138,945.6803743,809.040764,235.3386745,1,71.33266047,23.63428929,1,1581.179919,52.42493439,1500,543
23010,306.460761,68.239,75,805.4772721,668.8376618,282.8941525,1,191.6701254,176.6434211,1,1533.730052,39.84711075,1100,249
23008,2059.634923,2390.813,442,983.3494219,846.7098116,248.4489306,1,33.68348004,41.18367398,1,1573.879926,51.51441193,1500,2883
23002,136.584952,162.806,187,881.0285707,744.3889604,246.1215876,1,113.5412329,86.36603314,1,1546.869969,40.01413345,1200,347
23006,136.584952,43.847,107,798.4722215,667.1046891,204.0078317,1,131.5724283,133.3096708,0,1562.930024,41.8430748,1200,96
23003,2059.634923,115.236,69,1054.628642,945.5209947,277.9279304,1,28.56407454,43.67723353,0,1573.149979,79.50548553,1000,147
23011,2059.634923,2595.878,67,1024.746391,893.3788591,266.2734572,1,32.2735453,69.09065258,1,1568.040001,56.59623718,1200,235
23005,2059.634923,10485.852,1493,1049.788022,917.8347032,283.8295615,1,15.34390398,66.30387307,1,1566.945081,67.85124969,1100,6661
23001,2059.634923,554.896,237,1016.006276,879.3666658,301.7902879,1,27.15576237,62.78585863,0,1584.830003,78.35614777,0,642
23004,306.460761,4202.407,659,796.3523805,659.7127702,333.0798045,1,241.8604057,215.7014985,1,1481.535006,21.43440437,1300,1382
24016,93.954487,222.634,303,766.4011537,430.7989899,64.55373071,1,38.30309846,36.584989,1,1483.725021,53.19987106,1000,94
24032,0,157.695,129,819.7169542,569.3696244,279.9110673,1,18.80167823,44.28272189,1,1595.049958,3.633285046,700,112
24051,0,23.131,32,902.3565645,478.7544007,282.5957252,1,61.00706581,63.43553903,1,1662.209964,36.64486694,600,47
24029,4.195399,10.136,30,681.1290758,523.5269119,119.9240131,1,36.27457197,22.57646922,0,1467.664967,11.80869102,1500,21
24033,0,1.658,5,1023.020561,464.5067094,397.5888624,1,109.8305521,104.910978,0,1895.079968,71.71807098,400,11
24027,2.293699,32.388,74,752.805266,561.2031022,222.256012,1,56.10733097,105.2169436,0,1455.619969,1.543850899,700,19
24025,0,417.923,112,977.5230868,502.3473298,381.9114757,1,95.37804699,107.9355524,1,1877.560019,86.91673279,400,92
24015,0,794.955,72,985.4103884,433.8082246,338.52936,1,68.94572437,65.32064105,1,1768.790071,22.02598953,400,42
24059,0,33482.478,484,863.042856,543.9676042,300.0110832,1,14.71678018,6.497573077,0,1820.254996,48.96752548,0,212
24013,54.054731,5990.249,892,777.5971132,465.9949494,121.5051166,1,91.18826368,16.86411701,1,1480.074937,5.319425583,1500,657
24002,17.127052,3.19,10,799.2072862,491.6051224,177.3058424,1,106.4606441,67.99312319,1,1505.989974,3.814957142,1500,9
24003,63.217249,165.565,64,737.2539674,509.6518036,140.6165363,1,83.92833611,31.94985996,0,1363.274962,2.160975695,2500,55
24004,5.842758,0,2,859.6997103,518.0975465,278.879059,1,35.13649943,31.744131,0,1659.290001,17.4212265,600,6
24028,0,317820.972,3692,887.3271273,530.5950212,313.5078942,1,15.05934459,22.61759779,1,1724.624965,35.93028259,500,8138
24050,0,257081.746,213,867.4448763,578.5950212,320.611944,1,26.1397246,21.24673199,1,1736.304989,21.35954475,500,176
24057,0.399755,45.422,63,682.2417741,540.6396103,141.1278337,1,49.06549629,9.361022931,0,1369.480034,1.078990221,2500,44
24049,0,135.793,129,1012.73629,507.5605333,412.8237449,1,88.44993787,117.8065921,0,1890.334964,91.12426758,400,66
24006,0,4.147,22,1029.925107,387.8376618,347.08545,1,38.51671515,35.26206548,1,1727.179954,10.68557549,500,10
24018,54.054731,1778.667,12,709.8691911,526.2670273,139.2269909,1,73.17762761,35.73345339,0,1320.570011,1.493396878,2500,27
24037,0.399755,119.933,189,670.1707063,548.5685425,144.4180069,1,40.46889286,2.338690699,0,1386.999983,0.724725544,2500,170
24038,54.054731,6.89,14,688.5138521,526.9116882,127.4992433,1,46.57696195,17.51285291,0,1461.825042,10.74042702,2000,8
24020,0,6829.628,643,995.042856,379.4406922,297.2533366,1,17.62663462,21.77203485,1,1707.105017,9.543284416,400,376
24001,0,100.083,47,922.7829714,524.1930009,341.5089828,1,43.52132303,53.69072548,1,1776.455038,31.08081818,300,51
24045,0,988.001,84,951.1677477,465.5655839,329.2884018,1,86.13948006,91.41276395,1,1772.075007,30.60826874,400,40
24026,54.054731,5.944,17,715.6559877,508.0538239,120.6967543,1,70.302481,40.89693997,0,1474.235013,11.41567421,1500,16
24044,0,14.271,22,1075.126117,352.7127702,357.1474398,1,37.72375284,52.20272652,1,1837.774944,49.25651932,500,23
24039,54.054731,14.759,35,704.7564928,513.1543289,119.4899304,1,59.31365113,32.22425391,0,1487.009957,10.32660007,1500,16
24048,0,26.05,29,1019.4987,369.8965363,319.9054881,1,11.39234547,4.840946038,0,1795.435054,52.35587311,500,4
24055,0,33.279,37,843.9007204,547.7544007,286.3964211,1,23.98451129,21.65741652,0,1628.629961,2.693717241,600,140
24054,0.399755,48.348,75,696.5260454,542.9238816,151.8022106,1,68.03423792,28.61698709,0,1278.959981,0.012705405,3000,76
24053,54.054731,51.585,96,693.8986284,532.2964646,136.3771801,1,57.24157241,20.1930855,0,1442.845025,1.871730566,2500,50
24052,17.127052,9.777,26,844.0601,496.4579362,233.445495,1,77.32296773,73.88781238,1,1638.484943,20.34534073,600,21
24019,32.460662,0.997,8,745.7930727,544.1909089,192.9173523,1,53.05442431,77.22120955,0,1518.034971,3.037470341,800,2
24014,54.054731,23.82,27,705.5554826,523.9533188,133.3245604,1,66.10710253,30.65045068,0,1450.874965,3.651012421,2000,22
24017,4.636625,10.489,10,912.0306627,438.4284989,248.1770816,1,90.1994907,98.21568326,1,1616.949937,11.09579086,700,38
24008,17.127052,5904.698,160,864.3738085,482.7716447,241.0487336,1,76.69058528,73.23516979,1,1634.105086,14.85507011,600,58
24056,7.378531,69.112,74,910.1555544,482.5533906,296.1803039,1,57.90888659,62.19414476,0,1752.00007,73.89151764,400,47
24034,93.954487,34.899,98,724.7148622,479.1126984,89.30475195,1,51.66187424,36.96295677,0,1477.154975,41.68006516,1200,26
24010,17.127052,47.3,124,840.7636354,459.1614716,183.4227797,1,119.9299422,91.7862825,1,1464.745004,2.117920876,1500,73
24046,4.464775,75.532,113,902.8296526,578.021428,347.8757281,1,34.47546468,39.76311007,0,1753.459964,24.67913818,500,94
24047,0,3.999,9,967.4276324,417.8254685,298.48021,1,50.30756025,50.94604532,0,1732.655079,13.45567608,500,5
24024,2.293699,1979.367,501,801.0184694,525.4163056,222.4935647,1,74.20589518,87.83859458,1,1565.120039,5.152143955,700,283
24023,63.217249,40.215,52,769.2072862,521.6051224,185.8856242,1,76.07704644,68.74310367,1,1495.770018,5.178283215,1500,29
24022,0,237.325,56,933.4814562,489.8792924,334.4064033,1,67.1861016,75.44787344,1,1779.375,48.30078888,400,40
24009,5.842758,0,3,862.1849917,531.8965363,294.0057324,1,18.85015417,15.1825164,0,1729.734943,69.91390991,400,29
24036,63.217249,2131.356,78,770.0235201,498.4213562,156.4002897,1,92.3926478,40.05587925,1,1457.445011,1.497666836,1500,46
24007,0,74.028,146,1045.184992,337.5828278,325.9538649,1,13.6529714,28.35580367,1,1821.349916,64.59429932,500,56
24043,2.293699,30.936,48,809.1606051,577.884343,277.6311772,1,28.44216631,56.29783974,0,1647.609978,8.651667595,700,22
24042,93.954487,45.807,138,706.2001436,502.5979797,107.2705863,1,58.2409147,39.88006941,0,1482.995074,25.25770378,0,41
24012,54.054731,21.484,40,721.040764,513.4386002,131.0164504,1,78.78948956,38.55400506,0,1419.850038,5.646980286,2000,22
24035,0,10370.36,1221,873.4987002,527.2102448,301.2055457,1,16.66757236,19.13122606,1,1774.265022,73.58022308,300,1448
24041,54.054731,19.652,47,725.2417741,497.6396103,114.0201001,1,76.18123977,32.10291876,0,1485.550063,11.54047966,1500,20
24021,0,3650.015,24,904.0844866,541.0508653,332.3106119,1,21.97861865,32.56735111,1,1791.419997,27.42741776,300,163
24058,63.217249,1898.817,82,831.8519472,438.2497834,147.3620599,1,97.62063678,69.21301397,0,1477.154975,2.5350945,1500,36
24005,17.127052,87.798,106,789.6925676,506.0904038,185.8618033,1,94.54334622,72.56723641,1,1612.204933,30.96280098,1000,50
24030,5.842758,,0,842.2438662,520.6417023,261.4457852,1,49.89429109,44.85895351,0,1596.145053,1.523630261,600,14
24040,93.954487,15997.194,161,762.9280656,453.3259018,90.35824387,1,57.50547378,10.85562606,1,1429.70502,22.88658524,1200,89
24011,0,341.174,362,814.4743136,526.8721497,239.0367158,1,58.88411799,69.37630276,1,1607.825077,6.336112976,700,142
24031,32.460662,,0,733.6803743,538.0782105,174.4915271,1,55.04607314,62.36236221,0,1402.694976,1.113549829,1500,7
25016,0,43.496,85,1513.027704,701.156421,84.71556091,1,140.4538833,75.4949463,1,1339.550028,0.021478722,1200,52
25015,0,539.169,464,1748.201369,602.9158723,99.94564904,1,96.34719896,52.29435019,1,1726.450007,19.6178894,700,137
25019,39.890599,616.41,191,1635.909955,695.8204179,163.5154152,1,43.86943895,47.8340936,1,1780.469921,44.82879639,0,8
25020,23.874806,137.578,180,1838.28463,621.4844148,21.75102415,1,174.2707614,14.70917834,1,1809.304919,35.7449646,0,21
25002,0,224.67,176,1744.189176,635.2295808,104.3946922,1,81.41343277,81.23965483,1,1764.775014,21.83013153,0,87
25018,39.890599,1175.807,459,1688.306925,668.3178926,162.0283506,1,31.00692398,36.48606314,1,1746.524944,21.31139565,0,334
25010,23.874806,5890.172,336,1843.965871,575.803174,81.99964792,1,170.2323258,17.63184077,1,1695.789967,11.46559143,800,132
25009,6.645055,432.599,296,1390.280446,810.8183259,91.0919081,1,41.10023226,73.26474421,1,1680.09506,6.954125881,1200,162
25013,0,57.746,114,1715.301874,597.4894655,130.4750051,1,74.61660889,59.45627845,1,1589.210033,0.964839041,800,59
25011,0,5186.6,1220,1801.000359,608.3839098,51.12856698,1,138.4132932,50.52842655,1,1798.71999,37.18354416,0,528
25001,60.906153,16110.002,2196,1879.88261,601.8994949,38.59585115,1,214.9983771,26.1646901,1,1709.295032,29.42629242,0,1246
25007,23.874806,47.52,83,1820.191268,515.5777772,142.2377971,1,119.5336593,45.23545838,1,1605.269914,2.41985321,800,62
25008,0,130.031,112,1565.584053,710.038672,103.9067057,1,99.56815684,97.80207382,1,1674.619935,6.966128826,800,325
25012,0,30485.784,2229,1485.660172,753.0853532,32.7686626,1,143.7789321,22.89606193,1,1623.884957,1.524094939,1200,2646
25006,0,43176.314,4018,1634.40743,654.1930009,185.7083943,1,21.97291128,16.70453537,1,1585.194976,3.53809762,0,5444
25005,0,35.839,65,1579.466304,659.5533906,148.1591449,1,72.61709515,66.74280448,0,1519.130065,1.44828999,1000,31
25014,0,692.513,129,1417.192134,779.7888886,64.42018278,1,76.44715308,36.91996203,1,1585.924923,1.112962365,1200,125
25004,0,239.843,196,1451.760677,747.2447327,50.05697818,1,119.8071774,15.97024504,0,1527.160006,0.308745444,1200,67
25017,0,116.758,106,1774.468396,542.3300859,102.7217221,1,139.0689041,19.14455141,1,1583.004961,0.570788324,800,28
25003,0,26.021,22,1686.243,557.3351365,166.1041893,1,92.9404373,63.35203061,0,1503.070011,0.826791823,800,17
26037,0,11.069,28,2105.715221,288.7817459,133.3091283,1,130.4964553,73.80443928,0,1730.099916,41.06552124,500,4
26036,0,1384.344,126,2254.557934,70.55634919,312.1968598,1,25.03596692,22.59893482,1,1843.25007,43.09020233,400,86
26021,0,0.698,6,2113.359882,306.3259018,102.2476912,1,99.47103753,68.75600848,1,1770.249965,25.08115578,500,2
26054,7.703657,0,4,2046.318252,315.9116882,134.763326,1,132.1830884,84.57129929,0,1775.359943,8.908618927,600,0
26068,7.703657,2.203,4,2086.685784,269.3675324,157.688386,1,154.8611847,72.17915504,0,1820.254996,24.95756531,500,0
26046,0,,0,2318.871642,96.02438662,323.9659363,1,48.41851508,56.69917655,0,1876.830072,58.49505234,300,2
26045,3.743562,17.626,47,2207.835062,146.2426407,234.1791571,1,62.92503263,64.30358538,1,1798.71999,28.43048096,400,3
26041,10.009704,56923.591,58,2141.50916,94.82842712,316.0466647,1,158.9802768,83.80088001,1,1714.40501,9.31922245,500,23
26033,21.071781,466.688,302,1932.433908,522.9705627,121.2176586,1,203.3611655,81.6177346,1,1827.554989,45.48383331,0,46
26034,0.760056,1.145,8,2147.036072,183.0243866,231.7525536,1,108.1723976,25.06004494,0,1826.460068,17.93437958,500,0
26014,0.760056,9.882,21,2122.952811,212.9238816,203.5540297,1,139.9308542,10.98212986,0,1758.204968,15.05373287,500,3
26026,22.157317,242.269,197,1976.416665,493.1543289,155.0546226,1,155.0923999,124.6801282,1,1846.535006,54.10761642,0,34
26016,0,41.016,29,2252.290906,141.0832611,251.697571,1,40.38864429,42.72809137,1,1879.019914,60.26861572,300,10
26044,10.173885,2.566,4,2013.862407,323.5563492,149.5448202,1,127.9559872,55.11703929,0,1745.06505,15.3464222,700,1
26047,0,87.031,37,2330.835062,194.7056275,254.317875,1,85.2529814,58.42233301,1,1812.590029,54.21194077,0,9
26043,0,34380.319,812,2286.913273,16.48528137,363.9223469,1,75.68340773,73.37378177,1,1823.905079,33.56393433,400,554
26071,0,689.169,87,1995.973014,488.3675324,136.2227976,1,136.3796744,128.1951434,0,1852.37493,73.09927368,0,45
26029,11.734151,8980.77,626,2115.264428,357.7279221,35.88503636,1,33.34412148,28.02413355,1,1714.040036,12.64147663,0,312
26069,19.810746,15.325,23,1960.377126,341.5685425,196.8539708,1,77.01789601,6.271945973,0,1670.970025,5.080750465,700,6
26025,0,5085.854,222,2114.051224,370.6568542,23.80679227,1,21.71719181,13.75346194,1,1855.295067,42.76374054,0,86
26039,5.730267,86.423,16,2243.491916,42.72792206,378.0576084,1,137.0631969,35.61739459,1,1835.584929,64.89608002,0,2
26055,0,5153.846,694,2630.731599,121.8944443,215.5250645,1,254.6404621,282.8533853,1,1868.799958,120.0202179,0,346
26030,0,225988.066,4289,2233.514211,279.7523087,135.4006932,1,133.6587561,38.33280837,1,1740.685019,18.94648933,0,1996
26035,0,88.469,38,2237.800574,60.627417,325.0752614,1,51.3848106,49.07181382,1,1808.209999,21.40603828,400,20
26022,0,0.642,3,2204.232032,112.9411255,277.5981944,1,49.92609943,49.4286397,0,1750.175028,34.90843582,400,1
26050,3.743562,24.525,43,2169.580228,188.5979797,206.2571673,1,102.8759723,37.02233265,0,1819.160075,29.01142883,400,1
26013,0.760056,7.651,24,2155.249276,167.1959595,245.0389868,1,97.60212658,39.73544484,0,1811.129961,22.24025726,500,5
26012,11.734151,339.211,94,2052.79639,422.5391052,74.31287274,1,73.53776567,63.59646129,1,1747.620039,26.82995796,0,99
26032,0.760056,4.897,11,2082.023879,154.3137085,271.3053758,1,179.5035638,81.07184509,0,1737.400084,10.59294319,500,1
26053,3.743562,0,2,2153.965005,184.2964646,223.8751692,1,105.877953,23.90903492,0,1800.545032,14.26127338,400,0
26048,0,711.441,328,2508.636144,237.7401154,317.796846,1,141.3569264,188.8340146,1,1800.180058,59.26362991,0,91
26057,22.825242,6.723,17,2064.555842,237.9411255,191.0554292,1,183.9073839,69.11914064,0,1630.819976,4.105480671,600,1
26065,0,,0,2300.499059,64.39696962,336.7144907,1,50.93098314,49.70393624,0,1843.615043,45.25157166,400,2
26066,4.974648,83.135,114,2132.526404,242.0538239,167.1070945,1,152.6659379,44.33929502,0,1788.500035,22.72621155,500,51
26070,0,38.946,39,2478.506202,207.6101731,352.1463228,1,132.6900732,202.1968263,0,1845.440085,72.45677185,0,116
26072,11.734151,39.785,72,2055.813634,455.254834,82.13792619,1,82.81178434,75.71245244,0,1870.989974,58.7318573,0,15
26058,0,911.664,64,2248.131527,103.0416306,281.4068102,1,10.95444088,12.0883892,1,1799.449937,38.18245697,400,40
26017,0.022531,651.218,285,2408.256418,174.6396103,359.9707727,1,38.60329288,102.6772312,1,1812.225056,62.49136734,0,173
26009,10.173885,2.467,19,2020.744658,271.8284271,182.6525401,1,137.0548015,72.66645384,0,1630.090029,7.931863785,700,8
26020,0,17.934,47,2220.580228,186.5269119,200.5725059,1,89.83889595,69.02368453,1,1864.054954,38.51430893,400,4
26015,2.16735,0,1,2134.455337,101.882251,350.7427513,1,204.5800286,88.26256064,0,1687.030079,12.43297482,500,1
26059,5.651983,0,2,2266.102089,44.04163056,364.4813342,1,92.67923275,90.26986608,1,1864.785075,51.98563766,500,0
26060,2.946668,0,2,2319.067602,49.82842712,376.9573363,1,89.38987793,87.77928514,0,1879.019914,50.54358292,400,5
26001,3.743562,29.271,47,2139.822869,197.6518036,218.1426232,1,119.5124862,10.53805571,0,1802.004926,11.8129015,500,3
26042,6.0438,21733.093,801,1949.901946,475.1421356,167.2799158,1,171.2715451,106.4641414,1,1755.649979,16.20237923,600,215
26067,8.157709,2.819,14,2107.538598,128.7989899,298.0492307,1,176.1021154,98.75002997,0,1729.734943,11.65392017,500,0
26018,0,56351.303,2308,2027.453244,412.3675324,99.55409808,1,98.39890491,88.31106636,1,1719.879961,14.0771246,0,1215
26023,0.760056,2897.906,42,2110.592421,152.254834,260.4330301,1,137.2305867,51.97836366,0,1782.294962,13.60989285,500,10
26007,0,0,2,2309.94271,82.95331881,327.5800463,1,51.01600741,50.6037747,0,1860.040071,65.99821472,300,0
26028,9.02857,4.449,19,2055.538598,180.7989899,255.7340751,0,195.0458954,82.66820704,0,1761.490078,14.62882996,500,0
26005,22.825242,2.62,7,1987.087804,289.0832611,208.8948135,1,109.6930881,56.86535873,0,1696.519914,11.27775574,700,4
26003,60.906153,47.162,119,1895.416665,494.3969696,161.443525,1,143.7773646,74.66661538,1,1334.805024,2.913162947,700,15
26004,0,27.465,39,2361.753893,99.14213562,374.9268633,1,55.62260562,104.1707436,0,1824.270053,43.04833984,300,28
26008,9.02857,1.331,16,2054.425899,181.9116882,276.5841454,1,199.9613378,105.2148021,0,1711.485047,5.733911037,600,1
26027,10.009704,22.249,29,2188.30815,57.97056275,346.4829701,1,146.9382519,43.46083949,1,1820.254996,33.72370148,500,1
26031,9.02857,0,8,2076.970055,159.3675324,310.9561033,1,218.1854592,128.9547153,0,1715.49993,7.249367237,600,2
26006,3.743562,4.897,20,2165.089896,126.7523087,284.6251951,1,91.6154728,77.2100981,0,1814.780045,15.95274353,500,2
26064,0,3.896,11,2293.74675,137.1665222,273.8923951,1,49.44375735,51.50312741,1,1887.415001,53.17395401,300,8
26062,10.884285,3.284,15,2050.79134,344.7106781,111.5181389,1,109.1179533,92.87363228,0,1800.545032,22.45289421,600,0
26052,22.825242,15.669,52,1986.301008,276.9827561,221.5012704,1,116.6763319,71.19153961,0,1674.254961,4.70199728,700,20
26051,0,13.826,32,1978.980156,368.6568542,154.9306285,1,109.9848707,52.66639661,0,1703.08996,7.923747063,700,8
26010,2.16735,1.376,7,2092.82792,143.509668,332.9575231,1,223.8609541,126.3606469,0,1684.474916,7.247103214,600,1
26011,10.009704,5.224,17,2183.977198,89.63961031,317.6040933,1,111.9319713,73.39047917,0,1846.535006,32.77229309,500,1
26019,3.99407,899.251,93,2229.089896,81.49747468,346.2605507,1,100.1750745,68.05957549,1,1836.31505,39.60272217,500,36
26061,10.173885,0,1,2039.602523,289.6984848,158.1236837,1,150.8179557,80.66570432,0,1719.150014,6.375869751,700,1
26024,9.02857,0.521,8,2048.881743,193.8994949,239.1560147,1,192.3568585,77.12450744,0,1793.974986,21.40386963,500,0
26049,22.157317,1.86,8,1966.683692,417.6568542,154.7517078,1,132.8087958,96.85224171,0,1704.550028,4.13183403,700,7
26063,9.02857,3.686,18,2058.66854,209.7279221,217.6254073,1,189.4348252,67.35701884,0,1780.469921,11.30254269,500,1
26040,9.02857,2.668,14,2020.313201,216.0243866,275.2641276,1,169.4935031,127.443258,0,1691.409936,3.630340576,700,0
26038,0.760056,41.481,47,2087.680733,187.7695526,230.671613,1,162.2286867,42.7265094,0,1817.335033,14.2243433,500,7
26056,0,13.978,36,2184.153821,207.4142136,171.5449228,1,122.4074168,43.97022163,1,1833.394914,25.65317345,300,5
26002,2.16735,7014.531,375,2195.66854,44.18376618,389.4313274,1,196.3840601,39.8242493,1,1555.630031,17.60757446,400,133
27006,180.335309,483.895,407,263.7300141,380.1614716,39.78239498,1,15.43615324,37.06008077,0,1500.150049,95.86586761,2000,374
27005,1554.426468,1166.616,900,272.901587,407.9604615,21.35944041,1,31.84003776,19.48811297,0,1504.530079,104.1645126,2000,558
27008,180.335309,4175.109,723,205.4041123,369.4579362,84.73844558,1,42.42624043,83.13010728,1,1327.870004,18.43317604,3000,323
27004,577.409318,45735.935,2684,300.2447327,358.0071427,59.87112394,1,7.347694141,57.57121148,0,1512.560019,91.57098389,2500,2687
27010,366.260752,152.811,399,284.3574311,390.3624817,27.90951511,1,26.73977656,25.42647427,0,1525.334964,113.5493927,0,173
27003,1553.427575,231.159,359,343.2274888,388.2375901,66.18485017,1,53.75390907,65.59864471,0,1565.849986,119.4398422,0,141
27015,577.409318,212.154,118,295.7056275,298.9655121,112.3681342,1,30.26764284,43.18186603,1,1452.335033,5.645783424,3500,35
27014,1554.426468,362.313,219,289.7005769,413.1614716,6.087063143,1,44.81351381,3.392693161,0,1553.075042,103.2958221,2000,165
27007,161.080504,124.343,248,416.8893937,311.882251,181.2561342,1,18.56194173,105.2499079,1,1610.014918,70.84760284,2500,56
27011,161.080504,52.348,84,380.629509,339.9411255,119.3127626,1,58.49541761,71.59500011,0,1596.875,134.2185974,2000,12
27013,366.260752,262.981,588,297.529004,382.5634919,38.8021336,1,20.59544648,36.74348987,0,1552.710068,119.0526276,0,225
27017,388.45366,183.379,262,448.7056275,302.6934342,231.5680649,1,49.24268046,145.7732681,1,1507.815015,5.201820374,2000,50
27002,180.335309,5689.432,1286,244.646753,406.2152955,54.91004388,1,37.38654124,53.63919494,0,1463.284936,88.52379608,0,354
27001,385.530232,121.295,263,460.6883835,341.6223664,212.4993234,1,23.74469195,107.1035858,1,1587.020018,72.38154602,2000,30
27009,577.409318,692.746,59,298.4751801,328.2792206,86.72853293,1,21.24499886,61.9816213,0,1551.25,91.43453979,3000,44
27016,577.409318,299.846,158,275.4335495,317.9066376,93.91601417,1,40.65536363,42.05276462,1,1420.944959,4.648386478,3500,100
27012,577.409318,20300.86,433,337.0315293,325.1959595,102.7908455,1,16.3042617,88.6420584,1,1533.365078,35.18805313,3500,196
28009,93.954487,59873.394,484,747.4062043,408.4852814,7.643498743,0,19.29235683,7.623491989,1,1554.169962,104.4516068,0,645
28003,93.954487,132055.971,732,786.5899705,386.6984848,19.66706494,1,36.18288513,23.26810874,1,1471.680024,64.47883606,1000,628
28022,12.810618,59728.621,1692,1127.418398,31.24264069,354.9885358,1,28.86831728,28.8431124,1,1514.019914,219.3048401,0,1183
28021,93.954487,1921.809,402,820.4844148,404.882251,93.69549015,1,84.38608675,57.0187074,1,1458.540019,25.51193047,1200,285
28013,2.950438,2.342,7,976.4966081,272.8944443,199.8280197,1,19.29086878,53.5059219,1,1437.005013,0.060488179,800,49
28041,2.950438,3812.278,1311,958.3961031,296.7939392,188.8099955,1,3.044020098,66.89641128,1,1474.235013,2.100750208,800,1882
28014,0,8.66,8,1327.550432,67.89949494,519.888038,1,81.71186499,140.0871049,0,1552.344921,149.6152649,600,2
28040,12.810618,2636.02,408,1129.790981,31.89949494,362.5645357,1,39.60732367,4.732016228,1,1536.28504,256.2886658,0,86
28010,14.268945,2.795,5,1032.98694,163.3847763,249.0646908,1,123.4125502,108.3209613,0,1520.58996,34.01501083,700,2
28015,93.847952,259.413,52,1208.928066,36.82842712,416.9092638,1,117.8266738,37.14528679,1,1571.690085,177.4680023,500,15
28039,63.217249,64.62,93,898.6631304,407.0609665,197.4253437,1,87.27014644,124.8647432,0,1480.440085,0.619926929,1200,57
28020,0,0,1,1072.793073,217.1909089,291.3260204,1,58.02872629,28.0631338,1,1459.269966,3.851548195,800,2
28027,93.847952,38818.183,715,1397.834703,18.24264069,585.9989278,1,118.5612995,148.7335213,1,1576.069942,146.1236115,500,401
28005,12.033584,6.866,17,1082.38391,148.7817459,292.0752235,1,124.5414703,73.73094966,0,1584.100056,55.4770813,700,6
28007,93.847952,80.03,54,1222.040764,60.48528137,426.3746523,1,135.1734461,59.43370778,1,1551.25,158.4429169,0,17
28038,93.954487,3310.15,991,750.7199128,406.8284271,8.32365997,1,12.43302007,8.854445445,1,1515.844955,93.02611542,0,634
28026,1.903012,11.958,19,974.0773439,332.4751801,229.975906,1,42.91462418,77.90443474,0,1655.274944,7.216885567,700,7
28037,1.4181,72.754,85,923.175757,249.2842712,150.4422118,1,112.5165138,144.6231617,0,1390.649979,8.177160263,1000,39
28019,10.753596,24.056,36,899.1412691,329.5391052,132.9516485,1,17.59302377,122.7867787,1,1371.304989,9.311169624,1000,22
28028,63.217249,6.161,17,828.2245302,428.6223664,130.8207327,1,91.10535379,62.73254179,0,1531.90501,16.10151482,1500,3
28025,4.82752,138.858,78,1236.739249,83.97056275,437.379701,1,113.5846708,80.9797706,0,1555.265057,149.4078369,0,94
28002,7.195523,169.915,116,836.3473298,334.4558441,64.37245334,1,86.0505965,60.07476601,0,1420.215012,12.22280788,1000,50
28001,78.306083,15.404,54,971.531096,213.2426407,191.9390933,1,101.005929,118.3845245,0,1559.644914,52.21418762,800,21
28004,54.054731,29.093,16,828.8397539,417.2375901,118.6453348,1,83.38307438,61.45020218,0,1441.384957,15.70480347,1200,12
28029,63.217249,21.821,74,869.0235201,399.4213562,150.6356591,1,62.46145906,99.78895676,0,1455.98503,1.135685563,1500,19
28031,10.753596,6.192,8,926.9646456,361.3624817,191.55719,1,55.39053503,108.9139002,0,1550.155079,5.331943989,800,6
28035,78.306083,344.412,179,1043.518903,125.627417,272.7761945,1,117.5744827,86.80383501,0,1560.010061,160.2836151,0,116
28034,0,4.478,18,1037.354473,203.7523087,250.4268202,1,84.8975111,52.23283458,0,1491.754961,9.913069725,700,6
28006,0,5.072,13,945.805266,368.2031022,222.2631127,1,50.54830816,93.35588934,0,1630.819976,10.54180241,600,4
28033,12.810618,6213.198,461,1141.661038,36.35533906,367.4371571,1,55.88731684,23.86422266,1,1546.504996,230.4992981,600,327
28043,10.753596,49.005,76,872.040764,362.4386002,120.6336692,1,35.58771831,105.2985365,1,1489.564946,61.03336716,1200,53
28032,12.810618,113513.183,1610,1161.744299,32.14213562,377.2138311,1,87.82577426,30.43109266,1,1557.455072,175.6991577,600,3159
28023,12.810618,1.652,5,1099.815367,98.21320344,313.8452553,1,118.3980963,79.47526352,0,1558.185019,176.825119,700,7
28017,10.753596,546.685,52,943.7514421,332.1492783,190.9554952,1,37.23962111,85.34230496,0,1319.839977,0.165358126,1000,47
28042,0,1.752,7,1062.508801,210.9066376,277.3590899,1,78.05513497,34.67536367,1,1500.150049,5.812143326,800,2
28008,1.4181,0,3,919.2001436,289.5979797,141.459591,1,48.02279978,114.0675687,1,1409.629996,7.762268066,1000,1
28016,2.950438,28.833,60,1021.923015,252.3208512,245.2339324,1,56.50374434,8.228621132,1,1163.255013,0.122830495,800,21
28018,0,14.203,35,994.8864351,207.2842712,211.7209608,1,87.83301116,92.1545098,0,1547.965064,36.23224258,700,19
28011,10.753596,182.933,23,882.3961031,372.7939392,142.8344736,1,37.71483076,110.7382233,0,1385.904975,0.659371734,1200,19
28024,0,26.723,17,1263.609307,110.8406204,461.460345,1,91.4592298,104.7486318,0,1571.324937,133.6870422,600,12
28036,14.268945,,0,1046.655988,177.0538239,258.4835062,1,107.5363471,78.83236707,0,1556.724951,61.33673859,0,1
28030,0,24.299,53,981.5554826,247.9533188,199.6376824,1,45.78404778,64.49332177,0,1565.849986,39.12395859,700,30
28012,93.954487,284.187,196,832.8864351,369.2842712,74.96036149,1,75.52169676,78.13799299,1,1431.165001,15.95182991,1000,46
29013,0,14706.576,914,433.7787873,732.6568542,190.0420165,1,26.77099432,25.45060194,1,1691.409936,13.29318523,600,49
29051,26.562619,8.241,34,463.6366517,753.4264069,224.1337676,1,4.545329904,9.84508283,0,1906.759992,76.1672287,0,2
29059,26.562619,1273.732,230,455.9797975,754.9411255,217.8410147,1,3.313673398,11.57680787,1,1876.464925,75.91770935,0,6
29011,26.562619,11.952,37,473.2346315,724.5979797,223.2272949,1,20.10435469,12.79895395,1,1884.860013,52.46464539,700,8
29060,26.562619,1316.942,69,458.0508653,749.9411255,218.1162407,1,5.846892652,5.932058035,1,1877.195046,93.89115143,0,1
29009,26.562619,6.673,25,450.1930009,734.9705627,206.4930984,1,11.07736414,10.1935439,0,1832.299993,54.67484665,800,0
29030,12.318401,25.579,68,440.8204179,715.6568542,191.8287906,1,32.70901753,25.40979896,0,1789.959929,23.05314827,800,0
29021,18.017454,527.101,211,505.8204179,727.5563492,256.4866183,1,36.59108514,34.32263081,1,1769.520018,5.618182182,800,9
29058,26.562619,36.801,107,456.1513703,757.3553391,219.0959507,1,3.304794666,13.61212744,1,1891.430058,90.80395508,0,5
29046,0.33811,48.809,95,448.2346315,707.6568542,192.5420119,1,32.7287104,30.16494814,0,1727.910075,20.28951645,800,1
29035,12.318401,19.241,83,445.2640687,727.0710678,198.9906451,1,20.03218858,15.71082887,1,1851.28001,36.72470093,700,3
29025,18.017454,969.082,1464,446.4945161,758.0416306,211.2021778,1,12.02521179,15.5455383,0,1812.955003,31.04008675,1000,60
29052,12.318401,26.589,93,444.3645738,734.8994949,201.4866677,1,15.22340958,15.72656646,0,1766.965029,30.77047348,1000,4
29031,0.33811,31443.411,208,455.4062043,719.5563492,206.5247302,1,22.06245698,12.16249285,1,1873.909936,48.91689301,800,15
29032,26.562619,305.646,96,465.8082246,756.6690476,226.5629998,1,5.744929797,12.65453329,0,1904.93495,63.50603867,0,4
29024,26.562619,96.38,221,471.1930009,743.6690476,226.7169463,1,4.771041804,9.357962953,0,1860.405045,24.11241722,0,16
29042,18.017454,7799.29,183,456.9087297,761.1837662,221.7270595,1,5.181264117,15.97222712,0,1899.824972,79.27620697,0,14
29053,26.562619,185.045,568,461.8082246,755.0121933,223.0359982,1,2.723792869,10.43547802,0,1903.110082,76.1124115,0,3
29034,0.33811,2057.082,356,472.6194078,709.1126984,219.6256113,1,28.24023618,23.17898703,1,1692.505031,10.7915659,700,23
29006,18.017454,2346.663,738,512.3056993,723.2132034,261.0645964,1,43.58873234,40.11584439,1,1714.769983,11.59471703,800,48
29044,18.017454,261.801,501,461.1513703,759.4264069,223.7194331,1,3.664213889,14.76275433,0,1900.189946,79.49298096,0,67
29049,26.562619,45.809,55,469.293506,751.0832611,227.8523646,1,4.509485825,10.50939048,0,1904.205003,59.43487549,0,3
29040,26.562619,22.861,38,469.920923,732.5979797,222.8035849,1,11.7377154,8.167310448,1,1865.515022,23.69044113,800,7
29026,26.562619,152.62,221,454.6072145,735.627417,210.6261376,1,7.591013878,7.265099994,1,1845.440085,65.61968994,0,11
29055,26.562619,16.274,38,474.8204179,726.4264069,225.2922483,1,18.59051496,13.06530041,1,1887.050028,43.84807587,800,2
29022,26.562619,10.133,23,451.9797975,753.2842712,214.2563885,1,6.822814352,11.4813405,1,1814.049923,39.49271393,0,4
29001,26.562619,34.227,124,460.6072145,738.1126984,216.1350017,1,5.343551612,5.521337853,1,1877.924993,42.74311066,0,1
29037,0,2326.589,95,427.394011,746.0710678,188.622473,1,29.87251386,31.20296501,1,1789.959929,14.77209282,1000,1
29054,26.562619,37.236,121,461.9797975,757.4264069,223.7777678,1,2.6733868,12.48120311,0,1904.205003,94.28421021,0,6
29036,26.562619,66.834,216,466.3645738,744.0121933,222.8697315,1,1.943275555,5.229085101,0,1870.260026,29.59440994,0,12
29010,26.562619,1057.026,1054,451.7077195,742.627417,210.2638084,1,6.753130481,8.08734343,1,1735.210068,41.95779419,1000,84
29033,26.562619,1040.185,908,463.5361467,745.1837662,221.4663252,1,1.524180118,3.576892216,0,1888.144948,32.54698563,0,159
29023,18.017454,167.066,153,469.8082246,756.5563492,231.2431031,1,10.26531753,8.51504834,1,1908.22006,51.14660263,0,24
29050,26.562619,43.2,151,445.0508653,744.5563492,205.1668177,1,12.8241504,14.11373734,0,1677.905045,28.04702187,1000,3
29041,18.017454,13011.418,500,453.3229432,758.5269119,217.0314515,1,6.417832234,15.78331629,1,1861.864939,47.98004532,0,28
29057,26.562619,14.234,45,468.2224382,756.3847763,229.312956,1,8.762066764,10.72103304,0,1907.124965,55.36104584,0,1
29048,26.562619,2153.956,247,457.8792924,747.5269119,216.5729784,1,3.993299571,4.38099138,1,1870.989974,104.8290329,0,12
29020,18.017454,30.073,94,497.4772721,719.4142136,246.4160205,1,31.2137653,33.05916447,1,1841.425028,30.51456261,800,6
29017,26.562619,99.188,316,450.1513703,754.8700577,213.6199734,1,7.982179125,14.32314964,0,1833.760061,38.8650322,0,6
29056,26.562619,30.335,78,473.7077195,749.1421356,231.5433127,1,7.28398166,11.86983206,0,1907.124965,53.87395859,0,3
29002,26.562619,635.52,184,461.1930009,739.5269119,217.3337759,1,4.139544968,4.010556505,1,1889.240043,52.48529816,0,28
29007,12.318401,228.612,175,413.0508653,742.8406204,162.687395,1,54.13589014,51.99826621,1,1916.25,57.54443741,500,3
29004,12.318401,361.962,162,426.021428,729.8700577,175.9866227,1,43.00354384,38.89644782,1,1847.629926,25.04297638,600,0
29012,18.017454,21.015,56,491.3351365,729.4142136,243.5721029,1,23.09242515,24.95022129,1,1853.105052,30.39433861,800,1
29029,26.562619,36.81,48,459.6366517,751.7695526,220.3642396,1,3.388577338,8.053563119,1,1892.524979,92.20906067,0,15
29028,18.017454,7492.68,276,447.394011,750.2132034,208.5441225,1,12.53735516,13.76642307,1,1693.599951,10.56916523,1000,21
29008,12.318401,3528.218,111,415.7787873,740.1126984,172.0978943,1,44.66722223,42.78815597,1,1912.965064,46.42373276,0,13
29047,0.33811,13.578,31,448.8914857,709.8284271,198.5750452,1,31.96532787,22.68009104,0,1836.31505,68.64894867,0,0
29039,12.318401,2905.64,358,447.5067094,724.4852814,200.6684662,1,20.30075627,14.18044545,1,1859.30995,50.89653778,700,9
29005,26.562619,19978.624,721,457.5067094,728.627417,210.9807558,1,13.76999363,4.169739696,1,1883.399944,60.64902496,800,97
29045,23.526769,15.386,61,495.3767671,712.8284271,243.0179586,1,34.60827384,32.74784494,1,1862.960033,54.85777283,0,1
29016,12.318401,42.689,177,427.4650788,741.8994949,187.0762346,1,29.91360608,31.27781072,1,1843.980017,18.40390778,1000,3
29019,18.017454,2469.105,302,476.8792924,749.4852814,236.3170596,1,12.37099236,7.680980824,0,1910.775049,47.66484451,0,13
29014,26.562619,227.687,118,483.4062043,727.7279221,234.2700677,1,20.97576956,20.50525573,1,1859.674923,34.19677353,800,7
29015,18.017454,3462.679,384,481.1930009,741.0710678,237.140711,1,13.22635391,15.35623657,1,1871.354947,23.89601135,0,9
29018,26.562619,1617.486,740,453.9503602,740.0416306,210.6854422,1,6.01107493,7.340155519,1,1807.480052,75.19927979,0,22
29038,26.562619,2441.186,171,451.8498551,730.9705627,206.1302982,1,13.24349975,8.917846409,1,1843.615043,50.29933548,800,8
29043,26.562619,970.957,197,462.6782823,733.1126984,216.0233815,1,9.749671001,1.692413731,1,1891.430058,50.00251389,800,21
29027,18.017454,74.081,128,451.0803025,761.1126984,216.6549579,1,8.709940778,13.33451143,1,1882.669997,51.96434402,0,12
29003,26.562619,1650.681,10,470.3056993,717.5269119,218.6778928,1,24.98883438,14.97486744,1,1877.924993,42.58525848,0,5
30051,13.283498,56,182,524.8792924,631.0121933,203.9986003,1,13.7285897,37.85454508,0,1434.814998,9.302864075,2500,5
30056,4.195399,5.998,22,658.5016588,532.8994949,123.8233437,1,14.29374216,32.49907714,0,1468.760061,22.56398392,1500,5
30055,8.071,8.196,28,646.7026689,538.0710678,123.304545,1,10.06138655,46.5096487,0,1464.380031,18.18151855,1500,11
30054,30.778398,8.678,45,212.7939392,545.7909806,114.7197842,1,14.70623995,78.22814446,1,1457.445011,72.81819153,1500,10
30053,117.573638,2496.561,128,309.901587,662.2295808,72.76726268,1,45.61990931,60.94592545,0,1515.479982,12.32073116,2000,46
30183,75.816902,185.646,375,470.3401872,685.5512986,142.1245623,1,15.0645048,36.82225878,0,1355.609995,8.463267326,3500,111
30182,72.661362,21.863,47,408.2274888,733.6093065,96.85111845,1,6.680394132,9.116654826,0,1435.179971,4.043455601,2000,21
30181,117.573638,72.148,107,288.3624817,610.2295808,49.65179802,1,45.13678946,44.6293757,1,1498.325007,39.81575775,1500,36
30110,30.778398,2.197,6,301.5706345,686.1168825,111.6592937,1,24.43910852,51.75782865,0,1352.324972,0.22627227,2500,7
30111,61.060905,27.315,39,193.3086579,409.5533906,23.62244115,1,21.60482209,33.45235266,1,1416.565015,89.72193146,0,25
30180,12.840719,4.903,22,575.6610383,601.7695526,180.8607574,1,61.4396585,60.27779005,0,1274.580038,0.010181532,2500,6
30178,17.028794,57.343,103,242.3380951,543.1168825,91.46046493,1,15.34498617,86.59167779,0,1460,165.3989563,2000,5
30175,1.453705,242.861,325,555.4945161,600.3969696,175.5166084,1,42.69610488,36.07417319,0,1395.03001,25.86109161,1200,158
30201,30.778398,45.806,68,306.4995667,684.0163774,103.4995147,1,28.03519747,57.93956542,0,1316.189981,0.186439842,2500,38
30208,17.028794,5184.13,119,222.0660172,542.175757,106.2969589,1,9.806041176,90.38619076,1,1467.299993,134.6700745,1500,24
30207,30.778398,9660.472,280,237.5340546,587.5189027,99.62769256,1,6.888916823,45.88857339,1,1471.31505,34.70952606,2000,93
30204,61.060905,77.125,96,210.6934342,416.1686143,28.88930209,1,20.42134146,46.40140971,0,1430.434967,84.97499084,0,105
30202,12.840719,3.974,11,593.6316011,591.1421356,170.427506,1,45.61290657,50.55544028,0,1289.544997,3.050742626,2500,5
30200,0,8.046,11,345.629509,684.4844148,64.9434903,1,48.97021019,53.05939912,0,1456.714977,3.56567049,1500,13
30186,0,25.633,60,350.8132752,708.9991334,93.05035382,1,48.17502461,56.68133007,0,1529.350021,3.611399412,0,4
30197,75.816902,14.092,47,434.529004,721.3624817,98.13122332,1,8.077101798,25.01017233,0,1136.975003,2.078532934,2000,6
30196,6.495599,20.642,46,321.1147904,679.3006486,81.57322009,1,46.77604136,69.32941493,0,1537.014987,7.790874958,2000,25
30137,30.778398,0,11,313.4701295,696.8448045,112.3064174,1,35.90208782,59.90962932,0,1417.660023,2.16758132,2000,4
30184,30.778398,5.087,7,311.884343,699.9453096,121.5988522,1,34.96110486,52.78756468,0,1561.834929,4.315740108,2000,3
30105,117.573638,3687.769,140,313.7766953,621.5849199,23.87326023,1,19.58447037,19.41140904,1,1519.860013,107.496521,1500,152
30043,0,42.584,61,351.5584412,682.7981233,58.5248308,1,45.16883993,47.1337232,0,1532.99993,4.465669155,1500,8
30042,75.816902,6.906,33,441.0437226,714.8477631,100.7822728,1,10.30699423,33.69455121,0,1338.08996,26.80842781,2000,2
30019,30.778398,5.911,16,309.8132752,697.8742418,124.1443249,1,31.43500106,47.50329377,0,1564.024944,8.598020554,2000,5
30163,75.816902,4.248,21,436.5706345,719.3208512,108.4157037,1,24.70811166,25.51454527,0,1149.020001,2.491438389,2000,1
30115,30.778398,53.866,154,336.51176,720.4722215,119.72214,1,59.09165484,77.66765142,1,1570.959964,3.796089411,1200,59
30114,75.816902,14.309,24,463.7716447,692.119841,121.7601237,1,31.08932409,52.86545433,0,1349.769983,35.68538666,1500,20
30113,0,7.665,21,323.7422074,693.6437944,97.77212116,1,44.40535946,74.21300858,0,1470.219955,4.29229641,2500,4
30010,0,861.377,289,440.8549058,715.0365799,122.1974403,1,24.85757304,9.610171256,0,1122.009957,0.63601917,600,126
30097,77.801634,2469.885,99,251.3675324,536.9158723,89.92446268,1,3.389758007,85.50406124,0,1456.714977,232.3889923,2000,31
30087,72.661362,3334.386,2542,405.0853532,724.0235201,87.89323514,1,7.975532179,2.130114093,1,1494.30995,7.617257595,1500,1487
30149,75.795175,33.717,122,189.9705627,460.8914857,51.23108769,1,31.54423985,38.98568575,0,1231.510026,5.140093803,2000,11
30150,93.954487,129.296,185,654.293506,501.5979797,80.80791236,1,81.37897995,84.62192138,0,1370.575042,64.3144989,0,6
30148,0,84.258,96,332.2031022,654.0702013,37.70870485,1,37.21111245,25.52197176,1,1527.160006,21.99625587,1000,22
30147,30.778398,27.368,167,325.0264787,713.0874452,123.7269976,1,48.52494415,64.55064446,0,1464.745004,2.515890837,1200,4
30064,13.283498,5.689,13,508.1513703,647.7401154,189.5627315,1,6.542091067,23.05950549,0,1455.254996,5.7032094,2500,1
30074,30.778398,1732.373,31,333.6122651,713.4722215,113.5785828,1,54.30856218,75.90981476,0,1454.159988,3.061908245,1500,19
30168,0,14.253,43,320.4701295,699.7442995,108.9163829,1,41.85600455,66.8361643,0,1371.669962,0.76930207,2000,9
30166,12.233823,4.92,23,414.529004,718.8225099,84.76783091,1,6.329613324,6.285936929,0,1429.70502,28.16364861,1500,4
30165,0,13.564,12,347.6000718,695.2417741,77.7381688,1,46.73968448,53.35892352,0,1398.315033,2.38147521,0,2
30164,0,62.378,180,388.156421,721.1534624,87.07404195,1,9.290816203,17.48167374,0,1527.524979,1.187897921,1500,16
30126,0,16.9,41,354.6173157,664.1828996,33.6831669,1,36.0060585,24.59823894,1,1546.869969,16.87622643,1000,22
30050,13.283498,29.841,58,505.9087297,649.9827561,186.1049465,1,6.528765894,21.49903344,0,1445.400014,5.623547554,3000,3
30046,0,173.084,80,384.3990617,722.0823946,88.83556285,1,13.85353516,22.73957572,0,1466.570046,0.499872178,2000,4
30004,72.661362,34.956,82,390.3452378,689.3666658,56.35703185,1,23.2610048,23.2955471,0,1532.269983,10.14922142,1200,31
30128,0,3181.552,873,419.0681092,736.8233765,125.6765211,1,34.56613533,22.59214196,1,1590.669928,34.89015579,600,284
30145,61.060905,13.951,64,168.2842712,434.3351365,46.27516806,1,8.624935342,25.47305467,0,1449.05001,79.72190094,0,21
30146,0,4.228,13,364.9137803,709.040764,83.06567208,1,31.5013636,39.08816608,0,1556.724951,4.726165295,0,2
30098,0,3.931,13,323.884343,701.9869401,107.5311094,1,44.90692628,70.18286034,0,1385.175028,4.451294899,2500,0
30107,0,0,1,432.6833329,723.2081528,120.3455078,1,24.66979226,1.496167571,0,1281.149997,0.368172497,1500,0
30116,61.060905,90.698,133,155.2132034,434.7787873,56.38913477,1,5.388313985,34.57175225,1,1438.464994,109.673233,0,34
30131,13.283498,4088.713,728,537.3523805,618.5391052,191.627874,1,30.66147928,40.11399725,0,1403.42501,38.0968132,1200,429
30136,72.661362,15.3,48,415.2274888,736.5088014,99.69211426,1,4.137107764,12.20287684,1,1453.430041,46.4785347,0,14
30138,30.778398,178.392,168,337.4406922,716.7148622,114.2338424,1,57.84778648,79.07360392,1,1523.87507,4.599764347,1500,58
30140,0,2.655,5,326.9554108,707.4011537,111.7219238,1,47.84228895,70.70700952,0,1405.979999,0.246768475,2000,3
30156,12.233823,0,19,431.783838,724.1076477,114.6828569,1,19.63166457,6.814180262,0,1257.060002,0.094920807,1500,3
30157,1.453705,19.59,59,568.7077195,587.1837662,165.4468706,1,51.93947919,45.97368251,0,1395.03001,24.02931976,0,19
30158,75.816902,20.031,63,504.5411973,651.3502884,160.9357376,1,56.21681348,55.23661331,0,1393.935002,46.79070282,1500,25
30159,30.778398,12.387,16,302.156421,690.2173875,122.1586397,1,25.28090624,43.95995947,0,1391.380013,2.949390411,2000,8
30160,12.840719,1488.078,338,596.7787873,559.1126984,138.6489763,1,74.61162936,50.53129444,0,1396.125017,23.00676346,1500,141
30161,4.195399,154.287,134,690.1879503,495.4142136,89.84325164,1,47.80435906,53.33563973,0,1438.100021,32.38333893,1200,44
30162,0,2.733,13,371.6000718,705.1828996,74.70830959,1,24.86879562,29.97077082,0,1536.28504,2.636957407,1500,2
30078,93.954487,27.52,50,639.4478349,525.5563492,109.5266075,1,41.7401193,78.62719049,0,1375.685019,30.77875519,1200,7
30167,12.840719,17.332,53,622.4062043,533.4852814,118.161989,1,56.53628993,72.59022906,0,1330.060019,23.49592781,1500,5
30169,30.778398,956.025,84,197.8233765,529.648845,128.7365048,1,18.45410397,88.00655335,1,1455.254996,67.25521851,1500,8
30185,0,17.306,38,328.1269837,706.2295808,109.1879597,1,49.10329569,73.12521287,0,1408.170015,0.560339272,2000,3
30190,30.778398,5.111,15,212.6934342,551.54834,115.3986011,1,9.981399371,70.13199674,0,1470.950077,74.51515198,0,1
30003,61.060905,450.489,467,163.4142136,456.5777772,65.47811352,1,17.19616797,46.11580589,0,1425.689963,78.50634766,1500,224
30194,0,197.221,146,429.7544007,726.137085,122.8893671,1,27.66298001,7.255065535,1,1645.054989,78.47830963,1000,27
30199,61.060905,42.537,119,171.9827561,418.8792924,31.52951831,1,27.29220178,10.60048683,0,1450.509992,109.9868088,2000,5
30206,61.060905,1504.536,70,196.7523087,422.1097398,10.21857355,1,35.4897688,21.89598984,1,1453.064981,130.1892548,2500,62
30011,117.573638,4083.99,119,280.6934342,579.7148622,53.55065129,1,39.22508407,48.70034074,1,1496.499965,131.2714233,2000,76
30012,17.028794,4.092,10,232.8233765,544.1463197,97.13018358,1,14.66445041,92.08078936,0,1472.774944,183.0138245,0,8
30015,20.375184,75.805,96,240.3969696,522.430591,102.4882437,1,14.02584263,98.12414689,0,1356.705003,141.3359222,2000,38
30016,0,3079.208,134,355.8183259,654.8397539,22.01310428,1,25.87412651,18.83330922,1,1591.400049,146.3776093,1200,88
30017,0,5887.749,12,373.1442277,690.9108217,58.41698216,1,32.27136298,31.5915715,1,1558.549993,6.824434757,1000,1
30117,30.778398,20.596,63,304.5584412,663.3300859,80.92513478,1,37.23194274,66.04170754,1,1372.035023,2.789450884,2000,36
30044,0,27445.752,1095,338.3279938,698.8569978,89.8712936,1,57.91412404,65.73635323,1,1447.590029,1.258806944,2000,458
30047,0,307.667,430,357.9554108,720.2417741,101.9603906,1,46.62496616,55.9870551,0,1400.870022,0.779809654,1500,39
30049,117.573638,622.92,32,308.4751801,636.78593,44.88263131,1,41.9439608,34.93208904,0,1507.085068,18.22297287,1200,30
30052,6.495599,3212.717,56,314.9432175,678.4011537,86.95041971,1,40.08023318,70.45371757,1,1500.150049,5.467227936,2500,14
30099,30.778398,71.579,143,340.411255,727.8864351,125.9182188,1,64.58980211,80.35618684,1,1598.700042,14.78294182,600,85
30100,0,1092.577,46,333.646753,645.5554826,24.23337755,1,23.96777739,12.07915301,1,1546.140022,67.53324127,1000,26
30198,12.840719,4.25,15,569.2884553,615.4852814,197.0685367,1,40.58299368,44.99345443,0,1274.945011,0.237494588,1500,7
30139,20.375184,0,12,240.7817459,533.3595231,95.79517522,1,7.871670882,91.13011038,0,1447.224969,244.5888367,2000,2
30041,0,3.092,8,320.4995667,689.8153673,95.51935858,1,41.4953027,71.6923409,0,1381.159971,1.461806774,2500,6
30058,12.840719,22.526,49,613.8620485,551.9705627,135.6005696,1,40.88098084,81.77050997,0,1401.234995,10.92545223,1500,51
30135,30.778398,68.341,137,329.9554108,708.6437944,110.559007,1,50.87623188,74.10131788,0,1436.274979,9.921144485,2000,15
30176,30.778398,15.885,45,216.5929291,558.9625535,113.095034,1,13.19335383,63.41441834,0,1478.615043,71.94756317,0,7
30120,61.060905,71.249,130,174.3259018,424.5361467,31.72147612,1,23.94295452,9.761978299,1,1464.745004,117.5682449,2000,14
30020,30.778398,14.613,45,317.3696244,704.2590181,117.8772981,1,40.55720214,60.49403713,0,1466.205072,1.207236052,2000,6
30021,0,952.614,128,332.1147904,683.8569978,76.14184882,1,57.95223414,63.8791159,1,1441.019983,3.118404865,1500,23
30022,0,36.777,74,345.5411973,714.2712114,103.4509117,1,57.95328154,67.00623204,0,1403.789984,0.829299271,2000,11
30023,0,187.1,94,454.4406922,701.4507935,129.3820033,1,18.50307398,24.16685286,0,1204.865043,1.502725244,2500,53
30024,0,722.693,50,373.7716447,704.4255403,73.34590353,1,23.18659451,27.35077035,0,1400.504961,0.330821395,1500,11
30025,0,15.062,78,400.51176,746.9818895,112.5575187,1,24.3758335,31.94336149,0,1481.899979,4.864048958,600,6
30026,72.661362,446.216,162,411.5706345,731.6803743,95.12393689,1,0.562813251,8.188941035,1,1454.890022,17.29170418,1500,75
30027,12.840719,7.18,34,598.6610383,578.7695526,158.1843222,1,42.3072111,65.9221728,0,1394.299976,9.543862343,2000,12
30028,0,1161.484,515,327.119841,626.1412691,9.467503268,1,4.795077895,4.626041742,0,1575.339994,197.8010712,0,547
30029,0,4.168,15,368.0975465,732.7270555,110.3823225,1,44.41250152,54.29615078,0,1372.035023,0.77137059,1500,8
30030,30.778398,169.632,263,331.8549058,715.2295808,117.6694676,1,53.74461588,73.29280089,1,1534.095025,16.03661346,1500,54
30033,13.283498,15.02,45,551.139177,604.7523087,176.4689344,1,55.97215679,14.90878807,0,1411.820011,52.01928711,1500,10
30034,12.840719,38.54,111,623.6782823,532.2132034,114.235258,1,66.45321503,66.47566094,0,1383.349986,39.74488449,1500,16
30065,0,905.626,301,387.0437226,702.4671709,68.1635107,1,20.31323749,19.81315625,1,1541.395018,7.123927593,1000,221
30066,13.283498,27.968,120,510.4234483,645.4680374,185.9034333,1,5.841660494,28.31413222,0,1419.120004,13.84749317,1500,21
30067,13.283498,33.032,69,511.1219331,644.7695526,198.201292,1,13.60095654,27.06385471,0,1433.355017,3.380460739,3000,2
30068,0,5191.609,250,337.3990617,702.6143571,96.12336204,1,56.74700474,69.6147604,1,1476.060054,2.938193083,2000,147
30070,61.060905,12.459,59,130.6396103,389.4528855,68.45605047,1,51.94293128,36.76844853,0,1350.500017,43.34218216,2000,5
30072,12.840719,25.513,74,576.6732316,613.0710678,198.3965599,1,32.90843515,31.9464369,0,1269.104999,0.209257424,600,27
30073,17.028794,1673.841,106,186.2132034,477.6194078,77.36554884,1,34.88634889,61.59162231,1,1381.890005,62.2831192,2000,32
30075,117.573638,23.833,45,270.2497834,584.5016588,62.04060674,1,37.74453391,56.94594164,0,1503.799958,133.6034241,1500,6
30112,72.661362,453.879,326,413.4284989,724.1656557,88.34241988,1,11.10596561,11.08066459,0,1471.680024,10.96816158,1500,25
30109,75.816902,305.038,419,451.4995667,704.391919,115.3939862,1,23.88184545,40.45235382,0,1180.774962,1.966824412,2000,89
30141,17.028794,638.179,604,218.5269119,499.3889604,91.30593537,1,36.47710695,81.37425117,1,1315.825007,55.07704926,2000,210
30142,179.154991,58.823,122,137.3847763,455.7371568,88.82212018,1,34.82880884,66.97498339,1,1415.834981,111.5817413,1500,14
30143,17.028794,61.532,124,218.3969696,513.3178926,106.700285,1,28.84843017,93.80509302,0,1403.789984,103.2629395,2000,56
30144,61.060905,184.745,239,133.1421356,431.4945161,72.45169151,1,25.64976931,50.64430396,1,1412.915019,142.8917847,0,36
30151,93.954487,19.572,34,628.0803025,527.8111832,105.5505486,1,96.61246323,59.17400988,0,1396.489991,37.31936264,0,10
30152,93.954487,13.121,21,706.920923,448.9705627,32.00523119,1,39.15087671,45.66639259,1,1444.66998,84.40158081,1200,18
30153,12.840719,5.166,33,632.0924958,523.7989899,105.8122586,1,66.67626919,72.31449106,0,1241.365008,11.53223801,1500,9
30154,93.954487,15.186,49,649.2640687,506.627417,87.96879707,1,74.75646895,83.46014309,0,1290.275031,38.11381912,0,11
30155,8.071,137.394,257,662.0752519,516.1837662,97.15249527,1,37.21221266,64.55075698,0,1411.089977,28.69877815,1200,148
30187,12.233823,6.953,13,425.7422074,730.1492783,100.9013085,1,14.88898896,21.88616616,0,1289.180024,2.891476393,0,1
30188,0,25.827,50,370.0853532,709.5260454,80.37874289,1,26.21077155,33.15034765,0,1530.444942,2.215465546,0,10
30189,1.453705,1872.751,446,580.9381669,574.9533188,149.1422516,1,74.33675704,20.30220805,0,1398.680006,51.83494568,1500,382
30191,12.233823,2941.137,95,373.1320344,672.1534624,37.33770144,1,41.55950336,35.07754442,0,1608.19005,90.44914246,1200,45
30192,75.816902,215.527,142,442.7300141,713.1614716,100.5878496,1,16.38678848,31.00905747,0,1347.945029,8.482338905,1500,24
30195,30.778398,20.454,55,318.7127702,706.7737367,125.5310132,1,41.40083805,56.05848931,0,1562.56505,5.777431488,1200,2
30210,179.154991,16.052,39,113.6518036,348.4406922,96.3481006,1,75.20324933,9.270607399,0,1244.650031,4.259345531,3000,13
30211,75.816902,2799.984,134,481.5706345,674.3208512,139.1043294,1,47.41168792,62.84392261,0,1420.944959,70.21742249,1500,47
30212,30.778398,11.673,30,141.3380951,501.2813127,143.6031254,1,49.04841279,104.7552295,0,1463.650084,63.0177269,2000,7
30048,61.060905,32417.186,524,182.882251,423.9797975,21.09456257,1,35.48109348,3.831099111,1,1446.859995,102.3166275,2000,262
30059,61.060905,11701.749,69,181.0832611,433.7787873,30.82912375,1,23.87647515,11.32674253,1,1478.980017,91.11668396,2000,22
30209,75.795175,45.223,76,209.5269119,471.3351365,45.25908272,1,47.44741643,41.69213525,0,1204.865043,4.701929092,2500,9
30173,30.778398,3502.946,121,292.4579362,664.1168825,96.63671609,1,20.75532467,50.21145182,1,1360.719973,0.689829409,2500,35
30205,93.954487,2941.597,93,711.8448045,476.2426407,77.70143102,1,41.9539202,54.17208233,0,1455.619969,46.15332031,1200,24
30203,13.283498,28.83,50,496.9087297,658.9827561,181.6102303,1,7.618800059,12.87811803,0,1391.744987,0.891935706,3500,5
30031,0,6.07,10,311.5878785,656.3006486,63.6756417,1,53.49605381,52.0020809,0,1518.034971,10.9104166,1500,9
30079,0,18.676,68,392.783838,736.3250353,102.4283907,1,17.33170548,27.06247195,0,1414.010026,0.531408429,2000,0
30069,13.283498,63.13,125,514.2691193,641.6223664,171.565462,1,49.8780628,45.85558737,0,1406.710033,50.32584763,1500,34
30101,0,28.096,64,348.0975465,724.4427843,114.535059,1,62.50099333,72.09008856,0,1291.370039,0.852247715,1500,32
30103,13.283498,18.73,28,509.0508653,646.8406204,194.3571197,1,11.83357577,24.3995954,0,1427.150031,4.535160542,3000,11
30104,75.795175,21.219,80,200.2842712,464.5777772,44.14562637,1,38.28561005,36.23243977,0,1281.149997,19.91914177,2000,2
30106,12.233823,85.237,60,425.0853532,730.8061325,97.52234335,1,16.20500339,18.81169658,0,1293.194994,1.750540137,0,4
30102,75.816902,2693.64,402,476.9554108,678.9360749,141.0494325,1,32.69427304,49.81800939,0,1355.974969,19.09499168,2000,242
30108,61.060905,81328.251,578,158.5807358,382.2813127,48.61313169,1,38.0768308,42.26522273,1,1342.46999,8.274608612,2000,375
30193,0,76930.79,1779,338.6761902,637.6976183,9.434468648,1,11.10814207,3.907297972,1,1570.59499,156.1539001,1500,1774
30177,12.233823,13.633,19,427.4701295,728.4213562,106.9385925,1,13.70954274,14.78696457,1,1167.269983,3.241646528,0,21
30179,0,36.785,30,359.7005769,694.4549776,68.2010808,1,35.37199573,39.78845562,0,1540.665071,6.625056744,1500,4
30174,30.778398,3300.489,366,269.3330445,612.2884553,73.99669559,1,36.87948137,58.3226295,1,1477.519948,18.52815819,2000,158
30172,61.060905,45.167,100,146.3553391,419.394011,56.31198304,1,21.19000647,35.02880535,1,1411.820011,106.5211258,2000,24
30171,30.778398,12.113,18,307.0559159,693.3595231,114.6120395,1,30.31396402,53.93062423,0,1470.219955,2.88955307,2000,3
30170,12.840719,2.472,7,582.0458146,602.7279221,182.3454095,1,52.63413666,47.5641106,0,1247.569994,0.080074973,2500,7
30134,0,2166.172,29,364.5878785,678.2539674,46.78165957,1,39.79384295,38.14667644,1,1529.350021,7.426816463,1500,35
30001,72.661362,174.957,26,412.7127702,740.4377336,103.7862693,1,10.6193419,15.94274545,1,1378.240008,2.663863182,1500,25
30133,93.954487,277.412,173,737.54834,421.6568542,9.482354292,1,10.85465817,21.88213244,1,1456.350003,80.50174713,0,72
30132,72.661362,88.899,144,422.1980515,733.6934342,111.1947336,1,15.9041197,9.148304866,1,1438.464994,7.887192726,1500,34
30122,61.060905,89.471,294,197.9116882,448.9503602,27.3297933,1,36.13670598,20.15471719,0,1430.069994,119.926506,2000,4
30130,30.778398,130.852,266,156.509668,505.9087297,135.9670462,1,35.55303339,100.14115,0,1443.574972,35.22370148,2000,23
30129,7.447469,42.672,107,659.7737367,525,115.2396448,1,17.86400131,42.07970314,0,1454.159988,31.13345337,0,18
30125,0,1369.658,122,328.3158005,670.6854249,62.73366511,1,62.01541376,50.48968497,1,1468.394914,6.24766016,1500,45
30124,75.816902,393.976,571,517.7249635,638.1665222,180.2841005,1,31.58275919,47.89381099,0,1385.540001,27.74312973,1500,216
30127,0,26.177,34,355.51176,728.3422792,113.9202215,1,57.13221048,66.85138525,0,1340.279975,0.783547223,1500,14
30123,93.954487,9500.643,275,746.6316011,438.1421356,42.7168109,1,10.39037829,46.69258384,1,1448.685037,49.19244766,1000,185
30002,12.233823,25.185,154,419.4284989,726.6509371,91.91772626,1,13.2725089,13.23276534,0,1491.754961,26.85437202,0,3
30005,117.573638,4.804,19,251.2081528,562.531096,79.68566275,1,21.54635461,74.61848835,0,1482.264953,161.7671204,1500,2
30121,93.954487,49.897,52,685.4062043,470.4852814,54.76929194,1,50.03554573,68.71022931,1,1430.800028,65.03782654,1200,23
30119,30.778398,57.591,119,216.3208512,566.3056993,115.0071406,1,14.05843698,53.70248916,0,1479.709964,52.45515823,2000,12
30006,30.778398,15.63,24,335.4406922,723.5016588,131.8840957,1,56.44058664,67.91883421,1,1471.31505,4.256746292,600,40
30118,0,26500.957,686,336.3696244,712.1290758,109.2421951,1,56.4458811,77.1778618,1,1526.065085,14.2610321,2000,241
30096,12.233823,1.432,10,425.8427125,730.0487732,96.55734035,1,18.13931282,18.09626288,0,1253.774979,3.820552111,0,0
30095,12.233823,28.501,75,426.9726548,725.9940828,87.97097555,1,4.342580026,22.81173938,0,1249.760009,19.71884918,0,9
30094,17.028794,107.829,146,169.9116882,488.2640687,101.2860033,1,4.447080916,81.61882636,1,1417.660023,115.0571518,1200,54
30093,72.661362,20.524,64,413.3279938,729.923015,93.91340896,1,3.860563722,9.557434713,1,1452.700007,14.46123123,1500,21
30007,0,22.409,18,332.1736649,663.9991334,50.52186874,1,50.08126263,38.30762403,1,1534.459999,24.55536079,1000,2
30008,0,6.403,16,365.0264787,727.3128419,106.0997852,1,43.80439593,53.52344889,0,1392.839994,1.029296994,1500,12
30009,12.233823,158.241,120,412.2447327,711.2661608,74.09678228,1,17.98072439,16.83835665,0,1400.139987,14.2443161,1500,19
30071,0,1480.725,339,361.7422074,709.3839098,85.15745782,1,35.35357154,43.24940198,0,1426.419997,1.171298027,1500,90
30092,0,150.974,381,401.5411973,737.4671709,100.9581876,1,10.60810447,18.96402281,0,1372.399997,1.437205315,2000,49
30091,179.154991,298.094,90,101.627417,411.411255,95.50933582,1,59.00707178,51.01617743,1,1351.595025,53.25718689,2000,32
30090,0,16.397,28,318.5046174,630.9991334,25.7356303,1,22.71260757,17.13113261,0,1535.189946,95.91046906,1200,12
30089,61.060905,1622.846,222,159.6690476,415.5361467,43.51722687,1,21.21071107,22.32772896,1,1428.245039,96.1444397,0,47
30088,0,12.254,48,376.8721497,699.9108217,67.19946532,1,24.75995905,25.40509718,1,1531.540036,3.603128195,1200,2
30086,0,337.591,149,445.8965363,709.9949494,136.6636655,1,19.40513229,17.259364,0,1276.040019,0.598370254,600,54
30018,30.778398,0.918,4,343.7544007,731.8153673,133.5037513,1,65.39867924,77.16322705,0,1576.800063,7.393139362,600,11
30035,12.840719,29.206,89,645.648845,510.2426407,96.72431708,1,58.4543296,86.65948634,0,1278.230034,12.03454494,1500,8
30036,12.233823,48.453,75,421.9848481,733.9066376,100.5404718,1,9.443015464,17.40788694,0,1457.809985,8.96414566,0,11
30037,13.283498,19.143,51,518.5361467,637.3553391,202.7908098,1,15.91852339,33.07158761,0,1440.290036,9.109881401,2500,0
30085,0,42109.459,321,333.0559159,704.1290758,102.0326229,1,52.58417571,75.89764592,1,1372.76497,1.866885066,2000,84
30084,17.028794,10.44,32,245.5218613,566.803174,84.68936872,1,15.33949432,79.55519161,0,1477.154975,118.026947,1500,8
30083,12.840719,20.826,88,581.2051942,581.3137085,166.0416753,1,61.5115046,79.76544319,0,1424.960016,3.011193275,1500,26
30082,61.060905,3474.555,41,187.7523087,413.1097398,18.3354851,1,32.7460409,22.06967412,1,1424.595042,96.60914612,2500,21
30081,30.778398,33.635,190,343.2691193,720.78593,114.1478716,1,62.9599684,75.74941014,0,1352.324972,0.531729877,1500,36
30038,0,18179.892,558,395.7422074,723.4671709,88.09055861,1,2.988238999,9.385763746,1,1417.294962,1.549854517,1500,162
30039,61.060905,95602.266,1134,204.3380951,430.5239533,3.483483092,1,40.2219303,23.55155991,1,1451.969973,112.149353,2500,814
30040,13.283498,54.316,149,529.4945161,626.3969696,200.1071599,1,17.02320817,44.8510146,0,1400.504961,24.09203529,1500,53
30032,75.795175,114.364,244,207.8284271,488.6904756,70.9180036,1,55.12168184,63.11055091,0,1220.92501,5.105052471,2000,59
30080,0,41.943,114,350.3279938,703.8275606,85.89327327,1,46.36482067,54.10973144,0,1410.36003,0.366511703,2000,26
30077,17.028794,550.44,190,188.6101731,513.4062043,120.150718,1,18.89158542,101.838769,1,1428.610013,88.94450378,1200,87
30076,8.071,0.809,6,604.0163774,582.4142136,169.4450885,1,39.1199801,41.01916012,0,1320.570011,0.518565595,2500,5
30063,12.840719,24.546,49,653.7909806,507.8994949,92.71220477,1,52.41017208,84.06082295,1,1248.300028,19.22040939,1200,3
30062,0,41.047,97,349.884343,712.7564928,97.95618896,1,51.07455231,59.94316666,0,1432.260009,0.853019595,0,18
30061,295.2518,118.948,186,162.8061325,345.8132752,84.08439123,1,44.02716551,59.62959404,1,1256.695029,5.751775265,3000,160
30013,93.954487,77.529,144,633.9503602,521.9411255,101.5080979,1,77.35222718,69.20029146,0,1402.694976,43.85221863,1500,58
30014,0,7338.758,231,327.4284989,688.5432893,86.9250059,1,50.20938259,73.64768979,1,1442.845025,0.56216526,2000,85
30060,93.954487,47.783,118,640.5361467,515.3553391,94.94898208,1,80.98385143,73.52451572,0,1407.805041,47.79260635,1500,7
30045,30.778398,1158.498,350,229.2497834,567.5189027,101.0671194,1,18.39616365,64.26931295,1,1473.139918,39.67738724,2000,113
30057,12.233823,14.598,37,423.529004,722.550432,90.95188318,1,12.51764014,14.92047061,0,1226.765022,5.222047329,0,6
31054,2059.634923,7.904,30,835.7808794,789.3523805,44.57949698,1,8.421566869,39.44444052,0,1628.629961,103.9147186,1000,0
31051,2059.634923,129.819,19,837.9818895,791.5533906,28.36730193,1,18.00736373,32.31004233,0,1637.390022,136.1394501,1000,2
31046,2059.634923,33.299,261,775.3666658,728.9381669,92.59029339,1,59.40072114,56.28727895,0,1622.790036,70.85447693,0,0
31045,2059.634923,6.831,20,762.9991334,716.5706345,76.46436216,1,45.52511928,37.89910195,1,1630.090029,83.85152435,0,0
31014,2059.634923,4.321,31,883.2783541,795.8448045,155.8124037,1,15.08941168,17.61445016,0,1603.445046,54.98108673,1200,0
31029,2059.634923,23.472,53,896.805266,850.3767671,96.46955716,1,61.18538553,89.92126765,0,1619.870074,94.36267853,800,0
31006,2059.634923,51.147,109,888.9474016,842.5189027,105.6450771,1,66.29507308,74.92283915,0,1619.139953,78.13121033,1000,1
31093,2059.634923,1108.257,120,825.7098116,779.2813127,46.17269053,1,18.04710218,32.25232309,1,1627.900014,89.35146332,0,0
31092,2059.634923,21.141,330,877.5088014,771.9158723,171.7931146,1,34.36143563,35.79101325,0,1593.955038,52.68408203,0,0
31061,2059.634923,992.419,16,953.314934,906.8864351,166.129745,1,95.74803021,73.07995903,0,1609.284971,129.6425476,800,0
31008,2059.634923,7.798,76,920.9179644,848.7148622,162.9613722,1,37.31441117,36.1452422,1,1601.984978,62.27767944,1200,0
31011,2059.634923,43.407,31,768.7737367,722.3452378,79.89892162,1,64.65787528,62.13871354,0,1646.515057,103.8653259,700,3
31081,2059.634923,19.485,202,873.0651506,779.1879503,159.1409777,1,28.21239942,30.34642087,0,1598.700042,52.83982849,0,0
31017,2059.634923,6.227,78,855.6509371,771.1463197,144.2838204,1,41.99920948,44.48996781,0,1599.794962,55.66547394,1200,0
31091,2059.634923,54.492,326,869.0062761,797.3889604,135.7158201,1,30.29963284,32.7255959,1,1611.474986,55.14572906,1100,0
31096,2059.634923,1034.879,655,958.9301577,888.4844148,188.5565786,1,73.61274984,56.67037984,1,1577.53001,60.3465538,1200,14
31018,2059.634923,10.467,69,769.2245302,722.7960313,90.23041874,1,56.12716558,51.52615273,1,1625.345025,68.782547,0,0
31059,2059.634923,1857.034,290,861.2245302,814.7960313,40.28019799,1,68.34929863,79.73892138,1,1647.974951,138.3084259,0,40
31040,2059.634923,625.871,970,839.6925676,793.2640687,82.03841042,1,37.60564971,72.21475629,1,1625.345025,59.91130447,0,21
31085,2059.634923,142.057,1025,922.9474016,839.6143571,171.9646134,1,28.26135605,26.39405697,0,1594.320011,55.57367325,1200,5
31052,2059.634923,477.082,221,848.4377336,802.0092347,43.51304672,1,3.08094995,47.95002889,0,1633.374965,91.88240051,1000,22
31048,2059.634923,73.358,147,752.5432893,706.1147904,85.72089834,1,57.79635034,51.16643912,1,1633.374965,80.53675079,1000,13
31047,2059.634923,28.38,453,765.3666658,717.1808076,105.564112,1,71.99707371,68.25383527,0,1620.235047,65.95953369,0,1
31036,2059.634923,30.801,81,800.3372286,753.9087297,80.47041469,1,48.03904714,52.48571498,0,1620.600021,65.30500031,0,1
31104,2059.634923,32.119,240,832.9940828,758.4478349,129.6796119,1,61.53532706,64.1028819,1,1599.065015,51.20413971,1200,1
31101,2059.634923,20377.242,300,792.5554826,746.1269837,50.13541061,1,18.39592628,10.77899044,1,1627.53504,89.17324066,1000,39
31102,2059.634923,769.48,1738,909.9352083,810.2001436,177.4437036,1,12.71797366,10.81116201,1,1589.575007,54.38555145,1200,70
31071,2059.634923,5.782,31,832.2489168,785.8204179,97.21052309,1,53.11579612,73.04352704,1,1616.949937,56.24552917,0,1
31069,2059.634923,45.101,323,813.9646456,760.5067094,103.7383673,1,63.74642257,80.45752173,1,1615.12507,56.12776566,0,1
31067,2059.634923,37.575,87,811.5382387,765.1097398,58.90305313,1,31.26642422,33.97700553,1,1630.819976,76.32826233,0,1
31050,2059.634923,65206.479,4099,812.5260454,766.0975465,35.0335395,1,1.627221368,6.868643217,1,1629.360082,84.88650513,1000,884
31065,2059.634923,5.638,19,935.7880221,889.3595231,141.6685988,1,89.40204209,89.1219519,0,1607.825077,110.6320496,800,0
31084,2059.634923,92.893,81,871.4204897,824.9919908,83.33388628,1,42.49785965,87.57246288,0,1621.329968,66.79356384,1000,2
31079,136.584952,404.551,1179,756.0702013,672.7371568,155.6823255,1,121.477886,116.7116909,1,1585.924923,49.21101761,1000,43
31064,2059.634923,14.744,18,811.9940828,765.5655839,75.48869347,1,39.47330328,52.45043285,1,1631.18495,75.15804291,0,0
31001,2059.634923,10.708,24,777.3544725,730.9259736,70.97413606,1,36.97149537,30.12478959,0,1625.709999,76.22304535,0,1
31049,2059.634923,46.616,665,788.7514421,737.6366517,102.0822858,1,69.58166353,70.66306135,0,1616.949937,67.73014832,0,0
31032,2059.634923,111.211,801,896.0895372,836.7737367,139.1481577,1,39.45375711,39.89096228,1,1606.365008,56.36697769,1100,0
31024,2059.634923,42.841,615,777.5088014,730.4945161,99.64588155,1,67.54413178,65.44365792,0,1620.235047,68.23265076,0,1
31022,136.584952,38.835,474,851.7098116,749.6316011,163.8378819,1,55.68177949,57.64691564,0,1596.875,54.28152847,1200,0
31094,2059.634923,22.92,429,789.9818895,716.6072145,130.8085123,1,97.91547613,97.37681903,0,1603.080072,54.88557434,0,0
31106,2059.634923,4.587,20,871.6509371,825.2224382,56.45751597,1,25.20631798,70.1497236,0,1641.039932,121.7131882,700,1
31105,2059.634923,21.525,32,830.8103166,784.3818177,34.98651447,1,18.04923551,28.32631093,0,1633.009992,114.2556763,1000,0
31103,2059.634923,14.606,48,820.3077913,773.8792924,78.17190747,1,37.9242124,59.72764013,0,1629.360082,68.93477631,0,3
31097,2059.634923,12.772,38,849.6336931,802.6194078,105.593203,1,58.91235164,61.04834997,1,1618.410006,54.77912521,0,2
31095,2059.634923,113.93,14,818.9818895,772.5533906,42.27751951,1,17.14996982,22.94125986,1,1633.374965,116.2132797,0,0
31090,2059.634923,14.994,24,794.9108217,748.4823228,60.18589311,1,26.45205062,23.55745159,1,1627.170067,82.07810974,0,2
31088,2059.634923,9.314,66,850.550432,804.1219331,67.16607054,1,22.90463619,65.5695451,0,1633.739939,86.23583221,0,0
31087,2059.634923,9.616,20,787.7148622,741.2863633,55.57806406,1,38.75756748,37.05173496,0,1640.309985,110.8965073,700,4
31086,2059.634923,11.861,71,854.4499269,808.021428,73.2290443,1,29.28425078,72.05908333,0,1632.645018,80.61761475,0,0
31083,2059.634923,10.607,17,866.6093065,820.1808076,40.1946941,1,21.7117491,59.26743691,0,1676.444976,147.030899,0,2
31082,2059.634923,15.63,45,856.8519472,810.4234483,43.30339478,1,11.48398497,54.21293008,0,1639.945011,117.0341797,800,2
31080,2059.634923,448.91,1170,787.923015,741.4945161,90.03505493,1,59.05799092,58.06196676,0,1619.504926,66.84802246,0,1
31055,2059.634923,23.042,38,756.4844148,710.0559159,84.61669612,1,52.50816163,44.46972174,0,1630.455003,78.33087158,0,0
31078,2059.634923,75.14,79,842.3077913,795.8792924,66.66080989,1,22.12649385,60.76997226,1,1631.549923,83.83266449,0,1
31077,2059.634923,7.69,77,858.0773439,811.648845,90.03315313,1,45.94374268,76.79667826,0,1623.519983,66.20941925,0,2
31074,2059.634923,15.114,33,822.2661608,775.8376618,59.36555082,1,24.39971913,41.46829393,0,1628.264987,79.67006683,0,2
31073,2059.634923,49.346,843,809.8103166,726.4772721,140.4589355,1,86.16541158,88.59529716,0,1600.525084,52.5388298,1100,0
31072,2059.634923,4.168,17,850.8225099,804.394011,57.36197837,1,13.47568049,58.22944273,0,1634.105086,85.65261841,1000,0
31070,2059.634923,25.76,75,902.5453814,856.1168825,134.5018332,1,59.6778455,59.82368193,0,1606.729982,77.34451294,1000,1
31068,2059.634923,9.077,37,866.3372286,819.9087297,48.41557722,1,19.02200723,62.4038826,0,1639.945011,116.0995483,800,0
31063,2059.634923,25.419,34,783.3422792,736.9137803,56.87618219,1,29.86311009,24.5200332,0,1630.090029,96.61347198,1000,0
31060,2059.634923,5.78,72,859.9768389,803.5899705,118.092053,1,46.45507959,48.60189936,1,1616.21999,54.04873657,1100,0
31053,2059.634923,212.232,196,751.4549776,705.0264787,93.62782123,1,60.25735442,52.43964874,0,1634.835033,77.21900177,1000,3
31044,2059.634923,52.418,41,777.5432893,731.1147904,63.50801423,1,41.21320682,37.24502314,0,1635.929954,100.8056259,800,2
31066,2059.634923,13.399,41,732.6976183,686.2691193,113.9758158,1,80.2148095,72.68026515,0,1622.059915,65.56344604,1000,0
31043,2059.634923,18.71,147,872.6214998,788.1168825,149.0931447,1,24.6369344,27.19645445,0,1607.459929,56.90429688,1200,1
31020,2059.634923,21.37,36,835.668181,789.2396821,21.52476883,1,15.97502249,28.91091357,0,1642.135026,145.2051697,800,1
31039,2059.634923,104.662,57,847.7392488,801.3107499,20.84265971,1,24.00021102,39.93933813,0,1643.594921,138.0957794,800,1
31037,2059.634923,168.502,201,808.3077913,761.8792924,86.52878426,1,48.83563515,62.84354924,1,1623.519983,62.95518112,0,4
31035,2059.634923,28.596,53,826.6509371,780.2224382,70.13451665,1,29.29899695,54.71117502,0,1628.994935,74.03419495,0,3
31034,2059.634923,19.501,54,814.3372286,767.9087297,69.43600163,1,34.19841737,47.47859893,1,1631.18495,75.1259613,0,0
31033,2059.634923,722.149,465,738.3300859,691.901587,99.23532657,1,73.1238117,66.93731556,1,1643.960068,89.08505249,1000,9
31031,2059.634923,7.75,33,865.4915575,819.0630586,88.78183843,1,45.76150092,79.51214269,0,1623.519983,68.06355286,0,0
31027,2059.634923,33.284,77,876.3788591,829.9503602,66.34446362,1,32.75414085,78.70625743,0,1636.660075,112.6384583,800,4
31026,2059.634923,13.14,27,857.1240251,810.6955262,33.70306678,1,16.68121784,50.06981949,0,1645.784936,133.5648804,800,1
31089,2059.634923,619.097,829,750.3250353,703.8965363,104.1520245,1,69.74519916,63.73126699,1,1626.804919,69.19365692,1000,21
31025,2059.634923,25.32,263,761.295598,714.8670991,101.5813124,1,67.5249833,62.98941956,1,1626.804919,69.43061829,0,2
31098,136.584952,57.072,621,784.3128419,686.920923,163.5560082,1,119.3460191,121.5917826,1,1589.939981,46.55324554,1100,6
31042,2059.634923,10.074,69,823.5209947,777.0924958,92.38357846,1,49.89816716,75.05904648,1,1623.15501,59.57076645,0,3
31062,2059.634923,13.819,51,765.4255403,718.9970414,85.08691673,1,50.84414476,44.38341223,0,1625.709999,76.16791534,1000,1
31075,2059.634923,75.476,1158,780.3666658,723.394011,111.6826846,1,79.6132062,77.38484001,0,1612.204933,62.99045563,0,1
31023,2059.634923,29.546,62,774.6559877,728.2274888,65.54120454,1,34.46994868,26.89262346,1,1626.804919,83.50031281,1000,6
31016,2059.634923,33.236,570,795.9108217,714.920923,139.3700841,1,99.30683858,101.7516742,0,1603.445046,58.99371719,0,1
31015,2059.634923,10.639,32,800.1950929,753.766594,71.98098698,1,41.8065125,42.05894865,0,1622.059915,70.67394257,0,0
31013,2059.634923,400.05,69,829.4966081,783.0681092,28.39037581,1,12.63397282,24.02131935,0,1636.294928,139.608963,1000,1
31056,2059.634923,121.897,473,739.7686861,683.3818177,128.0581519,1,93.55850666,87.57948264,1,1613.665001,57.44955826,1000,15
31057,2059.634923,22.668,88,920.6164492,874.1879503,140.7797981,1,74.0136965,73.78023243,0,1606.365008,90.10816956,1000,1
31012,2059.634923,21.061,165,872.6753237,826.2468248,116.3140907,1,53.23490057,54.62766235,0,1618.774979,58.79124451,1100,0
31010,2059.634923,14.991,180,801.2661608,737.8498551,115.7204375,1,79.83607599,86.10984328,0,1604.90494,59.14834595,0,0
31009,2059.634923,18.328,41,861.1362184,814.7077195,63.04692278,1,22.16770843,68.15606351,0,1634.105086,91.14852142,1000,4
31007,2059.634923,34.398,89,832.0945879,785.666089,55.35676004,1,15.27347489,45.07740142,1,1628.264987,86.55379486,0,1
31005,2059.634923,6.755,44,838.4082964,791.9797975,60.40160602,1,16.75501671,53.12555082,1,1629.360082,84.95225525,0,0
31004,2059.634923,2026.202,35,841.0529573,794.6244584,32.82148759,1,12.41797251,36.81522848,0,1631.915071,109.6415558,1000,4
31003,2059.634923,177.644,548,762.5676759,704.4234483,119.1179295,1,85.32606258,81.20088979,1,1619.504926,62.49514389,0,10
31076,2059.634923,198.803,64,787.6387438,741.2102448,73.46592891,1,40.26360591,37.59523349,1,1621.329968,72.31296539,0,0
31019,2059.634923,94.646,380,944.5626253,837.7981233,200.2494216,1,41.72174356,39.13005709,1,1585.55995,56.2402153,1500,3
31028,2059.634923,7.741,27,910.2905474,863.8620485,104.4033837,1,72.2918879,95.1969378,0,1632.645018,103.4194031,600,0
31058,136.584952,126.069,632,812.3544725,712.6194078,160.6151503,1,92.36374876,94.54260304,1,1595.414932,52.15029144,1200,4
31021,2059.634923,16.264,74,894.4082964,784.7148622,181.2614607,1,27.89153169,28.24766971,0,1587.020018,53.23504639,0,1
31030,2059.634923,16.951,244,870.9768389,808.1463197,128.10729,1,36.44448139,38.46805976,1,1616.584964,53.67524338,1100,0
31038,2059.634923,3241.091,285,804.6143571,758.1858582,41.33203686,1,31.56219915,33.08211208,0,1637.025049,119.0050049,600,19
31041,2059.634923,11284.007,588,811.0823946,764.6538957,43.70367781,1,12.07068273,15.12974683,1,1633.739939,105.7223282,0,49
31099,2059.634923,19.552,208,887.3199846,811.6021638,146.9047629,1,18.00658887,19.84012836,1,1607.825077,56.37587357,1200,0
31100,2059.634923,146.807,16,814.3128419,767.884343,28.46339913,1,11.63859531,16.63546783,0,1634.835033,116.0922775,500,0
31002,2059.634923,587.546,81,805.2245302,758.7960313,56.87694832,1,26.10478674,27.14801279,1,1628.264987,76.66573334,0,2
32029,0.763184,1524.939,132,1225.998267,550.9158723,315.9259082,1,65.95089662,64.10274551,0,1895.809915,95.79972839,600,21
32028,0,3.944,8,1080.6215,751.2489168,207.7868534,1,53.40271975,43.41182906,0,1675.715029,1.826364636,800,1
32027,0,,0,1208.689609,388.8965363,488.1559775,1,116.6940134,145.91339,0,1794.704933,50.23480606,400,0
32026,1.182544,6.672,10,1143.375901,443.9432175,459.8544235,1,134.8106642,143.5516102,1,1765.504961,18.26753998,400,12
32025,0,38.815,60,1021.954544,567.6143571,370.0510167,1,25.19175109,63.37916126,1,1900.189946,55.33285904,0,42
32024,0.969216,301.036,175,987.9129137,573.430591,385.7666752,1,38.56417621,58.00333615,1,1907.489939,73.62957764,500,109
32008,0,27.963,42,1039.368758,578.9280656,356.6363912,1,25.17595771,51.72866573,1,1852.740078,37.23674774,600,39
32031,8.259542,21.276,46,1146.469263,691.8275606,265.9102524,1,57.59889502,25.95906431,0,1725.355086,3.622509956,600,9
32022,7.018567,102.249,135,1214.868325,524.0458146,340.1821509,1,92.86361522,78.90568588,0,1868.434985,84.7899704,0,37
32018,0,11.695,26,1063.716954,670.4377336,270.8414822,1,45.37794872,64.10733998,0,1768.424923,11.16993713,700,6
32052,7.97713,61.366,88,973.8712832,587.531096,384.391506,1,42.71359639,50.91346835,0,1908.950007,61.41434479,500,8
32016,0,62.054,79,1022.552524,539.7442995,394.6188569,1,55.33709413,86.62539328,0,1895.809915,69.34696198,0,33
32054,0.969216,25.566,30,968.7119036,549.0752519,389.0204292,1,61.19224838,84.70126721,1,1889.96999,86.40826416,400,20
32006,0,57.897,53,1125.145453,561.1513703,379.0900362,1,47.0680914,52.10173408,1,1900.189946,91.16461182,500,5
32013,0,119.912,26,1105.464212,592.8326112,365.0389644,1,18.87035812,73.68370146,1,1925.375035,110.6419525,0,30
32007,0.762258,17.823,29,1125.795165,370.3868684,405.4151521,1,87.53293418,94.00011236,1,1716.595025,26.50901222,400,33
32034,0,131.727,213,1040.562625,706.5382387,262.1571723,1,5.66830981,56.46974417,0,1713.309915,13.37785816,800,30
32053,0,21.282,49,999.3393206,543.0163774,400.7060484,1,52.56598205,83.67248944,0,1899.824972,78.86845398,400,12
32055,8.399309,106.14,208,1079.741341,632.5554826,308.0843204,1,6.875437086,6.875437086,0,1748.71496,17.33194351,700,156
32003,6.350523,3.44,14,1118.545381,717.7514421,225.2738225,1,76.9077257,66.08129386,0,1830.474951,8.629787445,800,3
32039,0,769.871,330,1164.672365,555.9747468,351.9705241,1,69.58533064,31.16548177,1,1873.179989,51.29818344,500,65
32038,4.464775,69.545,77,942.4987002,555.7909806,370.5172406,1,45.02361835,68.24726796,1,1854.929919,43.03749847,500,163
32015,8.399309,1.58,5,1087.072293,667.2245302,272.4402071,1,42.49050136,42.49050136,0,1797.62507,10.41278934,800,8
32017,0,8757.322,905,1055.69466,564.6021638,376.7175251,1,60.43102299,67.8138211,1,1878.289967,91.19654083,500,1368
32020,0.172463,683.506,554,1113.209378,627.0874452,327.5373661,1,8.67861618,42.51960342,0,1846.535006,19.46806335,700,235
32023,0,96.879,63,1066.905771,722.1362184,234.7558743,1,28.27405837,50.44220703,0,1721.705003,14.45129776,800,15
32058,8.399309,10.401,15,1095.533188,718.7636354,219.974286,1,53.7377251,73.31819437,0,1811.129961,13.12592888,0,5
32036,0,1492.941,131,1027.167748,555.1290758,378.8575285,1,39.33585959,72.41165987,1,1877.195046,58.30385208,0,131
32057,0,57.85,79,1045.452019,556.8448045,382.8293105,1,58.2371898,73.49712877,0,1896.90501,87.2002182,0,61
32030,8.399309,15.687,23,1104.587012,689.7098116,251.7262338,1,58.88800359,47.10942246,0,1760.759957,21.62919044,800,8
32032,0,4509.241,68,1086.008368,588.2884553,361.0660154,1,38.7802652,59.16172372,1,1909.314981,122.1258469,0,41
32056,0,1097.916,714,1081.623592,594.6732316,352.1309085,1,32.49420851,47.19437635,1,1898.365078,109.381485,500,1595
32035,0,2.388,7,988.29769,558.3595231,395.5396816,1,46.3841796,70.64997495,1,1874.640057,14.75866985,400,15
32005,0,21776.527,243,1098.978931,591.3178926,363.4435904,1,26.52528558,68.03514413,1,1919.534936,109.4573212,0,239
32010,0,6063.705,753,1136.819551,603.4772721,350.2314155,1,14.85529508,45.53233706,1,1824.635026,36.48671341,500,1326
32001,8.399309,13.793,20,1066.047907,710.0651506,243.3816714,1,25.82143799,60.12286623,0,1755.649979,7.155534267,800,10
32011,0,7.843,22,1098.86414,755.2905474,191.7837809,1,68.44444099,51.81821843,0,1778.645053,4.231225014,0,13
32002,0,6.908,9,1025.633693,694.4966081,280.3786732,1,19.74672125,59.63587353,0,1896.540036,39.30664825,700,6
32040,0,18.824,59,1176.73124,589.0874452,327.4309445,1,57.45294252,1.934678394,1,1845.074937,41.51992035,600,19
32041,0,2.844,7,1111.711904,336.3868684,377.0155239,1,72.18299651,73.07882951,1,1816.239939,46.19031906,400,0
32037,0,115.293,75,1072.221572,562.0752519,386.39166,1,44.6757307,81.82989987,0,1897.634957,92.51119232,0,39
32021,13.21242,3.482,14,1232.33427,661.3250353,252.2644919,1,33.77175676,84.63088951,0,1666.225021,1.331353307,600,2
32047,0,20.758,41,1100.491557,737.805266,202.4118427,1,62.22427807,65.32027622,0,1811.860082,8.64898777,0,29
32045,8.399309,24.545,50,1102.089537,716.2072862,223.9530894,1,59.43691184,74.84222791,0,1769.884992,16.52791214,800,20
32051,0,61.268,109,1072.145453,503.9087297,435.8986681,1,85.27585146,108.5967573,1,1884.860013,73.18560028,400,68
32050,0,13.759,26,1067.008368,569.2884553,375.4823393,1,52.9968808,68.32083528,0,1897.634957,99.57355499,0,16
32049,0,69.229,164,1194.108873,697.040764,276.9662298,1,77.86084837,71.94776997,0,1624.615078,2.996965408,600,70
32048,8.399309,132.729,199,1095.545381,694.7514421,244.3804908,1,60.25044941,63.95719532,0,1730.830038,6.937077045,800,128
32019,0,178.115,117,1065.089537,689.7514421,257.144609,1,32.16340298,76.62346934,0,1737.765057,9.304219246,800,73
32033,0,11.045,18,1062.6215,743.7930727,224.8249713,1,37.33456547,33.0907344,0,1700.899944,7.758575916,800,11
32012,8.399309,4.228,10,1058.025612,594.2712114,344.1397804,1,36.06764259,36.06764259,1,1761.490078,35.4839859,700,12
32046,0,6.514,17,1115.368758,654.9280656,295.3676607,1,27.4588564,11.40034495,0,1849.454968,13.00122643,700,18
32044,8.399309,1085.401,94,1072.172798,658.1240251,278.9761444,1,46.34510604,46.34510604,0,1705.644948,12.06421566,700,21
32004,6.350523,15.026,31,1119.290547,745.0062761,196.661658,1,76.78276149,55.59854758,0,1819.890022,11.53019238,0,4
32043,0,3.185,7,1130.067243,652.2295808,305.4700624,1,21.80894108,29.36139217,0,1765.869935,8.017418861,700,4
32042,2.008744,130.341,213,1218.459162,595.8275606,290.7109874,1,32.9013026,38.03461066,1,1816.239939,23.81223679,600,137
32014,0,25.037,48,1158.826694,507.8620485,382.4575008,1,106.8194769,75.54392638,1,1805.65501,52.72859573,400,17
32009,3.883231,16.092,29,1238.103823,633.2539674,257.6541979,1,6.807876365,69.82603857,1,1805.65501,14.02171135,600,5
