,CVEGEO,water_availability,economic_output,n_industy,distance_ciit,dist_to_border_km,dist_min_ports,highways,dist_min_km,gen_min_km,rails,pv_mean_annual_kwh,wind_mean,rainfall,crime
0,1001,0.0,0.9588646656625288,0.886863277179114,0.2147370082405352,0.49840758258882834,0.17211479125517126,1.0,0.315369849672515,0.6957576499085406,1.0,0.929222705731011,0.559047139716322,0.7606458862803938,0.06453930727911383
1,1008,0.29363174928590924,0.295487566502146,0.4406477225796021,0.20844365165695244,0.521351658832123,0.17454593335575197,1.0,0.4477889419258647,0.4011007448982725,0.0,0.7689969296490229,0.41660918055434937,0.7789425991309047,0.5526306442751081
2,1011,0.0,0.8177977271696191,0.5858617051117035,0.21420155056135826,0.5204362450859923,0.16289144195748362,1.0,0.4302963011611731,0.5104371510179586,1.0,0.9565784169378853,0.6201041266421915,0.7390115964200016,0.3753115183367006
3,1009,0.0,0.6764817337784047,0.4320288770750036,0.21338907542484786,0.5391150369132525,0.15551976956135682,1.0,0.5182386187461501,0.39181641222886965,0.0,0.9366044680242689,0.6191588920563407,0.7390115964200016,0.5317259889304533
4,1007,0.0,0.6414113624403206,0.5775559524306617,0.21061446426253416,0.537040501785678,0.16180666875492578,1.0,0.6974104344735681,0.3837827203375379,1.0,0.9387755989399846,0.4744837124252788,0.7390115964200016,0.3968874785404082
5,1006,0.0,0.46563403605174164,0.5435301114473258,0.21240915542030925,0.5241364100557789,0.16469659219663324,1.0,0.522528887542008,0.4659436922739497,1.0,0.9522361551064538,0.5743626096897032,0.7390115964200016,0.4086942135592595
6,1004,0.0,0.46826815060127075,0.41016683443920954,0.21074816391214612,0.546571480013496,0.15687055555320417,1.0,0.5077077626579601,0.3516116139047004,1.0,0.923143704807359,0.5731525359599318,0.0,0.5317259889304533
7,1005,0.0,0.8265488982412111,0.7166564726654558,0.2112898047047257,0.5042287683505436,0.17744927063783367,1.0,0.3655768293454018,0.5276959358314319,1.0,0.904906702036403,0.5194332669681031,0.7606458862803938,0.2826760663231517
8,1010,0.0,0.5454549081074525,0.4320288770750036,0.2181343842202107,0.5163857858163229,0.15576479974154345,1.0,0.31849669870878783,0.46037594114471103,0.0,0.9313938366467271,0.608236931688465,0.7390115964200016,0.5226273100076635
9,1003,0.0,0.5569053326145578,0.5891730177511487,0.20746274824016953,0.49335671392340996,0.1927263241994468,1.0,0.2925596129273267,0.39402054060257086,0.0,0.8059053270144301,0.45784056649237986,0.7606458862803938,0.4300567337219686
10,1002,0.2876092971283846,0.3577061573750162,0.499940907199288,0.21658634014401634,0.5345459438616893,0.15138661286025967,1.0,0.38313238675287165,0.40630148658766774,1.0,0.9418150994018106,0.5995610791920776,0.7390115964200016,0.47430138235870334
11,2007,0.08337895190873504,0.32885753517192884,0.42264634525502465,0.050521701643167716,0.8211406729451822,0.25971111118581214,1.0,0.006023350589191234,0.12207381712466747,0.0,0.58228401895671,0.35825434990250377,0.0,0.4842778890646183
12,2003,0.09324346385984865,0.7721650984141297,0.6532468650270394,0.048053365631078315,0.973775781583333,0.46623031563106,1.0,0.23265013754349162,0.014310376486066145,1.0,0.7668257987333067,0.45651946493612156,0.0,0.2915312741233964
13,2004,0.0,0.9648589907093215,0.883952081824066,0.045076945050940176,0.9882357746589128,0.48363820048692485,1.0,0.45169119304441074,-2.220446049250313e-16,1.0,0.6261397867918796,0.498624868464058,0.0,0.030521047365032472
14,2001,0.0,0.7656060581441675,0.7448493961598132,0.050430857464528134,0.8932859141769318,0.48177252302282103,1.0,0.12518960310625815,0.044274704970299505,0.0,0.6508901823099831,0.2018660331355729,0.0,0.16253028204559805
15,2006,0.0,0.4975700658598089,0.5670474622191726,0.04197447308502811,0.6975513921153927,0.16719498561497126,1.0,1.1102230246251565e-16,0.15546969784451348,0.0,0.4732957730031486,0.18281875081559,0.0,0.3908903859825862
16,2005,0.05065426063954803,0.676458810643572,0.6534692226756817,0.04513464763053132,0.976775357953354,0.5318137641430262,1.0,0.4501245069112718,0.002179917164773726,0.0,0.712983159966549,0.5755111923021229,0.0,0.29868854109839194
17,2002,0.12115274162023607,0.9216620618690962,0.8324036183775732,0.05401671172242406,0.9619650705778914,0.35596535140938823,1.0,0.08797656752576644,0.05012811406298878,1.0,0.6977854506069787,0.5537591984751156,0.0,0.06246060495752981
18,3001,0.14976353122991348,0.5690983674919964,0.623946528160716,0.014923568818171806,0.269199248477653,0.2646476851865933,1.0,0.049055702893818,0.08826284443406962,0.0,0.8176291440886787,0.4593637089253884,0.0,0.42849217943672113
19,3008,0.0,0.603081562084285,0.7621156978241301,0.0,1.1102230246251565e-16,0.548410590432994,1.0,0.471024977968752,0.3825452451563791,0.0,0.7238384004442475,0.24110911695259263,0.7125442614903211,0.15828704906262592
20,3003,0.0010988078740985217,0.6529518414388197,0.7564711495792674,0.005908318918928512,0.109587820535888,0.6142396698847996,1.0,0.1072197219544222,0.18650647818119193,0.0,0.7212330847554764,0.26298281879728674,0.7390115964200016,0.1640999286339595
21,3002,0.0,0.5129565419310478,0.5802498275569147,0.027130627650234884,0.471480439550076,0.23342286614528263,1.0,0.18838735873279355,0.11210929305556916,0.0,0.6417716809245051,0.35981833322856316,0.6304410739041073,0.43767608828154514
22,3009,0.0,0.34922261293210544,0.48024423961684887,0.016317849280051644,0.2930916087955714,0.2514709615728157,1.0,0.07992808644898519,0.12399442138747341,0.0,0.7064697672194014,0.4845938638603816,0.6304410739041073,0.5303779200216894
23,4008,1.0,0.39492444774020696,0.45745246172137827,0.2776374504906435,0.5070576692162344,0.3137574933377655,1.0,0.3735521007064767,0.22658193868731114,1.0,0.636126864773908,0.6355695613935229,0.8212921674167302,0.7771461144782232
24,4005,1.0,0.4318923556522336,0.5090022705990835,0.2728029219737743,0.49069148049509104,0.33908233408526567,1.0,0.29682657450940075,0.2558065554843868,1.0,0.6335215490851371,0.640465799874672,0.0,0.6319793675308782
25,4003,0.9796291505479261,0.6355584947032283,0.7239828124559942,0.335814684703431,0.6798769975234269,0.28675207097676125,1.0,0.21861970179063306,0.4137856171179747,0.0,0.5900999660230226,0.6490204108739203,0.869453057760477,0.43058336900855054
26,4012,1.0,0.3870331545685449,0.4283749501331661,0.292815936885816,0.5553434204585587,0.2565648574721884,1.0,0.39960058523132924,0.17790195300004652,0.0,0.6821537635247934,0.6379894231776688,0.832611560697172,0.6159540418574678
27,4001,1.0,0.4500888758568122,0.7116459229844906,0.26739100162878404,0.47177462068928877,0.37281555530832133,1.0,0.2423983074026519,0.2872116391694465,1.0,0.6413372891010101,0.6511633043775786,0.0,0.6285768574637054
28,4010,0.7506906774790084,0.3361547708568963,0.4338096480802939,0.280784765878319,0.5886777755151316,0.179003730859443,1.0,0.07290777119856195,0.12217788555831655,1.0,0.445505877023219,0.48104402472989394,0.852453839938568,0.8822616494359928
29,4006,0.7506906774790084,0.48010105859171726,0.559234091818974,0.27020450655858486,0.522853098834359,0.2674366925439262,1.0,0.1749583169612341,0.17914138342875197,0.0,0.5115067246877212,0.5639488957377211,0.8212921674167302,0.6508295817171241
30,4011,0.7806827529059838,0.2947434246120725,0.4560302473381071,0.31435412806720475,0.6839875577933117,0.21451500606291396,1.0,0.19179679663975158,0.21250699772725523,1.0,0.5384280440711002,0.5582989182135454,0.852453839938568,0.7336923924214751
31,4004,1.0,0.5917262561947804,0.5966459256696569,0.29692924326933745,0.5898601397287526,0.22146589297454677,1.0,0.22101267265297397,0.19243571112101998,1.0,0.58228401895671,0.5345875822687293,0.852453839938568,0.4471037074103583
32,4013,1.0,0.42522610599452815,0.6389714912066646,0.26813256315563005,0.47440464776679503,0.364802130968358,1.0,0.2349678982430191,0.28894942561182946,1.0,0.6313504181694214,0.6412459645707076,0.0,0.668732778856004
33,4002,1.0,0.6209860245619168,0.7350318798193178,0.28593346430526545,0.5386405527733935,0.272748966234154,1.0,0.36627448743463475,0.18318506732758555,1.0,0.6052974683321524,0.6150956260331738,0.832611560697172,0.40201999096436813
34,4009,1.0,0.4918532143960989,0.5927785846579252,0.30199891209061536,0.6365242489684095,0.19871083982837257,1.0,0.11936431721968299,0.19973315198663777,1.0,0.5488493068261842,0.5315329007307432,0.852453839938568,0.8079770209287339
35,4007,0.9796291505479261,0.22201506994387032,0.3825889602415067,0.35878945079762514,0.720706305665507,0.34897723171196093,1.0,0.24274725480410797,0.3837391731073496,0.0,0.5896655741995274,0.6690671190077179,0.0,1.0
36,5010,0.0,0.8105369052306808,0.6453948748412152,0.15947961673012723,0.8256207825075823,0.0527919881390988,1.0,0.5581748047248415,0.24613138102640453,1.0,0.7147198990587695,0.5811020072284483,0.0,0.38486601958708
37,5036,0.0,0.18177781896111392,0.3062446592022165,0.1751654072732528,0.6529409111934528,0.1270364804129096,1.0,0.31661437710055873,0.3228318947733264,1.0,0.650455997536928,0.5117326350083704,0.6784442506275288,0.5745035569136432
38,5018,0.0,0.7660239675779013,0.7548625575690668,0.16160676959289322,0.8500414041037103,0.06034367412202446,1.0,0.43689922216323096,0.24881530390589524,1.0,0.5097697785450606,0.43710537723507725,0.7125442614903211,0.2308384311906826
39,5029,0.0,0.0,0.18984297314940843,0.15851738453139352,0.8090205136474419,0.0501262577871906,1.0,0.3734418707025525,0.23023447308183276,1.0,0.6348241034043027,0.5481237208318911,0.6304410739041073,0.8822616494359928
40,5007,0.0461269551714478,0.5093076503463444,0.4406477225796021,0.1589733172660951,0.7711579115468892,0.06878305857041256,1.0,0.19959371524082126,0.16910837823183078,1.0,0.5401649902137609,0.38570770586198455,0.7125442614903211,0.5330912311531171
41,5032,0.0,0.46482239628412975,0.5525400736038433,0.14658739030907852,0.9130155889038406,0.025106325181633027,1.0,0.35946214478414107,0.4196846775010543,1.0,0.639166365235734,0.58070589985386,0.7390115964200016,0.46664312053234924
42,5006,0.0,0.7079076144030084,0.5280299696028954,0.16463230128475026,0.8239197845120679,0.06573957005127928,1.0,0.3777394341680208,0.22175094778787918,1.0,0.6369952343200183,0.42881395189180865,0.7125442614903211,0.46159039721630246
43,5003,0.0,0.4890179563309506,0.4560302473381071,0.14607170416405812,0.9534849752497221,0.025262965264391646,1.0,0.29016054597180774,0.48320082420598953,1.0,0.6161529158602914,0.7194720371689541,0.7125442614903211,0.4952793414443567
44,5012,0.0,0.0,0.1164016860528081,0.1504550567838726,0.9461968716314891,0.03605225654238775,1.0,0.2227179971951646,0.32032458804143715,0.0,0.5510204377418992,0.709707638386519,0.7125442614903211,1.0
45,5009,0.0,0.6181663723784205,0.5383919711269288,0.15948742403703997,0.7100049267427042,0.10276781806253754,1.0,0.2547198260241147,0.27289507887202136,1.0,0.678245686466417,0.5363979821037953,0.6304410739041073,0.47351045577871675
46,5005,0.0,0.0,0.17052538783428509,0.16405176026075174,0.8791994582334123,0.06872116655270921,1.0,0.2887546045681483,0.23477218057153904,0.0,0.4902302214549392,0.4102296686958786,0.7125442614903211,0.8822616494359928
47,5004,0.0,0.8018204605716526,0.504568427829279,0.18559159093138178,0.7898655858630974,0.12509896449628766,1.0,0.3529571631632079,0.4207352575520934,0.0,0.40642634874209604,0.3349961458203727,0.7606458862803938,0.37626133310763177
48,5016,0.0,0.1839662732405308,0.2717650557236629,0.1551537469692258,0.8230644717661526,0.048935677397292654,1.0,0.28303710983869135,0.24249045000394454,1.0,0.6673904459887186,0.4249575156120245,0.7125442614903211,0.8822616494359928
49,5035,0.0,0.9267462953450035,0.8208840772886177,0.17413818130093162,0.6260393470091972,0.14153500212213177,1.0,0.3403786521971697,0.3743842721892682,1.0,0.6187582315490623,0.47180923210553954,0.6784442506275288,0.15027359665936402
50,5014,0.0,0.2619092328703178,0.29376514838640144,0.13778988332514042,0.9715754047985569,0.0061985171155771734,1.0,0.36766798204199713,0.34686260850122763,1.0,0.5562310691194414,0.7038816983308384,0.7125442614903211,0.5807482395941909
51,5008,0.0,0.0,0.1164016860528081,0.15611301476642303,0.8576525713501032,0.04711217437107584,1.0,0.31417787233380423,0.3357713886796989,1.0,0.5280069883664569,0.5229893807071424,0.7125442614903211,0.7645232988719857
52,5019,0.0,0.396227365876302,0.35677637697299236,0.1448659381966223,0.9461872441351733,0.022032380630931492,1.0,0.28579588558759694,0.47468289446235756,1.0,0.630047863850256,0.6894851411232042,0.7125442614903211,0.6508295817171241
53,5038,0.0,0.3548909833819304,0.41016683443920954,0.13820445572450712,0.9421039145370108,0.006393279703883925,1.0,0.23870955996647014,0.33931833818436163,1.0,0.5757708332600029,0.5400552012649301,0.7125442614903211,0.5896842520574764
54,5037,0.0,0.14165876981627357,0.29376514838640144,0.14877994922234505,0.9422722540190215,0.031775879075389035,1.0,0.32009964738075125,0.38404526221883795,1.0,0.588363019880362,0.7332106229401535,0.7125442614903211,0.8079770209287339
55,5001,0.0,0.0,0.1164016860528081,0.15853143646205703,0.8542698303517064,0.05288250370937786,1.0,0.3921720309008413,0.29148651656076396,1.0,0.5649153857318643,0.516379831973622,0.7125442614903211,0.8822616494359928
56,5017,0.0,0.6900880727118418,0.6271268138100495,0.16909037479630606,0.6432608484762559,0.12817162217501132,1.0,0.7398249972094587,0.4717588015937916,1.0,0.8918801235925489,0.6116778842012056,0.6304410739041073,0.31770494726657583
57,5002,0.0,0.7804090095601431,0.6285414326966552,0.12916386311203965,0.921776250035361,2.220446049250313e-16,1.0,0.16909507566726167,0.19051812538733148,1.0,0.5827182037297651,0.4766250413392204,0.7125442614903211,0.22753318790216936
58,5026,0.0,,0.0,0.15586600343614754,0.8824331147424298,0.04783512811257995,1.0,0.31083891434384137,0.37547610278993826,1.0,0.4732957730031486,0.42478143333336515,0.7125442614903211,0.8822616494359928
59,5021,0.0,0.17355608032874506,0.34105077566857017,0.15491144848488936,0.8339597690254635,0.04395714749510016,1.0,0.30491322349590644,0.26876051341709595,1.0,0.6157187310872363,0.4616569213058238,0.7125442614903211,0.6639688805647354
60,5013,0.0,,0.0,0.1550217184396211,0.9556949795308141,0.04742072808459041,1.0,0.16766751041693018,0.24585331785940956,0.0,0.5679548861936903,0.7290125047671917,0.7390115964200016,1.0
61,5024,0.0,0.5879266022395184,0.5315977605821658,0.17553604899616404,0.7278244179845039,0.09127304845990336,1.0,0.1943373713243287,0.20597569192126364,1.0,0.6743378164584808,0.5224469726335891,0.7125442614903211,0.40741072438439396
62,5020,0.0,0.5098244003129457,0.6251140703405801,0.14067147782991374,0.8905476486176306,0.020038967603015045,1.0,0.18157459235730988,0.2591439835197169,1.0,0.41033432227525246,0.15755850182307404,0.7606458862803938,0.3743700475807784
63,5023,0.0,0.6224894065360852,0.3736298191175524,0.14146054320194856,0.8139399009988877,0.04733762483569404,1.0,0.079829227187727,0.1662461722052151,1.0,0.48762490576616835,0.43091311089772194,0.6784442506275288,0.6844442827380792
64,5022,0.0,0.8769811847781663,0.499940907199288,0.1448287104326692,0.981919197947481,0.0225105354617261,1.0,0.20011666511277548,0.45794818214726074,1.0,0.5570994386655517,0.7142928753128629,0.7390115964200016,0.4808481542887606
65,5015,0.0,0.0,0.14688257419320072,0.15446180316360747,0.9128200187501069,0.04552857536148669,1.0,0.31023863569200616,0.37500583809634924,0.0,0.6022579678703264,0.6946456073118947,0.7125442614903211,1.0
66,5011,0.0,0.3331529754772324,0.3854145511769584,0.17821049360735064,0.7639066660966947,0.09259681565210842,1.0,0.2796640058190323,0.2493763053907364,1.0,0.5827182037297651,0.4015085619405037,0.6304410739041073,0.5344740898901891
67,5034,0.0,0.17894558539186145,0.3062446592022165,0.14386438577572835,0.7953132344927527,0.07431851011194546,1.0,0.12439887553133111,0.20766173564894141,1.0,0.6769431321472517,0.4911788817791288,0.6784442506275288,1.0
68,5033,0.0,0.5886076445679593,0.5903885574389284,0.16478711507766997,0.7037308478560815,0.09638224161578601,1.0,0.32116921530664666,0.262798562939239,1.0,0.7216674765789717,0.42705014706936417,0.6304410739041073,0.38114093458440257
69,5031,0.0,0.4150688543255545,0.499940907199288,0.14673259255323134,0.8598336931422479,0.034088186302670076,1.0,0.21239522325440496,0.2863508961612856,0.0,0.6248372324727143,0.4665034311979388,0.7125442614903211,0.5251490749484011
70,5030,0.07425148231235333,0.987594149109839,0.8486190951487637,0.1876186843164679,0.7405193242248088,0.12060215060244706,1.0,0.30804836372352573,0.3441494211038836,1.0,0.6074685992478686,0.42317678583475454,0.7125442614903211,0.21176396485071114
71,5028,0.0,0.6876515105437702,0.5919878841174642,0.14931954665545943,0.914706959403039,0.032082414325480535,1.0,0.5835624578468817,0.6231007764612704,1.0,0.6335215490851371,0.6085947411998004,0.7125442614903211,0.38080862403857274
72,5027,0.0,1.0,0.6642319451346081,0.17421263205308624,0.8066886555486932,0.08818375957554725,1.0,0.2717523776825731,0.30144865109002694,1.0,0.5262700422237965,0.4976806789271468,0.7125442614903211,0.296249287802439
73,5025,0.0,0.8075830784020727,0.65167715660288,0.14165842789634098,0.992837738038969,0.015001603185366363,1.0,0.25033290361965443,0.39164415487930737,1.0,0.5588363848082123,0.7096385063904667,0.7390115964200016,0.20289101215103467
74,6009,0.2229333392638425,0.7068880932456674,0.677067602103202,0.1946168729456782,0.18905637173668322,0.4449351618763425,1.0,0.11287186402952543,0.3248244229463483,1.0,0.468519326398662,0.3374320581613662,0.8212921674167302,0.3167881746515595
75,6005,0.05551351168773205,0.5876364152348217,0.5329919041265682,0.21095837328676315,0.2380483512355438,0.4399165918952619,1.0,0.4898408503423445,0.25080745170913366,1.0,0.7277464775026237,0.3107571614022872,0.8429462157448122,0.47590096526500525
76,6010,0.0,0.5170193236130813,0.6798744783197689,0.20692370018072903,0.22763881742963343,0.5090513589785515,1.0,0.5188456060476745,0.2989094095274861,0.0,0.6908380801372165,0.11789821774384017,0.8429462157448122,0.2667836235745922
77,6008,0.0,0.26116706108829985,0.3767011466471717,0.20356229786657865,0.22774141625465794,0.5468168246967173,1.0,0.3657269902913344,0.34119582954471595,0.0,0.5349543588362191,0.062028877602315506,0.869453057760477,0.5705338414139879
78,6002,0.2229333392638425,0.6476811315893507,0.7205010080087886,0.2118235784015211,0.2185799873193548,0.4630316416870852,1.0,0.48193334623037665,0.2560178194058398,1.0,0.669127185080939,0.30851693006307696,0.7947952132712555,0.2071372003787445
79,6007,0.0,0.6549739550871497,0.6717825030241189,0.2008926083442032,0.19963424502460436,0.8090739307853807,1.0,0.26815640750069203,0.44323948665649504,1.0,0.6057316531052079,0.20925324757415747,0.8212921674167302,0.18692177076760008
80,6006,0.2229333392638425,0.1731204418953941,0.311973264080358,0.21207923463874934,0.20431157655796284,0.4760704025059391,1.0,0.38376951578334506,0.2580923902297465,0.0,0.6296134720267608,0.3026099640074774,0.7789425991309047,0.6391266864816243
81,6003,0.05551351168773205,0.36873094427417963,0.5294715344347074,0.20766495454785716,0.23847800152827403,0.47123882217208624,1.0,0.48627057083762193,0.2792358953306062,0.0,0.6582717375528004,0.13542631627909127,0.8429462157448122,0.4681316175876462
82,6001,0.0,0.500953256139525,0.5472265344814569,0.20650633232120807,0.1971396871006157,0.6051827023812523,1.0,0.3475901253657463,0.3228351269290164,1.0,0.6851932639866192,0.19447578186992165,0.8212921674167302,0.47509818948768656
83,6004,0.0,0.3343298846343582,0.4681911011296974,0.20683006851969388,0.21541207146732289,0.5523383538132797,1.0,0.4588168418539278,0.3137554358969912,1.0,0.6409031043279545,0.1404906119030911,0.7947952132712555,0.4554255630916615
84,7106,0.5361897169012327,0.6617838188795878,0.7008525396833576,0.42196387560703963,0.8795032668689406,0.2319047363168003,1.0,0.3274721162566897,0.3020432469695119,0.0,0.5271386188203466,0.26299832514212945,0.8429462157448122,0.8822616494359928
85,7090,0.6883605645149053,0.12249604796869415,0.3367255473426092,0.44154344131890677,0.7829646347127857,0.34431751256458387,1.0,0.296548135976468,0.6047370162005152,0.0,0.24055575650951044,0.4182352403497065,0.9701320359742358,0.9257153714927411
86,7022,0.8335046471480598,0.17445121169533942,0.300188532020952,0.41314606732854753,0.8159543351262466,0.30150958717279175,1.0,0.38126668741204495,0.36699240467138683,0.0,0.26747717941810945,0.1608017781984481,0.9036320434281873,0.9257153714927411
87,7073,0.6883605645149053,0.29693874214509464,0.4355609835024832,0.433973817424249,0.789585020059746,0.33794549862124623,1.0,0.2954527774619672,0.6766012340366634,0.0,0.39730784735661806,0.5207683295482676,0.9701320359742358,0.9257153714927411
88,7042,0.8335046471480598,0.2465239708746271,0.3767011466471717,0.4302626773071362,0.7804372064603039,0.35408109072416794,1.0,0.25912150805663836,0.6712701214777801,0.0,0.22448978112905005,0.26390082291665024,0.9860016052903372,0.8514307429854822
89,7036,0.8582324433958022,,0.34105077566857017,0.37982939364563095,0.9627778854989976,0.17504866921688333,1.0,0.2780648248739188,0.363521631449946,0.0,0.26052970542312726,0.12268526778517819,0.9518127218666266,1.0
90,7121,0.6883605645149053,0.11528152527420077,0.2717650557236629,0.42922992000995264,0.7883890405102639,0.34012521355390557,1.0,0.2771435197028197,0.6249793813397417,0.0,0.30612241940095775,0.5224915247330217,0.9701320359742358,1.0
91,7119,0.8335046471480598,0.0,0.1164016860528081,0.42149134569658786,0.8194629177818454,0.2975091818610238,1.0,0.42059567629708694,0.4026792169314354,0.0,0.4641770645672303,0.2681742132393648,0.9036320434281873,1.0
92,7124,0.6883605645149053,0.20921791376161067,0.3908492491240862,0.48407894876744584,0.768135092344691,0.34662626727027035,1.0,0.6946547746005893,0.3248263932004035,0.0,0.3022145493930213,0.38885530368370136,0.9518127218666266,0.8275164340507248
93,7123,0.5361897169012327,0.23375804343296408,0.4245904985296838,0.44334873372889216,0.8551523737693443,0.25342601409306753,1.0,0.3645456994033225,0.40345031369351647,0.0,0.7229700308981373,0.33152214026031085,0.8429462157448122,0.8822616494359928
94,7067,0.6883605645149053,0.20053422037813498,0.37968594629881686,0.4384373145877236,0.7872956597858065,0.3387875333109368,1.0,0.30367805723661867,0.6503219501848279,0.0,0.27312199556870653,0.46769348966603197,0.869453057760477,0.8822616494359928
95,7091,0.8335046471480598,0.30425963980360193,0.49410713766666586,0.43278378439845333,0.7837309639695376,0.3476593255903544,1.0,0.27529419445950243,0.8609674764641929,0.0,0.3521493181518429,0.4758108615556874,0.9701320359742358,0.8514307429854822
96,7114,0.26958509991461793,0.4522411704650936,0.47438897198519975,0.3299900514677201,0.7893469520812034,0.15207846936915903,1.0,0.07557837594844552,0.11606391684293271,0.0,0.45419019363564206,0.4995738667220713,0.9036320434281873,0.7645232988719857
97,7069,0.7493588939345635,0.38755606314232566,0.5700183123769273,0.43915050505086717,0.8907488584281342,0.24970693963181234,1.0,0.24360481373508724,0.29896281002864333,1.0,0.28354315479856984,0.32993130449785246,0.9701320359742358,0.7430174073632629
98,7081,0.8335046471480598,0.35381480250361513,0.5887647190543933,0.41128811462453496,0.8050357950347586,0.31627956925044853,1.0,0.321237393326976,0.38927120368596047,0.0,0.3573599495293849,0.09011594574719803,0.9036320434281873,0.7171720540196672
99,7080,0.7493588939345635,,0.4283749501331661,0.3868942736468094,0.9570825413944841,0.1840394038918034,1.0,0.31814968208069205,0.3922670001226577,0.0,0.2162396492896823,0.05832713579628056,0.9701320359742358,0.8514307429854822
100,7065,0.7816701763066666,0.5611206294886398,0.6468234813924888,0.3640971118563957,0.7839185584441798,0.2849569520931998,1.0,0.3018583255144398,0.21339573150801916,1.0,0.4316109290332546,0.2185617851017531,0.9701320359742358,0.5648420579743655
101,7077,0.8335046471480598,0.30215438833634567,0.4372838406606411,0.3819901587475122,0.7910014644123634,0.31819924890638107,1.0,0.28151520853098055,0.27121871927916796,1.0,0.3994789782723338,0.3782339536427125,0.9701320359742358,0.9257153714927411
102,7086,0.5361897169012327,0.32806611844791306,0.5603097698976152,0.4607178193120717,0.8396783559621543,0.2645004049709385,1.0,0.45537345299073184,0.5145280186344605,0.0,0.5106383551416112,0.24466542173793304,0.8429462157448122,0.8514307429854822
103,7010,0.8582324433958022,,0.2328033721056162,0.3763573073080597,0.9640299782091499,0.17127522619264735,1.0,0.2652236144414588,0.3530547720322792,0.0,0.3955710047391774,0.2280694896282738,0.8429462157448122,0.9257153714927411
104,7011,0.8582324433958022,,0.3322162123140422,0.3834436369986969,0.9523218660287329,0.17800836328277936,1.0,0.26571603388581444,0.34370036677910565,0.0,0.26183236326751236,0.02299277703606324,0.9301468010770011,0.9257153714927411
105,7024,0.45255208973360056,0.22192282492662926,0.3736298191175524,0.39858858073502723,0.8638336789080172,0.2443497536701622,1.0,0.3694017953367946,0.25634731703837943,0.0,0.4819800896155715,0.20966566885904034,0.869453057760477,0.9257153714927411
106,7028,0.6883605645149053,0.21639527478351736,0.37968594629881686,0.43096285748023666,0.8540686205412027,0.2557842676263049,1.0,0.4595808362570626,0.3686520015817598,0.0,0.681285186928243,0.3220343018530938,0.8429462157448122,1.0
107,7122,0.5361897169012327,0.32890103339453336,0.5343679413983259,0.4478701683033033,0.8660941566930094,0.23958376156071992,1.0,0.3712327021070957,0.36771051545025724,0.0,0.6396005500087891,0.5204603163275137,0.8429462157448122,0.7645232988719857
108,7001,0.7493588939345635,0.3253665598262957,0.5072509351768942,0.40047536384210514,0.9439307541897269,0.20346780375626272,1.0,0.513894722819937,0.4765917509772206,1.0,0.3886235307441952,0.17903783397329046,0.9701320359742358,0.7645232988719857
109,7002,0.6518232958092514,0.29604493622811484,0.5189426848865937,0.4368805745170674,0.851914729420781,0.2573920158677556,1.0,0.41833642797863346,0.39680779292287127,0.0,0.5223621722158598,0.3147171758752764,0.8429462157448122,0.8275164340507248
110,7003,0.7493588939345635,0.5290942243212619,0.49706416811865245,0.4006292388371,0.9436926862111844,0.20516733491471828,1.0,0.5630392646392185,0.5000675882458523,1.0,0.5779417571252785,0.38050784038026875,0.0,0.7336923924214751
111,7004,0.7816701763066666,0.30910076072928744,0.5357263366801679,0.3794561244067841,0.852611330181001,0.23204878319955857,1.0,0.3572606381923933,0.20685443175175244,0.0,0.37038642444801884,0.09640123460894168,0.9301468010770011,0.8275164340507248
112,7005,0.8335046471480598,0.2325153273865523,0.3492050581584243,0.4204002419757572,0.7756765310945529,0.36347915721016366,1.0,0.29815122589610865,0.49106226237398587,0.0,0.22101609589416893,0.27519255578520907,0.9701320359742358,0.9257153714927411
113,7006,0.8582324433958022,,0.4372838406606411,0.37518302222289457,0.9557510926914843,0.16834462947717155,1.0,0.24442261438000035,0.3265144940889023,0.0,0.38341289936665346,0.052089825566966744,0.8429462157448122,0.8079770209287339
114,7007,0.6518232958092514,0.3280901898193846,0.7465238479122107,0.4106086423370403,0.8674216175564635,0.2429047441226122,1.0,0.3808436742791551,0.28429074677317256,0.0,0.5275728035934018,0.3330630035530255,0.0,0.9257153714927411
115,7029,0.6883605645149053,0.2160109563571372,0.3767011466471717,0.44714901366968995,0.8033580398714214,0.3120838673837939,1.0,0.40874034748961774,0.6817758477686006,0.0,0.44463750747710895,0.28514033940827127,0.8212921674167302,0.8822616494359928
116,7012,0.7458238413671683,0.5500193281853162,0.7416124733153854,0.4672198656082137,0.8091231124724665,0.29568902770393257,1.0,0.4775070110247298,0.48919143230851203,0.0,0.3217542100083628,0.3664091460895054,0.869453057760477,0.7771461144782232
117,7013,0.6883605645149053,0.3361877218642208,0.504568427829279,0.43578885981877113,0.8062221470879247,0.31232517780047964,1.0,0.35354375454398757,0.539231153120812,0.0,0.4585322484166334,0.26351531755794466,0.869453057760477,0.7645232988719857
118,7014,0.8335046471480598,0.2256883984153212,0.4406477225796021,0.42106850124174444,0.8113756145783677,0.3081347261432389,1.0,0.36599789532799176,0.4108585466661345,0.0,0.2622666515657879,0.0021635838703651772,0.9036320434281873,0.9257153714927411
119,7015,0.4817047495775224,0.35154509677350876,0.5789114512682043,0.36754861470134415,0.9998645308464823,0.16404101477085775,1.0,0.49708344971792473,0.5012457890996933,0.0,0.08988277011127499,0.005593051685277707,1.0,0.7914566825269261
120,7016,0.6667863833632685,0.1778558507734941,0.34105077566857017,0.36759035539873663,0.7638057190888953,0.32763687984645673,1.0,0.3041313446076024,0.25850126382304706,1.0,0.6139817849445757,0.6947125464391263,0.9301468010770011,0.7097780834867178
121,7019,0.6518232958092514,0.5040381546131029,0.7489869302282033,0.3973614117870262,0.893758062294471,0.21838436161864405,1.0,0.25420077676621633,0.23367038454711342,0.0,0.6200607858682277,0.4336440986132893,0.8429462157448122,0.4816953528916529
122,7020,0.7493588939345635,0.21128523170152408,0.5660383747757567,0.4210514248402081,0.9061803784105151,0.21867405171595866,1.0,0.23196326223619257,0.2805176190481279,0.0,0.32045155216397725,0.12095844155547747,0.9701320359742358,0.8822616494359928
123,7021,0.6883605645149053,0.25360321524153445,0.4642905362206865,0.45545729013442593,0.7902294954988413,0.3259521074905807,1.0,0.35230640867664287,0.48249127763247424,0.0,0.24012157173645532,0.33714990709076986,0.869453057760477,0.8079770209287339
124,7033,0.6814971807890619,0.0,0.1164016860528081,0.45182204790693536,0.7715507036715812,0.35651916138152895,1.0,0.356272514325388,0.4570166314042682,0.0,0.12548850963229707,0.2383350183889598,0.9701320359742358,0.9257153714927411
125,7053,0.4817047495775224,0.0,0.22032386128980105,0.3748790926379235,0.9749485183006379,0.17084347588571203,1.0,0.3079918106796138,0.38073283428872906,0.0,0.3916630312060212,0.014680019599883364,0.9860016052903372,0.8822616494359928
126,7025,0.8335046471480598,0.2104220987821336,0.3908492491240862,0.43986688734241086,0.7736252387991556,0.3619577698582198,1.0,0.29324566709785316,0.5537335359266491,0.0,0.11680419301987377,0.22749329098396162,0.9701320359742358,0.9257153714927411
127,7026,0.8335046471480598,0.2337113098522656,0.5008827212289277,0.4119905331639294,0.8231165970872776,0.29164158208231206,1.0,0.42431890690663876,0.3485736427867573,0.0,0.3547546338406138,0.14539138831265758,0.9036320434281873,0.8514307429854822
128,7027,0.5361897169012327,0.6280267370718312,0.6496241743415281,0.44742028734907435,0.8420799425574345,0.26541875956016514,1.0,0.39834120787969174,0.4818663723675629,0.0,0.086843269649449,0.1828822962462386,0.8429462157448122,0.5576947390236193
129,7030,0.8582324433958022,0.0,0.5115761635028553,0.395071553012907,0.9325496934770156,0.18970494911779334,1.0,0.2525985367753846,0.31742818786478644,0.0,0.42075558503033594,0.13753895297981364,0.9301468010770011,0.6789471770362071
130,7031,0.7816701763066666,0.3395753653652639,0.5273017648072774,0.379956902560468,0.8215799507342283,0.2765367390420408,1.0,0.4231228165603006,0.24670350879900194,0.0,0.3452019476820807,0.09320343032449827,0.9036320434281873,0.8079770209287339
131,7055,0.4817047495775224,0.16665916707427603,0.34105077566857017,0.3632765137778621,0.9942814130633092,0.15982886441827326,1.0,0.5535306775025866,0.5913411981056655,0.0,0.6882327644484452,0.44507757891077343,0.9301468010770011,0.9257153714927411
132,7023,0.45255208973360056,0.25800386594747315,0.4989906462943148,0.4219567624324555,0.8321521843653792,0.2815185532476019,1.0,0.5732277058970874,0.3789231827656231,0.0,0.38905771551725055,0.4064768841664452,0.869453057760477,0.8822616494359928
133,7034,0.8582324433958022,0.0,0.6078092284949262,0.37983486082900575,0.9379179861138234,0.17980334060723013,1.0,0.2092809844427722,0.2901782513544019,0.0,0.5440728602216971,0.1700316463758002,0.8429462157448122,0.6550328681014498
134,7075,0.6518232958092514,0.32869367697604157,0.5752575243263669,0.40956382112287615,0.8821525489390787,0.2295045521041834,1.0,0.3143199205790773,0.26657533754565055,0.0,0.5136778556034372,0.41996064801607336,0.8429462157448122,0.9257153714927411
135,7076,0.8335046471480598,0.21321353436871532,0.42066585057006556,0.4068297168890608,0.789244353256179,0.3389371499243231,1.0,0.30371126409251714,0.3875011579103649,0.0,0.3499782907613471,0.18698823790028846,0.9518127218666266,0.9257153714927411
136,7038,0.45255208973360056,0.13875122460491995,0.2717650557236629,0.4074500495940433,0.8517656449314017,0.2589175110909683,1.0,0.4340953681478099,0.29365235056354655,0.0,0.5649153857318643,0.30048288876069545,0.869453057760477,0.9257153714927411
137,7039,0.8335046471480598,0.24130128266010473,0.3985118677122405,0.41317857597740515,0.7937340903148947,0.33354813541797956,1.0,0.27965700461390386,0.42700314073794454,0.0,0.30395139201046173,0.2281109342619792,0.9701320359742358,0.9257153714927411
138,7040,0.4817047495775224,0.6089291510382556,0.6057384124667595,0.385164824751801,0.9668379722649829,0.1867185802512128,1.0,0.4156977603063118,0.5706805067036698,1.0,0.5145462251495474,0.22621989972850687,0.9701320359742358,0.6319793675308782
139,7041,0.5227332166821633,0.33353300344563475,0.5390480313078326,0.37678148459482874,0.8884923684826878,0.19871345170212074,1.0,0.21085114314586306,0.20299200854248411,0.0,0.25879286280568636,0.26661465743033563,0.8429462157448122,0.8275164340507248
140,7043,0.8335046471480598,0.2463565247708272,0.4372838406606411,0.4356455704558847,0.7655940487563482,0.3783591172424554,1.0,0.2708111867182894,0.5020482368828936,0.0,0.2214502806672245,0.339124906757914,1.0,0.8275164340507248
141,7044,0.6883605645149053,0.2551754059268844,0.45745246172137827,0.43623371742118,0.8254195726970786,0.28709738811676644,1.0,0.4007061701221064,0.47534465947257176,0.0,0.4654798259368358,0.36561071245225707,0.8429462157448122,0.8514307429854822
142,7045,0.8335046471480598,0.1717175706420361,0.3062446592022165,0.4260962533959304,0.7651082853029477,0.38320267025050814,1.0,0.29134599425775454,0.4785305131110822,0.0,0.26052970542312726,0.3729234508382594,0.9860016052903372,0.8514307429854822
143,7046,0.7118578162317731,0.28940454467588955,0.5181490228932447,0.5141652520472226,0.815981565797969,0.30308333323768333,1.0,0.32720556488788766,0.36783217754961806,0.0,0.40425532135160047,0.3288662596236343,0.9036320434281873,0.7914566825269261
144,7048,0.8335046471480598,0.30239932403054215,0.4694600190588954,0.434741736455417,0.7383093199437167,0.44025047603308776,1.0,0.35493420796310426,0.35587718394767054,1.0,0.4450716922501641,0.5843009266167581,0.9701320359742358,0.7336923924214751
145,7052,0.5227332166821633,0.40488145746810755,0.5962654822422676,0.3778655007385827,0.87106566936558,0.20797934097795556,1.0,0.24565078315773003,0.18495051004748153,0.0,0.3065567076992326,0.1737199329633544,0.8429462157448122,0.6319793675308782
146,7056,0.8335046471480598,0.09199540718486943,0.2328033721056162,0.4134928474490662,0.830549797355344,0.2831998966221616,1.0,0.48621979708360574,0.34502709430629563,0.0,0.4598350097862389,0.43212716609811286,0.9036320434281873,0.9257153714927411
147,7054,0.4817047495775224,0.318422009107218,0.5422687467799874,0.37768122482340805,0.9720379254197802,0.17770135195298176,1.0,0.4193481993729756,0.7107517168445261,0.0,0.7412070336690932,0.4054035581809217,0.869453057760477,0.6428874255124083
148,7072,0.6883605645149053,0.30864060440886565,0.5205123933107532,0.42441916901079546,0.7910054522519091,0.3377034117260842,1.0,0.2734453675931757,0.5383234660652745,0.0,0.21016064836603032,0.44385369778861017,0.9701320359742358,0.8275164340507248
149,7111,0.45255208973360056,0.37488725611326307,0.697240963701319,0.4306817955036263,0.8375669626665416,0.27398397891433124,1.0,0.5229477546802314,0.41063712187594914,0.0,0.37733389844300125,0.37439466528463033,0.8429462157448122,0.8079770209287339
150,7110,0.6883605645149053,0.2212020095621717,0.40332875993990125,0.42918345861475116,0.8485416159186998,0.26240677228337095,1.0,0.5296545328474435,0.37811485353994356,0.0,0.4793747739268006,0.24029461547092965,0.8429462157448122,1.0
151,7051,0.7493588939345635,0.5185443864828793,0.5729081291618882,0.4133451667473833,0.9247894417412434,0.2198015236288755,1.0,0.39356385781080916,0.3880420636157623,1.0,0.3517151333787878,0.0684827298352864,0.9701320359742358,0.6252790567992559
152,7050,0.6667863833632685,0.14663571220291724,0.327506397791999,0.35911348304249346,0.7680710035049301,0.2898023287038002,1.0,0.3801673803526924,0.23230426697015905,1.0,0.6248372324727143,0.7028728642899811,0.9301468010770011,0.9257153714927411
153,7049,0.6883605645149053,0.19462890062658372,0.4868684828010148,0.42576053121461166,0.8198693252423984,0.2963972603634476,1.0,0.4180955349708041,0.42779090195339864,0.0,0.31046457770716884,0.2458488523531638,0.869453057760477,0.9257153714927411
154,7096,0.8335046471480598,0.28923252429715346,0.5709903685591031,0.39839726908055695,0.7871794456249205,0.3376100122172675,1.0,0.3238022016849397,0.3422147636214128,0.0,0.28788541663000133,0.1637318692145109,0.9701320359742358,0.8514307429854822
155,7097,0.7118578162317731,0.4792202159202971,0.6638298445355287,0.49143047360486514,0.8365296951027544,0.3093259575864169,1.0,0.2645186161669125,0.587834551873425,1.0,0.35866260737377,0.2913864647896501,0.9301468010770011,0.5851231354069573
156,7099,0.8582324433958022,0.3464982465794743,0.579805577930439,0.37691417955571305,0.908016845559547,0.19091783634815607,1.0,0.18012237129780373,0.23172771347481524,0.0,0.17846288237816466,0.18978935143335915,0.8429462157448122,0.6902386703647267
157,7058,0.6518232958092514,0.23572001968492,0.44390808384480707,0.4260829076023879,0.8677951546885236,0.2423867998888083,1.0,0.3928110439892747,0.3208475954173733,0.0,0.6382977886391836,0.35461655883496707,0.8429462157448122,1.0
158,7060,0.6883605645149053,0.2029218198684936,0.3492050581584243,0.4458291038256704,0.7817918979954808,0.3448971432354031,1.0,0.3173644591787894,0.5344766969589972,0.0,0.1363438536352155,0.21163842836963467,0.9701320359742358,1.0
159,7070,0.7493588939345635,,0.34520634282026325,0.3799514312072606,0.9685758284285358,0.17656684340013307,1.0,0.3049021870884776,0.3959348904299812,0.0,0.4628745102480649,0.1689734885997498,0.9701320359742358,0.9257153714927411
160,7063,0.6883605645149053,0.16417298515702405,0.3062446592022165,0.4475293306521996,0.8133515387204627,0.29907495280518304,1.0,0.47470357518433937,0.7098144818675798,0.0,0.11810685086425954,0.3446423085146494,0.8429462157448122,1.0
161,7057,0.4817047495775224,0.36203448080633394,0.5895797490786086,0.38004165188367955,0.9776675288673077,0.17852792810130858,1.0,0.34516503504976315,0.4544776423228638,0.0,0.1450281702476386,0.05294584067982332,0.9860016052903372,0.6101596542308203
162,7101,0.6883605645149053,0.6936458335532408,0.8658684512621737,0.4562895944657229,0.825928578982656,0.2810830649322933,1.0,0.6551686596739941,0.8037337533096007,0.0,0.3069908924722877,0.26180348159959305,0.8212921674167302,0.3424511108189231
163,7102,0.4817047495775224,0.29777089790981354,0.4931028326999798,0.3646219481386709,0.9982853866686243,0.16149105481035742,1.0,0.6728442309805985,0.6838495405038627,0.0,0.6031263374164373,0.21080673400701655,0.869453057760477,0.6020162396286254
164,7103,0.4817047495775224,0.3166756270726929,0.42264634525502465,0.3799140754683177,0.9778919815099887,0.17958662888533694,1.0,0.3859300184593152,0.5132384879441172,1.0,0.4750325120953691,0.06285168401472473,0.9860016052903372,0.7645232988719857
165,7104,0.8582324433958022,0.29904524352039785,0.5322971253701592,0.3962227268368764,0.9075871952668166,0.207847226078689,1.0,0.22774252434871345,0.24433014321023805,0.0,0.6574033680066904,0.5424492256378906,0.8212921674167302,0.8275164340507248
166,7079,0.6883605645149053,0.40916588689413896,0.4920889170134639,0.45710852843332317,0.8079832460836547,0.30187741105662236,1.0,0.4904763115659324,0.5805079544634297,0.0,0.2631350211118981,0.3066497862712836,0.869453057760477,0.7771461144782232
167,7120,0.7493588939345635,,0.07344128709660036,0.4005841545749538,0.9437624147077162,0.2015540923489445,0.0,0.3865068521660112,0.4125494741027741,0.0,0.2961354449441491,0.05865627162952664,0.9701320359742358,1.0
168,7107,0.7118578162317731,0.18699349295481582,0.6389714912066646,0.45571303906489424,0.8716211613155123,0.25942428721232735,1.0,0.35887592195721874,0.34654408549916427,0.0,0.21320014882785632,0.2083231532670873,0.9301468010770011,0.7532318055434659
169,7108,0.7118578162317731,0.632371336829172,0.714305980203684,0.47893719761902365,0.8479243711513269,0.2734543864820853,1.0,0.569831023478353,0.36552010109313704,0.0,0.3990446899740585,0.21844521229851618,0.9301468010770011,0.5725003198007196
170,7109,0.8335046471480598,0.34993285110777217,0.5597732959378608,0.39378102939553994,0.8096473859111305,0.3035897260286471,1.0,0.33898892218713594,0.30427805808549924,0.0,0.3156752090847108,0.10599794297873642,0.9518127218666266,0.8079770209287339
171,7085,0.6883605645149053,0.22754283647210558,0.45164534377503446,0.43974374749847345,0.8134637650418033,0.3016585549589027,1.0,0.4028474838536018,0.5960956694236963,0.0,0.5049935389910141,0.3914258516405535,0.8429462157448122,0.8514307429854822
172,7088,0.6814971807890619,0.17494142998533702,0.3174079620274858,0.4444722624472801,0.755623792739484,0.3922829423297818,1.0,0.3011037394344981,0.41589546541354117,0.0,0.3100303929341135,0.5081520363371309,0.9860016052903372,1.0
173,7093,0.45255208973360056,0.2466455199275687,0.3985118677122405,0.40894181604353685,0.8369786003881163,0.27515879613085725,1.0,0.45514418558388847,0.3184827967727881,0.0,0.45419019363564206,0.24334369428469232,0.869453057760477,1.0
174,7098,0.6518232958092514,0.23392317941100482,0.40094768488859933,0.42709549529339275,0.8598433206385637,0.25057390787283573,1.0,0.44769933316916477,0.3439553601742923,0.0,0.5366913049788797,0.2846071967415261,0.8429462157448122,0.8822616494359928
175,7100,0.8335046471480598,0.23101404090736657,0.41016683443920954,0.3887797362795028,0.801018206093582,0.31151899131223837,1.0,0.30618886722319827,0.2920572758773463,0.0,0.3725575553637348,0.05661528497145057,0.9701320359742358,0.8822616494359928
176,7105,0.4817047495775224,0.23973210685337923,0.4245904985296838,0.36433038839998433,1.0,0.16008597375447553,1.0,0.5101327689629608,0.49029709089433915,0.0,0.053408557518922706,0.012643850943735848,1.0,0.8514307429854822
177,7112,0.8335046471480598,0.251631938660422,0.3672064354830018,0.40211396167059055,0.8301201470626136,0.28117506425207495,1.0,0.3825030802437345,0.3016039377065737,0.0,0.5592705695812674,0.14945135582077346,0.9036320434281873,0.9257153714927411
178,7087,0.4817047495775224,0.3333984024199753,0.5140890096762025,0.36035810996723916,0.9781629198170241,0.15626957504803962,1.0,0.39146025728365386,0.44285449959284273,1.0,0.712983159966549,0.48054047958861046,0.869453057760477,0.6594077639142162
179,7113,0.8335046471480598,,0.3854145511769584,0.42023318530645704,0.8220232163628203,0.29321411553408605,1.0,0.44999569442316456,0.38970890074816444,0.0,0.5201910413001445,0.19048417059426692,0.9036320434281873,0.9257153714927411
180,7115,0.7816701763066666,0.19935978348726144,0.34105077566857017,0.3531990513187593,0.8511019144996745,0.17709178118472835,1.0,0.14667812342091824,0.1614509943571325,0.0,0.3612679230625411,0.161818000901682,0.9518127218666266,1.0
181,7117,0.8582324433958022,0.0,0.3638425535640407,0.4065035192114409,0.934773313093969,0.20718185582256132,1.0,0.3262977415997299,0.36121843589232094,0.0,0.32739902615895966,0.11327684276089789,0.9701320359742358,1.0
182,7118,0.8335046471480598,0.08964134584981989,0.3825889602415067,0.42200828774733756,0.7988218171483515,0.32639180631014175,1.0,0.302759491030164,0.4764643751987193,0.0,0.45722969409746805,0.3713248942134845,0.9036320434281873,1.0
183,7047,0.6883605645149053,0.22763244130177301,0.4560302473381071,0.4278918741882092,0.8020594614969149,0.3201471331711181,1.0,0.3135052427651528,0.48797539300835036,0.0,0.46938769594477203,0.41609487304445736,0.869453057760477,0.9257153714927411
184,7092,0.6883605645149053,0.24400751716210692,0.45164534377503446,0.464090241250676,0.7790071467718247,0.33569061494770225,1.0,0.44518712932508897,0.397472395228775,0.0,0.23404257081280333,0.3093843719816425,0.9518127218666266,0.8079770209287339
185,7018,0.6883605645149053,0.2319139279852921,0.47438897198519975,0.44457592168058957,0.7916499276910044,0.32950285334564755,1.0,0.33950779759322236,0.5234513756910324,0.0,0.4290056133444837,0.38642217098198606,0.869453057760477,0.8822616494359928
186,7059,0.26958509991461793,0.43873785608561783,0.6842827747649913,0.3549063289365436,0.8279798712780531,0.2074204910894295,1.0,0.20865741320455222,0.15274800089828156,0.0,0.3321754727634463,0.07968562746781267,0.9518127218666266,0.5277316111213665
187,7061,0.5361897169012327,0.650562798452849,0.6708440258460878,0.48356120450670803,0.8071840464984097,0.29263970174977905,1.0,0.3730865107916136,0.4066930627471885,0.0,0.24533220311399706,0.08565887579250102,0.869453057760477,0.668732778856004
188,7064,0.45255208973360056,0.24642659230620478,0.4767700470365016,0.39835894692896623,0.8473320210333561,0.2614458689017751,1.0,0.4398122679525326,0.2736206945747547,0.0,0.47199301163354335,0.1914108731618734,0.869453057760477,0.9257153714927411
189,7066,0.8335046471480598,0.2564466218984464,0.499940907199288,0.4039879668930578,0.8169122466971863,0.29854362582686633,1.0,0.33890252817612254,0.33123829888823286,0.0,0.5249674879046309,0.25985526964659283,0.9036320434281873,0.8275164340507248
190,7071,0.4817047495775224,0.38226079019505405,0.4813774416562334,0.39049730475248035,0.9598672926181399,0.1931282552274387,1.0,0.506741409052357,0.6633691141430695,1.0,0.5714285714285714,0.33650629565510387,0.9701320359742358,0.7771461144782232
191,7078,0.45255208973360056,0.6589461319769394,0.7982769620648861,0.4191884418722954,0.8475933318440759,0.26415940621759537,1.0,0.7145221368300504,0.3404199646376225,0.0,0.486756329169618,0.34156906859893316,0.8429462157448122,0.4095584929624623
192,7032,0.7493588939345635,0.3075067182738667,0.5165436379277445,0.39248062488867164,0.9566200207732607,0.19398830123116628,1.0,0.48957469718444746,0.5379652007556613,1.0,0.3617021078355962,0.17666590999156692,0.9701320359742358,0.6789471770362071
193,7125,0.7493588939345635,,0.0,0.39322326825331155,0.9507892075152294,0.19165333858889255,1.0,0.34079272927880533,0.39788600545603203,0.0,0.2917932866379376,0.05664846396385795,0.9701320359742358,0.9257153714927411
194,7035,0.4817047495775224,0.2134810626368539,0.42264634525502465,0.3619422939421537,0.9879648363518774,0.15856869286896047,1.0,0.4774278664413081,0.51940454503775,0.0,0.6951801349182076,0.4677950153336487,0.869453057760477,0.9257153714927411
195,7062,0.6814971807890619,0.49645390419028435,0.4283749501331661,0.45769382464318853,0.7559179738786964,0.3783175023884905,1.0,0.3655115329348815,0.3808574321868907,0.0,0.24576638788705218,0.4776372814433264,0.9701320359742358,0.8822616494359928
196,7037,0.4817047495775224,0.3586605695220722,0.5098672009589315,0.3773335309337219,0.9752755697683435,0.1770116128529058,1.0,0.4531944078389578,0.5506652913199814,1.0,0.5722969409746816,0.09565037780745814,0.9860016052903372,0.725114210224383
197,7068,0.8335046471480598,0.30868242881515157,0.5132579985088492,0.4397933779383697,0.7533111896333673,0.40103322468404623,1.0,0.2871663582225946,0.4148146657927002,1.0,0.30004341847730553,0.40783197593830683,0.9701320359742358,0.7028614859709643
198,7074,0.6814971807890619,0.797275066166472,0.5416323882262978,0.43319746405040294,0.7224617650044669,0.48817550186557956,1.0,0.46779704635983277,0.33575304991023525,0.0,0.4589666402401287,0.6721823059312764,0.9301468010770011,0.5630100464373469
199,7082,0.8335046471480598,0.2243629982406872,0.34520634282026325,0.3975565480908637,0.8219534878662884,0.2896600851731964,1.0,0.3854453984911117,0.3019756272755242,0.0,0.5653495705049194,0.26357471976072416,0.0,0.9257153714927411
200,7083,0.8582324433958022,0.2583303097927986,0.4406477225796021,0.4029027845989095,0.9045876188967957,0.20991469403602347,1.0,0.2384499232650924,0.2531372923524169,0.0,0.6409031043279545,0.4393161814705202,0.8429462157448122,0.8079770209287339
201,7084,0.8335046471480598,0.2071236937598955,0.35305833300608735,0.429562456816032,0.7715603311678971,0.36978272487739383,1.0,0.26603728340432364,0.5506899315758558,0.0,0.1589231182376032,0.265454821909514,1.0,0.8275164340507248
202,7089,0.4817047495775224,0.6785902258953028,0.7664090556788956,0.3702894415141147,0.9881564186660653,0.1682819871813761,1.0,0.6721806977586378,0.6871890218039745,1.0,0.0,0.012550693371324185,0.869453057760477,0.398832542187302
203,7008,0.8582324433958022,0.27945539210753895,0.5729081291618882,0.4097903395027169,0.9271485305117146,0.2096279362621667,1.0,0.2912460123311158,0.3335332719332966,0.0,0.32522799876846387,0.10617169812700747,0.9701320359742358,0.8275164340507248
204,7009,0.7118578162317731,0.5481413877312646,0.5985279179682351,0.5308070394223272,0.8059183384523962,0.34448803068445,1.0,0.2390362592523947,0.4663183346335782,1.0,0.48284845916168173,0.44355623175102304,0.9036320434281873,0.668732778856004
205,7017,0.7118578162317731,0.42176224929209566,0.6788305942040641,0.5290722962082122,0.7920699504874186,0.31888275417352063,1.0,0.2692552512663483,0.3108794021902025,0.0,0.34303081676636493,0.13061577476494324,0.869453057760477,0.7336923924214751
206,7116,0.26958509991461793,0.2117131713175592,0.35677637697299236,0.33564848728199925,0.8059840791093822,0.1582994820616077,1.0,0.09235890738790375,0.12830189711121842,0.0,0.4550585631817523,0.380385874063938,0.9518127218666266,0.9257153714927411
207,7094,0.6518232958092514,0.4104327068352601,0.6777763230111794,0.4168946690198898,0.8600116601205744,0.25059429245843656,1.0,0.4629709567653477,0.31170558406349846,0.0,0.4442031156536137,0.26169138826302585,0.8429462157448122,0.7430174073632629
208,8037,0.0,0.9441880439844759,0.8398885861907066,0.09468677066871234,0.9779945803350133,0.06748428138936813,1.0,0.38813264451644636,0.5534613319209476,1.0,0.933130782789388,0.6771476864268445,0.0,0.05222919430564077
209,8021,0.0,0.7316507567136282,0.6803925887932166,0.12914074776105566,0.8432759221069165,0.1137178003471353,1.0,0.44170173352651454,0.6855978020179883,1.0,0.9522361551064538,0.6384875621657838,0.6784442506275288,0.25477321000711073
210,8019,0.0,0.9213766520413014,0.8517759034258116,0.11758231276588871,0.8435100022459133,0.1060984707868935,1.0,0.344059998661817,0.40295825185842427,1.0,0.7772470614883902,0.5059872533557608,0.7125442614903211,0.10625514480878573
211,8001,0.0,0.43899095779248737,0.40332875993990125,0.1038384141468055,0.8941412269228468,0.08593791696262087,1.0,0.1250767094603752,0.2572508245959695,1.0,0.7993921413177227,0.5921059022633446,0.6784442506275288,0.5807482395941909
212,8006,0.0,0.16857126536663974,0.279617045909487,0.11493289536853701,0.758259459473761,0.15264186888937248,1.0,0.15303461720925704,0.22818219117409044,0.0,0.874945675140758,0.5599303472485808,0.7390115964200016,0.6963643413004936
213,8052,0.0,0.5786045795469154,0.4790987865072429,0.12041013256229582,0.9823817185687043,0.05511024953214294,1.0,0.08833217797939907,0.1777558983170915,1.0,0.6973512658339234,0.5504815327815906,0.6784442506275288,0.6220797127932347
214,8020,0.5406557772729131,0.07075456557386724,0.17052538783428509,0.11414492162551293,0.6348385181259824,0.2578699324689997,0.0,0.19968743019640123,0.24136791739057384,0.0,0.44680843134238457,0.08070445469356227,0.7947952132712555,0.7532318055434659
215,8041,0.5406557772729131,,0.0,0.11754304419772754,0.6662241797121826,0.21193504300246113,1.0,0.30891706671949504,0.23796391868171973,0.0,0.516283171292208,0.14703142227115676,0.7789425991309047,0.8822616494359928
216,8055,0.0,0.26483423909011805,0.37968594629881686,0.1272458506380184,0.842995356303565,0.11958544371326774,1.0,0.30432617821515817,0.4724633570817245,1.0,0.9153277577410475,0.5923926034386537,0.7125442614903211,0.5612088264721999
217,8032,0.0,0.6481617387790152,0.6749125437960961,0.13873784968920722,0.7496903806564281,0.14883921310093018,1.0,0.22564358222475223,0.35456374490548404,1.0,0.8970907549700906,0.611165720055479,0.7125442614903211,0.273152035418579
218,8017,0.0,0.7802507230666198,0.6963555542533466,0.11745959274416562,0.7782929428361981,0.13810711563128142,1.0,0.21531676348818318,0.2863830665826026,1.0,0.8653929889822247,0.5514938055868304,0.7390115964200016,0.2283299950311526
219,8043,0.0,0.38261033864820865,0.25406511069539867,0.11361892975871724,0.7379646653006042,0.1754399940570801,1.0,0.21058800606789263,0.21416477843114512,1.0,0.9318280214197812,0.6151489418348888,0.7606458862803938,0.8079770209287339
220,8016,0.0,0.0,0.17052538783428509,0.1332968985405275,0.8368102609061057,0.10445012692991273,1.0,0.40161060394118386,0.3564982645922392,1.0,0.8775509908295283,0.6321175401245478,0.6784442506275288,0.8079770209287339
221,8023,0.5590118060989652,0.0,0.17052538783428509,0.1019350536832172,0.8590730035422661,0.1354653892509574,1.0,0.04944684627117313,0.16821889736214424,0.0,0.8119843279380821,0.6474769314169607,0.7125442614903211,0.6252790567992559
222,8059,0.36500733606707714,0.1872844456395196,0.3174079620274858,0.14018342079594304,0.7209852196516334,0.16695931761301686,1.0,0.1699721811217676,0.2724255787477651,1.0,0.8102475888458616,0.5700900984109197,0.7390115964200016,0.5594373801050112
223,8015,0.0,0.0,0.18984297314940843,0.11415618054705512,0.935820208154072,0.06169822199263386,1.0,0.10715441414228966,0.1918545170017757,1.0,0.8050369574683198,0.5239988550110533,0.6784442506275288,0.7771461144782232
224,8049,0.5165460625335851,0.0,0.20617575881288663,0.13080491648382597,0.7459284628692001,0.1850230480826225,1.0,0.22458120203606824,0.21820658417510674,0.0,0.863221858066509,0.4519050526178067,0.7606458862803938,0.7645232988719857
225,8036,0.0,0.5174507845392519,0.5273017648072774,0.1449658065520144,0.7855634432790237,0.10265138352374525,1.0,0.29095929536558196,0.3599117201846713,1.0,0.8297871459359827,0.5764685924076659,0.6784442506275288,0.3965026664028639
226,8060,0.36500733606707714,0.23862735290817638,0.3638425535640407,0.14197927067042426,0.718322322245634,0.1606077576414855,1.0,0.19231317187741115,0.27285232459075726,1.0,0.812418512711137,0.5712963667520955,0.7390115964200016,0.5189525477686241
227,8007,0.5165460625335851,0.18921350161399514,0.32257744486569473,0.1347954553186096,0.6910976944332179,0.20398520221128114,1.0,0.2873167906157241,0.19903645551993576,0.0,0.630047863850256,0.035429737905697055,0.7947952132712555,0.6354934549794589
228,8008,0.5406557772729131,0.0,0.17052538783428509,0.12325479678994744,0.6516791909869843,0.2679730256997861,1.0,0.2627758248389589,0.24098912532103678,0.0,0.34042550107759406,0.009180960431009785,0.7947952132712555,0.8514307429854822
229,8051,0.5406557772729131,0.2771210489048195,0.3062446592022165,0.1143599258421345,0.6837262469825927,0.2152184342562402,1.0,0.6467196574619383,0.30025345127376,0.0,0.45419019363564206,0.04614102200541218,0.7789425991309047,0.6354934549794589
230,8067,0.3951835635291076,0.2158476020202528,0.3367255473426092,0.13440787961957656,0.7780027495365307,0.14394825387880994,1.0,0.2208278848061178,0.404157565765041,0.0,0.901867201574577,0.5550777722702764,0.7125442614903211,0.6594077639142162
231,8062,0.0,0.4887075915674645,0.4602408695082853,0.13100562743605437,0.8368006334097898,0.1119980270741796,1.0,0.656107743532069,0.482229441362911,1.0,0.8792879369721895,0.6189472424106495,0.6784442506275288,0.4651750144898451
232,8061,0.3951835635291076,0.0,0.17052538783428509,0.1297980772008388,0.791957724166078,0.14993898767408775,1.0,0.19118711103403596,0.2893738364989301,0.0,0.8949196240543749,0.5399131612976082,0.7125442614903211,0.6467849483079785
233,8029,0.0,0.2706485364668198,0.40565749941064255,0.13239748408670937,0.6246750279777042,0.2584729865299151,1.0,0.2346961588152,0.2613425832191858,0.0,0.34042550107759406,0.00382541202076502,0.7947952132712555,0.59943370345566
234,8003,0.0,0.33145563688690755,0.3767011466471717,0.1408551725991577,0.7584975274523034,0.13231279205647795,1.0,0.3488240914192162,0.4065460530150271,1.0,0.8897089926768322,0.6309242847953438,0.7125442614903211,0.725114210224383
235,8014,0.4079913363254404,0.12454751471184236,0.17052538783428509,0.14702933872946,0.7254244832064496,0.134058242211615,1.0,0.2791068721949832,0.3454260140250729,0.0,0.923143704807359,0.6302295055490107,0.7125442614903211,1.0
236,8018,0.5314139445041567,,0.0,0.12264911591163064,0.7628092975326921,0.15683166969574813,1.0,0.1980626742269168,0.27882892321656316,0.0,0.9274859666387909,0.5980772467213936,0.7390115964200016,0.7771461144782232
237,8054,0.0,0.5629551525863525,0.20617575881288663,0.1179538672296957,0.8069652335124994,0.12296714221059402,1.0,0.2953819703218076,0.35452451376254324,1.0,0.8914459388194935,0.5404511702148852,0.7390115964200016,0.725114210224383
238,8058,0.0,0.0,0.07344128709660036,0.1353031823483174,0.7994991629159399,0.12354764200958357,1.0,0.3012688206987233,0.6784981862685129,0.0,0.9526703398795091,0.6439840291018291,0.0,0.8079770209287339
239,8002,0.0,0.530701022427386,0.4642905362206865,0.11925462488660521,0.8955424041223784,0.087982215818184,1.0,0.2476203503253921,0.3215824752623052,1.0,0.7755101153457298,0.5334444717939717,0.6784442506275288,0.5238807753512185
240,8065,0.5406557772729131,0.10415051727498144,0.2869270738870932,0.11966189079371181,0.6408263915524827,0.26038939053711085,1.0,0.1799883079390231,0.23964456917447718,1.0,0.4585322484166334,0.044536839076334975,0.7947952132712555,0.7645232988719857
241,8063,0.39779337012074095,0.0,0.22032386128980105,0.11328682040805516,0.7269843723916757,0.1988634297042886,1.0,0.2770620863881764,0.26924388005616773,1.0,0.7572731125747738,0.2611535109194097,0.7789425991309047,0.7914566825269261
242,8022,0.0,0.0,0.14688257419320072,0.12650768601574847,0.787795038575068,0.15143462230177973,1.0,0.2215341492094537,0.3067777927359052,0.0,0.9465913389558571,0.6065796605993602,0.7390115964200016,0.8079770209287339
243,8066,0.5406557772729131,0.0,0.17052538783428509,0.11281686179344919,0.6693881077246694,0.23867097753722177,1.0,0.30756878240694996,0.31210647402155645,0.0,0.486756329169618,0.06266890439732667,0.7789425991309047,0.8822616494359928
244,8004,0.0,0.4675718002430703,0.34105077566857017,0.12318113782332107,0.8589318947319784,0.10973678334617731,1.0,0.4257098692761876,0.5053038029557351,1.0,0.7837602471850975,0.6219030647396623,0.6784442506275288,0.6428874255124083
245,8009,0.5406557772729131,0.44776035385794294,0.4767700470365016,0.12107181387201182,0.6945926617529554,0.20151864365260264,1.0,0.22546568196586247,0.19338004528859054,1.0,0.6882327644484452,0.04474364446324885,0.7789425991309047,0.5177551044154516
246,8010,0.0,0.4716152517026299,0.4338096480802939,0.10470121584646475,0.8378940141342472,0.11944588445697613,1.0,0.07042919622896826,0.1852108412061796,0.0,0.7859313781008133,0.6037572585543932,0.7125442614903211,0.6220797127932347
247,8011,0.0,0.5609810129682781,0.5350493159696716,0.13438342195183262,0.8678144096811551,0.0814037218316761,1.0,0.20700216864494814,0.24646328896968095,1.0,0.8293529611629278,0.6264289871656885,0.7125442614903211,0.3908903859825862
248,8012,0.3951835635291076,0.14556118277236624,0.22032386128980105,0.1257544793672144,0.734206735352922,0.18250831340942542,1.0,0.163125961391127,0.21825986403204112,0.0,0.8736431208215925,0.4303646882742242,0.7789425991309047,0.7645232988719857
249,8013,0.328516562497842,0.25862162421880425,0.44229044355794794,0.09978729129016439,0.8581094523145563,0.15481008067489954,1.0,0.03791301493961774,0.16400062672086124,1.0,0.7989579565446678,0.36740151776757324,0.7606458862803938,0.6220797127932347
250,8053,0.0,0.31728911884594635,0.300188532020952,0.09849610309076551,0.9525599340072753,0.05693774025215803,1.0,0.26220884706099734,0.3534461897452009,0.0,0.8050369574683198,0.7056984637561048,0.0,0.8514307429854822
251,8057,0.3951835635291076,0.0,0.22032386128980105,0.12645261180507983,0.7620894539402945,0.16610056688719488,1.0,0.17418439308175238,0.2597999930975404,0.0,0.9418150994018106,0.5735279301330648,0.7390115964200016,0.8275164340507248
252,8044,0.4079913363254404,0.4130240216151982,0.2717650557236629,0.14395529274137242,0.7193924601379144,0.1493705804323644,1.0,0.23094088515320643,0.30140583921065733,1.0,0.8914459388194935,0.5789630951173695,0.7390115964200016,0.7171720540196672
253,8031,0.5406557772729131,0.45956252686495125,0.48024423961684887,0.11834539028871294,0.7194718161307618,0.17262499718997315,1.0,0.24879336913456662,0.20697897458562098,1.0,0.8315240920786435,0.445556751866338,0.7789425991309047,0.4842778890646183
254,8056,0.5165460625335851,0.0,0.1164016860528081,0.13458944938363693,0.7431629666381763,0.17364051091347155,1.0,0.1963012718363838,0.26535643128818454,0.0,0.869300858990161,0.5183733406662578,0.7606458862803938,0.9257153714927411
255,8045,0.0,0.675458944340395,0.5280299696028954,0.12681660010375484,0.8630152243301409,0.10731035627369034,1.0,0.334489946688172,0.5148399272683244,1.0,0.9044725172633481,0.6329953218080132,0.6784442506275288,0.4130870442838176
256,8046,0.4211705665827852,0.0,0.07344128709660036,0.12434007005176972,0.634322220366408,0.2998644233224772,1.0,0.24145876004085765,0.2921144584948775,0.0,0.3795050293587172,0.03512786351185851,0.7947952132712555,0.8275164340507248
257,8047,0.39779337012074095,0.13516965984656937,0.20617575881288663,0.10991159448438859,0.702312067481144,0.2570429896095672,0.0,0.29508812183137134,0.442569398845693,0.0,0.5935736512579037,0.11510246824534835,0.7789425991309047,0.7914566825269261
258,8025,0.0,0.3938756242886247,0.3322162123140422,0.10884636402869463,0.7829702743695559,0.1642703979052731,1.0,0.12737805118779932,0.18090319905084573,0.0,0.9083803872712843,0.6059927146649645,0.7606458862803938,0.7914566825269261
259,8048,0.0,0.5469764109680161,0.49410713766666586,0.11142634949424901,0.7865910833464952,0.13783881673061216,1.0,0.14198296930802157,0.22076781954900393,0.0,0.8028658265526041,0.5514720568637047,0.7390115964200016,0.6391266864816243
260,8024,0.0,0.4237788596641468,0.29376514838640144,0.1236745889618539,0.809043756479619,0.1348708465789914,1.0,0.3322261569323728,0.41583410850720215,1.0,0.9448545998636366,0.6071965052828953,0.0,0.6252790567992559
261,8064,0.5165460625335851,0.0,0.14688257419320072,0.13597942065498458,0.7237507158826574,0.18045944826263516,1.0,0.21485626919577827,0.25015806376927086,0.0,0.9083803872712843,0.6113443804518487,0.7606458862803938,0.8822616494359928
262,8050,0.0,0.5980178285857218,0.5714730727228845,0.09850371335913188,0.8891560989144147,0.12601505481981956,1.0,0.07526321599699126,0.1909800180525042,1.0,0.9209725738916432,0.6844870736805563,0.7125442614903211,0.38590483287567134
263,8026,0.0,0.0,0.14688257419320072,0.12303217858550208,0.7910190675877702,0.1426667081952928,1.0,0.2751579349814255,0.35400238202826906,0.0,0.9834997363212643,0.6660069564233134,0.0,0.7771461144782232
264,8027,0.5165460625335851,0.43547406789617155,0.4910652048884324,0.1265654917892397,0.6940780158106069,0.22761283938101706,1.0,0.34203837009417803,0.18300860799598573,0.0,0.5254016726776858,0.019264884629251838,0.7789425991309047,0.5086287365465932
265,8028,0.0,0.11593880237198864,0.279617045909487,0.10302682953365394,0.9074092282884902,0.057741506122712005,1.0,0.15323942321143214,0.2580574886704977,0.0,0.8341294077674142,0.6274820120838496,0.0,0.8275164340507248
266,8030,0.5406557772729131,0.15116031268963495,0.279617045909487,0.11649106235420559,0.6252594024165843,0.257350547090788,1.0,0.19521945203903623,0.2352511083061677,1.0,0.43855829950301684,0.08263975617780193,0.7947952132712555,0.8514307429854822
267,8033,0.5165460625335851,0.0,0.1164016860528081,0.1378132480571138,0.7328520438177453,0.16806088159660693,1.0,0.17142309215681095,0.28472736552371636,0.0,0.8614851189742889,0.6251320988771547,0.7390115964200016,0.8275164340507248
268,8034,0.0,0.13456703514381274,0.24396667493088547,0.10551897789640574,0.8171134565076899,0.15242275257604976,1.0,0.07948058092332033,0.15103254123600074,1.0,0.7863655628738682,0.5501350491200929,0.7606458862803938,0.7914566825269261
269,8035,0.0,0.15869508420251424,0.22032386128980105,0.09349806297777963,0.9027279089155866,0.13546154090939777,1.0,0.04379649752031067,0.23023936324636363,0.0,0.7650890596410862,0.3270988106062393,0.7606458862803938,0.6159540418574678
270,8038,0.0,0.0,0.18984297314940843,0.12656072479403024,0.8939865027766977,0.08876929800405775,1.0,0.2650451300952701,0.3406800984371534,0.0,0.8371689082292402,0.6226698754711874,0.6784442506275288,0.7028614859709643
271,8039,0.16049826768275205,0.17504994183797637,0.3062446592022165,0.14396812270120385,0.7526530988584107,0.12289610528623429,1.0,0.4286578956022774,0.47863695464073686,1.0,0.8940512545082646,0.6347205603990436,0.7125442614903211,0.7914566825269261
272,8040,0.0,0.4554054393388566,0.4629577717208968,0.10682895548823057,0.7883329273495937,0.19478773342170852,1.0,0.13980899305909167,0.22390209755671842,1.0,0.6365610495469631,0.1351542626487414,0.7789425991309047,0.5226273100076635
273,8042,0.0,0.0,0.17052538783428509,0.12745757541979585,0.9281857980755018,0.04773773424655792,1.0,0.07903692908520177,0.1580196965628503,0.0,0.5614417004969832,0.5911409679551445,0.6304410739041073,0.9257153714927411
274,8005,0.0,0.49796742001436806,0.46690680200272383,0.09257832257141552,0.9612548544818099,0.09378127649789891,1.0,0.1626235079933115,0.25666488435615964,1.0,0.8358663539100746,0.6852164303888104,0.0,0.5264325641232666
275,9005,0.0,0.7950400253005231,0.8688191677346246,0.3062307546941937,0.4088060755459296,0.18209643463484926,1.0,0.6595934292610395,0.8094811295051201,1.0,0.8171949593156238,0.45732875288956343,0.7606458862803938,0.13679628708949143
276,9007,0.0,0.876472874857394,0.9496228500042857,0.31025623716870665,0.3976727103080765,0.1866522119808982,1.0,0.5520393599311503,0.715579007799544,1.0,0.8293529611629278,0.501557492439085,0.7606458862803938,0.10410077273794838
277,9015,0.0,0.7995264772800686,0.8788884994251488,0.3063195924911749,0.40150834443138084,0.18040507091540814,0.0,0.7846325142440018,0.7909342746122985,1.0,0.8349977773135244,0.5091785724952195,0.7606458862803938,0.08546851818218604
278,9017,0.0,0.6914738372774941,0.7818308572668726,0.30802826622301593,0.40347065323761466,0.18397339799256973,0.0,0.6077688942770845,0.6591944571976451,1.0,0.8497610948495995,0.5312685338695164,0.7606458862803938,0.18961836139580934
279,9013,0.0,0.7351253206334345,0.767171313503942,0.31053825647459654,0.3868896393701061,0.18465078838189486,1.0,0.7960326456704655,0.5905127812434015,0.0,0.7546677968860027,0.4676184658163875,0.8212921674167302,0.24621865176363855
280,9003,0.0,0.7899988793016507,0.7758447356254463,0.30773380490379354,0.39203347936423316,0.18069130750126705,1.0,0.6888611242402858,0.8862459429259266,0.0,0.8024316417795487,0.44136855007878595,0.7947952132712555,0.14577523301593487
281,9008,0.0,0.5415937553741097,0.6670047152001835,0.30503754272691086,0.38337142921819156,0.173438199413271,1.0,0.5824688315341704,0.6905148883468537,1.0,0.6730352621393154,0.34646157469398636,0.8212921674167302,0.29899738876217474
282,9009,0.0,0.538077972856484,0.6741843390004781,0.3133419316863454,0.3798396037304156,0.18724518616819652,1.0,0.51931719104561,0.5053369348360146,0.0,0.7407728488960379,0.4830866193400564,0.8212921674167302,0.3908903859825862
283,9010,0.0,0.7263227317752926,0.7811008279537472,0.3047849797492367,0.3895525367761058,0.1746530482772617,1.0,0.7394155838570264,0.7649434336053461,1.0,0.6891011339945561,0.23442992741309915,0.8212921674167302,0.16821891763704178
284,9014,0.0,0.7621237315651089,0.7404460022967838,0.3067408737347562,0.3964438604301014,0.17985318345886414,1.0,0.7587631109531432,0.8206180753776996,0.0,0.8280504068437622,0.5037475350376915,0.7947952132712555,0.13229618304879753
285,9011,0.0,0.6908548297246501,0.7873713235089737,0.3126882311042777,0.39299139093517277,0.19037561551746074,1.0,0.556468092648797,0.6851208310716662,1.0,0.8310899073055882,0.49753366537858273,0.7789425991309047,0.2620794799908439
286,9006,0.0,0.7724922730038044,0.778471242242006,0.30850333501773164,0.4003123648818988,0.18404640715376286,0.0,0.599890689550014,0.7158349980859987,0.0,0.8410767782371764,0.5249221840816416,0.7606458862803938,0.1633558410592878
287,9002,0.0,0.9125243130561778,0.7806336311874162,0.30449300455293293,0.4049375710941322,0.17804787597741334,0.0,0.6944848462399067,0.8828834679568918,1.0,0.8441162786990024,0.5276742183169779,0.7789425991309047,0.2171025029378355
288,9012,0.3941394705475086,0.7233581024705406,0.8036861737715303,0.30767637091238187,0.3790171613129937,0.1772838458428505,1.0,0.5439051680556596,0.5893305261592253,1.0,0.7047330281271809,0.39910103302678523,0.8212921674167302,0.14877844361571857
289,9004,0.0,0.6967352642048305,0.6613846580015398,0.3029478431732474,0.3864736044132373,0.1707809651997083,1.0,0.6406191156032504,0.7053526728450534,1.0,0.6947459501451527,0.3989763812003469,0.8212921674167302,0.31642365026895747
290,9016,0.0,0.8400770052056163,0.7568904353685809,0.3047451069028476,0.3987564635362181,0.17694665239340934,1.0,1.0,1.0,1.0,0.8310899073055882,0.495948568697743,0.7947952132712555,0.14375828603153784
291,10009,0.4505843000360231,0.1518348521692153,0.24396667493088547,0.14277203694384,0.6387013829210089,0.19011868141263655,1.0,0.5267123758146266,0.2546981167240119,0.0,0.6982196353800336,0.1457406398237114,0.7947952132712555,0.8514307429854822
292,10017,0.43261540534957466,0.2196619193401336,0.3767011466471717,0.14462288073967777,0.6936307623424707,0.16128641113856568,1.0,0.2510610292104054,0.24885973423932717,1.0,0.722101661352027,0.4047281507991279,0.7606458862803938,0.7645232988719857
293,10036,0.0,0.7149675791295147,0.4320288770750036,0.15710273322995694,0.6975978777797474,0.1141843652432013,1.0,0.19503114900592344,0.27530709958649247,1.0,0.8202344597774498,0.5234570877187574,0.6304410739041073,0.6550328681014498
294,10021,0.0,0.23924864962484796,0.3767011466471717,0.17092283428520283,0.5774899489338339,0.19406287856028137,1.0,0.17760603671175323,0.30773279436803613,1.0,0.8198002750043945,0.5158384535271775,0.7390115964200016,0.6963643413004936
295,10034,0.0,0.22431015195935636,0.3492050581584243,0.1406670777056206,0.5264506649791215,0.272245913284765,1.0,0.22193942050443527,0.4363380917179718,0.0,0.319583182617867,0.002114583698456399,0.8212921674167302,0.7771461144782232
296,10024,0.06424242876424843,0.2621128794332157,0.4320288770750036,0.16297161571766627,0.614464367959978,0.19720916338194772,1.0,0.14326322023238225,0.27673239799786964,0.0,0.8410767782371764,0.4193129525095225,0.7125442614903211,0.6391266864816243
297,10012,0.0,0.6002789808139387,0.642478542643126,0.16783713691273483,0.6240883175165051,0.14854375974556433,1.0,0.3952958599119444,0.533606799722252,1.0,0.6817195787517383,0.4657028159949452,0.6784442506275288,0.4808481542887606
298,10039,0.4505843000360231,0.5277699802233474,0.5027416001483273,0.15923572518367857,0.5695517302197354,0.24165050528801668,1.0,0.18157140593333065,0.38581051721760085,1.0,0.7854971933277579,0.4145482734716738,0.7125442614903211,0.566705932174072
299,10018,0.4154179577807316,0.2827442578150688,0.44390808384480707,0.15386720949031385,0.6259055296729054,0.199202516934597,1.0,0.2073363066790881,0.3404272582532839,0.0,0.7577072973478287,0.4135384807887691,0.7390115964200016,0.7645232988719857
300,10011,0.43261540534957466,0.0,0.07344128709660036,0.1554189193757417,0.64810253165208,0.1817966504527635,1.0,0.18159652315064445,0.2797173982203395,0.0,0.8701694355867116,0.43199827175225697,0.7390115964200016,0.8079770209287339
301,10005,0.0,0.7786906832617683,0.8378813947271395,0.165831777208307,0.49852311254462045,0.2868000503132928,1.0,0.47073640552702023,0.37247757253176395,1.0,0.44811119271199007,0.010474497375268295,0.8212921674167302,0.2048002680826454
302,10010,0.24845909045959177,0.059266477176626545,0.20617575881288663,0.154635943033964,0.6851098210067172,0.15676686568221498,1.0,0.1543979599392692,0.23241411814290203,0.0,0.8688666742171061,0.5837973720241515,0.7390115964200016,0.9257153714927411
303,10030,0.26712800018888755,0.0,0.07344128709660036,0.1623962324397058,0.6574611825583414,0.16853291497947365,1.0,0.17656540283922506,0.27781732574995055,0.0,0.8280504068437622,0.5419530519133607,0.7125442614903211,1.0
304,10029,0.26712800018888755,0.0,0.2632842602460088,0.1650342513857409,0.6367968390926704,0.177233561623926,1.0,0.19254229716003812,0.2916474644765257,0.0,0.914025203421881,0.5288980015037784,0.7125442614903211,1.0
305,10023,0.0,0.5289841502840841,0.5841664148538418,0.16301296965157397,0.4351232652913054,0.37423532883936383,1.0,0.1909811493882656,0.2957458692375905,1.0,0.3352149732252723,0.004244390508423578,0.8429462157448122,0.5303779200216894
306,10033,0.20781745610683353,0.20467139906843965,0.3881667417764709,0.1774113480891376,0.4904693638747294,0.23949722283379726,1.0,0.4067543146868693,0.2670082077449589,1.0,0.7116803985969435,0.28504166002752196,0.7606458862803938,0.7771461144782232
307,10016,0.0,0.46437399275128943,0.4486178983668503,0.1744762855304155,0.4994680929847928,0.2377643994824714,1.0,0.4234533360952857,0.3587265499400919,1.0,0.8653929889822247,0.4934434412387908,0.7390115964200016,0.5686027970051493
308,10003,0.06424242876424843,0.0,0.1164016860528081,0.1612504776565845,0.5938465101586614,0.2166372564569219,1.0,0.15936479131675585,0.3274734013011298,0.0,0.7959184560828418,0.42766360904627365,0.7390115964200016,1.0
309,10004,0.0,0.43997109410129737,0.4719531548088408,0.17613001310528797,0.5727123545977706,0.17748015256027339,1.0,0.18763865896852305,0.2682821565205069,1.0,0.7637862982714807,0.5503074289185417,0.7606458862803938,0.5043413622292275
310,10006,0.27281124752689173,0.10304617954500425,0.24396667493088547,0.1799794545524821,0.61369074722923,0.15153488344857924,1.0,0.20804147974077447,0.270784612970125,0.0,0.7998263260907781,0.516629086843084,0.7125442614903211,0.9257153714927411
311,10025,0.43261540534957466,0.06931689412779321,0.14688257419320072,0.14603914319534816,0.6675748834078143,0.16755184210925078,1.0,0.3439326154804161,0.21583165837163687,0.0,0.8532349871349207,0.47141863246461707,0.7606458862803938,1.0
312,10008,0.0,0.47949772638404725,0.5519626695552913,0.1730009292771516,0.5451174932877458,0.2085365124146057,1.0,0.23875797062269188,0.38656615667437355,1.0,0.8640902276126201,0.542771750279472,0.7390115964200016,0.5075407062352487
313,10027,0.0,0.1981269429983228,0.29376514838640144,0.1843762011654545,0.6489176825955054,0.13181603189441016,1.0,0.16112072716328896,0.21932327892665804,1.0,0.9070778329521187,0.6016291742352443,0.6784442506275288,1.0
314,10001,0.0,0.40927669345103346,0.49003150517036037,0.1620087754760916,0.543281026138714,0.2597007261518196,1.0,0.2674178920274325,0.34552764073681697,1.0,0.8067736965605403,0.41159343859451225,0.7947952132712555,0.5686027970051493
315,10035,0.48630747104710814,0.34776504415827547,0.4283749501331661,0.1452229292245174,0.5910000061175646,0.2242833720831059,1.0,0.2853804337056224,0.3440584163658126,1.0,0.474598327322314,0.04053772026204008,0.8212921674167302,0.7028614859709643
316,10014,0.3478176420855702,0.23145604987506013,0.34520634282026325,0.17458384478000488,0.441935917157547,0.2765930139733528,1.0,0.20593414763778228,0.287235192757874,0.0,0.5010854619326377,0.026377360452242708,0.7606458862803938,0.6391266864816243
317,10022,0.0,0.31871475405326277,0.5063642908338386,0.1759392528642444,0.5218005641174852,0.21856771227399552,1.0,0.3878359772630746,0.3631522693108121,1.0,0.8866694922150062,0.6181604621094605,0.7606458862803938,0.538733063501105
318,10038,0.0,0.46310929954981755,0.550211334133102,0.17826759524784286,0.5167264526198896,0.21966244499118281,1.0,0.7377525881606757,0.30469699328076383,1.0,0.9005644402049715,0.621262343922308,0.7606458862803938,0.513094802135306
319,10037,0.0,0.0947676736379237,0.24396667493088547,0.14055809984114032,0.5575477850828802,0.24282922008656005,1.0,0.18113276356532604,0.6963341681072663,0.0,0.325662183541519,0.007227372424922686,0.8212921674167302,1.0
320,10019,0.48630747104710814,0.0,0.1164016860528081,0.14988531039763597,0.5287360374135159,0.2954107773307807,1.0,0.12351826245189479,0.32551138119449363,0.0,0.37038642444801884,0.012219663389640888,0.8212921674167302,0.9257153714927411
321,10028,0.0,0.39035546276875444,0.3736298191175524,0.1661036483021353,0.5834562313453828,0.21385333504458526,1.0,0.20288017333534103,0.3280686734775975,0.0,0.8449848552955526,0.4897107448271579,0.7390115964200016,0.6130176920083639
322,10026,0.0,0.21845102944603384,0.3672064354830018,0.15415672573314232,0.49356521520791086,0.3454553176494084,1.0,0.15797108203196142,0.2621354269824129,0.0,0.16413374961514515,0.006102917887457128,0.8429462157448122,0.8275164340507248
323,10015,0.0,0.3119964065750048,0.3908492491240862,0.16849467815170882,0.617431074001506,0.1737787533884112,1.0,0.23144285305125523,0.3271419782443772,0.0,0.7598784282635445,0.4609233431877505,0.7125442614903211,0.6789471770362071
324,10031,0.27281124752689173,0.213410751171615,0.3736298191175524,0.1809897710815197,0.5884148128871867,0.16842763024996898,1.0,0.17386366733300895,0.2512795282426251,0.0,0.8884064383576675,0.6255700883649463,0.7390115964200016,0.8079770209287339
325,10007,0.0,0.8662972198155983,0.7486256225270465,0.16545440368068942,0.6482170939957399,0.1323141763315041,1.0,0.41563460720424183,0.5136093496177283,1.0,0.8640902276126201,0.5429033989794207,0.6304410739041073,0.37038329075410625
326,10020,0.0,0.2629515275050563,0.3960187319622951,0.16909037479630606,0.5602083464665595,0.22264910817165617,1.0,0.27290808284179746,0.4417660531369044,1.0,0.8406425934641215,0.5824044067406121,0.7390115964200016,0.6428874255124083
327,10032,0.48630747104710814,0.5372724115150443,0.5724319333909151,0.1512943032205113,0.5617161103306612,0.258064400589062,1.0,0.16449840270868965,0.4570911916044743,1.0,0.31220152384982947,0.01592891110402271,0.8212921674167302,0.4574413604231944
328,10013,0.26712800018888755,0.5197159919335241,0.4629577717208968,0.15720035338816218,0.6969069166762973,0.1360161631221788,1.0,0.17549737482818717,0.2741706052924563,1.0,0.6061658378782633,0.4510744867214514,0.6784442506275288,0.6963643413004936
329,10002,0.48630747104710814,0.0,0.18984297314940843,0.14275527119793574,0.5452184402955451,0.2612143199789947,1.0,0.16561692429539865,0.5174643701978761,0.0,0.5445072520451923,0.008268370864923217,0.8429462157448122,1.0
330,11044,0.0,0.7792200103202661,0.6029128215313078,0.2489246931482273,0.4328090103679628,0.1834110882458333,1.0,0.5641095066376712,0.4997877092286651,1.0,0.93920978371304,0.6872606123602878,0.7789425991309047,0.3984406950774132
331,11017,0.0,0.905971486903107,0.8083187534117493,0.24006243568300445,0.43347672863923525,0.1813996712457142,1.0,0.3775221600858327,0.4919668143297671,1.0,0.8966565701970353,0.5350601570851308,0.7947952132712555,0.09352428625502296
332,11037,0.6111931629490474,0.9717853201944849,0.7166564726654558,0.2363582997257424,0.45375790747653044,0.1660240165527882,1.0,0.3224056263525462,0.5427779778162825,1.0,0.8675641198979409,0.5823954485243197,0.7947952132712555,0.2048644994691421
333,11010,0.09111321539507769,0.24666677115836758,0.3985118677122405,0.26513844452791113,0.42498865763197546,0.182685820342517,1.0,0.2945626572155121,0.40841116139613187,0.0,0.8198002750043945,0.6388752359089707,0.0,0.5829133650538523
334,11031,0.0,0.7538075735645963,0.8236386139358622,0.230267719357789,0.43803619419448225,0.1724169823648869,1.0,0.5121606264522063,0.4762087185778444,1.0,0.9357360984781586,0.56752144114576,0.7789425991309047,0.3119687252126786
335,11015,0.0,0.5661928194551079,0.7091802707107334,0.23978227562312637,0.46536342083192284,0.15983986589385246,1.0,0.3583074615033155,0.6588138771524077,1.0,0.764220483044536,0.3919594256060608,0.7947952132712555,0.1802840584126617
336,11034,0.0,0.24987673789974746,0.35305833300608735,0.26273042216005293,0.5175698018471697,0.22058493595020567,1.0,0.31498429000477524,0.29837685795860736,0.0,0.7399044793499276,0.4369183381450659,0.7390115964200016,0.6319793675308782
337,11036,0.0,0.2301561939669299,0.3492050581584243,0.25248912757434894,0.3988574105440168,0.20838648281757255,1.0,0.5361589889602354,0.48933526662650684,0.0,0.8497610948495995,0.6002805915710058,0.0,0.673718331962919
338,11030,0.6111931629490474,0.5929556610942865,0.6209701138820871,0.23573037646194328,0.5072107415451585,0.1589197378884406,1.0,0.3012200652225112,0.3385455559400906,1.0,0.716022660428375,0.46324059130029915,0.7947952132712555,0.3056976994937972
339,11026,0.0,0.5120584634140395,0.5833084880555318,0.23457756340000635,0.4366815026593054,0.1765351351930795,1.0,0.4347322694197169,0.43070710785893296,0.0,0.9040381254398528,0.5729435526584252,0.7789425991309047,0.47670979978473804
340,11009,0.0,0.6451037933030601,0.5996412737190101,0.25129478917294656,0.45704767714621897,0.16653828944265592,1.0,0.4307324603776366,0.721306392191762,1.0,0.8245767216088813,0.42961690458658575,0.7947952132712555,0.34915142155054546
341,11016,0.0,0.3335154602230766,0.48249865191464314,0.24031090641130481,0.39968384080098396,0.2066731702243858,1.0,0.5790867509838702,0.4056479350726834,0.0,0.9122882572792215,0.5810407143163995,0.0,0.6046625485289482
342,11024,0.0,0.261777318458999,0.36036836098369357,0.2415753758674356,0.4203810545951483,0.19117097713729736,1.0,0.4535696283516013,0.5315102619946623,0.0,0.9335649675624429,0.6325172717820909,0.7789425991309047,0.5303779200216894
343,11029,0.0,0.5532522324633486,0.48024423961684887,0.24366696589656123,0.5155553677198106,0.17924189874560414,1.0,0.3768407145547321,0.3265310039606837,1.0,0.7993921413177227,0.5316242425163247,0.7606458862803938,0.4681316175876462
344,11011,0.0,0.690080001962388,0.6599317975001339,0.2511938818040017,0.42450688201812004,0.18900570727297428,1.0,0.4296937765549024,0.45934705352768435,1.0,0.8467215943877735,0.6494707525534772,0.7789425991309047,0.34129749295035283
345,11027,0.0,0.9390022894902973,0.7133004838727838,0.24468123094707483,0.434028232749622,0.18225008928718456,1.0,0.47749584495163855,0.6831192581365537,1.0,0.895788200650925,0.5773841526144121,0.7947952132712555,0.18407946584542112
346,11025,0.0,0.7054484888697753,0.7613160458722928,0.22774875691096097,0.4342470457355322,0.17630042519964007,1.0,0.5357283821885157,0.4291090820160953,1.0,0.851063856219205,0.5253755278782885,0.7947952132712555,0.3980502754647127
347,11003,0.0,0.7227200457755204,0.6865826283629554,0.2506364533856237,0.4744743762633268,0.17281480219987788,1.0,0.37903266626807786,0.484368796078099,1.0,0.7650890596410862,0.5065169347805135,0.7947952132712555,0.17881282494555129
348,11004,0.0,0.6415031813901619,0.623062350172732,0.25879899737013534,0.43660778632322894,0.1782005541951841,1.0,0.34135306381748787,0.436140198916939,0.0,0.8701694355867116,0.5279431860186039,0.7789425991309047,0.38590483287567134
349,11005,0.0,0.8984355682377732,0.6350804769531918,0.25628403822555834,0.4483952544964933,0.1711501033787639,1.0,0.343910133680556,0.525228881550521,1.0,0.9101173334139447,0.5448966739342983,0.7789425991309047,0.26044824507092823
350,11043,0.0,0.24163917421690218,0.3854145511769584,0.25731589268499067,0.5304971364092459,0.21796114524768884,1.0,0.2519237225557863,0.26961563171571146,0.0,0.5336518045170537,0.2628842211725019,0.7789425991309047,0.5630100464373469
351,11022,0.0,0.528550702573166,0.48793334986177095,0.23075502495698752,0.5064676551205839,0.14769908500042983,1.0,0.37039237991755514,0.3514283885691969,0.0,0.7920103790244652,0.5262181130020072,0.7606458862803938,0.4825493021521746
352,11014,0.0,0.5764333218823452,0.7371703675915428,0.24456367304159177,0.4865560255758036,0.16767926405400013,1.0,0.8273502980614981,0.3976386841484413,1.0,0.788102509016529,0.45994723128800885,0.7947952132712555,0.26142400354284157
353,11045,0.0,0.0,0.32257744486569473,0.26261678713380465,0.538673423101887,0.23495742720457402,1.0,0.3235446440838874,0.25515474630196455,0.0,0.4550585631817523,0.12904122700599777,0.7947952132712555,0.6902386703647267
354,11001,0.0,0.5786838681024478,0.6021944907751817,0.23817673301505093,0.412587932530883,0.19536590181402147,1.0,0.591295979636876,0.41990098547011145,1.0,0.9083803872712843,0.5579158829221673,0.0,0.41398763836644614
355,11033,0.0,0.46444964222055674,0.6493935901793763,0.25144800308949844,0.5248250351369093,0.20101414387620586,1.0,0.29626147598641983,0.2897599807671982,1.0,0.6135476001715205,0.31362719887339774,0.7606458862803938,0.27182371338064415
356,11006,0.0,0.0,0.1164016860528081,0.26746294001558624,0.5366646286312989,0.2446669826209169,1.0,0.4328347848839136,0.26406920563338676,0.0,0.3152410243116557,0.20179059227862362,0.7947952132712555,0.725114210224383
357,11002,0.0,0.6166713284749733,0.66014057270205,0.25858500582717425,0.3983484042584392,0.20673395460297628,1.0,0.4445069388617019,0.42431854948172587,1.0,0.7564047430286636,0.3539625537613317,0.7947952132712555,0.3584315485062691
358,11012,0.0,0.4483903427377076,0.5484305631278117,0.23511063077041972,0.41544241225107037,0.19145740088144403,1.0,0.8334681026399328,0.3746877587606251,0.0,0.8484585405304343,0.5094823875287058,0.7947952132712555,0.5873794306425648
359,11013,0.0,0.6972706970105668,0.4486178983668503,0.2565575492554276,0.5061791136381424,0.20135872005913025,1.0,0.2738381060573962,0.3297720653038524,0.0,0.851063856219205,0.5357741031428728,0.7390115964200016,0.5064636110869319
360,11007,0.0,0.9594492421822869,0.7870570148219668,0.2532199320165961,0.43888751910085244,0.1781296459405799,1.0,0.4287590064130533,0.6045230041013901,1.0,0.8797221217452444,0.6010233422871586,0.7789425991309047,0.12191276324579492
361,11019,0.09111321539507769,0.36415743866113365,0.5098672009589315,0.2627102815335688,0.4194848958416497,0.1885489183455391,1.0,0.34494269236244335,0.3671144340231667,0.0,0.7394702945768723,0.3927421646677063,0.7947952132712555,0.5477950842859758
362,11035,0.0,0.6674072052185531,0.6169713985439261,0.24778110016496624,0.4438630196129686,0.1753704444242592,1.0,0.7218598634686362,0.49495091826226056,0.0,0.914025203421881,0.5860202595331949,0.7947952132712555,0.3855574417605966
363,11018,0.0,0.5668386249623713,0.5484305631278117,0.24945964771706264,0.41426568769422045,0.19673786321178,1.0,0.4263793111049715,0.4569272289339197,1.0,0.854103356681031,0.518969921799338,0.7789425991309047,0.4295326736793502
364,11008,0.0,0.5317347779156932,0.5675484247632663,0.23036055534139066,0.41693257293976493,0.18666324585681382,1.0,0.4332665280919903,0.38866981853624805,0.0,0.8523664105383706,0.5010938671797733,0.7947952132712555,0.5612088264721999
365,11041,0.0,0.5336400869539585,0.7742227886407291,0.24941389335222952,0.39013924723730486,0.21637011032601494,1.0,0.39004728933148414,0.5182404776321989,0.0,0.8666955433013903,0.5088571001395966,0.7947952132712555,0.41353639532016073
366,11028,0.0,0.5566762613247989,0.6437034508600855,0.2536090397261149,0.4062112548192358,0.20255855735872652,1.0,0.7327103860010371,0.4404423787288865,1.0,0.8215372211470553,0.5106488724156714,0.0,0.3263291746051544
367,11040,0.0,0.23947242020851228,0.3825889602415067,0.2619523719756197,0.5043619014817422,0.21050989744467907,1.0,0.28103376162574456,0.32840473016066063,0.0,0.6430742352436702,0.3835383069853585,0.7606458862803938,0.5493828179949455
368,11042,0.0,0.6206998071512166,0.6605568930046455,0.24479652347651804,0.40832264811484853,0.2010447760822085,1.0,0.4004491516731833,0.48779488739641574,1.0,0.8115501431650267,0.5101382841127775,0.7947952132712555,0.30455148466223203
369,11039,0.4046394463408198,0.34981559164041137,0.5441552069518375,0.25645832913626376,0.4199939021272273,0.19108638510413734,1.0,0.4833131819257124,0.41160365443013325,1.0,0.7533652425668376,0.5223111036683918,0.0,0.4422862642440504
370,11032,0.0,0.8614753060551019,0.633483159555182,0.25722593175574227,0.4933543779010908,0.19504904651345178,1.0,0.27507490759697495,0.36648957163678986,1.0,0.7147198990587695,0.4647695371146025,0.7606458862803938,0.28659818464017617
371,11023,0.0,0.7029414110340994,0.664632525500951,0.23393974629713565,0.3920494307224136,0.2086781995985707,1.0,0.39506453151904986,0.493685401120067,1.0,0.8293529611629278,0.42748578684382676,0.7947952132712555,0.32936535684635115
372,11038,0.09111321539507769,0.27995783206387875,0.4486178983668503,0.26416178426149106,0.4022497790387298,0.20051128964943232,1.0,0.32695134384388613,0.3760302937834368,1.0,0.8349977773135244,0.4719105696303235,0.7947952132712555,0.5851231354069573
373,11046,0.0,0.5058356866614817,0.6212715461784004,0.2474606367442319,0.3933768915858682,0.21388133086686945,1.0,0.35814418343876286,0.45307024487092606,0.0,0.7616153744062053,0.4819903733899723,0.7947952132712555,0.3980502754647127
374,11021,0.0,0.5157710894429767,0.7700188883345146,0.24796274848318867,0.3840374956722382,0.2218461540058494,1.0,0.3383654994607349,0.4934701203916336,0.0,0.818063328861734,0.48916606059304035,0.7947952132712555,0.4153528805891099
375,11020,0.0,0.9184463893633457,1.0,0.23158945398913577,0.46175622719084475,0.15847038362763777,1.0,0.4042958712354118,0.7018819314606989,1.0,0.8514980409922603,0.5162045083571603,0.7947952132712555,0.0
376,12021,0.4704129996121502,0.3835639437763821,0.5992714535156618,0.31022620271239953,0.26231356448042886,0.23282971020500454,1.0,0.49998674947089605,0.25614925464536886,0.0,0.2991749454059751,0.039885711631055504,0.869453057760477,0.5002189284063843
377,12060,0.1396676845982992,0.2737181645046532,0.48793334986177095,0.301424154401552,0.31436522134952605,0.2075431156300096,1.0,0.2736418118230767,0.5315554495537809,0.0,0.7238384004442475,0.1609555411916815,0.8212921674167302,0.9257153714927411
378,12063,0.23880182048771909,0.09549466172914921,0.25406511069539867,0.3532707515653888,0.3649811788733731,0.15901382894069815,1.0,0.23770348772476557,0.3834432930653232,0.0,0.647416497075102,0.14715974761743775,0.869453057760477,0.9257153714927411
379,12082,0.1900173123930223,0.23824874816940594,0.4355609835024832,0.3446246098696145,0.3465132243529331,0.16751123847041516,1.0,0.25134497739086803,0.2989032942726835,0.0,0.7846288237816477,0.4818827331121326,0.8429462157448122,1.0
380,12024,0.3061859246211213,0.20134572210956228,0.3638425535640407,0.34855142042442466,0.35502453819237,0.1832722102158355,1.0,0.18929685015684738,0.3270639626893973,0.0,0.8193660902313391,0.22462049887824473,0.8212921674167302,0.8822616494359928
381,12058,0.5164694362975522,0.37843545348366914,0.6118332582235292,0.2982294688202626,0.28092262781115773,0.23136403363933344,1.0,0.3434445514265093,0.3487763584030681,1.0,0.666087684619113,0.23182839396611268,0.8212921674167302,0.5477950842859758
382,12010,0.7111896332312811,0.20427078248005426,0.41659021807376007,0.3435969488675765,0.3442510947507157,0.16350957586741033,1.0,0.20292514137338957,0.4458313932489908,0.0,0.5922708898882982,0.27236569814943046,0.869453057760477,0.9257153714927411
383,12011,0.23065141409050344,0.44592919435572204,0.6053893071074637,0.2990990778756081,0.23096874890181207,0.26331865583169267,1.0,0.3144424911493612,0.21892690427020023,0.0,0.1893182263810833,0.03882505835055363,0.869453057760477,0.5786259907364864
384,12012,0.2644493959937323,0.3626522159655997,0.5548187287528338,0.34498046533501936,0.34729316894554596,0.1664053183696268,1.0,0.22340342749139774,0.375029223057323,0.0,0.6335215490851371,0.1653880187507189,0.869453057760477,0.59943370345566
385,12004,0.6190015946419424,0.1966056148797993,0.41016683443920954,0.3677899501320757,0.3938354243675465,0.18476769726304032,1.0,0.26851862378022295,0.2813387176895762,0.0,0.6035605221894922,0.1534756912654627,0.869453057760477,0.7645232988719857
386,12068,0.16931363330396984,0.2578545435790067,0.41449206276517053,0.25427061655834227,0.18341081693097583,0.6001895297928159,1.0,0.3494657484968736,0.4465348894544492,0.0,0.44680843134238457,0.21111793834586315,0.8212921674167302,0.5372945175374426
387,12043,0.6190015946419424,0.19264280422837757,0.41659021807376007,0.36953942798756456,0.3971388093730961,0.17067848876351932,1.0,0.3029711385713577,0.28623463897465673,0.0,0.48762490576616835,0.08866286933611155,0.869453057760477,0.7097780834867178
388,12007,0.5164694362975522,0.3802129188966415,0.5784615423939182,0.2916270064406087,0.2616362187128406,0.25797348229693084,1.0,0.549301874031243,0.2856694446287882,0.0,0.6296134720267608,0.19819022042167153,0.0,0.7914566825269261
389,12057,0.45485587351078627,0.4643426554702148,0.6632238178269455,0.2872769654135422,0.19519030942514992,0.30787625706287036,1.0,0.20931593627950906,0.1831006853939654,0.0,0.1298306679385084,0.015279230456405574,0.869453057760477,0.5330912311531171
390,12066,0.3061859246211213,0.436298023996676,0.6839501108160744,0.35390787295693005,0.3663030000800568,0.17977808260846295,1.0,0.1942123105095711,0.3349654522780434,0.0,0.6982196353800336,0.22227790361407043,0.8212921674167302,0.4446679192613652
391,12056,0.1900173123930223,0.2828974862414608,0.47794081453654946,0.33827074983833183,0.3322912992558953,0.17666244101604223,1.0,0.2726071298859607,0.36856665788940446,0.0,0.6495874209403776,0.1780832748255654,0.869453057760477,0.6789471770362071
392,12001,0.4704129996121502,0.6527849754057399,0.8596767088074732,0.3239417080693652,0.298068761124914,0.2023339918969036,1.0,0.5083427547091217,0.297593778327953,0.0,0.6626139993842317,0.2457860061516964,0.869453057760477,0.1612823531128298
393,12075,0.40361979800471287,0.4732977715621218,0.7716331677426977,0.31474438109546876,0.2744320719609439,0.2099646426564361,1.0,0.5209613946563862,0.3265073720960071,0.0,0.6287451024806507,0.12421756121867968,0.8212921674167302,0.4933655394239652
394,12055,0.1396676845982992,0.49133391163796597,0.835596809533374,0.30526079902842096,0.30592762384616556,0.20473412937624058,1.0,0.25294824580868114,0.4341621826902765,1.0,0.7194963456632559,0.15718599741248135,0.8212921674167302,0.44772140402042515
395,12006,0.5164694362975522,0.29532229098556106,0.5018162372297665,0.2999695478445793,0.2552731563370544,0.23990341151260353,1.0,0.3708021918107979,0.28030210212928297,0.0,0.7056013976732911,0.22520047406734714,0.8212921674167302,0.7771461144782232
396,12037,0.1396676845982992,0.2555060139371849,0.5107251277572414,0.30122764114946954,0.29563031636159576,0.21796129598092073,1.0,0.27815117973610937,0.40484520022963266,0.0,0.7451151107274694,0.2966451384823284,0.8429462157448122,0.7914566825269261
397,12085,0.40287782820853324,0.23281790067789693,0.4355609835024832,0.3698333771085959,0.4166592986104104,0.15745617301623627,1.0,0.3769569322862174,0.2160420358694788,0.0,0.8263134607011018,0.5222490297485104,0.0,1.0
398,12027,0.45789154354725403,0.2784825534555809,0.40793615455963306,0.2763039983951644,0.2819871260466671,0.2864732682211659,1.0,0.3655875703761229,0.25362253891489905,0.0,0.5084672242258952,0.18451836293580468,0.8212921674167302,0.7771461144782232
399,12015,0.24345775987379223,0.39294225435944063,0.5690372555465255,0.31142382742100316,0.30740416919899904,0.19346414576279014,1.0,0.2625621976774223,0.40026178851019345,1.0,0.7585758739443789,0.2221846378424011,0.8212921674167302,0.6046625485289482
400,12074,0.33245422009589387,0.36048986879051603,0.790403189148225,0.329781792703714,0.31238764539020525,0.18049291478014418,1.0,0.30701915782773037,0.4105521259409072,0.0,0.599652652181556,0.34410569376286276,0.8212921674167302,1.0
401,12014,0.45485587351078627,0.3876559921637338,0.5132579985088492,0.29985075381417914,0.23315551035072712,0.2614188921228855,1.0,0.34586182829999135,0.20272374343244293,0.0,0.7681285601029122,0.4440098826288389,0.0,0.6594077639142162
402,12018,0.2644493959937323,0.32477546980034155,0.5173493709414074,0.3556803166178031,0.37649372090005706,0.148487103986926,1.0,0.2807503813256379,0.26855222875144025,0.0,0.806339511787485,0.45185707618451876,0.8429462157448122,0.7097780834867178
403,12072,0.7111896332312811,0.1262819870758836,0.3174079620274858,0.3496816047563671,0.35743575228396607,0.160469493535361,1.0,0.21173234747157088,0.4145800355731114,0.0,0.5696916252859108,0.10359277653563445,0.869453057760477,1.0
404,12009,0.6190015946419424,0.08031313492873281,0.41449206276517053,0.36102496878601853,0.3807165074912824,0.1698817312523515,1.0,0.25075544869930344,0.3273562597355697,0.0,0.48936164485838884,0.15541134165167106,0.869453057760477,0.9257153714927411
405,12081,0.23880182048771909,0.22010573363537986,0.34520634282026325,0.36260394667758067,0.3838283101826441,0.15850282318443276,1.0,0.31550271124125306,0.31512565886043753,0.0,0.376465528896891,0.07928106215737128,0.9036320434281873,0.8275164340507248
406,12084,0.23880182048771909,0.09086238703241196,0.24396667493088547,0.3593752715445625,0.3774323774783649,0.15191013357809524,1.0,0.3062038569972779,0.32655440596545104,0.0,0.6022579678703264,0.10873315530275117,0.9036320434281873,1.0
407,12071,0.0,0.3258895999688998,0.7202647684890892,0.38872969458511053,0.43110003669335817,0.17583914578972504,1.0,0.39382146556290987,0.2221923482458823,0.0,0.5814156494105998,0.12070926986850966,0.9036320434281873,0.7532318055434659
408,12070,0.3061859246211213,0.29251153810402164,0.6179076642594393,0.3519543201839821,0.36223328581775527,0.19865841603395662,1.0,0.22300637224655728,0.2746131528309307,0.0,0.8141554588537978,0.2979557960217617,0.7947952132712555,0.7097780834867178
409,12083,0.2644493959937323,0.0,0.1164016860528081,0.3517254145625738,0.36175316202112584,0.1570644375435617,1.0,0.2563543168542374,0.3399134529280654,0.0,0.5336518045170537,0.17802290660723216,0.869453057760477,1.0
410,12079,0.7111896332312811,0.20875580248880413,0.46690680200272383,0.3413699617386253,0.3392988370707768,0.1664468844941831,1.0,0.2098787872361818,0.5231687524692895,0.0,0.5900999660230226,0.20575662998056704,0.8429462157448122,0.9257153714927411
411,12076,0.23880182048771909,0.18858020197876643,0.311973264080358,0.34675284104248194,0.35115204590102744,0.1618191305775527,1.0,0.2172414107018521,0.4333862853253715,0.0,0.585323519418536,0.07225233623264661,0.869453057760477,1.0
412,12065,0.3061859246211213,0.21885824975827772,0.34105077566857017,0.3621920345956311,0.383019483101083,0.19110182902540762,1.0,0.24094162306133537,0.28651065700446876,0.0,0.803300011325659,0.2774891175733833,0.7947952132712555,1.0
413,12073,0.42278477478489884,0.2774281887942492,0.42066585057006556,0.26530107710544815,0.2337478604686971,0.3823347168539537,1.0,0.2762046639863758,0.30711256366632844,0.0,0.3842813724379839,0.04859010617709194,0.8429462157448122,0.7771461144782232
414,12064,0.45789154354725403,0.2668420839513841,0.4186476299168636,0.28335038335543994,0.2684618017098499,0.2771950351181338,1.0,0.4610334598669211,0.2708614739239198,0.0,0.6917064496833267,0.20192718761176873,0.8212921674167302,0.9257153714927411
415,12019,0.24345775987379223,0.3752009420906215,0.7228348772759766,0.33051501320354904,0.3141487443859351,0.1727208742966304,1.0,0.2732936002899229,0.32530458917115646,0.0,0.7095092676812274,0.2385487956707026,0.7947952132712555,0.7771461144782232
416,12005,0.3061859246211213,0.2916231478739236,0.5107251277572414,0.3565446095802929,0.3717177783812191,0.18850686686971518,1.0,0.22132079951125583,0.3031839034050192,0.0,0.7802865619502162,0.26570143828024323,0.7947952132712555,0.8079770209287339
417,12030,0.2379050629780245,0.32503402156395034,0.5273017648072774,0.34878560761930855,0.3561796717342688,0.16096141411542542,1.0,0.22465439877072335,0.29261669423316794,0.0,0.8006946956368883,0.4483890708214577,0.8429462157448122,0.6391266864816243
418,12069,0.3061859246211213,0.2075755018606729,0.5542536427163507,0.35965311650732124,0.37798786942829665,0.17834177401485318,1.0,0.22111456055938383,0.32112037209040534,0.0,0.669127185080939,0.24544424514730132,0.8212921674167302,0.8514307429854822
419,12036,0.6190015946419424,0.24363575181479116,0.4501424337437721,0.37394093878909807,0.4052918532335602,0.15710071418213767,1.0,0.5123663737996299,0.2582812472765321,0.0,0.7689969296490229,0.1479073466240241,0.869453057760477,0.673718331962919
420,12080,0.23880182048771909,0.22088370577093366,0.3960187319622951,0.3662742294840595,0.39813921876884517,0.14878152587717786,1.0,0.38858881708088033,0.24883635488641165,0.0,0.8306557225325333,0.46201805769842735,0.0,0.7171720540196672
421,12078,0.6190015946419424,0.1947068021418519,0.3174079620274858,0.37108439182213726,0.40002615942177666,0.16985099185288677,1.0,0.31994989948302954,0.2789877946148499,0.0,0.3894920038155254,0.04853045245569363,0.869453057760477,0.725114210224383
422,12077,0.23880182048771909,0.3096927234146502,0.504568427829279,0.36425646593134686,0.3909769568078141,0.14486137620493889,1.0,0.3591254224764804,0.26166011137632117,0.0,0.791142009478355,0.360381984364194,0.8429462157448122,0.668732778856004
423,12023,0.40287782820853324,0.3663157581008782,0.5624289081512561,0.37198381747132236,0.4173927575386691,0.15880764378010825,1.0,0.4121768604521756,0.21959327862322353,0.0,0.8080764579301458,0.4776351067989289,0.8429462157448122,0.6285768574637054
424,12048,0.056700237787442306,0.3902139772636811,0.5841664148538418,0.2741196744683633,0.17254440216061284,0.377025744263914,1.0,0.18547032507207628,0.2435524479783815,0.0,0.3230568678527481,0.03425619536940167,0.869453057760477,0.6159540418574678
425,12053,0.1900173123930223,0.37069909427991804,0.5833084880555318,0.3356826852142386,0.3263346443406624,0.1809926784777398,1.0,0.3244830783069863,0.3102993042280383,0.0,0.6756403707776462,0.36342269019262874,0.869453057760477,0.5786259907364864
426,12054,0.45485587351078627,0.2204016115859445,0.4372838406606411,0.29346032607500583,0.22139128500963978,0.27178075291789705,1.0,0.35634156881911283,0.2169285820556286,0.0,0.3486756329169618,0.026100276431107645,0.869453057760477,0.9257153714927411
427,12047,0.5164694362975522,0.1071076835029667,0.3322162123140422,0.2972365390943311,0.29913889901719437,0.224320922582683,1.0,0.3001703719175789,0.4196333237123828,0.0,0.6995223967496391,0.21013863188230616,0.8429462157448122,1.0
428,12049,0.4339710659788844,0.28775717025092773,0.5639909027404086,0.3025546791604484,0.3221815862459685,0.20193735443908234,1.0,0.2692784349083074,0.5752549437219402,0.0,0.8128529045346322,0.21936184324622326,0.8212921674167302,0.6963643413004936
429,12050,0.45789154354725403,0.4082292300998557,0.623062350172732,0.2798857919668606,0.25546872649078756,0.29868097867151266,1.0,0.6412918460181238,0.2377808200368542,0.0,0.6799826326090777,0.2472580133222092,0.8212921674167302,0.6101596542308203
430,12051,0.7111896332312811,0.3226581118547154,0.5329919041265682,0.3367816114576727,0.32887568792900534,0.17614813172472932,1.0,0.21541867360062783,0.6049832634200312,0.0,0.47763782778414,0.12297177478491056,0.869453057760477,0.8822616494359928
431,12045,0.3061859246211213,0.3454272810922402,0.6700872127662573,0.34167882726560395,0.33998979817422625,0.18222518596817028,1.0,0.20370667954838106,0.31830880923890115,0.0,0.772905006707399,0.2630193510634532,0.8212921674167302,0.7171720540196672
432,12046,0.6190015946419424,0.4471048361389342,0.8170646847541502,0.38289148258635053,0.4231578301397142,0.16662147887555046,1.0,0.622965654969007,0.22628794558878795,0.0,0.7815893233198217,0.21397340497078776,0.9036320434281873,0.47509818948768656
433,12040,0.7111896332312811,0.3734629894129864,0.7694257258017364,0.3114553112943498,0.26564418015770075,0.22280242086393431,1.0,0.41457695992987953,0.3094970761778927,0.0,0.5071646699067298,0.060982377806390424,0.869453057760477,0.7171720540196672
434,12013,0.23880182048771909,0.27202030641109043,0.4560302473381071,0.37263702063962245,0.4035539970700074,0.15391481869010448,1.0,0.48902192966320535,0.2517361686675915,0.0,0.7867997476469235,0.22419262100894033,0.869453057760477,0.7336923924214751
435,12062,0.6190015946419424,0.2986540934222868,0.6725273453231561,0.3813652984793241,0.418546239263342,0.16868833369697356,1.0,0.3848688664156147,0.24306092775858568,0.0,0.45245324749298144,0.11641372789414675,0.9036320434281873,0.7771461144782232
436,12041,0.23880182048771909,0.0,0.18984297314940843,0.35792252024988114,0.3745121571011911,0.1612258087025078,1.0,0.2633492081579627,0.34839744957589325,0.0,0.36387323875131194,0.06857923852033392,0.869453057760477,0.7645232988719857
437,12042,0.33245422009589387,0.29198477792945227,0.6817619568775427,0.32249583496623535,0.2944423124912038,0.19219451977063406,1.0,0.40309198711409056,0.3625774600734428,0.0,0.6834563178439588,0.3016991155574312,0.8212921674167302,1.0
438,12044,0.7111896332312811,0.2614152530489676,0.45885583827355875,0.32979944686921425,0.3124301432150144,0.18818432503382088,1.0,0.24198290414792945,0.487675338310137,0.0,0.6547980523179193,0.10948922818662099,0.869453057760477,0.8514307429854822
439,12038,0.42278477478489884,0.4770415940706467,0.6702769234359034,0.26552581257949137,0.18043049555358637,0.4440600571865211,1.0,0.2097978968082781,0.30949709497017464,0.0,0.4290056133444837,0.10566298895832324,0.869453057760477,0.3565630317946963
440,12039,0.2379050629780245,0.3025310006253562,0.4813774416562334,0.32918157405806836,0.3109399825263198,0.19119529222396792,1.0,0.30857872839807454,0.3867058598694796,0.0,0.6864958183057848,0.1229326506468834,0.869453057760477,0.544688488070392
441,12002,0.3061859246211213,0.23860711797073225,0.44390808384480707,0.33771064544484,0.331010324056795,0.1686078669142843,1.0,0.23764254058252487,0.385375243264498,0.0,0.7008249510688047,0.22701907157029733,0.8212921674167302,0.8514307429854822
442,12003,0.23109698159229852,0.33611426873948347,0.6036263150066016,0.28498079013566724,0.21789631768990214,0.304505487387975,1.0,0.3063963743676482,0.20184132139168154,0.0,0.3265306566128494,0.037495935051198435,0.869453057760477,0.8514307429854822
443,12034,0.24345775987379223,0.3723995259699798,0.6617961279582493,0.3199386408203072,0.2935517933944761,0.18465850473662826,1.0,0.30174086710366554,0.3361111855513015,0.0,0.8006946956368883,0.30048045878829077,0.8212921674167302,0.5594373801050112
444,12035,0.4043773903293471,0.5406802993808498,0.7269105097722821,0.3099014842261608,0.28164247140355514,0.20726965964427735,1.0,0.37237526428905154,0.32502648646022336,1.0,0.7824576928659319,0.21740327868516707,0.8212921674167302,0.341068252081851
445,12031,0.31551308342147116,0.127977981840267,0.35305833300608735,0.2919637000183827,0.28148774725740544,0.24582784374721633,1.0,0.4355246483840246,0.3346033835573575,0.0,0.6895353187676108,0.24114028219881284,0.0,0.8822616494359928
446,12032,0.7111896332312811,0.29946179797860506,0.5429013061554958,0.3030354576142845,0.2423073117897142,0.24319278088119645,1.0,0.6139698163342513,0.258095278228592,0.0,0.32132002523530767,0.047968969665719965,0.869453057760477,0.7771461144782232
447,12033,0.3061859246211213,0.31037254581949486,0.5212886120255843,0.3521640390509837,0.36267256360680156,0.19299269527470497,1.0,0.21634690691654912,0.292330298648497,0.0,0.7051672129002362,0.27987079778981533,0.7947952132712555,0.6844442827380792
448,12028,0.7111896332312811,0.4558498691246404,0.8403464337048395,0.33591812002121313,0.3268805087942782,0.17425152997124949,1.0,0.24547790510713574,0.5652758241504643,0.0,0.43247929857936485,0.15448558532802942,0.869453057760477,0.6130176920083639
449,12029,0.4704129996121502,0.5272230398983322,0.8134955943791108,0.318079246776121,0.283159862763972,0.21162886005337067,1.0,0.28979755755348324,0.34669070674879676,0.0,0.33434650015394185,0.014699937560543972,0.869453057760477,0.23273822005120415
450,12008,0.24345775987379223,0.21877085838087448,0.40332875993990125,0.32742937253206794,0.3066826737893755,0.1735027241666156,1.0,0.2653972529033707,0.30876825714390366,0.0,0.7629179287253705,0.3492604949348854,0.7947952132712555,0.7532318055434659
451,12025,0.2644493959937323,0.27621072100979555,0.4501424337437721,0.35541591468107836,0.36941081493187344,0.15262540728414065,1.0,0.2722327913326016,0.2924907170721166,0.0,0.7685627448759675,0.3901489297892721,0.8429462157448122,0.7914566825269261
452,12026,0.5164694362975522,0.15397668626309718,0.35305833300608735,0.3042021457738876,0.2639913196437663,0.22581557460092916,1.0,0.3817278786670304,0.2975099029147381,0.0,0.7234042156711922,0.2257416542408204,0.8212921674167302,1.0
453,12059,0.33245422009589387,0.30537194952187946,0.49803178562628414,0.31514226086145614,0.27548295486059227,0.19992739097107481,1.0,0.43050488925740793,0.2933438511154486,0.0,0.7950498794862912,0.26862030071861304,0.7947952132712555,0.5576947390236193
454,12061,0.38372993875750244,0.35349497678791675,0.716778750094712,0.3259069578114522,0.30294565065155066,0.19132983933495695,1.0,0.3235162062595125,0.4465576984447509,0.0,0.7260095313599633,0.33605425985963944,0.8429462157448122,0.5765449532098653
455,12052,0.2644493959937323,0.37068530840969555,0.7189559509620967,0.36151424696002266,0.38168404655853827,0.14718090759479407,1.0,0.3343373250479754,0.3046642761717344,0.0,0.6100739149366394,0.12169018394806116,0.869453057760477,0.6467849483079785
456,12067,0.5164694362975522,0.37512066140985456,0.5775559524306617,0.28473733877147256,0.25550159681928075,0.2829671033649863,1.0,0.4727912013193357,0.2537411951288777,0.0,0.7194963456632559,0.2587774833946408,0.8212921674167302,0.725114210224383
457,12016,0.42278477478489884,0.15740848118495449,0.279617045909487,0.25612046623658047,0.21317648833173442,0.4773691688181436,1.0,0.2447095762330086,0.46605025446106085,0.0,0.41120279534658266,0.10027940380364664,0.8429462157448122,0.9257153714927411
458,12017,0.5164694362975522,0.24063084143384916,0.45164534377503446,0.30718901222847406,0.2683784578774574,0.21780058770046162,1.0,0.41718783438307283,0.30219853575872235,1.0,0.7412070336690932,0.21316409933363936,0.8212921674167302,0.8822616494359928
459,12020,0.3061859246211213,0.20843115512967175,0.4186476299168636,0.3530707451485332,0.3645651439165041,0.17051131620612492,1.0,0.20198420100488912,0.36843281846782805,0.0,0.6248372324727143,0.2357987081580278,0.8429462157448122,0.8275164340507248
460,12022,0.056700237787442306,0.3198758168269448,0.45885583827355875,0.27478707768666155,0.2206618139209262,0.34730338493934687,1.0,0.3384886818928188,0.24728147356847485,0.0,0.36821539705752326,0.02660483636919753,0.869453057760477,0.6789471770362071
461,13031,0.04407120729054076,0.26684907789898965,0.4531272333954173,0.28266570572785465,0.5339648730572613,0.2769068062718698,1.0,0.29114896068119356,0.3673782748886687,0.0,0.4194529271859504,0.11613809283271076,0.7606458862803938,0.7171720540196672
462,13005,0.45196020084813093,0.5362503158987441,0.4910652048884324,0.2992599411670501,0.463478131996217,0.21569594206756548,1.0,0.4773377850089465,0.5023082090752519,1.0,0.7603126130365998,0.48230166180785783,0.7606458862803938,0.725114210224383
463,13075,0.0,0.4947130005047656,0.4767700470365016,0.305747180498252,0.4544986578787855,0.209082436150837,1.0,0.506194422968631,0.4802353455588543,1.0,0.8580112266889681,0.5471036128321012,0.7606458862803938,0.48872541793008795
464,13028,0.27963980429930774,0.4468925239029656,0.7320059252319481,0.28522962848462463,0.5721873969540118,0.343738663206962,1.0,0.7017723669329365,0.4132720484769954,0.0,0.24793751880276815,0.3321410767644528,0.869453057760477,0.5064636110869319
465,13045,0.2225375353754443,0.16894130138550553,0.3367255473426092,0.31168290991121694,0.4843765556008848,0.2345516411703541,1.0,0.5362822833198284,0.5512244242953007,0.0,0.6856274487596745,0.41748702170557456,0.8212921674167302,0.6220797127932347
466,13021,0.4193240488992821,0.5469577070982128,0.4719531548088408,0.31998183888198095,0.44067915240275557,0.21603111456990032,1.0,0.32508307780864354,0.3886369043244494,1.0,0.8384714625484049,0.542992064726821,0.0,0.5358750257235614
467,13001,0.0,0.39535543752636537,0.2717650557236629,0.3129934493133847,0.4937488218430077,0.24193308192460794,1.0,0.424364684458152,0.4301483480324436,0.0,0.6847590792135645,0.28615793687562546,0.7606458862803938,0.673718331962919
468,13002,0.0,0.37160706277353683,0.5958836678446106,0.31759372883187054,0.48873082350608277,0.24209639924378257,1.0,0.3444522724920157,0.3471649815661497,1.0,0.4155449536527942,0.07854057039760524,0.869453057760477,0.5075407062352487
469,13049,0.04407120729054076,0.2171581641029658,0.3985118677122405,0.27695639762685975,0.5625578077407151,0.3120895634299564,1.0,0.2660886452557273,0.4984277275884268,0.0,0.31393836646727014,0.03785228561622172,0.9301468010770011,0.9257153714927411
470,13003,0.5230991341809489,0.626469508618753,0.6829458058493882,0.3019625116231631,0.4870626958390616,0.2373027754715753,1.0,0.4291703218036663,0.4456927872929929,0.0,0.5557968843463863,0.19396287036459453,0.7390115964200016,0.38765888291701034
471,13030,0.5230991341809489,0.4365734997737393,0.6857669709037353,0.2906490233963003,0.49443015545014213,0.24013408180561013,1.0,0.38023896427796866,0.38067907047780436,0.0,0.6070342074243733,0.2112072041124913,0.7125442614903211,0.4065635257815017
472,13023,0.45196020084813093,0.3625276003347145,0.5966459256696569,0.29753868008577744,0.4734155176845881,0.22386632660088113,1.0,0.5539210009907305,0.459995292391319,0.0,0.8454190400686084,0.5162043072014729,0.7390115964200016,0.5238807753512185
473,13004,0.0,0.24057826613581526,0.42264634525502465,0.30888247233120303,0.5061903929516834,0.2579329794634766,1.0,0.38034670673521753,0.3720105335253552,0.0,0.3148067360133804,0.11740818177488818,0.869453057760477,0.6594077639142162
474,13027,0.34434468555724396,0.2597682353295692,0.4989906462943148,0.3074042624027252,0.524565376143415,0.2793263961338255,1.0,0.27034738695999594,0.30514473061452807,0.0,0.20147633175360724,0.12784750263401645,0.9301468010770011,0.6789471770362071
475,13022,0.0,0.21546051367830213,0.34105077566857017,0.31304412696973516,0.4710892992426099,0.22249816072855522,1.0,0.403915011312426,0.6031701448469537,1.0,0.7798523771771613,0.5552166791369446,0.7606458862803938,0.5745035569136432
476,13020,0.034591721355257864,0.04874992146344958,0.22032386128980105,0.2916094065103364,0.5241725840187235,0.2743053073515578,1.0,0.2824992141306236,0.5065828735902564,0.0,0.27442465341309186,0.07052536691283388,0.7606458862803938,0.9257153714927411
477,13074,0.45196020084813093,0.5537883718200987,0.621871850224412,0.29530922016168504,0.45587659224613986,0.20844295688839076,1.0,0.5490528028309816,0.6958083011912328,1.0,0.860182357604683,0.606816136078271,0.0,0.46664312053234924
478,13070,0.45196020084813093,0.42116400063471787,0.5322971253701592,0.29513561893621965,0.45936193206956144,0.21124656032501177,1.0,0.5339741023642939,0.6228644656174627,0.0,0.8801563065182998,0.5700422044615493,0.0,0.5344740898901891
479,13018,0.04407120729054076,0.2414509189056781,0.40332875993990125,0.2803090824724642,0.5547182000120954,0.30569835612064433,1.0,0.28120651222665516,0.4902713300621113,0.0,0.2019105165266626,0.005095292459709785,0.869453057760477,0.6639688805647354
480,13029,0.0,0.6380748618484566,0.5416323882262978,0.2799789316091358,0.46465485655306715,0.20654123474689645,1.0,0.2986266627886086,0.4409313621576787,1.0,0.8363005386831299,0.5737193170165511,0.7606458862803938,0.46964108007855765
481,13071,0.034591721355257864,0.0,0.14688257419320072,0.2872401711985554,0.5311665064977438,0.28010187545597165,1.0,0.2534203358931768,0.41290724267233225,0.0,0.20060785868227748,0.008559095092132554,0.7606458862803938,0.8514307429854822
482,13076,0.0,0.44443055627909206,0.6738183511385044,0.29181914812537635,0.4478125318748394,0.2008402845350905,1.0,0.7314893617950695,0.600076955335068,1.0,0.8419453548337266,0.4567541170702606,0.7789425991309047,0.3279377611294707
483,13046,0.21593804418795293,0.3352044032300511,0.5879433709049394,0.28014685483569857,0.5794522577400676,0.3519068235326974,1.0,0.4399758193237713,0.5055222586217365,0.0,0.31697786692909613,0.3412283660068066,0.869453057760477,0.7336923924214751
484,13065,0.45196020084813093,0.29840918302210195,0.4338096480802939,0.29721695990743424,0.4600721481656429,0.212622309348375,1.0,0.5157794561920324,0.5682508066249619,1.0,0.7824576928659319,0.5503492508949369,0.0,0.7097780834867178
485,13061,0.17343711774925227,0.8285681727471114,0.6353443709394018,0.3207686496495602,0.4581619646805335,0.22114797998114022,1.0,0.3092722698264838,0.4075067680234161,1.0,0.8224055906931651,0.5075485026792252,0.7606458862803938,0.4065635257815017
486,13047,0.4964577629680267,0.13712782238540627,0.24396667493088547,0.280130976059075,0.5304466629053466,0.2669378225442145,1.0,0.3610797033084959,0.3311774977897547,0.0,0.18237085591132107,0.0545764376514451,0.8212921674167302,0.8514307429854822
487,13078,0.28897249904489236,0.19640085508056068,0.39346551490612347,0.29454753103407827,0.5473274975688378,0.31558774478401064,1.0,0.372727088032088,0.3435970654438193,0.0,0.3590967921468251,0.2971483447186768,0.9036320434281873,0.8079770209287339
488,13063,0.0,0.7795858110751139,0.6332145830344612,0.2940220347470094,0.4339272857418234,0.19143373548341036,1.0,0.4995559943264404,0.5113218740343971,1.0,0.7776812462614455,0.46229246148024944,0.7947952132712555,0.372204922121117
489,13017,0.45196020084813093,0.2125571888617089,0.3960187319622951,0.2866981449834355,0.4615855516865147,0.2092479120739572,1.0,0.4097880244526353,0.44347963985061867,1.0,0.8037341960987143,0.4283312121772085,0.7606458862803938,0.6844442827380792
490,13083,0.0,0.4493068371018633,0.5416323882262978,0.3136273273845026,0.46063327977234525,0.21342336956286,1.0,0.3704939612347876,0.520686873989253,1.0,0.8384714625484049,0.5361108600326856,0.7606458862803938,0.4337987121286063
491,13072,0.17343711774925227,0.34652127326083104,0.4355609835024832,0.31775024620802605,0.4567976456490408,0.21392029029711002,1.0,0.33649831432366195,0.4405811482938222,1.0,0.8684324894440507,0.586933073149992,0.7606458862803938,0.6130176920083639
492,13067,0.45196020084813093,0.4043005297371515,0.6279778495556634,0.2924972244896248,0.4606933807725613,0.21145333601508298,1.0,0.532115134870008,0.5727505289373549,1.0,0.8640902276126201,0.4581316874167716,0.0,0.4711721070476671
493,13026,0.27963980429930774,0.10212695792380677,0.300188532020952,0.28842900729301946,0.5601522333058893,0.32419027193932826,1.0,0.4842624245707515,0.39394476689993185,0.0,0.26183236326751236,0.23313966531825378,0.9036320434281873,0.8275164340507248
494,13062,0.21593804418795293,0.11363912233766396,0.311973264080358,0.2832176290049172,0.5531158130020604,0.3083259332365986,1.0,0.32097225126919815,0.4904188658379407,0.0,0.1828050406843762,0.04322044085083261,0.869453057760477,0.7430174073632629
495,13044,0.0,0.3329293529254199,0.3367255473426092,0.2819229693842612,0.4515591825089802,0.19846404452741173,1.0,0.3417245666958246,0.41818922191438646,1.0,0.8436820939259475,0.5871058662351891,0.7789425991309047,0.6789471770362071
496,13016,0.3812619394671007,0.4460189819342009,0.6282600158494341,0.32243378029083114,0.47111254207478703,0.23310326480116506,1.0,0.3908422528246721,0.3717339201164124,1.0,0.7134173447396039,0.4548735871845265,0.7606458862803938,0.5165708927513093
497,13015,0.5230991341809489,0.1281784240402376,0.300188532020952,0.29341757650241174,0.5053254527094527,0.25250194715661545,1.0,0.3342027532435996,0.44408917987713237,0.0,0.5232305417619705,0.1889221043227201,0.7125442614903211,0.7532318055434659
498,13014,0.28897249904489236,0.284535295246764,0.5157317306545482,0.29034396951059127,0.5502942036103657,0.30971881835351167,1.0,0.39512923466297634,0.3960089187276452,0.0,0.23447675558585845,0.06488803757489651,0.9036320434281873,0.7914566825269261
499,13068,0.28897249904489236,0.1674160617431412,0.3322162123140422,0.29397383694984847,0.53924019436536,0.29541487376118236,1.0,0.33231656131530474,0.4420818689160396,0.0,0.20929217529470012,0.02270943094157191,0.869453057760477,0.7914566825269261
500,13084,0.3518237035234802,0.45464320893695315,0.5525400736038433,0.2836286381135512,0.507492959165736,0.2465056052193988,1.0,0.30094611467171184,0.3248968866517218,0.0,0.42466345503827196,0.22188364752524575,0.7390115964200016,0.538733063501105
501,13081,0.307593730724641,0.6082700033108434,0.6299374131104298,0.29724385788942,0.5268779792495317,0.27987975617523664,1.0,0.333950113138777,0.5126000117893903,0.0,0.2917932866379376,0.05950021008118622,0.7606458862803938,0.5896842520574764
502,13043,0.04407120729054076,0.11126811904117459,0.300188532020952,0.2873160008168677,0.5171922768755647,0.26066383965695783,1.0,0.2693786596678367,0.3737492584466602,0.0,0.4450716922501641,0.17129503187062037,0.8212921674167302,1.0
503,13066,0.0,0.5903139566902128,0.4868684828010148,0.3099385234698412,0.45559203860324293,0.20939943650931458,1.0,0.45574380125983494,0.5096507689112804,1.0,0.8853669378958415,0.6013184732067787,0.7390115964200016,0.5493828179949455
504,13013,0.0,0.6995106441282635,0.5943425005893576,0.2968500697370128,0.4448225830011342,0.20042216087516262,1.0,0.7265072939667421,0.6100933599365392,1.0,0.8449848552955526,0.5152648317487423,0.7606458862803938,0.42492800081398174
505,13025,0.28897249904489236,0.29258649416006655,0.4767700470365016,0.28968556277444335,0.5627029043905484,0.34211517240196676,1.0,0.46015613339201666,0.33584353377889065,0.0,0.3899261885885805,0.32321664757951346,0.869453057760477,0.7430174073632629
506,13048,0.0,0.6863210938598028,0.7938242411871135,0.3077233515024641,0.4725001039384571,0.22417793921704665,1.0,0.4322633587436465,0.7008483541711137,1.0,0.8024316417795487,0.5355464291966192,0.7606458862803938,0.1802840584126617
507,13038,0.0,0.14551560641441638,0.3062446592022165,0.30704332563357284,0.4837456954976507,0.2346909407800295,1.0,0.5523870939430798,0.5486439976706717,0.0,0.650455997536928,0.33983882746162664,0.7606458862803938,0.6508295817171241
508,13052,0.0,0.4930883828519301,0.5478302590818,0.3034456032039653,0.465688136277309,0.21871838111701525,1.0,0.39251082604083665,0.4988112152826739,1.0,0.8098131970223663,0.4360447877922539,0.7606458862803938,0.5086287365465932
509,13037,0.034591721355257864,0.26158276535977676,0.4320288770750036,0.2973705303093338,0.5114600746030123,0.2618971793139624,1.0,0.3643618073371263,0.7058208097115317,0.0,0.38384718766492854,0.09274627137651731,0.7606458862803938,0.6285768574637054
510,13036,0.307593730724641,0.2359124281509193,0.3736298191175524,0.30119614628707303,0.5147073464478914,0.26650447145227507,1.0,0.40652628359254184,0.525386591264171,0.0,0.3469387902995211,0.0350205625703544,0.7606458862803938,0.7430174073632629
511,13053,0.34434468555724396,0.21616943915467765,0.41016683443920954,0.3075798145144021,0.5155762745296679,0.27248144356483506,1.0,0.28996743471206865,0.3342057878098944,0.0,0.16630477700564072,0.03639087576291711,0.869453057760477,0.6639688805647354
512,13012,0.2225375353754443,0.32428542891713097,0.5228241951456672,0.3053933907643297,0.49820568857323044,0.2484045599534972,1.0,0.609543532104754,0.4608032525735952,0.0,0.5049935389910141,0.25324219947570603,0.7606458862803938,0.5213883359176172
513,13011,0.28897249904489236,0.23629579847609042,0.4186476299168636,0.2886750495157099,0.5652728304678389,0.33502843927590364,1.0,0.5340838911745425,0.36509216108032416,0.0,0.3821102415222679,0.27824367876675843,0.9036320434281873,0.7771461144782232
514,13010,0.45196020084813093,0.8918546382138431,0.5645064919850328,0.2961233856861595,0.4522557832692006,0.20606486592681317,1.0,0.6308153140924011,0.7105895074996715,1.0,0.8089448274762561,0.5340304811909494,0.0,0.43489229371110083
515,13009,0.5230991341809489,0.2561120173598605,0.4355609835024832,0.3035015388021266,0.47870445432854847,0.22987217158988082,1.0,0.42837092983106784,0.4995670952460042,0.0,0.710377844277778,0.42280424280353013,0.7947952132712555,0.6101596542308203
516,13008,0.4193240488992821,0.7641477717028461,0.5981541843155089,0.3236283176107263,0.4519015011297719,0.22668787838963134,1.0,0.32119516652782243,0.3816228065569621,1.0,0.8501954866730947,0.5827705769944164,0.0,0.4036499853536101
517,13007,0.4193240488992821,0.39615952287145656,0.45745246172137827,0.32751665466611113,0.4505371820982791,0.23590147633635072,1.0,0.3790614266616087,0.4005493794896199,1.0,0.7277464775026237,0.47921353371348907,0.0,0.6020162396286254
518,13006,0.45196020084813093,0.3867227387615049,0.4283749501331661,0.28679153617954023,0.4765080653833179,0.22136362362562623,1.0,0.39765452424805314,0.398768956585019,0.0,0.8072080883840356,0.44353060809514405,0.7390115964200016,0.6220797127932347
519,13054,0.5230991341809489,0.26947502667740014,0.49803178562628414,0.2975656321879784,0.47992367671020786,0.23028355814315105,1.0,0.49612732837873275,0.42042310095663415,0.0,0.8037341960987143,0.49628082429095444,0.7390115964200016,0.5431683198140091
520,13055,0.5230991341809489,0.6329129391712143,0.45745246172137827,0.2981108327407972,0.491687902051295,0.24130366941388504,1.0,0.3998494670730941,0.447876006585871,0.0,0.716022660428375,0.44038522483605447,0.7125442614903211,0.6508295817171241
521,13080,0.28897249904489236,0.3129832424694832,0.6091676237767683,0.2919003351539332,0.5553354447794678,0.31923736835579797,1.0,0.42600462881551115,0.35551639054592343,0.0,0.40816329488475667,0.2447956453899548,0.9036320434281873,0.7771461144782232
522,13079,0.307593730724641,0.15547207449940503,0.25406511069539867,0.2927387714602726,0.5370863032449382,0.2925037174920243,1.0,0.3211923515222378,0.4690507011399019,0.0,0.32696484138590476,0.02211072575992724,0.869453057760477,0.7914566825269261
523,13035,0.0,0.5358517062391166,0.3908492491240862,0.3124457150593659,0.49652394557034774,0.24868519374747589,1.0,0.37150456078064586,0.38303487126483504,1.0,0.7594442434904896,0.31132519634538763,0.7606458862803938,0.6902386703647267
524,13073,0.27963980429930774,0.28213588985995713,0.5140890096762025,0.2859053607642391,0.5569610746216804,0.3183658858781928,1.0,0.40690379564161794,0.45306948599775854,0.0,0.13590966886216038,0.07458970882099437,0.9036320434281873,0.6844442827380792
525,13034,0.27963980429930774,0.0,0.17052538783428509,0.28682717808283964,0.5488176582575324,0.3055897770350805,1.0,0.35026931952775275,0.4292552983932948,0.0,0.3161093938577655,0.059097251325711427,0.869453057760477,0.7336923924214751
526,13019,0.45196020084813093,0.2443149032230738,0.35305833300608735,0.29181599335667097,0.4746347400662474,0.2228272551908026,1.0,0.5588245896356424,0.4515647986678989,0.0,0.8019974570064938,0.3776450789663786,0.7390115964200016,0.6508295817171241
527,13077,0.0,0.6234715672601615,0.7444736745579703,0.316797150833512,0.48500741570411876,0.23646462878620933,1.0,0.3540949243506557,0.40137155197570573,1.0,0.7564047430286636,0.48595818377978794,0.7606458862803938,0.2864605223667046
528,13051,0.0,0.677955763244625,0.7206189305370331,0.310336712573238,0.47084160376775164,0.2225793549384394,1.0,0.4187082600110874,0.7800974332637325,1.0,0.8549717262271417,0.5752821770063609,0.7606458862803938,0.29776730277394103
529,13082,0.0,0.46080620401195893,0.5507983349735351,0.3072624502425815,0.45994630650844104,0.21378101791279702,1.0,0.4413096954153508,0.543625529927698,1.0,0.9105515181870001,0.5382367298641093,0.7606458862803938,0.4681316175876462
530,13064,0.45196020084813093,0.171555591051369,0.311973264080358,0.2895586047218356,0.45788538671672807,0.20808436462894564,1.0,0.4918101957428185,0.5109452408003299,1.0,0.8319582768516984,0.4624552422672922,0.7606458862803938,0.6963643413004936
531,13024,0.0,0.11726963385424598,0.2328033721056162,0.3110688173010857,0.4917303998761037,0.2411254913524017,1.0,0.5214254544550553,0.47370500798384396,0.0,0.6487190513942673,0.30985369902910775,0.7606458862803938,0.5648420579743655
532,13041,0.45196020084813093,0.4261219617245893,0.6157100338765877,0.2950980784145222,0.46856585882967383,0.21904867931136351,1.0,0.7806382449461158,0.5079929512184658,0.0,0.8454190400686084,0.44325290151156055,0.7390115964200016,0.451504269626112
533,13060,0.0,0.24196912363935127,0.42649962010268777,0.3110931142956451,0.50465773443818,0.25931870059251017,1.0,0.3098408176316976,0.3332067839908954,0.0,0.25705602018824614,0.09012310137008989,0.869453057760477,0.6020162396286254
534,13059,0.0,0.36739533603624086,0.5072509351768942,0.2794891093308568,0.47971283940338805,0.21787577976740802,1.0,0.2796803277774331,0.4012403415207326,1.0,0.7520624811972316,0.5309334035890297,0.7390115964200016,0.6467849483079785
535,13032,0.19625864816478958,0.33630998713446936,0.6437034508600855,0.2836695788817719,0.5719397014791537,0.34134199184026126,1.0,0.5421485252864033,0.4520284754279077,0.0,0.36821539705752326,0.38004664641831326,0.9036320434281873,0.8275164340507248
536,13058,0.3518237035234802,0.2615203036823129,0.47438897198519975,0.28598790425627174,0.4893328011203695,0.23173873757103003,1.0,0.3484204008007067,0.35316788466374094,0.0,0.7841944319581524,0.4031800448475814,0.7125442614903211,0.6639688805647354
537,13057,0.0,0.4446939912405824,0.4531272333954173,0.3183471566037769,0.47316383437018406,0.22231307618081564,1.0,0.353994006179866,0.46412741306666994,1.0,0.7255753465869079,0.45728281570444584,0.7606458862803938,0.544688488070392
538,13050,0.45196020084813093,0.5020582290752527,0.5650195844196583,0.29400791643617585,0.4764615797189635,0.2255018389143595,1.0,0.6171438190794775,0.44915102761713377,0.0,0.8059053270144301,0.3942926667079925,0.7390115964200016,0.4952793414443567
539,13056,0.0,0.48247065250663446,0.5513821016331498,0.31934043297487336,0.47841990068565143,0.22820865547227087,1.0,0.3437330214722284,0.41898429187553643,1.0,0.7511941116511214,0.5315902248911131,0.7606458862803938,0.5086287365465932
540,13042,0.27963980429930774,0.26406930445767246,0.40565749941064255,0.2890822552448643,0.5384971079407855,0.2920933446245836,1.0,0.3066195508245628,0.4457687927906474,0.0,0.3156752090847108,0.06717290637985944,0.869453057760477,0.673718331962919
541,13040,0.04407120729054076,0.13868894000823953,0.2632842602460088,0.28045728508271395,0.5457290983983484,0.2909222264541689,1.0,0.27475791694172813,0.4160540199976591,0.0,0.26183236326751236,0.0163334782987162,0.8429462157448122,0.8514307429854822
542,13069,0.0,0.7832317979346877,0.713047611722465,0.30590428894992094,0.4445051590297444,0.20088191991406879,1.0,0.7444546234048313,0.45906329089863296,1.0,0.9096829415904495,0.6148370731076511,0.0,0.2593743877378405
543,13039,0.0,0.32804203949527044,0.4868684828010148,0.31099803169711915,0.47991006137434633,0.23077865039753243,1.0,0.5011144296658989,0.6150366363542599,0.0,0.7029960819845205,0.47300753501048437,0.7606458862803938,0.5786259907364864
544,13033,0.21593804418795293,0.03893241009180951,0.22032386128980105,0.28946798200913604,0.5333765107788359,0.28531975835418,1.0,0.2825849629088061,0.4602100688319578,0.0,0.2692140220355501,0.059145961247815085,0.7606458862803938,1.0
545,14018,0.0,0.5869765179580503,0.5970250079369728,0.22157224550368781,0.36501638522418545,0.2362694825031375,1.0,0.3665180744929648,0.6000624087638489,1.0,0.8897089926768322,0.5207558224303178,0.7947952132712555,0.5648420579743655
546,14097,0.0,0.891618888606311,0.7725034262753707,0.20594726801212315,0.34486503588363693,0.2852495656756924,1.0,0.47253207501270245,0.6076006546425133,1.0,0.7603126130365998,0.4825279818687327,0.8212921674167302,0.18713937503558264
547,14114,0.0,0.38069035615393754,0.4813774416562334,0.20202059959546348,0.3279473430521067,0.31041195425199464,1.0,0.30910665977065044,0.440855360333003,1.0,0.7854971933277579,0.44692472409512196,0.7947952132712555,0.6220797127932347
548,14113,0.0,0.42168476271545857,0.3854145511769584,0.20606744402358534,0.2674212305116108,0.41166569135464837,1.0,0.2961821188529057,0.31082790764521906,0.0,0.5219279874428049,0.23829261721809433,0.8429462157448122,0.7028614859709643
549,14112,0.0,0.32835864701871614,0.4406477225796021,0.21778451594780213,0.3038497850841393,0.3052499576536102,1.0,0.47856557509734865,0.3157459159211431,0.0,0.6726008703158202,0.31001944947794424,0.8429462157448122,0.8514307429854822
550,14111,0.0,0.41676045924726574,0.3881667417764709,0.21438475511630595,0.41998262281368537,0.2092472271636776,1.0,0.3360594251905983,0.39890340602082386,0.0,0.8493269100765446,0.38181217730170475,0.7947952132712555,0.7532318055434659
551,14110,0.0,0.28666945045795833,0.41659021807376007,0.19619431938883392,0.2750267581012332,0.3933494940945914,1.0,0.17968558709104887,0.3147584955466114,0.0,0.7420756102656434,0.24082925273895234,0.7947952132712555,0.7028614859709643
552,14109,0.0,0.5966098969091507,0.4372838406606411,0.22459739402196,0.4513699362171114,0.16976297290698805,1.0,0.4668722836981116,0.4295789614687343,1.0,0.8901433845003279,0.5388373708174493,0.7789425991309047,0.7336923924214751
553,14124,0.0,0.5925720364277139,0.6500838426576937,0.21070148560784874,0.37071571716824414,0.25099105142466027,1.0,0.40017779822594646,0.43524614585660104,0.0,0.6938775805990425,0.2631750558801537,0.0,0.4594958015816031
554,14065,0.2229333392638425,0.25594013132671356,0.4767700470365016,0.21575763858360764,0.2294520417464886,0.40357944703425375,1.0,0.34810215622032437,0.2189621259660104,0.0,0.5953103903501242,0.13133789666187223,0.7947952132712555,0.8079770209287339
555,14116,0.0,0.38301188412185105,0.5531143480757917,0.21082305748894348,0.47642540575601866,0.1930858418223278,1.0,0.3294076495376692,0.4127245492913175,0.0,0.9248806509500203,0.4306224979209279,0.7789425991309047,0.7336923924214751
556,14117,0.0,0.2094800233960246,0.35677637697299236,0.21273689854702116,0.4286118026312338,0.21129508652628504,1.0,0.40491782625396244,0.39407326558831135,0.0,0.8514980409922603,0.4488016407216945,0.7789425991309047,0.8822616494359928
557,14118,0.0,0.350914986716917,0.5422687467799874,0.2091840070614791,0.41839385113951133,0.2291676456767502,1.0,0.41057104519683296,0.4766157715925866,0.0,0.7963526408558967,0.3086966468252638,0.7947952132712555,0.668732778856004
558,14119,0.0,0.4312421918807549,0.5650195844196583,0.20522017772826706,0.3183137659992642,0.32088331905416,1.0,0.30166278311897454,0.5532321299000755,1.0,0.7416414254925885,0.3773380773738196,0.7947952132712555,0.5944481503487452
559,14014,0.0,0.3885181982779331,0.4755861980646561,0.2083795500523985,0.3010554063641673,0.341244660731443,1.0,0.31269494767362405,0.43843871894184905,1.0,0.7008249510688047,0.39655142811756544,0.7947952132712555,0.7645232988719857
560,14015,0.20231578507106157,0.6295090225100349,0.621871850224412,0.19699327207653605,0.250956430804988,0.45224818682589063,1.0,0.21321955388770464,0.3842050497456475,0.0,0.6083369687939784,0.14368838654912683,0.7947952132712555,0.5153996235502176
561,14017,0.0,0.3192358320199236,0.4355609835024832,0.19316440319057893,0.27355021274839975,0.38799365137176645,1.0,0.19649316694822694,0.35287115835797755,0.0,0.6135476001715205,0.123319274016772,0.869453057760477,0.9257153714927411
562,14043,0.0,0.3761879197612385,0.5181490228932447,0.19026067901139843,0.21303771554376494,0.4511024018791274,1.0,0.14228434714836136,0.48485606926092273,0.0,0.6756403707776462,0.2563572423669229,0.0,0.6550328681014498
563,14106,0.0,0.10600732912110437,0.25406511069539867,0.20162373321615334,0.25491391874594893,0.45427136238304977,1.0,0.27568949124043296,0.31931165260424066,0.0,0.5523229920610648,0.09033284820050733,0.7789425991309047,0.9257153714927411
564,14107,0.0,0.24029505280864363,0.34520634282026325,0.21107094218254618,0.32153779501196644,0.3053679398899183,1.0,0.3980331540983575,0.4779077108833647,0.0,0.788102509016529,0.5453418944106768,0.7947952132712555,0.725114210224383
565,14108,0.05551351168773205,0.5493030224077621,0.5931717330893097,0.21220569484241014,0.2563768487629213,0.3978219217730954,1.0,0.3463612476935053,0.27477498186531446,1.0,0.55275717683412,0.09080084711583913,0.8429462157448122,0.5944481503487452
566,14115,0.2916684363221723,0.2955964849609717,0.40332875993990125,0.19192807767829045,0.42651402467148225,0.2487479898677496,1.0,0.19741750362682875,0.3508502888232231,0.0,0.6039947069625471,0.24642417530467894,0.7947952132712555,0.8275164340507248
567,14075,0.0,0.2248692799771077,0.3854145511769584,0.19146798715072133,0.33754804977645614,0.3880733104256109,1.0,0.35638637916316684,0.3992400306147774,0.0,0.8111159583919718,0.3416369499992329,0.8212921674167302,0.7336923924214751
568,14077,0.15276167872602114,0.4949076950670457,0.499940907199288,0.19859017617374908,0.325816694763862,0.3354447389632681,1.0,0.25846984997688194,0.3764608570860277,0.0,0.7889708785626393,0.3362906046304854,0.8212921674167302,0.6046625485289482
569,14078,0.0,0.5874363016295473,0.6242396220701355,0.21932252726450774,0.42440263137586953,0.1945789404060767,1.0,0.2904164371426684,0.31938335429596154,0.0,0.8818932526609611,0.5961185283838693,0.7947952132712555,0.6354934549794589
570,14074,0.0,0.55166101633486,0.5390480313078326,0.22291328738077987,0.43238733575432275,0.1842634354446413,1.0,0.38613422515571705,0.35923937818209917,0.0,0.9088145720443392,0.5940497262200344,0.7947952132712555,0.8275164340507248
571,14076,0.2614115765947605,0.2151906718671449,0.2632842602460088,0.19310625728601372,0.4024573127110981,0.28464061549934283,1.0,0.1902964077001421,0.43638814374638724,0.0,0.621363340187393,0.1541317728446492,0.7947952132712555,0.9257153714927411
572,14069,0.0,0.16963448545241205,0.32257744486569473,0.21986001218268758,0.30428906287318547,0.2964653180356882,1.0,0.41411643185859026,0.32183816081592287,0.0,0.6856274487596745,0.24282677523792673,0.8429462157448122,0.8822616494359928
573,14123,0.0,0.46400646934036405,0.4186476299168636,0.2139880401526092,0.35996551655876696,0.25667175954994903,1.0,0.6047857476026037,0.36895322049443213,0.0,0.8732089360485376,0.49707580990058076,0.7947952132712555,0.5725003198007196
574,14122,0.060625958026457746,0.1979147369798422,0.3881667417764709,0.20699573731283671,0.24906949015205637,0.4488641206650178,1.0,0.39007048165780056,0.27138856163306524,0.0,0.4220581393495013,0.0468740963937973,0.8429462157448122,0.8079770209287339
575,14121,0.0,0.6650820336398036,0.5397000541697546,0.21296064141716065,0.27181799624161795,0.3668901644005449,1.0,0.29087933481988837,0.305062781170664,1.0,0.7763786919422799,0.29556634332148696,0.8212921674167302,0.5745035569136432
576,14120,0.0,0.9377673718094686,0.8948046373606479,0.20257886704589334,0.36988364725450595,0.28610053341856534,1.0,0.41255909038496263,0.5539997510867172,1.0,0.5709943866555163,0.16671765526363957,0.8212921674167302,0.12379587238512857
577,14002,0.0,0.6881053090345874,0.49803178562628414,0.20331881569135846,0.33358657399595015,0.3011993029045974,1.0,0.3543499054020779,0.4825624762332016,1.0,0.7186279761171457,0.4951320128965938,0.7947952132712555,0.5431683198140091
578,14003,0.0,0.3840597269109718,0.5403480890993242,0.1964352903305887,0.3477331309396854,0.3420091737394306,1.0,0.2556198067925637,0.5099614357258623,1.0,0.8145896436268527,0.34363199320727383,0.8212921674167302,0.5944481503487452
579,14005,0.0,0.5760594110845029,0.4320288770750036,0.1988468349149507,0.36709889603085,0.3110541466460708,1.0,0.30674553449291275,0.5737694909600675,1.0,0.7698652991951327,0.2434385991839541,0.8212921674167302,0.668732778856004
580,14055,0.0,0.3552666630679459,0.499940907199288,0.19387338396916787,0.3570725268533155,0.35196402698428764,1.0,0.30238953289821013,0.5114679766678818,1.0,0.7993921413177227,0.3375767097142822,0.8212921674167302,0.5944481503487452
581,14086,0.0,0.35384245285373084,0.5081302213907973,0.20399587160758326,0.2869689504206473,0.3751205052203539,1.0,0.22307628624457454,0.36427027595344375,0.0,0.666087684619113,0.31083069615077186,0.7947952132712555,0.6550328681014498
582,14098,0.0,0.8873147315131422,0.8412939751718882,0.20625463698877378,0.35662926122472427,0.2712845658034988,1.0,0.7093290100758914,0.7346346325907493,1.0,0.900130255431917,0.52398697854551,0.0,0.14253016938487117
583,14025,0.2614115765947605,0.3686016933959308,0.562952135785879,0.19729873536488574,0.46117584059150984,0.22011364198154437,1.0,0.2995502097589343,0.44121044586202296,0.0,0.7807207467232715,0.3245201308955898,0.7789425991309047,0.6902386703647267
584,14027,0.0,0.26323311857690435,0.32257744486569473,0.19887623560007894,0.2237839283136971,0.5635255882583031,1.0,0.2561357492155144,0.4239506797204662,0.0,0.501519853756133,0.08507666772712842,0.869453057760477,0.7430174073632629
585,14028,0.14111577306944723,0.20954417743539053,0.327506397791999,0.19127193103607543,0.28389400589732383,0.4179200804109361,1.0,0.23484416333505143,0.4073315495293509,0.0,0.6413372891010101,0.25983198363618587,0.869453057760477,0.9257153714927411
586,14101,0.0,0.7112775310254031,0.8370991587585163,0.20820044136165727,0.3635766980393902,0.26124872395480114,1.0,0.5594347479909876,0.5486794340624801,0.0,0.8141554588537978,0.3616278074250005,0.0,0.21877196541265476
587,14022,0.102882906803072,0.4193155791236914,0.5570494086324103,0.1953031548675389,0.1998955558353236,0.5741010380243945,1.0,0.19134233362780173,0.689293021538384,0.0,0.7034302667575754,0.2492056410228337,0.8429462157448122,0.59943370345566
588,14039,0.0,0.9259045797270626,0.951506276095177,0.2059302165347342,0.3651790850494253,0.27018897221508076,0.0,0.6473742415318293,0.7483914098052846,1.0,0.7568389278017185,0.2618884249336284,0.0,0.05375554860290177
589,14044,0.17707514740679706,0.7359544595939438,0.4790987865072429,0.20995252749859572,0.3441644472838714,0.2805718729811524,1.0,0.403092809511691,0.4682296474209615,1.0,0.8289187763898724,0.4661938210593862,0.0,0.5290465977439713
590,14051,0.0,0.5236586644674053,0.4320288770750036,0.21039652255274832,0.35434952844710077,0.26829536250198194,1.0,0.42774136478620683,0.45418296664131874,0.0,0.8580112266889681,0.48597355826735467,0.0,0.5372945175374426
591,14070,0.0,0.8589922649783992,0.7450367585087097,0.20824858869991847,0.3562789669248414,0.2699253410010263,1.0,0.5474891633966904,0.5475865137901995,1.0,0.8762484365103635,0.4971979041908869,0.0,0.27230483681568673
592,14125,0.0,0.5636408320299359,0.6074668909412405,0.21888808005909455,0.40041166007247175,0.21312420308629698,1.0,0.34826172631977137,0.35353396302595563,0.0,0.8471559862112688,0.5967324552134632,0.8212921674167302,0.8079770209287339
593,14071,0.0,0.0,0.14688257419320072,0.20086967764156605,0.3919916657445174,0.28212445931717167,1.0,0.2982635447126205,0.39998045600241594,0.0,0.6565349984605797,0.18508921139535273,0.7947952132712555,0.8079770209287339
594,14068,0.3726818296582691,0.26232340546632366,0.3960187319622951,0.19050026932785247,0.24320979440507695,0.41346192113280034,1.0,0.16719704505942157,0.4153365344159913,0.0,0.5115067246877212,0.12564315284996852,0.869453057760477,0.7914566825269261
595,14067,0.04166611421333639,0.6101844398744085,0.732533845510427,0.1794837932411163,0.25861408371573547,0.8046302408290661,1.0,0.538177782416722,0.3704997743784405,0.0,0.4989145380673621,0.09570834408580442,0.869453057760477,0.2719437918975892
596,14066,0.0,0.6503234598099049,0.5907906580380078,0.2158602312326411,0.3443656570943754,0.2681993117454695,1.0,0.5311816288681703,0.3877798079785393,1.0,0.8332610382213039,0.5036325287228552,0.7947952132712555,0.5920397329227105
597,14064,0.0,0.353209978260991,0.5329919041265682,0.2246274241521845,0.5180306706511671,0.142077599228138,1.0,0.5175910193924634,0.33691404980297934,0.0,0.8831958069801258,0.5128867380119161,0.7606458862803938,0.6046625485289482
598,14063,0.0,0.7500815431667879,0.7309421273327993,0.21783645771856042,0.36130659275808275,0.24775244697177579,1.0,0.4795340175155163,0.45109358187786797,1.0,0.869300858990161,0.47968342951785103,0.7947952132712555,0.48963750909636883
599,14062,0.15276167872602114,0.19062269114661767,0.2717650557236629,0.19010309253415925,0.30747856974016863,0.43471068995044937,1.0,0.2981723796025677,0.3972246787785596,0.0,0.7242727922677428,0.12499538498278616,0.8429462157448122,0.9257153714927411
600,14061,0.0,0.18878109927461928,0.327506397791999,0.18646198417079562,0.4092324222042082,0.25329788032978673,1.0,0.15512594051903283,0.3558382314744567,0.0,0.411636980119638,0.030710719753297946,0.7606458862803938,0.8079770209287339
601,14060,0.0,0.25050864344294566,0.3881667417764709,0.2110790245307178,0.4353347868032187,0.21321838142504412,1.0,0.5072673529638747,0.37848246214026937,0.0,0.8862353074419518,0.466586111861469,0.7789425991309047,0.8275164340507248
602,14059,0.0,0.3219005227782766,0.45885583827355875,0.21560238860563918,0.3049896514729511,0.31129072474178177,1.0,0.54834863538309,0.34608695349426954,0.0,0.695614319691263,0.3637483109458491,0.8212921674167302,0.6130176920083639
603,14058,0.13274905339275014,0.34982110450234893,0.5336821566048857,0.18467129870188714,0.28088081419144173,0.5505159500631434,1.0,0.45298829037441635,0.4953331009288414,0.0,0.5801128880409943,0.05409022351679607,0.869453057760477,0.6594077639142162
604,14057,0.0,0.2624049831366774,0.36036836098369357,0.21419444690175882,0.3150625063148398,0.30463183134711735,1.0,0.5839940077160123,0.38580751477380715,0.0,0.785063008554703,0.5147889781056056,0.8212921674167302,0.8822616494359928
605,14056,0.1680849407544698,0.16551836131869063,0.22032386128980105,0.2222589735150714,0.28125600314072763,0.30705061371892917,1.0,0.2857902757107108,0.2713080198820075,0.0,0.669127185080939,0.1892231953297819,0.7947952132712555,0.8822616494359928
606,14054,0.0,0.22218668469201472,0.3322162123140422,0.19950874333487134,0.2668368560727308,0.42104481718130204,1.0,0.22613476931049792,0.31530457948207136,0.0,0.772905006707399,0.3668150428095812,0.7947952132712555,0.9257153714927411
607,14053,0.0,0.840326498979413,0.7151780294119702,0.22420246097110053,0.484835772587657,0.15554240196477842,1.0,0.29864367970963424,0.37804822391619397,1.0,0.7581414821208841,0.5253565676131968,0.7947952132712555,0.341068252081851
608,14052,0.0,0.2916989795560208,0.3638425535640407,0.19914189106454583,0.28728637439203697,0.37523155316912415,1.0,0.18751665429116582,0.31753275480145504,0.0,0.6712983159966548,0.2646430603021056,0.7947952132712555,0.7914566825269261
609,14050,0.0,0.40065593735046234,0.5460086661223579,0.20707940568590855,0.3306527382829154,0.3018432721925862,1.0,0.362370173170922,0.7470006637882205,0.0,0.7676943753298573,0.49243871291884056,0.7947952132712555,0.5401911821184902
610,14031,0.2614115765947605,0.0,0.07344128709660036,0.19411502032276473,0.4173004704150538,0.2660413499442382,1.0,0.19078562120086728,0.39035405621662755,0.0,0.712983159966549,0.28204856752630786,0.7947952132712555,0.8822616494359928
611,14049,0.575954844411742,0.2341416154102767,0.2717650557236629,0.22311786500100028,0.26257721131346734,0.31907610811931253,1.0,0.25437239878654405,0.23630502546366294,0.0,0.6695613698539942,0.12846432207723169,0.7789425991309047,0.9257153714927411
612,14048,0.0,0.5781213092798605,0.4755861980646561,0.22658348045687615,0.40243970953569197,0.19856036761212836,1.0,0.3139134751167243,0.4276434873174437,0.0,0.8792879369721895,0.5537418919896927,0.8212921674167302,0.7336923924214751
613,14047,0.0,0.468542991118859,0.5243378406124412,0.21937330843808256,0.3523503614728286,0.25229267373075515,1.0,0.40413677138178317,0.4960997768437355,1.0,0.9157621495645423,0.5284690303456295,0.7947952132712555,0.6467849483079785
614,14046,0.0,0.5617531308308982,0.5858617051117035,0.21604778710306805,0.438175651187545,0.19615284895014917,1.0,0.3313047650748733,0.33085533608510576,0.0,0.904906702036403,0.4772407636281747,0.7789425991309047,0.6220797127932347
615,14045,0.0,0.3403271418750555,0.43897913091850277,0.2060904979412751,0.3877263813284829,0.2581684440138665,1.0,0.37778584133928195,0.5002892497640867,0.0,0.5874946503342517,0.1915626051059469,0.7947952132712555,0.725114210224383
616,14042,0.0,0.31336479636071635,0.4338096480802939,0.18531816993658634,0.4308450497445031,0.2228705356909253,1.0,0.18562100787110036,0.309668807049603,0.0,0.7716022453377935,0.2744184799539143,0.7606458862803938,0.7914566825269261
617,14041,0.2916684363221723,0.274054106572368,0.40793615455963306,0.19667560463848088,0.47408955981772494,0.205678046603317,1.0,0.35817517450590486,0.6951378581229015,0.0,0.8905775692733833,0.4904953823807322,0.7789425991309047,0.725114210224383
618,14040,0.0,0.269290098244943,0.37968594629881686,0.19219259759327134,0.35868454135966654,0.35162326874346894,1.0,0.33084892542018884,0.4389690939181965,1.0,0.7186279761171457,0.2181625864970083,0.8212921674167302,0.6902386703647267
619,14038,0.11607246795606549,0.1439379852098658,0.2328033721056162,0.1895735767681218,0.3168508359822919,0.4304920972692188,1.0,0.3309443553522403,0.35609272973561823,0.0,0.6678246307617737,0.19384690092397613,0.7947952132712555,0.7771461144782232
620,14037,0.0,0.38177183306005186,0.5435301114473258,0.1983604446068269,0.2596184809510297,0.4348575018761325,1.0,0.22154037921058256,0.34204558493224646,0.0,0.7590100587174342,0.24817032403588526,0.0,0.6319793675308782
621,14036,0.0,0.3958245796027955,0.550211334133102,0.19351679392853327,0.3432898795453241,0.37112528304732595,1.0,0.29831767646376606,0.43539003355686,1.0,0.7889708785626393,0.29192441907927436,0.8212921674167302,0.7097780834867178
622,14035,0.0,0.49243281777458126,0.6064331912231685,0.2182272427472799,0.47957007877587343,0.1716894043071573,1.0,0.24922450126003248,0.4205295009748121,1.0,0.9009986249780269,0.5774785347295975,0.7606458862803938,0.5526306442751081
623,14034,0.0,0.1738241477889665,0.25406511069539867,0.19937805997532998,0.2730179636306451,0.40456143863471183,1.0,0.2127034405709295,0.30125276160489234,0.0,0.7485887959623507,0.30135802878138795,0.7947952132712555,0.8822616494359928
624,14033,0.35040807609971875,0.3950413597592273,0.5322971253701592,0.22722136988005703,0.3842234383296551,0.2095539434257463,1.0,0.28350864917032614,0.5164252078966397,0.0,0.8879722535846126,0.5285636340956956,0.0,0.6594077639142162
625,14004,0.0,0.19084980214579364,0.311973264080358,0.2058775452342202,0.29661215496980586,0.35483867028463756,1.0,0.2611852768639823,0.41449288757958536,1.0,0.7624837439523156,0.34021493023433574,0.7947952132712555,0.8514307429854822
626,14019,0.2916684363221723,0.20688912413968358,0.2632842602460088,0.18940128643513676,0.4015418989649674,0.27574107550445137,1.0,0.1677958849497928,0.46846712251719935,0.0,0.6734694469123705,0.1517133570891641,0.7947952132712555,1.0
627,14001,0.0,0.4290949604158215,0.5862813230094408,0.21207698872930292,0.3874650705177636,0.23382841414084887,1.0,0.40464496946447825,0.5017649132717139,0.0,0.7186279761171457,0.32821251258848716,0.0,0.6902386703647267
628,14006,0.15276167872602114,0.6120973703560104,0.6098403459140975,0.1953632387811176,0.32861506132337914,0.36369990585564094,1.0,0.24036325822963467,0.3869422156989477,1.0,0.7854971933277579,0.3181506549010606,0.8212921674167302,0.4842778890646183
629,14007,0.0,0.32115368645019277,0.41659021807376007,0.19479600297352284,0.3541290636439647,0.35120432429058135,1.0,0.2798268936032867,0.5240723063869415,1.0,0.8111159583919718,0.4035450503964327,0.8212921674167302,0.673718331962919
630,14008,0.0,0.7278482208896663,0.6605568930046455,0.22237075554701968,0.4072797408942903,0.20217263446768818,1.0,0.2895978977953101,0.3563476607356836,0.0,0.8697350437632163,0.47726831202671927,0.8212921674167302,0.5344740898901891
631,14009,0.0,0.6139148774089078,0.5027416001483273,0.200029726739117,0.3605113810123828,0.30764546635707923,1.0,0.33968644741712806,0.5008234233902165,1.0,0.8215372211470553,0.42812981468934747,0.0,0.5493828179949455
632,14072,0.0,0.30911953865844893,0.4283749501331661,0.2256693483019171,0.43492439150312057,0.17896843501866422,1.0,0.48504179077979115,0.40337106128833444,0.0,0.923143704807359,0.5286564950676984,0.7789425991309047,0.8514307429854822
633,14080,0.11607246795606549,0.16612136488299128,0.3062446592022165,0.1829024091615753,0.28990278613368226,0.5360200751351003,1.0,0.5673937605155486,0.35952058907571915,0.0,0.5874946503342517,0.12221452040777332,0.8429462157448122,0.8822616494359928
634,14081,0.2916684363221723,0.1901155715478725,0.34520634282026325,0.1982251190327099,0.4734586997144907,0.2089331232835383,1.0,0.36251761964316764,0.5173982545868168,0.0,0.8758142517373091,0.5101800619287165,0.7789425991309047,0.7771461144782232
635,14082,0.0,0.5892605446759734,0.600009807588618,0.20734029802427523,0.2849601559500592,0.370947264826639,1.0,0.26467712069544636,0.36841734204556764,1.0,0.7264437161330182,0.37658638781272663,0.7947952132712555,0.5829133650538523
636,14083,0.0,0.6894056769156428,0.5858617051117035,0.20099905519235872,0.34787822758951914,0.3083815966569342,1.0,0.3509049415709785,0.4720793720187034,1.0,0.7950498794862912,0.40796724480825985,0.8212921674167302,0.43058336900855054
637,14084,0.14111577306944723,0.36371416313301497,0.5559399390112435,0.18433071761337005,0.2592256888263377,0.5364264510122128,1.0,0.29385476472615724,0.5444217925426567,0.0,0.5128092790068866,0.10664882289036964,0.869453057760477,0.8079770209287339
638,14085,0.0,0.6146249311024403,0.5132579985088492,0.2152993531884858,0.2840214993717515,0.3392077918252687,1.0,0.35244944305479153,0.31117421131474443,0.0,0.7064697672194014,0.21968115123187482,0.8429462157448122,0.6428874255124083
639,14087,0.0,0.3103633100525714,0.4989906462943148,0.21839702549106244,0.24309921990096217,0.3670831972698393,1.0,0.2793242757657206,0.22702354672975622,0.0,0.594442020804014,0.08420461829328323,0.8212921674167302,0.7532318055434659
640,14088,0.0,0.34817571476162695,0.4602408695082853,0.198054104034885,0.30610063537281473,0.3451110347214056,1.0,0.210661611190186,0.3326113023614906,0.0,0.6977854506069787,0.26348040458580774,0.7947952132712555,0.6789471770362071
641,14089,0.0,0.2082908810932369,0.2869270738870932,0.20600734473980398,0.3061431331976239,0.3387435848749212,1.0,0.2724686788866888,0.4714695512376027,1.0,0.7985237717716125,0.34747428282636234,0.7947952132712555,0.7914566825269261
642,14094,0.0,0.7332574122728619,0.5709903685591031,0.19626066792973307,0.3847965334549931,0.31089670038903483,1.0,0.23574818711738277,0.46191010291315027,1.0,0.6052974683321524,0.12659981625312433,0.8212921674167302,0.5477950842859758
643,14095,0.0,0.24964352968690956,0.36036836098369357,0.19819043959278726,0.3489619808176606,0.32774232701182304,1.0,0.2887918267518219,0.5013850960362024,1.0,0.8762484365103635,0.3999563452119887,0.8212921674167302,0.7097780834867178
644,14096,0.0,0.3441454141542806,0.4694600190588954,0.21410583939217454,0.3250560051638811,0.29343307103754546,1.0,0.5073625694521289,0.3958434243065344,0.0,0.7898392481087495,0.518995350678955,0.7947952132712555,0.6130176920083639
645,14032,0.0,0.23252993672843916,0.327506397791999,0.20129631688264749,0.29488791414211424,0.3621914086372545,1.0,0.21099367022624893,0.36109586322178755,0.0,0.6517585518560933,0.2371387307739555,0.8212921674167302,0.8822616494359928
646,14030,0.0,0.5655032116479267,0.5766425555610933,0.21116708840757747,0.333764540974277,0.2908636166436781,1.0,0.38739509851494125,0.473184739457187,1.0,0.818497513634789,0.4479371491236651,0.7947952132712555,0.4783460157678491
647,14029,0.0,0.26543027505603234,0.35677637697299236,0.2089193163220332,0.3993318946838753,0.2398238221607254,1.0,0.3095777718366578,0.7951102484517788,0.0,0.7186279761171457,0.3111748264654976,0.7947952132712555,0.7645232988719857
648,14026,0.0,0.3464982465794743,0.44707110621415275,0.21224003928338242,0.3073254974112448,0.3201854793508454,1.0,0.4411710459575616,0.4068729057001388,0.0,0.7559705582556082,0.4624976516949952,0.7947952132712555,0.8079770209287339
649,14024,0.0,0.5598752001604683,0.5018162372297665,0.20025861267929013,0.32402272543963895,0.32309373720988,1.0,0.27412224477545877,0.3917089985501455,0.0,0.7646548748680313,0.45764462855399163,0.8212921674167302,0.5851231354069573
650,14023,0.0,0.6044647132454026,0.6783047698956095,0.20965276296920432,0.2741538421799118,0.3803193413493463,1.0,0.27975934943638303,0.3281374502218104,1.0,0.7364307941150467,0.3482498961891017,0.7947952132712555,0.410429799104577
651,14021,0.20231578507106157,0.5648698587294833,0.5008827212289277,0.1954573074903697,0.2335529745200573,0.4888509408460716,1.0,0.20292645119310837,0.4949402061643453,0.0,0.5419019363564215,0.24048435066796056,0.869453057760477,0.7097780834867178
652,14020,0.14111577306944723,0.2859410587996024,0.4406477225796021,0.17791909595556843,0.2240781094529095,0.5855056283459441,1.0,0.30937900594416834,0.3354195937439346,0.0,0.5940078360309589,0.13731787828724762,0.869453057760477,0.7430174073632629
653,14016,0.0,0.5943721586162645,0.5824435576956839,0.22378978955634576,0.3822843723555984,0.21831215707220064,1.0,0.31162777514208573,0.4914395287654614,0.0,0.8823274374340155,0.5190094231262655,0.7947952132712555,0.6428874255124083
654,14011,0.15276167872602114,0.1987373259596026,0.2869270738870932,0.19394491487352317,0.30312430183497074,0.38745714253612396,1.0,0.22173863570107522,0.3436461614492612,0.0,0.8128529045346322,0.3633442247265594,0.8212921674167302,0.8079770209287339
655,14013,0.0,0.7335326230494694,0.5939536804073535,0.21986570449947618,0.3801537240673537,0.22714866457788352,1.0,0.4139895907291845,0.4426084521558966,1.0,0.8706036203597669,0.48469094258488765,0.0,0.5807482395941909
656,14010,0.0,0.33465900246185776,0.41235151762577327,0.20304870522329022,0.3080164585146944,0.3394943744393417,1.0,0.2537725254024802,0.429853339715079,0.0,0.6482848666212122,0.37865509322293917,0.7947952132712555,0.8514307429854822
657,14012,0.15276167872602114,0.20253353432275167,0.300188532020952,0.18981144915096604,0.2933688709644716,0.4435363005248171,1.0,0.2778326816429424,0.4534155390582114,0.0,0.7047330281271809,0.23561755724047387,0.8429462157448122,0.7914566825269261
658,14073,0.0,0.7241380405560546,0.6067788795581732,0.21869200234686093,0.4518228293420187,0.18253533542099087,1.0,0.29591357674085883,0.323567314213112,0.0,0.895788200650925,0.515723489596017,0.7789425991309047,0.5851231354069573
659,14079,0.0,0.41883586879891893,0.5205123933107532,0.2101758731005542,0.29005751027983195,0.3517874178781031,1.0,0.3242049828219047,0.37644492030993526,1.0,0.7299174013678995,0.3055850043946904,0.7947952132712555,0.6285768574637054
660,14093,0.0,0.7613592762744124,0.7011362169095514,0.2147608723030331,0.3976269088488157,0.22128947840596203,1.0,0.38704989457148686,0.4283111926523243,0.0,0.6608770532415713,0.29102682734841473,0.8212921674167302,0.43217898257967313
661,14099,0.060625958026457746,0.25777058547783444,0.40565749941064255,0.20396765040778797,0.24713042417799957,0.4728088134088174,1.0,0.3402150043197698,0.30229300391478,0.0,0.4437689308805586,0.12701121004462573,0.7789425991309047,0.7645232988719857
662,14100,0.14111577306944723,0.37118123147194837,0.5027416001483273,0.18321064471621684,0.22961872941127348,0.4576256694762839,1.0,0.20585875404210008,0.34666141499589775,0.0,0.5093355937720054,0.09731520978444648,0.7789425991309047,0.6639688805647354
663,14102,0.0,0.4248365270304155,0.4355609835024832,0.20185131472097118,0.27206967955602124,0.4089765810112811,1.0,0.24038745787392934,0.3075714020735849,0.0,0.6856274487596745,0.2923801329564953,0.7789425991309047,0.7914566825269261
664,14103,0.05551351168773205,0.2835129715037289,0.3854145511769584,0.21111917154687665,0.24948552510892552,0.41673304528559096,1.0,0.3955202653735612,0.2646432488853041,1.0,0.7711680605647382,0.26603590089446827,0.8429462157448122,0.7430174073632629
665,14104,0.2614115765947605,0.23400561383656718,0.2869270738870932,0.19533447625325373,0.4404786267973456,0.2392796415727465,1.0,0.22955483276545963,0.3581991450986154,0.0,0.8059053270144301,0.2530459313186259,0.7947952132712555,0.9257153714927411
666,14105,0.0,0.698133346406369,0.4790987865072429,0.2162750565941759,0.3729585917778294,0.23971084869842296,1.0,0.7032545034253921,0.39571808650258744,0.0,0.8862353074419518,0.4767079273029251,0.0,0.6550328681014498
667,14090,0.0,0.3076695399764137,0.3881667417764709,0.1966751821676037,0.2909304262011534,0.36320987735728494,1.0,0.17966697353475714,0.3054245389923467,0.0,0.8024316417795487,0.33886304653014715,0.7947952132712555,0.8822616494359928
668,14091,0.0,0.42719402029566106,0.6036263150066016,0.21281624989908432,0.4611525977593327,0.19516867785966818,1.0,0.3733421239728344,0.3670069975070891,0.0,0.8037341960987143,0.4943842586269991,0.7789425991309047,0.6789471770362071
669,14092,0.0,0.43293638993632383,0.34105077566857017,0.20961786329799514,0.31478194051148845,0.31790017261025094,1.0,0.3570588947266059,0.5030794232534969,0.0,0.7303517931913948,0.4712585861766632,0.7947952132712555,0.7914566825269261
670,15116,0.22544450328215487,0.37310143127773693,0.3322162123140422,0.28067471856792137,0.32961877435358,0.236431005256714,1.0,0.46547968311047727,0.3311374224635609,0.0,0.7051672129002362,0.18528286545097167,0.8429462157448122,0.8822616494359928
671,15072,0.0,0.5771550094169524,0.5531143480757917,0.29795055712479723,0.3610622009176764,0.18810958178991033,1.0,0.5287143684618829,0.5947428904441254,0.0,0.8445506705224981,0.5874180379974442,0.0,0.6550328681014498
672,15003,0.0,0.4917436556622004,0.45745246172137827,0.27936172813328974,0.4360619218696131,0.1851683372876325,1.0,0.39999521090288503,0.43129949455606864,0.0,0.767260190556802,0.5192893057924279,0.7947952132712555,0.4834101105163604
673,15007,0.0,0.24181726499902842,0.3704667967482067,0.2854018989539039,0.35535722931684666,0.21011207996141534,1.0,0.3530766932239995,0.4512864798769496,0.0,0.5874946503342517,0.25367022235243997,0.8212921674167302,0.6319793675308782
674,15094,0.0,0.3175766206492487,0.4602408695082853,0.3217885266963746,0.3759807267749339,0.2008572985072128,1.0,0.4276465232485468,0.4362163731246568,1.0,0.8219714059201102,0.5785910668645041,0.8212921674167302,0.5896842520574764
675,15032,0.1466320176491291,0.2605442990077917,0.5063642908338386,0.27956891018890506,0.3540161531175309,0.2196125286297108,1.0,0.3230395079603364,0.36770202375164185,0.0,0.5358229354327695,0.22724581039392538,0.0,0.6354934549794589
676,15081,0.0,0.7162356066056389,0.780029906587073,0.30733507856457576,0.4304283305825404,0.19045992671727974,1.0,0.5339929015596134,0.5952142753240175,1.0,0.9005644402049715,0.5887902888482077,0.7606458862803938,0.17916610544259137
677,15071,0.0,0.5801252232376659,0.45745246172137827,0.27817637428514563,0.4455367869367609,0.19084749915057175,1.0,0.34660118879220325,0.4862893451852015,1.0,0.8671299351248851,0.5731176045428422,0.7789425991309047,0.4825493021521746
678,15070,0.0,0.7373486155569896,0.779490359243203,0.31335935759860767,0.40205984854176746,0.19394733671744957,1.0,0.4559522836883064,0.6837210856033331,1.0,0.863221858066509,0.6285627620252017,0.7606458862803938,0.22913277080847128
679,15026,0.0,0.3870418668172236,0.5173493709414074,0.2899592469546347,0.42139673114398424,0.1804695087646,1.0,0.37288845535341086,0.43524238572734675,0.0,0.7668257987333067,0.39421633933293493,0.8212921674167302,0.6101596542308203
680,15061,0.0,0.3952594371004562,0.5403480890993242,0.31391535440917406,0.449850208834375,0.20508771306856377,1.0,0.4068462420095774,0.4478473370480899,1.0,0.9044725172633481,0.5966740174664306,0.7606458862803938,0.4952793414443567
681,15057,0.0,0.8601638890512117,0.8329765619636029,0.3016695004716462,0.3997608607715123,0.17136275316349647,1.0,0.571791031169835,0.6659799951897836,1.0,0.8167607745425685,0.40412126519014857,0.8212921674167302,0.11190597283942139
682,15120,0.0,0.5306516252451847,0.7495265920775225,0.30340126613656915,0.43695973244033737,0.19484202799048522,1.0,0.5746952627522346,0.5385554926833289,1.0,0.8931828849621539,0.5562709303431921,0.7606458862803938,0.2531478508509464
683,15110,0.22544450328215487,0.4108826088589136,0.5775559524306617,0.28276746310834666,0.3444619320575357,0.2218380611859807,1.0,0.39786961965706424,0.38439592583071025,0.0,0.6013893912737762,0.13626907762416168,0.8429462157448122,0.44772140402042515
684,15030,0.0,0.43141574904393654,0.6509972395272621,0.31214660408400074,0.42106569183673315,0.19609831386494458,1.0,0.47862752392734575,0.5742912490517715,1.0,0.8983933092892558,0.6787509384459918,0.0,0.45880660264585815
685,15044,0.0,0.3798756010795423,0.5513821016331498,0.3037670877461308,0.4299890527934943,0.1898285617660942,1.0,0.5389228424549675,0.5849565111668453,0.0,0.9192358347994227,0.5915090623753562,0.0,0.49921262932124066
686,15093,0.0,0.38716276773334407,0.5603097698976152,0.31606349869714834,0.4272235565624699,0.20508861550503688,1.0,0.38477215047890123,0.46941346673777395,0.0,0.7138515295126588,0.3952446064758415,0.7947952132712555,0.5201635218414863
687,15108,0.0,0.7219609222939192,0.7018421048015607,0.30373907106810993,0.42348089376787457,0.185250429695498,1.0,0.5767088316561606,0.6963490535917326,1.0,0.8836299917531802,0.5512664888206464,0.0,0.29730963631970964
688,15111,0.1466320176491291,0.29272455396392605,0.4320288770750036,0.2799735746542834,0.3619679871674909,0.213349125148671,1.0,0.33779113869933297,0.3807337175202311,0.0,0.7472862416431851,0.23453820457741345,0.0,0.566705932174072
689,15016,0.17343711774925227,0.48897012298008413,0.5315977605821658,0.3146552651435447,0.44511277630080104,0.20563411189431857,1.0,0.40414016020115917,0.42274742135355503,1.0,0.8219714059201102,0.5684602221825309,0.7606458862803938,0.4300567337219686
690,15112,0.0,0.3900731597921062,0.5685432994971402,0.2933112325570356,0.41453827781848174,0.1770344524624976,1.0,0.4009472822328337,0.5157884112633275,0.0,0.7077725285890073,0.36295419707664694,0.8212921674167302,0.538733063501105
691,15113,0.0,0.3601363022457304,0.5212886120255843,0.2968441173522506,0.34213571361555795,0.200438462061026,1.0,0.386069611832767,0.613969629353166,0.0,0.594442020804014,0.1756153148721214,0.869453057760477,0.5264325641232666
692,15123,0.45789154354725403,0.3194200693269003,0.4989906462943148,0.27837092175760614,0.31444856518191855,0.25361992366917274,1.0,0.4061383723929203,0.29357913331781027,0.0,0.516283171292208,0.10055766490341957,0.8212921674167302,0.8079770209287339
693,15074,0.0,0.4060928830871986,0.637432189837009,0.28083453674269265,0.39088797331865066,0.19246046230958536,1.0,0.6321402397586168,0.4913561079674459,1.0,0.8237081450123307,0.46477270438504387,0.0,0.47351045577871675
694,15125,0.0,0.2784264725175767,0.4731780630258004,0.30558536378124546,0.42655982613074295,0.18705121686718762,1.0,0.614814474682448,0.6787491871222543,0.0,0.9283543361849007,0.5943036362958595,0.7606458862803938,0.5725003198007196
695,15053,0.0,0.47435052859489113,0.5931717330893097,0.30300022199254084,0.4263121306558848,0.18675418941164135,1.0,0.6116090595522651,0.6305145807855146,0.0,0.9244464661769645,0.5681201256028572,0.0,0.422452831554483
696,15055,0.0,0.4717865376140588,0.5624289081512561,0.2967950624130572,0.36705172616140247,0.1868757000846324,1.0,0.6583686756854974,0.6461674786043592,0.0,0.8792879369721895,0.5853515928892926,0.0,0.5594373801050112
697,15073,0.0,0.6418922726971834,0.6227659768866467,0.2981542913271694,0.36408502011987454,0.18628440531382728,1.0,0.5518419117712664,0.6311739871346962,0.0,0.8484585405304343,0.5858783077657511,0.0,0.538733063501105
698,15015,0.4749494163497731,0.40072273993469415,0.5775559524306617,0.32549956820403336,0.3826011121218942,0.20992978016930763,1.0,0.3673865374906653,0.42848543020574525,1.0,0.48762490576616835,0.19315168032328187,0.8429462157448122,0.5807482395941909
699,15014,0.0,0.7725402112075381,0.6927380177571265,0.2825243754653576,0.40888941937832224,0.17879998035340416,1.0,0.5042867709744813,0.44745425539200845,1.0,0.7572731125747738,0.4353280652625853,0.8212921674167302,0.3560350993716269
700,15056,0.0,0.43766308693514333,0.6111731104138872,0.2887216777199503,0.41055754704534364,0.1728747838215079,1.0,0.3819858431305363,0.41926853391199415,0.0,0.7368649788881017,0.43113964462889487,0.8212921674167302,0.5873794306425648
701,15054,0.0,0.5835067629649274,0.7491671230959385,0.2960875107893338,0.3698829630494128,0.18603986833899366,1.0,0.7141995040631972,0.6794908347574315,1.0,0.8580112266889681,0.5384168052428445,0.7947952132712555,0.23926662026999201
702,15076,0.0,0.6565824313155308,0.7181145697229082,0.2971998540940598,0.373097364565799,0.18272253945106143,1.0,0.5878432753317689,0.860969209328814,1.0,0.857142857142857,0.5690136523933003,0.0,0.3506433723067228
703,15060,0.0,0.6177585755278764,0.778471242242006,0.2967806973999568,0.40958602013854273,0.17428561533226783,1.0,0.4883759133381812,0.6591762525298013,0.0,0.752496665970287,0.314275970061383,0.8212921674167302,0.22994160532820407
704,15083,0.0,0.2529825030883888,0.3908492491240862,0.31769652068605436,0.39013691121498517,0.19850895685517278,1.0,0.42386803181464827,0.5872342045351014,1.0,0.8480243557573786,0.7073391031520193,0.7947952132712555,0.59943370345566
705,15024,0.0,0.8307696805346995,0.6899414318731781,0.3022843962539078,0.4245414041638389,0.18571371764012246,1.0,0.6790319537650531,0.6738668410426747,1.0,0.8953538088274298,0.5273609194450882,0.0,0.2773650428846076
706,15059,0.0,0.3902757064179615,0.5907906580380078,0.30444154902799603,0.4298535836399766,0.18966954259509716,1.0,0.5291433620429695,0.5972760629340735,1.0,0.910985702960055,0.5968346345411196,0.7606458862803938,0.3980502754647127
707,15009,0.0,0.5424085655883428,0.5911912384043506,0.32418232430822325,0.390496833011184,0.21038947266285812,1.0,0.3315082189746593,0.475860365947283,1.0,0.5388624358945955,0.17295662431888223,0.8212921674167302,0.43271617701352805
708,15067,0.0,0.5111070251088352,0.6908818526684911,0.295262521497918,0.3892158578120841,0.17623507995578147,1.0,0.4606822568807738,0.5064035529687473,0.0,0.7828918776389873,0.4388116531094573,0.8212921674167302,0.42593429989912535
709,15031,0.0,0.6085149515328754,0.8554043382429929,0.31250339935881344,0.40758685316427035,0.19366276810588579,1.0,0.43235588047194085,0.5844305908273539,1.0,0.872340359451987,0.6511151446454113,0.7606458862803938,0.16081277629433965
710,15092,0.0,0.6697062116676998,0.6458732204875155,0.31091366867605486,0.433563376106079,0.19644526054538414,1.0,0.467766289701658,0.5329175894755811,1.0,0.8536691719079761,0.5825828593931637,0.7606458862803938,0.3794895912012859
711,15066,0.22544450328215487,0.09938445796883323,0.2717650557236629,0.2787386721851496,0.33160432599199097,0.2388699644409793,1.0,0.404552265442258,0.32002346149354644,0.0,0.5870602585107567,0.18796051575946002,0.8212921674167302,0.8514307429854822
712,15098,0.0,0.204839453733048,0.43897913091850277,0.2999562700181805,0.3625619891026869,0.18477577325421213,1.0,0.4781577308732228,0.6676977097008663,0.0,0.7798523771771613,0.44170640427099755,0.8212921674167302,0.7914566825269261
713,15025,0.0,0.7138083164826158,0.7956974989216964,0.3183366254294214,0.39729917317601626,0.20217192246697135,1.0,0.3960459239894065,0.6790179482691663,1.0,0.6139817849445757,0.2555353392950235,0.8212921674167302,0.17010681722863985
714,15077,0.45789154354725403,0.17590487761303053,0.2328033721056162,0.2872585672488478,0.33003480931044904,0.2239782043925278,1.0,0.5272823099849892,0.39024889073909375,0.0,0.5075988546797849,0.14915796945080775,0.869453057760477,0.8514307429854822
715,15078,0.22544450328215487,0.1944067454843496,0.311973264080358,0.27842575064234876,0.33857500563883414,0.2338075719879591,1.0,0.37504823401720666,0.3304418808447419,0.0,0.531480673601338,0.15298245152524698,0.8212921674167302,0.8079770209287339
716,15096,0.0,0.5027226030353752,0.6039812680377051,0.3000591042181916,0.4422390415879821,0.19869490364500497,1.0,0.5574062491608129,0.5169969642936139,1.0,0.874945675140758,0.5298164585836824,0.7606458862803938,0.5358750257235614
717,15104,0.0,0.8831757326343233,0.8352777927152026,0.3040775903940781,0.41000205509541177,0.17841894101249167,1.0,0.8125494449838625,0.8424101608992265,1.0,0.8393400391449564,0.4527582375600922,0.7606458862803938,0.11787142205891066
718,15107,0.4339710659788844,0.2813743422272789,0.4531272333954173,0.30081726747772797,0.32751700855428334,0.20221580382344828,1.0,0.2962854007685467,0.7288680773673,0.0,0.8545375414540863,0.22507655986121414,0.8212921674167302,0.6508295817171241
719,15100,0.0,0.5188069613813374,0.6032701688538229,0.3103729931152345,0.42370534641055546,0.19336784860335898,1.0,0.528413793529749,0.6400399846486182,1.0,0.9131568338757707,0.6618483981562088,0.7606458862803938,0.45812180756724274
720,15082,0.45789154354725403,0.4141438132300465,0.6064331912231685,0.28401520766945965,0.31467301782459967,0.24124406926744935,1.0,0.6013842036788397,0.3438961768447626,0.0,0.5735997023442871,0.1139542450290514,0.869453057760477,0.5648420579743655
721,15058,0.0,0.7219776471903419,0.8965212506783944,0.3101651881096491,0.4049704414226253,0.18859416592240352,1.0,0.5024811939462437,0.5955425835938346,1.0,0.8827616222070704,0.5769136462002408,0.0,0.14350428541962035
722,15064,0.0,0.35049383112198024,0.5235837208403724,0.276965023041574,0.39946103997552884,0.19082931876016618,1.0,0.6619978668712334,0.698184956553648,1.0,0.8024316417795487,0.43670768126698256,0.0,0.5401911821184902
723,15109,0.0,0.8404711776133509,0.7988417468813728,0.3038743929020268,0.4180893582988894,0.18129737591323103,1.0,0.5933107894275971,0.8254857888117959,1.0,0.7989579565446678,0.4929753341256753,0.0,0.18567904875172303
724,15023,0.0,0.39756414365343434,0.5887647190543933,0.29934829894731607,0.4293581926902603,0.1891464931607718,1.0,0.7032322931032504,0.7054507695537615,1.0,0.8758142517373091,0.48031444138620905,0.7789425991309047,0.4078368484653325
725,15040,0.4339710659788844,0.3519398374355776,0.5220591854634506,0.2982882562465251,0.33187127645948133,0.20405618107794177,1.0,0.3229120152211834,0.7060533833854141,0.0,0.8549717262271417,0.23834779885501925,0.0,0.5303779200216894
726,15039,0.38598429900599956,0.724527887360949,0.8041157876624792,0.3189049293791747,0.4071572028715399,0.20573460315367353,1.0,0.35936243818330416,0.622056688689149,0.0,0.633087364312082,0.21432232734338563,0.8212921674167302,0.22219099531417819
727,15005,0.0,0.5667823411694384,0.6472954348707868,0.2877919938105066,0.37512940186856425,0.19440926049616758,1.0,0.4364945843704068,0.5292417573847671,1.0,0.6977854506069787,0.4465069181613094,0.8212921674167302,0.36143523738690797
728,15086,0.0,0.23822502300608234,0.327506397791999,0.2870146910253578,0.3408178802484194,0.21740112301216086,1.0,0.42975972071431356,0.4113320341437954,0.0,0.5084672242258952,0.1163017597213705,0.869453057760477,0.5851231354069573
729,15042,0.0,0.59738525791822,0.757890002977251,0.28621424877266255,0.3915749465825551,0.18590859710587782,1.0,0.4725526433283058,0.42479323952100556,1.0,0.8315240920786435,0.470834514069284,0.8212921674167302,0.3785108623427219
730,15049,0.0,0.30699410266973554,0.45885583827355875,0.30047419631751693,0.3567079330124784,0.18698377046982118,1.0,0.4367688972074558,0.571651083761721,0.0,0.7854971933277579,0.4535025735046779,0.8212921674167302,0.6508295817171241
731,15052,0.3024799758214906,0.3463113095169414,0.5895797490786086,0.30398036012372887,0.34143512501579243,0.18993633102914997,1.0,0.32814521518406337,0.5666262723185083,0.0,0.7989579565446678,0.19528145124127005,0.8212921674167302,0.5493828179949455
732,15103,0.38598429900599956,0.35263601505307085,0.5235837208403724,0.3223784598566971,0.3969488788761334,0.20939374916672593,1.0,0.34080863355687085,0.5338263085879859,1.0,0.5644812009588092,0.18437144025483412,0.8212921674167302,0.49921262932124066
733,15050,0.0,0.3281717667795926,0.5212886120255843,0.3184758773524322,0.3807975153013553,0.1968850493322969,1.0,0.4023071292921937,0.49071859210089863,0.0,0.82110282932356,0.47922113547679757,0.8212921674167302,0.5705338414139879
734,15101,0.0,0.8187178349153341,0.6963555542533466,0.3016924117320704,0.3683366892000479,0.17954162961338826,1.0,0.44043809615896723,0.740757441902167,0.0,0.6717325007697099,0.3667053728762864,0.8212921674167302,0.39766127298621046
735,15090,0.0,0.6479877537740268,0.6791796995633599,0.29711919587457636,0.35357288748893956,0.19365397079537616,1.0,0.47710241644225326,0.5600083740393103,0.0,0.6578375527797453,0.33069538319167646,0.8212921674167302,0.42593429989912535
736,15062,0.0,0.7273852396007541,0.6556675044479909,0.30110399325993076,0.37688651302474907,0.1753600032675302,1.0,0.4693226157861021,0.6043290189621209,1.0,0.6482848666212122,0.35974604296574525,0.8212921674167302,0.40741072438439396
737,15105,0.45789154354725403,0.23450548052859144,0.3960187319622951,0.2867269123997377,0.28494021675233394,0.2566767699207224,1.0,0.4231370566238337,0.31664693116920684,0.0,0.6261397867918796,0.1613578069886789,0.869453057760477,0.6844442827380792
738,15068,0.0,0.45572678482432855,0.5639909027404086,0.3225973448017463,0.3777514532669798,0.20316388560879806,1.0,0.4082681620582843,0.4393789607168864,1.0,0.7594442434904896,0.613493485108775,0.8212921674167302,0.538733063501105
739,15080,0.45789154354725403,0.2462772405904165,0.40565749941064255,0.2916390703271966,0.3106786717156006,0.22871193811477375,1.0,0.41247946540859826,0.4252847556891033,0.0,0.5197568565270891,0.09903422953572134,0.869453057760477,0.7914566825269261
740,15106,0.0,0.9653855979897371,0.9110495556681373,0.29343350959895786,0.37121441175241243,0.1890034050950573,1.0,0.7573938070737896,0.7181072927108516,1.0,0.6105080997096946,0.38869086143558707,0.8212921674167302,0.09703685808618923
741,15118,0.0,0.6770351252593163,0.7116459229844906,0.2907711188197307,0.3595295424041727,0.19965544555513914,1.0,0.4753175253453161,0.5863984428103534,0.0,0.5618758852700383,0.32706561080991486,0.8212921674167302,0.3151574913116526
742,15036,0.0,0.4500789028921794,0.6265556351723921,0.30267212152489786,0.4509010917340236,0.2057311446401593,1.0,0.5104708312033945,0.4585647658880554,0.0,0.8471559862112688,0.581734104831641,0.7606458862803938,0.5401911821184902
743,15013,0.0,0.7499410731234476,0.7990105969261767,0.3008072561272427,0.4079836331285076,0.17418370056966936,1.0,0.6280908283541367,0.6530500602246854,0.0,0.8250109063819362,0.40780069789131984,0.7947952132712555,0.19158690390105237
744,15124,0.1466320176491291,0.2659415347256985,0.4372838406606411,0.2771703166231215,0.3821698100119387,0.20281850316022143,1.0,0.46114572929719455,0.5078609631713114,0.0,0.7247069770407977,0.384301839294109,0.8212921674167302,0.5401911821184902
745,15117,0.45789154354725403,0.27617771320002354,0.40793615455963306,0.29647023868299216,0.31577602604537325,0.2160751368063818,1.0,0.33223208710421526,0.5263555288767929,0.0,0.612244838801915,0.19302847612841473,0.8429462157448122,0.8275164340507248
746,15046,0.0,0.41471817735429156,0.41016683443920954,0.2982242616526344,0.3993215829824661,0.16767226803610846,1.0,0.4611731222729919,0.5507215697841553,0.0,0.7503257421050116,0.33732339536876543,0.8212921674167302,0.5896842520574764
747,15115,0.0,0.4121710169783639,0.614754057039226,0.2969672157616253,0.390388594529389,0.17334598074868546,1.0,0.4384082395535086,0.5093870041727061,0.0,0.7859313781008133,0.4312551330161025,0.8212921674167302,0.4446679192613652
748,15045,0.0,0.8150907223725644,0.6091676237767683,0.286493739060082,0.4363424876729646,0.18963368834667804,1.0,0.4108383463255223,0.42608462903041777,1.0,0.7529310577937822,0.41595260954409147,0.7947952132712555,0.3798178305548511
749,15006,0.0,0.3550095475195029,0.6767114559504233,0.2998902308724706,0.3652577568371794,0.183095292959627,1.0,0.486622584987354,0.758419418668038,0.0,0.8384714625484049,0.5344839377938668,0.8212921674167302,0.6467849483079785
750,15012,0.0,0.46679149394167785,0.611503698453348,0.29939346492481544,0.3665098495473318,0.18308627669846422,1.0,0.5043386985064797,0.7586081582131661,0.0,0.8410767782371764,0.560552729770621,0.8212921674167302,0.6101596542308203
751,15034,0.0,0.2686188052485203,0.40332875993990125,0.3257870555298126,0.37642000456398006,0.20805802288423525,1.0,0.40103801198589273,0.40413342482133086,0.0,0.6131134153984654,0.3693385971985857,0.8429462157448122,0.7171720540196672
752,15041,0.1466320176491291,0.13390657545436033,0.2717650557236629,0.2780150938912017,0.34633525737460613,0.22849837511739568,1.0,0.34086875665644634,0.3389896224010477,0.0,0.7164568452014299,0.265538587220075,0.8212921674167302,0.8079770209287339
753,15017,0.0,0.19098826081389,0.3367255473426092,0.32073592826515707,0.38689926686642195,0.2031372642240461,1.0,0.3687759599717956,0.5068672126458057,1.0,0.803300011325659,0.6143157445917491,0.0,0.7097780834867178
754,15102,0.0,0.4799014820642599,0.35677637697299236,0.2847016413858571,0.4210368093477854,0.1782884168663179,1.0,0.39512085535348884,0.38477800006589113,0.0,0.778984007631051,0.46845314619466155,0.8212921674167302,0.6594077639142162
755,15089,0.0,0.29699219682449546,0.4245904985296838,0.31881256133947133,0.38763272579468067,0.19940479146754164,1.0,0.4050886471233336,0.5422032025892447,1.0,0.8549717262271417,0.6985767773708816,0.7947952132712555,0.6391266864816243
756,15029,0.0,0.5764424257907501,0.695761143826513,0.31470132448509613,0.40908664134928063,0.19848446911629258,1.0,0.3942594620842945,0.5970746956705262,1.0,0.7685627448759675,0.5503744113334418,0.7606458862803938,0.3085334931264755
757,15087,0.0,0.44968168687032306,0.662817865680182,0.2927297971786732,0.3897577344261549,0.1788996250269903,1.0,0.45511872119370567,0.47847313186260587,0.0,0.7481546111892954,0.4297908430905254,0.8212921674167302,0.43058336900855054
758,15069,0.0,0.3356540548437506,0.41016683443920954,0.31320346752908457,0.42316346979648467,0.19872562017987172,0.0,0.4460747098536533,0.536877378235381,0.0,0.8858011226688964,0.671365942918502,0.0,0.7336923924214751
759,15084,0.0,0.4218200056329923,0.5802498275569147,0.3089438517735267,0.44429033388337913,0.200753765612812,1.0,0.5744793425742752,0.46190129677749703,1.0,0.869300858990161,0.6055398374062773,0.7606458862803938,0.49431816849789056
760,15119,0.4339710659788844,0.21700619401500504,0.44390808384480707,0.3027922089511338,0.3317125644737865,0.1962222634237536,1.0,0.3016455317767833,0.5853984465945855,0.0,0.7915761942514103,0.17908874823268314,0.8212921674167302,0.7028614859709643
761,15008,0.45789154354725403,0.30486887496774256,0.45745246172137827,0.28472401604515396,0.2980358907964209,0.2522191715193265,1.0,0.40822711932450106,0.32740129872637647,0.0,0.588363019880362,0.10895680490600315,0.869453057760477,0.7645232988719857
762,15011,0.0,0.4314942626101794,0.6353443709394018,0.31022352224137395,0.41798675947386466,0.19178704682887626,1.0,0.5411111154439164,0.6418183293264579,0.0,0.9036039406667975,0.6652787998251521,0.7606458862803938,0.40530515439454073
763,15121,0.0,0.9312796759180273,0.7979934366597065,0.30104220511404944,0.4175146113563256,0.18060105222760825,1.0,0.7154156702619707,0.6151611665633478,1.0,0.8923143083656038,0.4993989826935214,0.7789425991309047,0.14022076318702703
764,15075,0.0,0.5612952754257388,0.5879433709049394,0.31171949689505574,0.4372402982436885,0.19861123036897532,1.0,0.4666568241885728,0.49103909158388237,1.0,0.8501954866730947,0.5464792915262987,0.7606458862803938,0.47194590149346927
765,15018,0.0,0.40903568329479856,0.608150463510298,0.2955945912140264,0.3600249333538891,0.19186885480092775,1.0,0.5940874873039765,0.5499656998075257,0.0,0.8098131970223663,0.45596673263819276,0.8212921674167302,0.47590096526500525
766,15019,0.0,0.45512545913734537,0.5871156059080451,0.30030293607662684,0.37130339524157596,0.17983086097220013,1.0,0.4787480858143752,0.7670562996859036,0.0,0.7485887959623507,0.5308723286116459,0.0,0.5177551044154516
767,15020,0.0,0.6662700343573545,0.6936540469270754,0.3049941814403737,0.41939756416971197,0.18243345266419242,1.0,0.6859436014076082,0.8175667109380651,0.0,0.8228397754662204,0.4701455517984513,0.0,0.24764570434264066
768,15022,0.0,0.5138575553887718,0.41235151762577327,0.31810553370680406,0.3942763539738181,0.20026509537633275,1.0,0.4125702308441249,0.6407244022865142,0.0,0.8302215377594779,0.7175896660480472,0.0,0.5358750257235614
769,15047,0.0,0.28046284476197203,0.5008827212289277,0.29051870679191183,0.39713482153355106,0.17739025513263806,1.0,0.3827798900311452,0.42938665888718575,0.0,0.7264437161330182,0.380270823629754,0.8212921674167302,0.509727926337842
770,15001,0.0,0.5439354694943219,0.6451548897313895,0.27999186518109964,0.4221205625759269,0.1763440730523811,1.0,0.5096228530703516,0.43133715178607746,0.0,0.7885366937895839,0.48871651046598047,0.7947952132712555,0.47509818948768656
771,15048,0.0,0.7125818678208,0.6451548897313895,0.2842775956820006,0.4019748528921494,0.1815749399768023,1.0,0.5432349251341921,0.4294965992564941,1.0,0.818063328861734,0.4453623096294819,0.8212921674167302,0.44169902954100404
772,15028,0.0,0.43998417170554416,0.5655302041100643,0.3121970142986671,0.42297188748229675,0.1968152560095182,1.0,0.47145491239629744,0.5669284954888268,1.0,0.8901433845003279,0.6145627175603002,0.0,0.48963750909636883
773,15063,0.3024799758214906,0.2737245569187701,0.4847060938556045,0.30476020477021926,0.35622216955907793,0.18143081523999038,1.0,0.36041295441828725,0.508613640056186,0.0,0.6396005500087891,0.15792371764683522,0.8429462157448122,0.5201635218414863
774,15051,0.0,0.897664951378837,0.7511292788140511,0.29807779025275394,0.3824928736400993,0.17660784568497956,1.0,0.4791925601546768,0.6067662026945708,1.0,0.737299163661157,0.34754622021001735,0.8212921674167302,0.3169709028546709
775,15085,0.0,0.46440003869189844,0.71567313956847,0.2765413773982922,0.4118232550913571,0.1828762554482135,1.0,0.7286393150693087,0.5393448274955455,1.0,0.7794181924041059,0.45073397658184855,0.7947952132712555,0.47351045577871675
776,15088,0.0,0.4456193913504596,0.6644324246280844,0.30035307806833467,0.34638738269573144,0.19306593895683877,1.0,0.3826521759174266,0.7874749924644489,0.0,0.8059053270144301,0.25453703733302774,0.8429462157448122,0.3945990627994913
777,15027,0.0,0.2524440110260979,0.41235151762577327,0.29770892397699444,0.3672433084755905,0.18508799664324171,1.0,0.5906148444350997,0.6731679970276094,0.0,0.8688666742171061,0.5853258851408537,0.0,0.5920397329227105
778,15122,0.0,0.5879528266405176,0.7956394581748653,0.31446664403512237,0.3949536997414067,0.1940465153158637,1.0,0.48867387279556374,0.7753638583666891,1.0,0.8449848552955526,0.5473036067909313,0.7789425991309047,0.21921178845881129
779,15099,0.38598429900599956,0.7012802097263862,0.7557968218890183,0.31532953981551726,0.4162489033103117,0.20156412352187125,1.0,0.39844767940288883,0.5205382847832257,1.0,0.6052974683321524,0.240394924813537,0.8212921674167302,0.246787194556781
780,15004,0.45789154354725403,0.2578807615890016,0.39346551490612347,0.2938362681768364,0.3236156337739927,0.21674409988147336,1.0,0.38417472989029866,0.5039624176469736,0.0,0.7034302667575754,0.21455503743407128,0.869453057760477,0.7430174073632629
781,15043,0.3941394705475086,0.43150346237058734,0.5645064919850328,0.3036304497210597,0.3706260494739875,0.1753131742363001,1.0,0.42672037387125605,0.5967527546826825,0.0,0.672166685542765,0.49050000417641393,0.8429462157448122,0.6220797127932347
782,15035,0.0,0.7441208355323433,0.657821102587921,0.2980903502579936,0.4315353266428592,0.1901403114602065,1.0,0.7914952430050519,0.618400978867639,1.0,0.7907078247052997,0.4583702328614961,0.7789425991309047,0.27254621093835485
783,15065,0.0,0.4336639518287962,0.5729081291618882,0.31554416312086986,0.434983808298242,0.20600825215149077,1.0,0.38273279991965004,0.45172881678700094,1.0,0.8449848552955526,0.5630845487794389,0.0,0.42901116381734483
784,15079,0.45196020084813093,0.43965655863670494,0.4501424337437721,0.2880891361490886,0.4421171877703256,0.19476006811535984,1.0,0.48057795707275,0.4733161294483702,1.0,0.8475901709843241,0.5055942830186982,0.7947952132712555,0.5477950842859758
785,15010,0.45196020084813093,0.6782959416703299,0.5784615423939182,0.2990468274087782,0.44934519038834286,0.20400146058130875,1.0,0.6639855219719613,0.5523026333014445,1.0,0.8697350437632163,0.5566686539399159,0.7606458862803938,0.5372945175374426
786,15037,0.0,0.5532932268508123,0.6985553574371804,0.3014336296239156,0.3902298825436943,0.1689274851602709,1.0,0.6106492267494852,0.6786104913475779,1.0,0.7177593995205955,0.4134659235795802,0.8212921674167302,0.2879846213779216
787,15038,0.0,0.22189345088376525,0.3367255473426092,0.2963312959301564,0.4016341860885827,0.1689215902592991,1.0,0.4360036696450621,0.5550193544820864,0.0,0.7351280327454413,0.3689986062193958,0.8212921674167302,0.6508295817171241
788,15091,0.0,0.6152319336039466,0.623946528160716,0.30132459986445415,0.4289517852297072,0.18904071942945522,1.0,0.6646284616108173,0.7045415945435283,1.0,0.9088145720443392,0.5731147996611441,0.0,0.32875120006436875
789,15033,0.0,0.9108687724688695,0.9511322597386469,0.3072777874342222,0.4174120125313009,0.18623378039172644,1.0,0.7013878775443836,0.7811457389735799,1.0,0.8488927253034897,0.4173843276229761,0.7606458862803938,0.06687166124197919
790,15097,0.45789154354725403,0.2559455086187538,0.4245904985296838,0.2904733848018132,0.3304740870994952,0.21859372130044563,1.0,0.44469355967926016,0.437022911515746,0.0,0.612244838801915,0.22090646992162116,0.869453057760477,0.6902386703647267
791,15114,0.0,0.40831832085162506,0.43021766406959266,0.28290777225272523,0.3724007638055785,0.20224402067098657,1.0,0.3950163686402004,0.4283421851657149,0.0,0.7325227170566702,0.46544497019144143,0.8212921674167302,0.4630098890301837
792,15095,0.0,0.8184686065584568,0.6382046358878902,0.2979710217264685,0.4212147763261124,0.182658673026729,1.0,0.5715757948174972,0.6199289997459346,0.0,0.7933131403940707,0.46784719679258935,0.8212921674167302,0.3316478646454163
793,15021,0.0,0.33067359918759304,0.4681911011296974,0.2939975460481744,0.33584237973630326,0.2086716561070796,1.0,0.3548663455221275,0.5069761250237486,0.0,0.5570994386655517,0.2518741376905536,0.869453057760477,0.5896842520574764
794,15002,0.0,0.7122166965322151,0.7346196093353826,0.310182271579971,0.42719068623397694,0.19375669456816147,1.0,0.5123589775714308,0.6134442637190715,1.0,0.8363005386831299,0.6048935511265807,0.7606458862803938,0.35292098007400285
795,16045,0.0,0.5509162571268356,0.5931717330893097,0.22054311347136035,0.3232155501753039,0.27558383083093285,1.0,0.40112796167173015,0.38765124924202865,0.0,0.7811549314963264,0.5015875061733421,0.7947952132712555,0.514241016966871
796,16093,0.0,0.3681983828951462,0.4951020124005398,0.2741203598226748,0.3936302267174975,0.19788251486836783,1.0,0.6171617141245902,0.6468659604531237,0.0,0.7112462138238882,0.4045773076208579,0.8212921674167302,0.6902386703647267
797,16092,0.45789154354725403,0.29270959566899524,0.3854145511769584,0.26779266993223516,0.31051432007313473,0.27826201097699355,1.0,0.2419651263275462,0.26044201419448343,0.0,0.6804168173821328,0.14835280837095952,0.8212921674167302,0.725114210224383
798,16088,0.0,0.543302851583943,0.6029128215313078,0.25215070136449136,0.36408336830264865,0.2398473505720986,1.0,0.5382808006205815,0.5210633190610999,0.0,0.8380372777753504,0.4724409136641669,0.7789425991309047,0.4048889594436562
799,16085,0.0,0.3963144429868196,0.623946528160716,0.2302033644694531,0.3315369335177788,0.256869092022443,1.0,0.29592968697247957,0.379157725929158,0.0,0.6265739715649348,0.42423276609016486,0.8212921674167302,0.5745035569136432
800,16084,0.0,0.37540409361476135,0.6025542649092888,0.22640551305196388,0.3262479968738181,0.25404594996794416,1.0,0.26739877925333944,0.3925754121979884,1.0,0.6886669492215007,0.37840726549363224,0.7947952132712555,0.5303779200216894
801,16074,0.0,0.33587363985748764,0.47794081453654946,0.21738968466603736,0.3308074624290651,0.277928763622725,1.0,0.4590824664260569,0.38048583365134603,0.0,0.8041683808717697,0.48980292887998156,0.7947952132712555,0.7336923924214751
802,16055,0.575954844411742,0.4109339693497088,0.5685432994971402,0.24008393187961696,0.25683139370505437,0.3773497595801488,1.0,0.4302289785579536,0.36112109981142027,1.0,0.7446809259544145,0.3875661132716478,0.7789425991309047,0.5358750257235614
803,16061,0.1466320176491291,0.36806884808745044,0.5072509351768942,0.273222392789079,0.3720079716808865,0.21514584544685844,1.0,0.3794918980294355,0.43523005423918837,1.0,0.6465479204785514,0.2806055649660052,0.8212921674167302,0.7171720540196672
804,16073,0.0,0.4323175713565129,0.7881218818827229,0.24538896997460313,0.3399473003494171,0.2645867338555723,1.0,0.4656328400626508,0.451430446681339,1.0,0.6673904459887186,0.42419162604735067,0.8212921674167302,0.5372945175374426
805,16104,0.0,0.5799965353656998,0.4283749501331661,0.2232463394078842,0.33035456930415785,0.26042050097746494,1.0,0.3172050580103327,0.43207679642242824,1.0,0.8089448274762561,0.520046787763892,0.7947952132712555,0.6639688805647354
806,16089,0.575954844411742,0.38811026821167866,0.5460086661223579,0.225495699504913,0.24033372366993822,0.33262764617437446,1.0,0.2819771511172633,0.22293050248305335,0.0,0.6317846029424767,0.1444443713009321,0.8212921674167302,0.6252790567992559
807,16103,0.0,0.4362578627313314,0.5705054552152529,0.22079927075695982,0.3403713109853763,0.25886221220296024,1.0,0.34846428875726865,0.47825860140806087,0.0,0.8332610382213039,0.4997231740500882,0.0,0.6354934549794589
808,16102,0.575954844411742,0.6819444688484944,0.8579496912307066,0.23646589929016504,0.2985432452647725,0.30498369093086275,1.0,0.752888508091561,0.3690240811118204,1.0,0.5987842826354457,0.11185463118365373,0.8429462157448122,0.21349088048205056
809,16071,0.0,0.43077379529515253,0.6064331912231685,0.24193157456226178,0.3765946679078557,0.22679719219165828,1.0,0.3535720409518439,0.3988244182872307,1.0,0.743378164584809,0.45001696061636004,0.7947952132712555,0.46444843499384614
810,16064,0.575954844411742,0.321863069917928,0.4455013977899933,0.23764143801728121,0.26178365138499327,0.3612679628617895,1.0,0.5426449398675891,0.348299369357975,1.0,0.7416414254925885,0.21361035080564136,0.7789425991309047,0.6354934549794589
811,16063,0.0,0.3917351660419403,0.42649962010268777,0.23799628853399202,0.3586164646803611,0.24142529959633197,1.0,0.286254219669548,0.5205227340366244,1.0,0.7928789556210158,0.47623405972098376,0.7947952132712555,0.6046625485289482
812,16062,0.0,0.3506303184621429,0.5018162372297665,0.22307083906200698,0.34573960362218437,0.24796698346659873,1.0,0.30265035965388765,0.552941972269039,0.0,0.7763786919422799,0.5105950575395253,0.7947952132712555,0.725114210224383
813,16060,0.35040807609971875,0.29452135959491693,0.4372838406606411,0.2325118367245601,0.3737209331950362,0.22191664809844291,1.0,0.30151764691119987,0.5898948412238672,0.0,0.8584454114620221,0.5340207847748795,0.0,0.6789471770362071
814,16059,0.06272215347276401,0.0,0.20617575881288663,0.24374010704043336,0.282569848668321,0.3398287658615239,1.0,0.3491701713360723,0.52776570679882,1.0,0.6426400504706151,0.19457905417206142,0.7947952132712555,0.725114210224383
815,16058,0.575954844411742,0.4760939245955334,0.7012777712134265,0.23512704425604392,0.29244149369970585,0.30973572654515524,1.0,0.5349386641141198,0.348665940968824,0.0,0.6144159697176308,0.09627046475121392,0.8429462157448122,0.6963643413004936
816,16057,0.4392302202036184,0.2681916530269355,0.3825889602415067,0.257936025771344,0.29928234384980223,0.30891541348877216,1.0,0.2567132305814718,0.3574767750760979,0.0,0.6252714172457694,0.2200186590619724,0.7947952132712555,0.8514307429854822
817,16056,0.47128714877060923,0.4553377194723601,0.7916161775616392,0.23921511670741913,0.3237630664461456,0.27841613511176777,1.0,0.3890573387529851,0.4877770139641674,0.0,0.6678246307617737,0.4260281772676253,0.8429462157448122,0.6354934549794589
818,16079,0.4392302202036184,0.5027277191696548,0.6872306632925249,0.2452917166390759,0.3074065052213182,0.3037515810781414,1.0,0.47140497674364046,0.5227014950962912,1.0,0.6118106540288599,0.3202925126674605,0.8429462157448122,0.4825493021521746
819,16078,0.0,0.34283478514597937,0.5336821566048857,0.2525670130044205,0.38695771604941187,0.218422605057929,1.0,0.4218683119782114,0.633319914154161,0.0,0.8636560428395643,0.5747478919107252,0.7789425991309047,0.7914566825269261
820,16018,0.0,0.22653834111025933,0.3367255473426092,0.2498338512641295,0.37047930100692783,0.23422650761862696,1.0,0.4360323415448296,0.5399375874306256,0.0,0.8341294077674142,0.48608768282141035,0.7789425991309047,0.5944481503487452
821,16019,0.1680849407544698,0.47042473816580316,0.5098672009589315,0.2230390466299771,0.30590107737953665,0.282082611945738,1.0,0.3301381063276446,0.33337706956197355,0.0,0.6977854506069787,0.19506619257612565,0.8429462157448122,0.6391266864816243
822,16020,0.0,0.46442308546851885,0.6265556351723921,0.2516555329465654,0.3799309232418985,0.2253439031261879,1.0,0.38284575213984906,0.7274954793067034,0.0,0.863221858066509,0.4767580910678096,0.7789425991309047,0.5372945175374426
823,16021,0.0,0.37402567072550913,0.727905384506156,0.2320244037848077,0.31639959467461054,0.27570734897976656,1.0,0.3767912683528598,0.36815010197527853,0.0,0.6513243670830382,0.425250790749177,0.8429462157448122,0.8079770209287339
824,16022,0.1466320176491291,0.35018172587078966,0.4320288770750036,0.2566648635301675,0.3555664148064407,0.24525768603044829,1.0,0.4761542616019593,0.431092755828826,1.0,0.7021277124384102,0.182090923797486,0.8429462157448122,0.5612088264721999
825,16067,0.0,0.30709332065648276,0.4320288770750036,0.2349647252006667,0.3633771400461121,0.23383199355401563,1.0,0.2874669231118281,0.45094519797931165,0.0,0.8171949593156238,0.5030032826928047,0.7947952132712555,0.725114210224383
826,16072,0.1466320176491291,0.2903772241930774,0.4719531548088408,0.25983263106772647,0.3669803458476453,0.2329071691457376,1.0,0.35808333404800363,0.4217242277251487,0.0,0.5909683355691329,0.10641965663407774,0.8429462157448122,0.6252790567992559
827,16086,0.0,0.3230670823899056,0.41235151762577327,0.22562192483450827,0.361755498043445,0.2292152903711937,1.0,0.27941975322404844,0.7735334832684467,1.0,0.8549717262271417,0.5535368543814126,0.7947952132712555,0.6428874255124083
828,16087,0.565820037979442,0.4769420527842712,0.4245904985296838,0.2414817608650811,0.296263512487149,0.31682928456612347,1.0,0.4401685006008459,0.483722527476402,1.0,0.7121145833699984,0.2398189643180901,0.8429462157448122,0.6159540418574678
829,16047,0.1466320176491291,0.285205660843896,0.41016683443920954,0.2701712384018461,0.35283378890390993,0.23420941442520138,1.0,0.2783820976764132,0.3447448125733875,0.0,0.6799826326090777,0.13310959689797658,0.8429462157448122,0.725114210224383
830,16046,0.1466320176491291,0.28624735866654966,0.4602408695082853,0.27328110542456063,0.34248999575498584,0.23871622603082554,1.0,0.29139637831900356,0.32263192758200343,0.0,0.6856274487596745,0.13356562710792277,0.8212921674167302,0.7430174073632629
831,16012,0.575954844411742,0.46372278405069006,0.5383919711269288,0.22943961586463157,0.26166179756733665,0.3298060263599669,1.0,0.38423814742437656,0.2680924940379794,0.0,0.6335215490851371,0.31563237794265236,0.7789425991309047,0.5745035569136432
832,16065,0.47128714877060923,0.4807925911606746,0.7486256225270465,0.23545715215472163,0.3180116091809616,0.27969512645427663,1.0,0.42831755663848947,0.41701319411971505,0.0,0.6170212854064017,0.4025357349409331,0.8429462157448122,0.6130176920083639
833,16066,0.4392302202036184,0.47690485944728483,0.7321117199293957,0.24599268817002617,0.3206144055867457,0.28741779779996945,1.0,0.6884774975458507,0.43321213402461545,1.0,0.5961789669466746,0.3383761434760955,0.8429462157448122,0.3798178305548511
834,16068,0.575954844411742,0.4179093523805474,0.4910652048884324,0.22957024373267332,0.29150682496094316,0.29597222261534795,1.0,0.3404688213134103,0.2918022506521164,0.0,0.4281372437983735,0.21428026589162236,0.8429462157448122,0.6789471770362071
835,16069,0.35040807609971875,0.6816059846190765,0.6896260941978818,0.2301209797640852,0.374860799583848,0.21800008327306575,1.0,0.28483942198697865,0.67361315822046,1.0,0.8801563065182998,0.6069683753201631,0.7947952132712555,0.37883611316949095
836,16070,0.43583708394499177,0.524577412024189,0.5624289081512561,0.23472882668168282,0.34352561150154715,0.25247955952396106,1.0,0.2901372490695341,0.48250399947648814,0.0,0.7229700308981373,0.52740587162169,0.8212921674167302,0.6963643413004936
837,16083,0.575954844411742,0.30467439055117046,0.4455013977899933,0.23284005069344949,0.2808920935049837,0.3187945937164999,1.0,0.3913836692745827,0.3155931974630004,0.0,0.4055579791959858,0.15117307555709147,0.7947952132712555,0.5576947390236193
838,16002,0.0,0.2980271618654709,0.5124204180151032,0.2295216505430716,0.21833793150126757,0.381945230950567,1.0,0.2831120895294812,0.24641480846656605,0.0,0.5479809372800732,0.05983856479897329,0.8429462157448122,0.8275164340507248
839,16094,0.0,0.2046661414032588,0.3767011466471717,0.23272342613163988,0.3491319721168974,0.24390878617737277,1.0,0.26033742581428465,0.4220644523731236,0.0,0.7681285601029122,0.5591932114176061,0.0,0.7645232988719857
840,16095,0.1680849407544698,0.5341248335561081,0.44707110621415275,0.22575069593752273,0.300023778457151,0.276400573029153,1.0,0.27234537322206165,0.3117838493597599,1.0,0.7016935276653549,0.20734543166701688,0.8429462157448122,0.6594077639142162
841,16100,0.0,0.355990738397331,0.6839501108160744,0.24591793607188006,0.3325141000813506,0.27344470647150576,1.0,0.5648181925344202,0.4265570141911146,1.0,0.6904038953641614,0.43121975863270035,0.8212921674167302,0.5896842520574764
842,16105,0.0,0.7251583977424148,0.44707110621415275,0.22317447248300215,0.3579663495844949,0.23773869114834612,1.0,0.31732896408115974,0.8916023348850711,1.0,0.8849327531227871,0.5820119697801558,0.7947952132712555,0.6844442827380792
843,16101,0.4392302202036184,0.12986129347133724,0.3174079620274858,0.261251864737012,0.3386351066390494,0.2584622554514777,1.0,0.34359809606259173,0.3342718280008743,0.0,0.6513243670830382,0.12038024961398065,0.8429462157448122,0.7336923924214751
844,16111,0.565820037979442,0.2989916745909877,0.4355609835024832,0.24051324512825267,0.3038321819087332,0.3043315825455981,1.0,0.4814444759424885,0.4371441746291741,1.0,0.7581414821208841,0.21613185982763744,0.869453057760477,0.5330912311531171
845,16034,0.1466320176491291,0.584168660550141,0.8279620592702845,0.2646469356288911,0.3622757836425645,0.232067024204065,1.0,0.2882216693672244,0.34656781860307806,0.0,0.5240989113080805,0.0930993751779305,0.8429462157448122,0.426950137506385
846,16017,0.0,0.24111872061962333,0.3704667967482067,0.271983985590854,0.40909461702837135,0.18881804777118982,1.0,0.4642176314798767,0.5174499891629875,1.0,0.8115501431650267,0.4564929934621407,0.7947952132712555,0.5969119385149223
847,16016,0.0,0.3221350367839428,0.691504194432444,0.24278590377748765,0.34568913011828506,0.2574690202373022,1.0,0.3978700753590292,0.542331389272437,1.0,0.6613112380146264,0.44594117642503195,0.8212921674167302,0.6508295817171241
848,16015,0.0,0.3774070094250021,0.499940907199288,0.22444111490781282,0.1985328886210569,0.3577300340715218,1.0,0.19655253322638622,0.21023982426282983,0.0,0.5084672242258952,0.052380581708700025,0.8429462157448122,0.6594077639142162
849,16014,0.0,0.3080676056502499,0.4602408695082853,0.21467147803783704,0.1865345831409725,0.44056054685960633,1.0,0.2782493786790743,0.23334309351644245,0.0,0.5401649902137609,0.1076820221196165,0.8429462157448122,0.7028614859709643
850,16053,0.4392302202036184,0.8209191238371101,0.9038148470275537,0.2511525230690096,0.3467360251783883,0.2575290136160262,1.0,0.581452353326936,0.40413086232327966,1.0,0.6904038953641614,0.22977023343269976,0.8429462157448122,0.11337333438297792
851,16052,0.30004266384952016,0.8688475204549629,0.7097041451064998,0.24276155458091286,0.17173956291859682,0.6532952222917353,1.0,0.4426693382209692,0.3522553825050295,1.0,0.7021277124384102,0.30642570453583035,0.8212921674167302,0.2774914972534521
852,16051,0.2326706107332833,0.5626077283465276,0.5441552069518375,0.21623983550003356,0.3220099431295058,0.2901991950797318,1.0,0.6060614069240179,0.3515174531561066,0.0,0.7186279761171457,0.5163769642555236,0.7947952132712555,0.7430174073632629
853,16050,0.0,0.42741354761490025,0.6429702065448257,0.2675462191263459,0.39525585655970963,0.20269985426887005,1.0,0.3766835752924381,0.4349496027295342,1.0,0.7629179287253705,0.4872862789649971,0.8429462157448122,0.426950137506385
854,16049,0.4392302202036184,0.325544189410707,0.4719531548088408,0.256438962377758,0.3219089961217072,0.28157960127316106,1.0,0.3551236022245541,0.3436226607733156,0.0,0.6278767329345403,0.0794164216350448,0.8429462157448122,0.668732778856004
855,16042,0.0,0.4825973786064431,0.40332875993990125,0.22527506607048198,0.34999127270235775,0.2387409064228201,1.0,0.2710001146408283,0.5514119511942412,0.0,0.8567086723698021,0.5370216540067558,0.7947952132712555,0.7336923924214751
856,16041,0.0,0.3004430516812464,0.562952135785879,0.2684089623923226,0.3789457809992365,0.21453686568037988,1.0,0.35862402366937496,0.41738962854201256,1.0,0.7668257987333067,0.5187139213782382,0.8212921674167302,0.6789471770362071
857,16038,0.42278477478489884,0.39429802624091453,0.5828769054600584,0.2646265524262418,0.2641908776370444,0.3405169578694426,1.0,0.2795529449601416,0.2754195538792945,0.0,0.6730352621393154,0.2612632255423012,0.7789425991309047,0.5416694133502089
858,16037,0.43583708394499177,0.25064419825881923,0.3960187319622951,0.24459477428178167,0.3589531436443828,0.24503509945596447,1.0,0.35276450401200354,0.44648989895783786,0.0,0.7659574291871969,0.4811394859160927,0.0,0.668732778856004
859,16036,0.0,0.2893177140723521,0.4642905362206865,0.2481875939770305,0.37516062037983144,0.2297364449363506,1.0,0.3747850848660481,0.4974065068983943,0.0,0.866261358528335,0.4998139354261953,0.7947952132712555,0.725114210224383
860,16035,0.1375795172557881,0.32776931391993114,0.5466193501224008,0.24518313919792278,0.25264546528186727,0.3964398298975458,1.0,0.3032877649619482,0.3759982559652557,1.0,0.5336518045170537,0.2261827567807129,0.7606458862803938,0.7097780834867178
861,16023,0.0,0.4765235193448227,0.4455013977899933,0.22544085483455978,0.3392082017643874,0.24677916783077136,1.0,0.2675193693963729,0.47246209184965804,1.0,0.785063008554703,0.5772687012505472,0.7947952132712555,0.6844442827380792
862,16025,0.0,0.4883775758368008,0.8115150996941517,0.23356601441741665,0.33124275237856626,0.26282901442507445,1.0,0.3326575296869255,0.42853441251675684,0.0,0.678245686466417,0.39203010762838236,0.8212921674167302,0.5477950842859758
863,16040,0.1466320176491291,0.33166862821631454,0.5564961260138294,0.257381770651126,0.3668681195263047,0.23452054874787498,1.0,0.4054825455271317,0.47098191843285653,1.0,0.633955733858192,0.32063391894156273,0.8429462157448122,0.607375859660376
864,16039,0.0,0.23433446558085075,0.35305833300608735,0.24868858705276986,0.32788889386911735,0.2788970292131385,1.0,0.491114774871266,0.3917904435946612,1.0,0.6717325007697099,0.37189498278715033,0.8212921674167302,0.6963643413004936
865,16026,0.0,0.08947547553297608,0.2717650557236629,0.21809064849636328,0.19530885960835465,0.39996835211455484,1.0,0.2600067616531586,0.2092469943653018,0.0,0.5379938592980451,0.08270508591076617,0.8429462157448122,0.8822616494359928
866,16027,0.43583708394499177,0.1895217856534587,0.3367255473426092,0.24731456907710803,0.3635318641922619,0.24055997797392537,1.0,0.4088250038882991,0.4409220410609572,0.0,0.785063008554703,0.45845185719885695,0.7947952132712555,0.725114210224383
867,16028,0.0,0.19714123990897794,0.35305833300608735,0.23133453589602737,0.3595318784264918,0.23290132966393307,1.0,0.2488351943414655,0.48068352516489576,0.0,0.8319582768516984,0.5991758298289139,0.0,0.6046625485289482
868,16029,0.1375795172557881,0.2784545181286538,0.454588682506295,0.2531182291425752,0.250015438204361,0.39903234418602307,1.0,0.20591160442057654,0.35466282708186114,0.0,0.6426400504706151,0.2718321322443701,0.7606458862803938,0.8514307429854822
869,16030,0.0,0.5278670870429525,0.42649962010268777,0.2281320818678073,0.35634071974228265,0.23067214123077018,1.0,0.23779977398711527,0.5388362027905889,1.0,0.8189319054582842,0.5564215434151587,0.7947952132712555,0.5431683198140091
870,16054,0.43583708394499177,0.25026287907336375,0.3985118677122405,0.2446802575212429,0.36927369396112986,0.23512347696431424,1.0,0.3390573796950198,0.40653667661056414,0.0,0.7429439798117536,0.520038222493938,0.0,0.725114210224383
871,16033,0.06272215347276401,0.359778327641296,0.48024423961684887,0.2407034279949266,0.27733702518503056,0.34380670381001166,1.0,0.3814033869624073,0.43489249352271253,1.0,0.6860616335327301,0.17591062439817784,0.7947952132712555,0.6639688805647354
872,16076,0.0,0.5928516561933905,0.7927557946807162,0.21959648313169622,0.3296675960402533,0.2721194467393835,1.0,0.4039404417965742,0.4066760767670413,0.0,0.824142329785386,0.5045119401536442,0.7947952132712555,0.4727253235846721
873,16075,0.1680849407544698,0.4422380373615174,0.66014057270205,0.22938767514921443,0.30689185927896956,0.27875123611036834,1.0,0.3355753527808113,0.3185640297480222,1.0,0.5579678082116617,0.2429992416809796,0.8429462157448122,0.538733063501105
874,16080,0.0,0.22779191165522072,0.42264634525502465,0.27096478729548845,0.38635573843512583,0.20647030432916225,1.0,0.44045169905129333,0.4906654040089068,1.0,0.6196266010951725,0.3925801228741008,0.8212921674167302,0.7171720540196672
875,16081,0.22544450328215487,0.0,0.1164016860528081,0.2754985384228591,0.3354399601152953,0.24071012476904374,1.0,0.3374926526964719,0.3054507841217029,0.0,0.6730352621393154,0.14766013993774918,0.8212921674167302,0.8514307429854822
876,16082,0.4392302202036184,0.5178791248540418,0.5985279179682351,0.2513641499980882,0.30452878266895367,0.30743930445065804,1.0,0.36106164977876865,0.4653315853730866,0.0,0.6565349984605797,0.20634805564454195,0.8429462157448122,0.5153996235502176
877,16099,0.22544450328215487,0.2510150225763916,0.40793615455963306,0.27015793307490277,0.33061354409255805,0.25380286571493205,1.0,0.2696542605500355,0.2878679555868512,0.0,0.6699957616774894,0.08313560129290716,0.8429462157448122,0.7645232988719857
878,16003,0.0,0.3194212413911678,0.4931028326999798,0.2544930474317294,0.3733995213841016,0.2299458612723999,1.0,0.4159609602663539,0.596649763471722,1.0,0.8258792759280464,0.5431692394330188,0.7789425991309047,0.5542922289564466
879,16090,0.565820037979442,0.344007030613998,0.6810794850770838,0.24086249613078026,0.3136902116042568,0.2927339689466947,1.0,0.4232882450608072,0.41897190434819287,1.0,0.6982196353800336,0.31291505057986774,0.8429462157448122,0.6285768574637054
880,16091,0.0,0.4166248299641593,0.45885583827355875,0.22640045172903067,0.3151378744681421,0.2630665441672069,1.0,0.2721922081139895,0.35458475551467583,1.0,0.6556664218640296,0.35028645049106044,0.8212921674167302,0.550994428291997
881,16048,0.0,0.45974413670871866,0.3736298191175524,0.24918631870958052,0.3342615837412194,0.27133773096182856,1.0,0.4445967246635807,0.37454369771704055,1.0,0.767260190556802,0.4225874960477138,0.8212921674167302,0.7028614859709643
882,16001,0.4392302202036184,0.3357610866723778,0.5081302213907973,0.2515770733636723,0.3270760789480113,0.27911843419219906,1.0,0.40188236602346183,0.37579315130313895,0.0,0.6621798146111768,0.39402641283098244,0.8429462157448122,0.6550328681014498
883,16024,0.47128714877060923,0.40426576512296725,0.6944114009786875,0.2362363141809426,0.32773416972296754,0.27027349929002353,1.0,0.36743158143764165,0.4786092132601034,0.0,0.6530613132256988,0.3872332829188566,0.0,0.7430174073632629
884,16009,0.06272215347276401,0.35985088562168427,0.5484305631278117,0.24691644555575054,0.28701310006268244,0.33360660982043955,1.0,0.3272647026426063,0.6795775397359067,1.0,0.630916233396366,0.1735724396829212,0.8429462157448122,0.544688488070392
885,16008,0.0,0.16664187753593987,0.300188532020952,0.22404571107928872,0.1672441862031102,0.364110942055225,1.0,0.16214122535138575,0.1997255743226718,0.0,0.48936164485838884,0.11546766430447664,0.8212921674167302,0.7171720540196672
886,16007,0.0,0.2575997612147263,0.41016683443920954,0.27077006135716053,0.3768247602073078,0.21388464920847383,1.0,0.3840741984674283,0.43975313911945946,1.0,0.7277464775026237,0.4456834043658228,0.0,0.8275164340507248
887,16006,0.1375795172557881,0.5669444884274288,0.6805647307980863,0.2346808499475107,0.24353450985046343,0.37856600238294613,1.0,0.4882721134036444,0.28817141703985816,1.0,0.5874946503342517,0.13946019357043105,0.8429462157448122,0.3191882936482926
888,16005,0.0,0.24867395510612134,0.42066585057006556,0.2733410038919789,0.3777265586175773,0.21047537419859852,1.0,0.42020363778030434,0.47151567359145397,1.0,0.5909683355691329,0.3706034645519476,0.8212921674167302,0.8079770209287339
889,16004,0.0,0.2800873392252253,0.4372838406606411,0.23795688258122316,0.37242235482052966,0.22864171237758568,1.0,0.339638692372898,0.42622771652722813,1.0,0.8267476454741567,0.4943317580328718,0.0,0.725114210224383
890,16011,0.0,0.3080676056502499,0.3881667417764709,0.22137201265870232,0.35167301570524023,0.24781128094271,1.0,0.34571531701827507,0.5808210084551706,0.0,0.9027355711206873,0.599713574720689,0.0,0.7914566825269261
891,16010,0.30004266384952016,0.3355459237831669,0.5343679413983259,0.2424901450303515,0.19902429173122826,0.5435506501520176,1.0,0.3218234374849931,0.40208361035843765,1.0,0.6187582315490623,0.14621458765790538,0.8212921674167302,0.5559799813989118
892,16110,0.0,0.4280474279164259,0.5815715084873977,0.26012370253638817,0.3822299110121541,0.21936441002635831,1.0,0.34383560812894753,0.4311836860583602,1.0,0.6283109177075954,0.29474475776666276,0.8429462157448122,0.47670979978473804
893,16109,0.35040807609971875,0.21186645367090803,0.3908492491240862,0.23213707413720408,0.3665586712340052,0.2279623698346369,1.0,0.2742353673565837,0.5302369372454094,0.0,0.8315240920786435,0.6115824194883154,0.7947952132712555,0.7771461144782232
894,16108,0.0,0.6829963478129869,0.7368674992175456,0.228793724493754,0.34463260756186576,0.2415289644011116,1.0,0.24474004957791295,0.45543636939691723,1.0,0.809379012249311,0.49761246232613315,0.7947952132712555,0.30455148466223203
895,16107,0.47128714877060923,0.69309045892746,0.7135527539459847,0.23860454255556485,0.3411897655632533,0.2589255598047686,1.0,0.3451173337698561,0.7073675967239708,1.0,0.6469821052516065,0.38372784577740576,0.8212921674167302,0.5290465977439713
896,16106,0.0,0.4216466055516535,0.5985279179682351,0.22732983512590665,0.36962797610055764,0.2192464590257579,1.0,0.25347124227040374,0.5975127247589191,1.0,0.8745114903677023,0.5737488843649182,0.7947952132712555,0.5969119385149223
897,16013,0.4392302202036184,0.23566746050079035,0.36036836098369357,0.26299809341640834,0.29411526102349816,0.3056911598313191,1.0,0.22196415048585205,0.30132095877292464,0.0,0.6734694469123705,0.27585538144298166,0.7947952132712555,1.0
898,16044,0.43583708394499177,0.2706507546241623,0.3704667967482067,0.24010141749178737,0.3549162997105746,0.24687540641224093,1.0,0.3225616566558619,0.5763473617992105,1.0,0.7468518498196899,0.4315652918099991,0.0,0.6844442827380792
899,16043,0.0,0.6820922484151478,0.6046876265251271,0.22854197198299298,0.3339850057774132,0.25046834473621415,1.0,0.2673482928040898,0.4076796990778916,0.0,0.7620495591792602,0.48698229133330273,0.8212921674167302,0.40201999096436813
900,16077,0.42278477478489884,0.30787155830561097,0.4694600190588954,0.2737743298526599,0.26918563314179256,0.30651533986503143,1.0,0.41769584277487104,0.22859895335026692,0.0,0.6973512658339234,0.2686460153540658,0.0,0.725114210224383
901,16032,0.0,0.24489493239106258,0.4681911011296974,0.24238073675243055,0.327416745751578,0.27780013629499023,1.0,0.5112368749279232,0.4819308323968131,1.0,0.7724706148839038,0.4389287507047946,0.0,0.6963643413004936
902,16031,0.09111321539507769,0.23505511868445272,0.3672064354830018,0.2679887755630247,0.422732167686529,0.18264502925065296,1.0,0.34237428845994167,0.4072423137372947,0.0,0.8041683808717697,0.5458790558319839,0.7947952132712555,0.7336923924214751
903,16098,0.1466320176491291,0.30497938270285463,0.5265685204920176,0.2694466835193824,0.3656585246409615,0.2243395283715599,1.0,0.3203651527733423,0.38256903615061344,1.0,0.7112462138238882,0.23101791177338818,0.8429462157448122,0.6354934549794589
904,16097,0.2527124296839909,0.3365604896723509,0.5063642908338386,0.2549194767446109,0.27787491395955644,0.34418337549738254,1.0,0.2421725893646519,0.39055870937352144,0.0,0.6821537635247934,0.27556092890967976,0.7947952132712555,0.7430174073632629
905,16096,0.1375795172557881,0.18393180174069224,0.311973264080358,0.2360257899049546,0.20710196743839004,0.4548005887455694,1.0,0.26949980765253834,0.31131938118175784,0.0,0.5640468091353139,0.0683012450950768,0.8429462157448122,1.0
906,16113,0.0,0.3171757459305428,0.5250866308716348,0.23993075132955466,0.3879196154598967,0.2163204206058531,1.0,0.44569417345380724,0.37241758939473457,1.0,0.8462874096147186,0.5428637403641366,0.0,0.6130176920083639
907,16112,0.1466320176491291,0.5201154771307275,0.7055747038039568,0.2744277990205103,0.3598373388792462,0.22293194534743965,1.0,0.31954237205983804,0.38155708375190134,1.0,0.543638675448642,0.13342750370737744,0.8212921674167302,0.3622692498851805
908,17008,0.3024799758214906,0.6703618817589343,0.6493935901793763,0.3139087323866593,0.34716333944879907,0.17694328573724505,1.0,0.42979834010725215,0.683614019869281,1.0,0.8402084086910662,0.33229367631800083,0.0,0.31006573620289957
909,17003,0.4661875608731715,0.39274261640821473,0.6021944907751817,0.33241518428673034,0.3377309722064601,0.20071476283327683,1.0,0.47700611944103655,0.34549088734235245,1.0,0.9227095200343036,0.4236366581555527,0.0,0.5251490749484011
910,17036,0.0555057041487397,0.25590516970672383,0.4629577717208968,0.32873864248428897,0.37015954101321835,0.21042229457586958,1.0,0.43673985922836445,0.37269132560437745,0.0,0.7859313781008133,0.36869768340360926,0.8429462157448122,0.7771461144782232
911,17029,0.0,0.5325801724814673,0.6662198717545256,0.31706265911218734,0.3561524410625463,0.1855930028448678,1.0,0.5485746173068154,0.5026646651281574,1.0,0.8349977773135244,0.23283323761759592,0.0,0.2687479816502085
912,17018,0.3024799758214906,0.4621326316126633,0.6514510020224797,0.31060382183252855,0.3462615410385297,0.17770528902485916,1.0,0.37070268092878267,0.6330865346764654,0.0,0.874945675140758,0.29798157983746587,0.8212921674167302,0.31266918564847723
913,17014,0.3024799758214906,0.23286881931993672,0.35677637697299236,0.3101551816911886,0.3291057802284574,0.186376843987613,1.0,0.31643086205520254,0.5283897958423824,0.0,0.8936170697352093,0.3393803357458754,0.0,0.6550328681014498
914,17019,0.4661875608731715,0.3402522067511667,0.550211334133102,0.326500540811248,0.33644600916781475,0.19212439792522873,1.0,0.5046861928318459,0.3967006827412364,1.0,0.8528008023618658,0.4266569670072244,0.0,0.6189731165776511
915,17006,0.0,0.7030926700835984,0.7224880573895763,0.3207617379598471,0.3554750952949578,0.19110211470578853,1.0,0.8727497092744828,0.456664465180017,1.0,0.8862353074419518,0.3094621189931568,0.0,0.20219938715353092
916,17001,0.4339710659788844,0.2694547514936711,0.40565749941064255,0.3108985889388699,0.3197663843148273,0.18935301533187676,1.0,0.29339677512388196,0.4656548812772282,1.0,0.8302215377594779,0.2666096398004685,0.8212921674167302,0.6467849483079785
917,17025,0.24345775987379223,0.34615283776708305,0.49410713766666586,0.32197901699696674,0.32345293394875263,0.17940819977234934,1.0,0.3623026838817279,0.4255253298346945,1.0,0.8232739602392758,0.32849175368161565,0.0,0.5477950842859758
918,17002,0.0,0.3440962020867551,0.504568427829279,0.3212632582108509,0.36802889272497386,0.1966337436023915,1.0,0.5178606451024577,0.4060594266377232,1.0,0.8310899073055882,0.36019090982926816,0.8212921674167302,0.5165708927513093
919,17026,0.0,0.3763172228564333,0.5132579985088492,0.31836205111625493,0.3658750016045522,0.19132063279116607,1.0,0.5089492807421692,0.4330647477720636,1.0,0.8206686445505047,0.23548171898003217,0.0,0.5612088264721999
920,17023,0.0,0.2053466240527952,0.3062446592022165,0.3164971662304875,0.3731166195584307,0.19080512340476496,1.0,0.42532087800033747,0.4492398862937128,1.0,0.7746417457996195,0.2943806847566316,0.8212921674167302,0.6639688805647354
921,17004,0.0555057041487397,0.7850851835359672,0.6166574623714641,0.32168530119461514,0.3453461272923988,0.18868768669964386,1.0,0.5494025572080183,0.46544255571157966,1.0,0.8619193037473438,0.33787053865042393,0.0,0.422452831554483
922,17010,0.0555057041487397,0.3531006602885402,0.5416323882262978,0.3294285504917692,0.35049959478284143,0.20270331268277753,1.0,0.7210957948353801,0.36805799115916715,0.0,0.8879722535846126,0.4134872244236369,0.0,0.5431683198140091
923,17017,0.24345775987379223,0.40759971200400613,0.5315977605821658,0.31403543293734903,0.3195515591684621,0.18410115210624056,1.0,0.3129498680337969,0.47004191735740164,1.0,0.755536166432113,0.366852372141039,0.8212921674167302,0.42644101509918864
924,17015,0.3024799758214906,0.28437975718370984,0.42649962010268777,0.3080759493606132,0.34062231009468635,0.1839524443080376,1.0,0.32450074213573865,0.5434489993698153,0.0,0.8619193037473438,0.2566671323285681,0.8212921674167302,0.6391266864816243
925,17022,0.0555057041487397,0.29732935639974234,0.5220591854634506,0.327685499123228,0.37187415434459403,0.20937713098119914,1.0,0.41718994750494953,0.37944842391507405,0.0,0.6248372324727143,0.13696450737492466,0.8429462157448122,0.6594077639142162
926,17009,0.0,0.41318441009542134,0.5181490228932447,0.308716004275441,0.36540285348701307,0.17508643738396756,1.0,0.4162462363452798,0.4601796756024068,1.0,0.6686930003078839,0.23033644354977886,0.869453057760477,0.37405805299314565
927,17011,0.0,0.8511785488959749,0.7295430273191631,0.3133455405551856,0.3530173955390076,0.1784490535740162,1.0,0.4327114292531362,0.5702371072297734,1.0,0.8475901709843241,0.2756095344129901,0.8212921674167302,0.2387365116945257
928,17012,0.3024799758214906,0.422897661161094,0.6078092284949262,0.3159321448570277,0.32532625926582315,0.17904790402815962,1.0,0.3470712657245343,0.5019098914324447,1.0,0.8536691719079761,0.33571928421002095,0.0,0.3694839562584148
929,17024,0.3024799758214906,0.3637496148898017,0.5536855267134492,0.3178083373485968,0.34030488612329646,0.18029737102125254,1.0,0.45500916960862126,0.5591186534414712,1.0,0.8475901709843241,0.29158369889077757,0.0,0.5303779200216894
930,17030,0.0,0.6922177361190219,0.6453948748412152,0.3236847322662675,0.3622309497954357,0.19847733005876567,1.0,0.5617988181125939,0.40323230954128364,1.0,0.7976551951750623,0.44740234497082154,0.8429462157448122,0.4365538783924394
931,17013,0.0555057041487397,0.3167557691685751,0.499940907199288,0.32806915961047334,0.34728519326645535,0.19927201327005806,1.0,0.7986136682193082,0.3814838265362792,1.0,0.8910117540464386,0.4312830500462142,0.0,0.5612088264721999
932,17034,0.3024799758214906,0.2711371914089277,0.4656067442112324,0.3108864547350495,0.3354784701005594,0.1821464083218487,1.0,0.3453495734155614,0.6126846346891541,0.0,0.8979591245162009,0.3565468670580506,0.0,0.6963643413004936
933,17020,0.0,0.44338339667714105,0.5733821942958884,0.3136505181667252,0.3644545694123892,0.18299268018396075,1.0,0.42777181038456324,0.4682595870643129,1.0,0.722101661352027,0.1526137157830904,0.8212921674167302,0.42196458439947004
934,17031,0.3024799758214906,0.593920290135558,0.5409921845824918,0.31553747337295557,0.3322969389126663,0.1767902188367083,1.0,0.3797787608043047,0.57081547822621,1.0,0.8953538088274298,0.32301861725816655,0.0,0.538733063501105
935,17021,0.3024799758214906,0.22529198097279896,0.3825889602415067,0.3085919923042656,0.3282600949788581,0.1892488292769532,1.0,0.2999853263718013,0.4974477927161878,0.0,0.8853669378958415,0.28859475653091105,0.0,0.6508295817171241
936,17027,0.0,0.24955296992681908,0.4406477225796021,0.31943905112056015,0.3725747429443599,0.1954778566780555,1.0,0.45725703632428505,0.43172810934296,1.0,0.8198002750043945,0.3582445539703196,0.0,0.7028614859709643
937,17016,0.0555057041487397,0.3013153910431899,0.4920889170134639,0.32583253073467355,0.36721607780386767,0.20409009191180028,1.0,0.4643273831717265,0.37520300638973236,0.0,0.7012591358418596,0.38109666801894615,0.8429462157448122,0.5765449532098653
938,17032,0.0555057041487397,0.3035373850006196,0.499940907199288,0.32786569824604095,0.3618806554955528,0.2051836908458997,1.0,0.5305853353095703,0.3673420115317192,0.0,0.8171949593156238,0.4126275534840823,0.8212921674167302,0.7171720540196672
939,17033,0.0555057041487397,0.4734257836454626,0.6947128332750008,0.3273755622677267,0.3558350170911563,0.2019766215395149,1.0,0.6332583710518733,0.380468354846753,0.0,0.8923143083656038,0.503378394006637,0.0,0.566705932174072
940,17035,0.3024799758214906,0.5110175673727201,0.5802498275569147,0.31367521024341516,0.33303039784092503,0.17904027737790473,1.0,0.3668238095720219,0.6086381394648938,1.0,0.900130255431917,0.332081531496959,0.0,0.6101596542308203
941,17007,0.0,0.7549269990574209,0.7782662372492705,0.3096922236806491,0.3544843133955251,0.17518441621299252,1.0,0.3631443514915995,0.5231074434046327,1.0,0.7099434524542827,0.20402328900784117,0.8212921674167302,0.12247720841420795
942,17005,0.4339710659788844,0.16810618749598213,0.2328033721056162,0.3069748926165955,0.3301101774637514,0.19064675730882752,1.0,0.29174494365111014,0.4838963285076545,0.0,0.8853669378958415,0.2679449712167665,0.0,0.6789471770362071
943,17028,0.3024799758214906,0.5853262962762669,0.6088296541738063,0.31286818786746007,0.3404635981089914,0.17699978425360574,1.0,0.3886421797336893,0.832756497994366,1.0,0.9036039406667975,0.2923355555427331,0.0,0.3728190789030994
944,18009,0.08358686911185288,0.1919380939872301,0.4656067442112324,0.17807518010070333,0.367300105841354,0.29465840977698543,1.0,0.2406023637180037,0.5117799217576964,0.0,0.44680843134238457,0.0020965025982959884,0.8212921674167302,0.9257153714927411
945,18003,0.11607246795606549,0.29397562140103767,0.41659021807376007,0.18883005062092428,0.3243169065788515,0.42023546295202696,1.0,0.4257395497253035,0.34285695510518077,0.0,0.7763786919422799,0.2425820496272039,0.8212921674167302,0.725114210224383
946,18015,0.0,0.448986558879742,0.6451548897313895,0.1708679335222817,0.3215089125230184,0.3458186126974041,1.0,0.27445663453910885,0.2655709219384448,1.0,0.6886669492215007,0.1821678744477161,0.0,0.49821569129346066
947,18014,0.0,0.48362983411576155,0.40565749941064255,0.1832702217984713,0.3287465426373518,0.39415726023079,1.0,0.36595016473027064,0.32660137700692515,1.0,0.7134173447396039,0.1646749918006244,0.8429462157448122,0.6594077639142162
948,18007,0.0,0.3375673149173771,0.5719535877446148,0.1868939899906351,0.33720738297288944,0.3900952587899442,1.0,0.4926103943796415,0.32522672329212765,0.0,0.6113764692558048,0.07627101922387321,0.8429462157448122,0.7171720540196672
949,18005,0.0,0.20202361986051387,0.34520634282026325,0.1670652589800089,0.3826050999614399,0.3540033715418065,1.0,0.360743082282145,0.2643734371695008,0.0,0.5301781192821726,0.024185191740633324,0.869453057760477,0.7171720540196672
950,18017,0.5102444709002455,0.7337855443301433,0.81847804560531,0.17842921345020957,0.31881878444529677,0.3729223002748472,1.0,0.5503788883753028,0.298107852351313,1.0,0.5966131517197297,0.19624700951244414,0.869453057760477,0.324941198764199
951,18013,0.11607246795606549,0.20661283833659633,0.3672064354830018,0.18223777298707666,0.30812868483603495,0.45160423543561923,1.0,0.39064317135542925,0.27850883609679944,1.0,0.7568389278017185,0.26427019997514656,0.7947952132712555,0.7430174073632629
952,18012,0.2887789402572974,0.4261939212119059,0.600377064041904,0.1706681785475067,0.2978449926873261,0.392215178176742,1.0,0.26133790862779727,0.21915912500036006,0.0,0.5805470728140496,0.21436348265535904,0.869453057760477,0.6101596542308203
953,18011,0.3478176420855702,0.37751014966640106,0.550211334133102,0.1748300343055572,0.34499087754083857,0.3220346092292684,1.0,0.29424071864674717,0.353588348070485,1.0,0.6165871006333465,0.10083014456554928,0.9036320434281873,0.6963643413004936
954,18010,0.0,0.2816360801357008,0.44229044355794794,0.17086645164650582,0.3483311207144264,0.30842379735091263,1.0,0.32283156203041785,0.3055657868833045,1.0,0.6804168173821328,0.14039087721968935,0.9036320434281873,0.59943370345566
955,18002,0.11607246795606549,0.34323068169634485,0.4560302473381071,0.1853184482078628,0.3180893133565831,0.4389496290260736,1.0,0.5778751696945328,0.2964978923009124,1.0,0.788102509016529,0.23178194685530126,0.7947952132712555,0.673718331962919
956,18001,0.26656014867621325,0.5613848491550222,0.5301850279100012,0.16860499102420257,0.3653281695388041,0.3325388156328041,1.0,0.5456374692025358,0.2926642693115761,1.0,0.6018237830972717,0.07839371518387901,0.869453057760477,0.5725003198007196
957,18018,0.0,0.385395656595338,0.5903885574389284,0.16966075014493354,0.32934852025163786,0.32907872525119675,1.0,0.2740434451434365,0.26558162973709254,0.0,0.7520624811972316,0.42510375532211986,0.869453057760477,0.6508295817171241
958,18019,0.0,0.15671267967516248,0.3062446592022165,0.18822205372085932,0.370491264525563,0.3230939737908448,1.0,0.25824323453941056,0.5293178179119419,0.0,0.5327832279205036,0.014308314381869323,0.8212921674167302,0.9257153714927411
959,18004,0.11607246795606549,0.4548849135480861,0.6708440258460878,0.17822135406185569,0.2822082750548962,0.5077407759329106,1.0,0.320115606763434,0.27877714751875926,1.0,0.576205018033058,0.16394133931246382,0.0,0.4608876401724793
960,18006,0.0,0.4579138830700362,0.5670474622191726,0.1890634992438941,0.3387536568222542,0.38936560505996787,1.0,0.4747666980918478,0.3623784836381285,1.0,0.7225358461250819,0.13394821501105697,0.8212921674167302,0.6020162396286254
961,18020,0.11607246795606549,0.57332590627328,0.6967991838506171,0.17706008493604963,0.25469909359958376,0.6828322466191025,1.0,0.5627191554252635,0.3142575541775985,0.0,0.6200607858682277,0.23438972736476385,0.869453057760477,0.38452197413859923
962,18008,0.0,0.4693104978456397,0.5958836678446106,0.17814528178875666,0.30005100912887317,0.42572349354979144,1.0,0.5184883483275111,0.2622021602950114,1.0,0.5887972046534171,0.20818212548511797,0.869453057760477,0.5807482395941909
963,18016,0.26656014867621325,0.37221290301856563,0.5619030838428014,0.16603564780793756,0.3397580540575482,0.3484498235138468,1.0,0.4395489977651854,0.2504673981113862,0.0,0.7520624811972316,0.3491413433215905,0.869453057760477,0.59943370345566
964,19035,0.5965682944966286,0.0,0.14688257419320072,0.18141225872451894,0.905713869949746,0.1220637436220986,1.0,0.21762969591522852,0.3233508969938723,0.0,0.5766392028061129,0.7413672560290167,0.0,1.0
965,19036,0.0,0.11693909145353017,0.18984297314940843,0.22012446492661863,0.7099215829103117,0.2240597000404323,1.0,0.39629890144095625,0.33037557483082436,0.0,0.7481546111892954,0.4215340821428931,0.7390115964200016,1.0
966,19002,0.0,0.3235216584217152,0.327506397791999,0.1767180218063943,0.8935664799802829,0.10768016990099061,1.0,0.29485672761140613,0.31129032325380157,0.0,0.5579678082116617,0.5360342580332261,0.7606458862803938,0.9257153714927411
967,19013,0.34405936923018604,0.2659273791362863,0.3736298191175524,0.1925595304476332,0.927611051132938,0.1597788006677876,1.0,0.1346351437185478,0.2676206081766842,0.0,0.5640468091353139,0.7074613769980749,0.7606458862803938,0.7097780834867178
968,19014,0.0,0.47170262188078227,0.47438897198519975,0.21124724504348735,0.7437048432522468,0.19806648884967593,1.0,0.4351964898329065,0.38043908561390183,0.0,0.7229700308981373,0.2861074375103277,0.7125442614903211,0.5969119385149223
969,19032,0.0,0.3816753266516803,0.34105077566857017,0.16320845619458269,0.9167253813699431,0.06840714571434137,1.0,0.2661591888129524,0.23751037741315584,1.0,0.4376899299569066,0.4519438153655332,0.7125442614903211,0.9257153714927411
970,19001,0.0,0.4975683555293233,0.2869270738870932,0.17823853225604347,0.8383004215948003,0.1084039285739804,1.0,0.47260860732523724,0.48229266230765877,1.0,0.42162395457644597,0.6049857326381068,0.7125442614903211,1.0
971,19031,0.0,0.7010766513334161,0.7127941346142723,0.18446819959308558,0.8407348785185733,0.12841548887908227,1.0,0.4908860437876037,0.5472534013565493,1.0,0.40990013750219756,0.28679555235688636,0.7947952132712555,0.31660575747532727
972,19015,0.250577804494873,0.0,0.1164016860528081,0.1849631493366971,0.9394177742988339,0.13303360545578435,1.0,0.14413096517146606,0.29890978053417694,1.0,0.5722969409746816,0.7409700269779363,0.0,0.8514307429854822
973,19043,0.0,0.0,0.14688257419320072,0.1926103967446119,0.8211117904562348,0.15251709842581196,1.0,0.40742206349272736,0.3908455209197841,0.0,0.35692576475632953,0.11855096834662215,0.7789425991309047,0.9257153714927411
974,19048,0.0,0.9097161817461938,0.7368674992175456,0.18303094910257467,0.8110020774463076,0.1206351798074401,1.0,0.5028770110389671,0.5374529106589827,1.0,0.20842380574858987,0.13084838704672813,0.7947952132712555,0.4069862879279984
975,19047,0.0,0.4817275983525014,0.45885583827355875,0.17721469465776896,0.841402596789846,0.10509841243678042,1.0,0.4114254727943285,0.46086271611692753,1.0,0.3816760567492128,0.5734484759345441,0.7125442614903211,0.7028614859709643
976,19040,0.0,0.0,0.18984297314940843,0.17331660264608495,0.920986677946432,0.09743374287845441,1.0,0.2761702529229092,0.2505352101621433,0.0,0.5688232557398005,0.7387381747208638,0.7606458862803938,1.0
977,19037,0.0,0.19204359534325832,0.311973264080358,0.17154166231725732,0.8558762052012869,0.08762536582423652,1.0,0.3285093953887632,0.33175924736391815,1.0,0.38384718766492854,0.506992268962978,0.7125442614903211,0.7430174073632629
978,19027,0.250577804494873,0.06437440958506453,0.14688257419320072,0.1836756384572079,0.9074517261132989,0.12959747741236205,1.0,0.2120098250329433,0.3199570782052854,1.0,0.5788103337218289,0.723308305624348,0.7606458862803938,0.9257153714927411
979,19020,0.34405936923018604,0.29342760632947007,0.34105077566857017,0.18843396765914122,0.9485327175697831,0.14366550562417468,1.0,0.12450240930892964,0.3260372095672118,0.0,0.5605731239004328,0.7717520655909281,0.7606458862803938,0.6902386703647267
980,19005,0.0,0.6384859925254075,0.4755861980646561,0.1613356820479458,0.9571947677158246,0.06390541704213293,1.0,0.18877330771323342,0.2236281009906146,1.0,0.5688232557398005,0.7352905964664604,0.7390115964200016,0.7430174073632629
981,19019,0.0,0.770450488547656,0.6053893071074637,0.18271084070553123,0.8219767306984658,0.1207375555696879,1.0,0.7375926716415,0.7460670534135412,1.0,0.33999131630453894,0.40846608057604455,0.7606458862803938,0.45609329151443034
982,19041,0.0,0.9254074406622086,0.5757212160103847,0.18338678751058624,0.856367608311458,0.12654619356799524,1.0,0.4281245263466471,0.6485080064800883,1.0,0.5540599382037252,0.6651554225170921,0.0,0.47917358795091514
983,19008,0.0,0.3010758922832693,0.3908492491240862,0.16877247246576454,0.8883376443365385,0.08227206321057645,1.0,0.5042545809323692,0.2740997909487982,1.0,0.39383416212173694,0.40721262461283486,0.0,0.8079770209287339
984,19026,0.0,0.9281317890804008,0.8094968790409498,0.18305504763136804,0.8359180899921519,0.12384921689728956,1.0,0.6281405996985128,0.6460249787263228,1.0,0.40121582088977426,0.370613836240122,0.7947952132712555,0.3081959493351182
985,19051,0.0,0.2653019241503474,0.327506397791999,0.1712747507222835,0.8857308600912093,0.08980169408486338,1.0,0.5985934290706406,0.2907260048538579,1.0,0.28701694355867113,0.4717885164992737,0.7390115964200016,0.8275164340507248
986,19007,0.18003773689696423,0.24209168282406432,0.35677637697299236,0.20759756821870867,0.7898134605419722,0.20354730585765224,1.0,0.2473647923468939,0.3797772031631589,0.0,0.020408133686671714,0.006478998503142322,0.7947952132712555,0.8079770209287339
987,19050,0.0,0.0,0.07344128709660036,0.17103780075580033,0.9173562414731771,0.09081300231310507,1.0,0.37353141268612766,0.25346581602535,0.0,0.5779417571252785,0.7020769865282611,0.7606458862803938,0.8275164340507248
988,19049,0.0,0.5675141982198325,0.5329919041265682,0.18719620763053635,0.8238732988477137,0.13514534650951737,1.0,0.38675290283109365,0.44457596337188676,0.0,0.10638293026479051,0.05766578439335235,0.7947952132712555,0.5648420579743655
989,19034,0.0,0.6539877584421913,0.39346551490612347,0.18148132646820925,0.8620629524159714,0.1208568895686124,1.0,0.3929964341373121,0.5352295596669613,0.0,0.5028224080752983,0.44817806133198496,0.7789425991309047,0.8822616494359928
990,19045,0.0,0.8062627750420883,0.5645064919850328,0.17576157512965562,0.8622913928981981,0.10284808473628715,1.0,0.34619106674540534,0.3779720871941994,1.0,0.30395139201046173,0.4726351690693215,0.7606458862803938,0.47590096526500525
991,19038,0.0,0.6939053509459215,0.5322971253701592,0.1934835337192985,0.8486674575759017,0.15953008977251915,1.0,0.32674709447936545,0.40518179166364954,1.0,0.34433347461075026,0.03991118878743866,0.7947952132712555,0.5201635218414863
992,19033,0.0,0.6785126464671275,0.5931717330893097,0.19947494855679537,0.8557407360477692,0.18292976660557025,1.0,0.2823858708869764,0.7252410428622232,1.0,0.2462005726601073,0.18663867177563992,0.7947952132712555,0.5401911821184902
993,19010,0.0,0.7410959134802414,0.5507983349735351,0.17901300299272538,0.8367773905776127,0.11106481555372616,1.0,0.5369537806164242,0.5153145464853319,1.0,0.5089014089989503,0.5384869996867014,0.7390115964200016,0.5201635218414863
994,19023,0.23098477030997389,0.0,0.17052538783428509,0.17930472757509264,0.9083535245235683,0.1154166839140709,1.0,0.22017229158031215,0.29150407741897544,0.0,0.5722969409746816,0.7366412622582964,0.7606458862803938,0.8822616494359928
995,19009,0.0,0.8722963419863733,0.5871156059080451,0.1868271781292431,0.8543724291767312,0.13754234299404144,1.0,0.34710885034451544,0.45750137300247273,1.0,0.41858445411462,0.2525214250621615,0.7947952132712555,0.5043413622292275
996,19029,0.0,0.3065335371404403,0.4531272333954173,0.19799766599085877,0.8512181286605605,0.17628090748998693,1.0,0.33570236558072875,0.5958010968597381,1.0,0.6079027840209237,0.7005145329283711,0.0,0.7532318055434659
997,19030,0.0,0.13722950730572805,0.300188532020952,0.2010440359790907,0.8263253589468931,0.18332472210940187,1.0,0.3845270700468105,0.42005665148004145,0.0,0.4950064610089857,0.13975122414769567,0.7789425991309047,1.0
998,19006,0.0,0.9739682251493137,0.7904641695128959,0.1814666917055664,0.8417489032501831,0.11932672448430148,1.0,0.6368812838776953,0.6858158150128428,1.0,0.5879288351073069,0.6788123794545554,0.7606458862803938,0.3203144342922324
999,19028,0.0,0.0,0.1164016860528081,0.179001710386837,0.8655811625678859,0.11347633788182465,1.0,0.3426422014572036,0.43517717443751813,0.0,0.48154590484251636,0.4976172118003197,0.7606458862803938,0.9257153714927411
1000,19025,0.0,0.841835588262077,0.5927785846579252,0.1800538034208986,0.8499484327750013,0.11562787694964083,1.0,0.45208135146937645,0.5345153040146207,0.0,0.591402520342188,0.7160459850359701,0.7606458862803938,0.544688488070392
1001,19046,0.0,0.9232892479923662,0.7458758129826413,0.1818158922840586,0.8334700177325176,0.11965308793492535,1.0,0.7305603096706872,0.8430129300403383,1.0,0.5670863095971399,0.589589163351937,0.7606458862803938,0.3633914597742862
1002,19021,0.0,0.9304109220030977,0.7612357477398473,0.18016804943849352,0.8296712417772518,0.1141854988304487,1.0,0.6899330355639917,0.5935587542245664,1.0,0.5184540951574836,0.5560248480255978,0.7390115964200016,0.3424511108189231
1003,19003,0.250577804494873,,0.0,0.18194701093624321,0.9240656103093005,0.12350288522110509,1.0,0.17787724396265614,0.2777264034639807,1.0,0.5753364414365076,0.7429200618686175,0.7606458862803938,1.0
1004,19042,0.0,0.20247403888483972,0.2328033721056162,0.18659301904686043,0.884544508038043,0.1389571468987152,1.0,0.25813028088706913,0.37313258560123663,1.0,0.5427703059025317,0.6572028482367832,0.7789425991309047,0.7645232988719857
1005,19018,0.0,0.8777555546360793,0.6881953441358264,0.17883070282299773,0.8182805535682245,0.10726532461502081,1.0,0.3793609010073964,0.5868368304573126,1.0,0.4224924276477764,0.49166905939271494,0.7125442614903211,0.36143523738690797
1006,19017,0.0,0.277383516652313,0.4320288770750036,0.1958775143795256,0.7894631662420895,0.15663407434632282,1.0,0.37778842981111893,0.42855011663126796,0.0,0.5749022566634525,0.23597625504767106,0.6784442506275288,0.5630100464373469
1007,19016,0.10657082276929544,0.5061544143054273,0.2869270738870932,0.18260565445611043,0.8740420029034237,0.12531220357690653,1.0,0.32696795239450616,0.4600213882083163,0.0,0.510204170368556,0.5003429170449702,0.7789425991309047,0.8275164340507248
1008,19011,0.0,0.24453995295017453,0.3174079620274858,0.17990086300476282,0.8901140104853544,0.11735963634078095,1.0,0.259694906418214,0.3652223000051247,0.0,0.4515848779468712,0.4379751408738559,0.7789425991309047,0.8514307429854822
1009,19044,0.0,0.6275125663034186,0.5416323882262978,0.17082265900237414,0.9017467545124698,0.08939679712826987,1.0,0.5988163279332269,0.27165820861195156,0.0,0.4420321917883381,0.4084079873667514,0.7606458862803938,0.6902386703647267
1010,19004,0.0,0.5532557549920173,0.504568427829279,0.18959603912827572,0.8375108495058714,0.14471508307690462,1.0,0.30744271693824876,0.3730067057987728,0.0,0.37776808321605637,0.04308633966719111,0.8212921674167302,0.5896842520574764
1011,19022,0.34405936923018604,0.3730380986916605,0.40332875993990125,0.19336520435171656,0.8850206439951277,0.162317937293893,1.0,0.2101502374477101,0.36500871801652657,1.0,0.5740338871173423,0.6279513588771681,0.7947952132712555,0.725114210224383
1012,19024,0.13966466010498438,0.0,0.279617045909487,0.21418473461082088,0.7662946373561137,0.22919498848752573,1.0,0.29406342343427117,0.3672840594449397,0.0,0.43421624472202547,0.015401983940569793,0.7947952132712555,0.9257153714927411
1013,19039,0.0,0.9409438023502387,0.9070891504443269,0.1829053302633309,0.8270412146997452,0.12236599612554055,1.0,0.7922631760806582,0.8862458983476009,1.0,0.211897490983471,0.07044417808874603,0.7947952132712555,0.19295796821064748
1014,19012,0.0,0.708181068661979,0.5018162372297665,0.17889049688683778,0.8486538422400403,0.11184551180364277,1.0,0.42340541558040146,0.4770888193406977,0.0,0.6074685992478686,0.696569375122151,0.7606458862803938,0.5251490749484011
1015,20155,0.0,0.10680571584032314,0.279617045909487,0.4706036009516853,0.5417852257932487,0.275066805859586,1.0,0.2884533150658515,0.34157438132375817,0.0,0.8232739602392758,0.412543428584444,0.7947952132712555,1.0
1016,20481,0.0,0.0,0.1164016860528081,0.4064411632418443,0.4590292409450849,0.1986790559137248,0.0,0.46994070368895524,0.23877679685015907,0.0,0.42336079719388664,0.09705767269132859,0.869453057760477,1.0
1017,20378,0.0,0.16236589705607485,0.41016683443920954,0.4712832087291666,0.5385379539483693,0.2737971070930856,1.0,0.344654610499154,0.41626269295963003,0.0,0.8132870893076876,0.20158150623535162,0.7789425991309047,0.9257153714927411
1018,20334,0.32582833517477305,0.4301443099211349,0.684779820464763,0.4148110338645049,0.4953920548606271,0.22590131326224672,1.0,0.38146791794811785,0.2317191949445584,0.0,0.6244030476996592,0.17221620031811521,0.869453057760477,0.607375859660376
1019,20437,0.45326841320550565,0.2529070064330335,0.4931028326999798,0.5425292224368145,0.5957278111548225,0.3383140930312647,1.0,0.2396047785258355,0.32031661356739904,0.0,0.3247937104701888,0.12691977131963586,0.869453057760477,0.8822616494359928
1020,20441,0.39322025982114345,0.3984038717803046,0.7600239154595557,0.7947398961380596,0.7112490437737664,0.6391365181302037,1.0,0.6049231846274441,0.49189169773904795,0.0,0.8297871459359827,1.0,0.8212921674167302,1.0
1021,20446,0.0,0.0,0.1164016860528081,0.40316957353942406,0.45410022609732303,0.19513497855048767,1.0,0.5187332602658463,0.23240770433324665,0.0,0.286582758785616,0.03781226897341431,0.869453057760477,1.0
1022,20447,0.0,0.29198477792945227,0.5771002382627934,0.40039151096701386,0.44983494168128857,0.18880691732571853,1.0,0.4037024529149449,0.20421588102460264,0.0,0.6287451024806507,0.09472643030524601,0.9036320434281873,0.8514307429854822
1023,20469,0.0,0.3357307919789194,0.5397000541697546,0.3882981325593342,0.43038019310096054,0.19241606508225573,1.0,0.4545854523185313,0.2203348841566498,0.0,0.5115067246877212,0.059042844952068255,0.869453057760477,0.6902386703647267
1024,20440,0.39322025982114345,0.0712679879059963,0.2869270738870932,0.6700594771388834,0.6517505713007417,0.475849522868104,0.0,0.28894426378885363,0.3484409081977632,0.0,0.6843248944405094,0.4299281217188149,0.8212921674167302,1.0
1025,20513,0.39322025982114345,0.2809936110312198,0.5265685204920176,0.7375190917620248,0.6749655858510715,0.4531913088458116,0.0,0.3662838073528024,0.4202691404188146,0.0,0.2818063121811294,0.506276846797301,0.9036320434281873,0.8514307429854822
1026,20278,0.45326841320550565,0.3156199034591245,0.4931028326999798,0.4410482217330668,0.5188531130685893,0.3833284780871715,1.0,0.37931248391875305,0.4976477525808569,0.0,0.40034734781844405,0.31308623958459597,0.9701320359742358,0.6639688805647354
1027,20457,0.45326841320550565,0.08009890196698984,0.22032386128980105,0.5064732409925192,0.5699564858630627,0.28638417802654215,0.0,0.26346145237980545,0.30750600324004806,0.0,0.20755533267725923,0.025654072788436663,0.9701320359742358,0.9257153714927411
1028,20482,0.40287782820853324,0.42604266986365924,0.6509972395272621,0.38726101994214235,0.45284414554762564,0.18332881305267246,1.0,0.5995992711734871,0.17316564764661724,0.0,0.7594442434904896,0.4135183370672071,0.869453057760477,0.5612088264721999
1029,20329,0.0,0.11425916542409721,0.3881667417764709,0.43638854250136283,0.49975993810168606,0.2341494797656376,1.0,0.2674515775295807,0.3386722357694676,0.0,0.8419453548337266,0.3440148660217708,0.8212921674167302,0.8822616494359928
1030,20330,0.45326841320550565,0.16836021698496412,0.40565749941064255,0.44804360925048425,0.5136627874101081,0.33193427355135907,1.0,0.2951038258523646,0.5655325361055046,0.0,0.31741205170215125,0.09024968494898705,0.9701320359742358,1.0
1031,20170,0.39322025982114345,0.12035634252657276,0.5235837208403724,0.5263456823301336,0.6005734821701918,0.35957645093708357,1.0,0.20367918642737315,0.29779854865262656,0.0,0.7503257421050116,0.368874824271584,0.7606458862803938,0.9257153714927411
1032,20230,0.15466031737841293,0.03702502314414374,0.18984297314940843,0.37328457774580814,0.40409023402730715,0.20971483035744032,0.0,0.3415262087562093,0.2351114461666659,0.0,0.8619193037473438,0.4212498997704778,0.0,0.9257153714927411
1033,20184,0.45326841320550565,0.729778136878472,0.7086537932016936,0.46877933442490116,0.5563790362051203,0.35145368762526896,1.0,0.6140449426206209,0.37632317308449303,1.0,0.4159791384258493,0.3278596520840539,0.9036320434281873,0.3862533537199375
1034,20214,0.41838856488284204,0.11901416293528076,0.3322162123140422,0.460098038340261,0.5270157844253693,0.2912278763522371,1.0,0.25701515712490486,0.37633147732888017,0.0,0.2722536260225963,0.07309798210947488,0.869453057760477,1.0
1035,20220,0.41838856488284204,0.0,0.1164016860528081,0.4470838523121212,0.5125557913497896,0.2946743158177312,1.0,0.2363416050987318,0.38612053805543545,0.0,0.36387323875131194,0.03763659363083668,0.7606458862803938,1.0
1036,20262,0.18265905765472398,0.07296472769160917,0.2869270738870932,0.49348938511381857,0.5591597995892312,0.29295461399771305,1.0,0.3884256638186777,0.46285510111275474,0.0,0.5679548861936903,0.1094890056733057,0.8429462157448122,0.9257153714927411
1037,20266,0.1301851996254693,0.18056962296819445,0.3881667417764709,0.5347240174058118,0.6148322654352677,0.40243074807071566,1.0,0.13866191990198562,0.3623579322692584,0.0,0.38905771551725055,0.10663844395121636,0.9301468010770011,0.9257153714927411
1038,20265,0.1952794711632106,0.15002984714359258,0.35677637697299236,0.6204873955922531,0.7503348560955233,0.4020469050100872,1.0,0.24444489058163854,0.36985997202716037,0.0,0.39079466165991095,0.26880453921546704,0.869453057760477,0.9257153714927411
1039,20318,0.28202114450591315,0.4807155885632038,0.7166564726654558,0.44280067575275683,0.5317356137835371,0.26725339921165836,1.0,0.34183735863008613,0.3275445975004043,0.0,0.7368649788881017,0.25891223912308975,0.869453057760477,0.5064636110869319
1040,20327,0.7118578162317731,0.295068065112896,0.4910652048884324,0.5709415923998427,0.7815770728491156,0.39114283619488555,1.0,0.20243154506787708,0.3549696051454102,1.0,0.6977854506069787,0.4886570054150118,0.0,0.7171720540196672
1041,20556,0.16276956314973287,0.0,0.1164016860528081,0.40070182753769057,0.450315065477918,0.2562800475506122,1.0,0.5202219080491696,0.3374284017833581,0.0,0.8679983046709958,0.6889937912130568,0.0,1.0
1042,20005,0.39322025982114345,0.311576782171963,0.5802498275569147,0.8447473564746122,0.7044042057841249,0.496787447662316,1.0,0.4526124232498856,0.5176097710785456,1.0,0.40338684828027005,0.7191739640747923,0.8429462157448122,0.7430174073632629
1043,20517,0.39322025982114345,0.4011448753350485,0.3367255473426092,0.5518186635257666,0.6014792684200063,0.35627870444899823,1.0,0.24049330596950647,0.3217145023364192,0.0,0.6439426047897805,0.39102815203363417,0.7947952132712555,0.8822616494359928
1044,20565,0.18265905765472398,0.4203293447979338,0.662817865680182,0.47622523814212714,0.5433779853069678,0.2801858180098935,1.0,0.49256334521848777,0.5655357052480269,1.0,0.8614851189742889,0.4318188713907264,0.7789425991309047,0.5075407062352487
1045,20503,0.45326841320550565,0.09580100465038899,0.2717650557236629,0.5140662215768934,0.5758762826102575,0.30955886614208294,1.0,0.2955625644491787,0.3730164961147674,0.0,0.6274425481614851,0.15060462582828188,0.869453057760477,1.0
1046,20500,0.0,0.16395837634748664,0.3825889602415067,0.4241289608611867,0.48400136665159965,0.21849968595693503,1.0,0.3104161463330777,0.27297482306680576,0.0,0.7056013976732911,0.19196037924560252,0.869453057760477,0.9257153714927411
1047,20059,0.37062926122580436,0.40240222534675263,0.6691335305337834,0.4901096037969481,0.5771340149771808,0.3161586235048699,1.0,0.24040063033951053,0.31356164454714497,0.0,0.6413372891010101,0.35841525704466876,0.7606458862803938,0.5153996235502176
1048,20177,0.41838856488284204,0.26505889407484834,0.42066585057006556,0.43299049058744754,0.4955122568610577,0.284833277063139,1.0,0.2549317201859985,0.38414153743560897,1.0,0.5379938592980451,0.07501548215915828,0.7789425991309047,0.7532318055434659
1049,20364,0.32582833517477305,0.33710742108071606,0.5947298991221847,0.43247042675423786,0.5190559746963193,0.24689309114212232,1.0,0.6501678652436784,0.26049904882734387,0.0,0.5336518045170537,0.15366495733326963,0.9036320434281873,0.7645232988719857
1050,20057,0.6806413939763865,0.36715716228778456,0.5845927871825055,0.6422031990702713,0.6820059939944461,0.38047628087653007,1.0,0.24769050219120525,0.3392597439574231,1.0,0.28528010094123046,0.516892692587704,0.9036320434281873,0.6046625485289482
1051,20544,0.18265905765472398,0.11271703130518156,0.300188532020952,0.4694934744537925,0.5367479724636914,0.266168241967778,0.0,0.41010381043230404,0.46129191002332504,0.0,0.5679548861936903,0.10483688429096535,0.8212921674167302,0.9257153714927411
1052,20410,0.2945235276659142,0.13274359692842444,0.29376514838640144,0.5867949544463188,0.6445746940038495,0.4638063931401437,1.0,0.20164779097722207,0.27298640201378543,0.0,0.576205018033058,0.3033524630840371,0.7789425991309047,0.8822616494359928
1053,20435,0.39322025982114345,0.14586811458468732,0.2632842602460088,0.5629244829085794,0.6079313142849558,0.3645684843163277,1.0,0.219739940729345,0.3017686178036889,0.0,0.44941374703115544,0.23256611569775273,0.8429462157448122,1.0
1054,20417,0.45326841320550565,0.18525802791484658,0.300188532020952,0.4841549114347402,0.5605513492924463,0.32451473287922417,1.0,0.41457216692023435,0.36808474857655815,0.0,0.3356491579983274,0.1320369144610481,0.9701320359742358,0.8079770209287339
1055,20439,0.28202114450591315,0.36771258218312186,0.6137893761959246,0.4672560006460289,0.5586836636321468,0.30592487657062406,1.0,0.2109006804833602,0.5273925363574574,0.0,0.6860616335327301,0.3540607319293581,0.8429462157448122,0.668732778856004
1056,20251,0.3061859246211213,0.06311231973867645,0.25406511069539867,0.36046900297626727,0.3796134992705089,0.1936130608907778,1.0,0.24379855524865257,0.2846264639443855,0.0,0.8697350437632163,0.29169190345780033,0.7947952132712555,1.0
1057,20467,0.24876557178250372,0.3340574369666121,0.6014712566994957,0.4031848449052948,0.4783252775397181,0.20682984182159525,1.0,0.374070498999435,0.19489374152974237,0.0,0.5992184674085008,0.2656118526696393,0.9036320434281873,0.7771461144782232
1058,20559,0.45326841320550565,0.2677782239281925,0.44229044355794794,0.478409621757387,0.5454701236099484,0.3154637778379873,1.0,0.3486079068066035,0.41206818935193634,0.0,0.2166739375879576,0.015363681965453443,1.0,0.7171720540196672
1059,20169,0.45326841320550565,0.07667111172584135,0.2717650557236629,0.43543087662628654,0.5022720992010807,0.37061905060079425,1.0,0.4054315391885097,0.48906303149763897,0.0,0.46938769594477203,0.19025686433024536,0.9701320359742358,1.0
1060,20118,0.39322025982114345,0.16010179246564427,0.41235151762577327,0.5039309554936485,0.5679108332244364,0.31056885751594965,1.0,0.38117063245426586,0.4588817984828446,0.0,0.7112462138238882,0.4252022305121397,0.7789425991309047,0.9257153714927411
1061,20568,0.15466031737841293,0.18665486100184495,0.559234091818974,0.38140756836521506,0.41861995559941834,0.241126195895637,1.0,0.548873016594084,0.28121165903443224,0.0,0.8532349871349207,0.4671144826328916,0.7947952132712555,0.7645232988719857
1062,20460,0.45326841320550565,0.08691871998014832,0.24396667493088547,0.5450112089352069,0.5972973278363645,0.3186069156707517,1.0,0.21788138924683764,0.27668163083139274,0.0,0.17238388145451267,0.04540676614765528,0.9036320434281873,1.0
1063,20044,0.45326841320550565,0.4868385465550632,0.5958836678446106,0.47736727327065276,0.5736141530080401,0.34364704520503153,1.0,0.5626668299751303,0.3160550843562234,1.0,0.42596611288265773,0.5445381763378861,0.9036320434281873,0.59943370345566
1064,20507,0.40287782820853324,0.1930049877274663,0.41449206276517053,0.3762175136834792,0.4336234771062949,0.16796914802796414,1.0,0.3736331334738442,0.19323640459784852,0.0,0.8215372211470553,0.5178479273392192,0.0,0.9257153714927411
1065,20515,0.2945235276659142,0.4276759803742796,0.7248922891190801,0.683875587858848,0.684380349918004,0.6869166583392436,1.0,0.31122594445894036,0.37078184252759716,1.0,0.4181502693415651,0.42189133914244537,0.7947952132712555,0.43938174866375657
1066,20516,0.0,0.17321570221904206,0.3322162123140422,0.44491873176751584,0.5159209291727804,0.2449365403891759,1.0,0.34892583359653284,0.29002231200774853,0.0,0.6877985796753905,0.16882861795809925,0.9036320434281873,1.0
1067,20051,0.39322025982114345,0.36971103184870374,0.6897838803486965,0.4985834668632725,0.5635004521585681,0.3047496139405266,1.0,0.40212529630784266,0.4776940158992159,0.0,0.6613112380146264,0.3619706188762058,0.7789425991309047,0.8514307429854822
1068,20041,0.41838856488284204,0.3604439632301384,0.6179076642594393,0.43171200446930913,0.4938906148583906,0.3420056720315192,1.0,0.3935358554289813,0.7073702183672398,0.0,0.29396441755365355,0.05683951192760741,0.9701320359742358,0.7771461144782232
1069,20042,0.41838856488284204,0.31909235955334436,0.3854145511769584,0.49107344974426037,0.5570523941331637,0.27869894711581966,1.0,0.2682483491537274,0.34157421112772746,0.0,0.2783326269462483,0.0004764389746200583,0.9701320359742358,0.8822616494359928
1070,20071,0.28202114450591315,0.18006354039464934,0.4283749501331661,0.496435762693055,0.5858890364519309,0.34464368153409686,1.0,0.17977247915964578,0.4895378017652101,0.0,0.5379938592980451,0.10707558710982837,0.9518127218666266,0.8822616494359928
1071,20223,0.45326841320550565,0.0,0.17052538783428509,0.5108700330715219,0.5734185828543071,0.29656884895358804,1.0,0.2490370779306461,0.32623945447962877,0.0,0.43682156041079634,4.882118234247868e-05,0.9036320434281873,1.0
1072,20190,0.6806413939763865,0.32129677687839875,0.7095734191421178,0.5818548910111726,0.634136277708991,0.34927468641345505,1.0,0.22855177189194442,0.2640568539183087,0.0,0.37038642444801884,0.14674885777705207,0.9036320434281873,0.7645232988719857
1073,20097,0.45326841320550565,0.0792359161474695,0.2717650557236629,0.5141704936016848,0.5759556386031048,0.30629366781772915,1.0,0.27935388160141106,0.35657615822415023,0.0,0.5597047543543225,0.22354576680393964,0.869453057760477,1.0
1074,20098,0.45326841320550565,0.07929013908463364,0.311973264080358,0.4522672971866156,0.5184563331043522,0.32715193741692505,1.0,0.2963672708777709,0.5420854909741749,0.0,0.3617021078355962,0.07071330964408618,1.0,1.0
1075,20101,0.0,0.1448171792990181,0.36036836098369357,0.47940118383081665,0.5490268437471272,0.28478805040676747,1.0,0.2795112470366249,0.35453106108754673,0.0,0.8514980409922603,0.48498537081049814,0.7789425991309047,1.0
1076,20104,0.0,0.10135917534781293,0.2717650557236629,0.4582738753105743,0.5250591152759065,0.2590415809415898,1.0,0.3188423226842255,0.3898459813564875,0.0,0.6908380801372165,0.18249857722104856,0.8212921674167302,1.0
1077,20413,0.1301851996254693,0.4390007701034862,0.6429702065448257,0.5126666780491377,0.599007953328195,0.37083731667614295,1.0,0.13902237690078256,0.4337806203404827,0.0,0.5683890709667454,0.09150890451772645,0.9301468010770011,0.5290465977439713
1078,20120,0.45326841320550565,0.0,0.14688257419320072,0.5138147662237661,0.5756847002960694,0.30761138868573845,1.0,0.289591443903942,0.3668128099120933,0.0,0.599652652181556,0.1367927979531415,0.0,1.0
1079,20121,0.05386050718218593,0.0,0.14688257419320072,0.4160767813485491,0.47297458807831616,0.2524365127348125,1.0,0.39312078817926854,0.32258765004566947,0.0,0.743378164584809,0.4711279801809095,0.7789425991309047,1.0
1080,20015,0.37062926122580436,0.13700052575560406,0.5531143480757917,0.49823305477667457,0.5717096091797025,0.31340521731375615,1.0,0.25582458030127786,0.3317515989952313,0.0,0.8501954866730947,0.416527655251452,0.7606458862803938,0.8822616494359928
1081,20125,0.1301851996254693,0.07915450956849514,0.3062446592022165,0.5808369829242397,0.6311752113242339,0.4290889382465478,1.0,0.1938005964891537,0.2654316891299282,0.0,0.33130699969211586,0.05379489354109801,0.7789425991309047,0.8079770209287339
1082,20124,0.39322025982114345,0.4374501130152608,0.785407407909223,0.7951660803183729,0.7016387095531009,0.6871735011440331,1.0,0.4898201639990041,0.4922152272075476,1.0,0.8011288804099432,0.876077378200635,0.8212921674167302,0.7171720540196672
1083,20020,0.0,0.18015778080828448,0.3174079620274858,0.3915449135538691,0.4357484857377686,0.18575379790410773,1.0,0.5946086729414228,0.21458056228202416,0.0,0.5979157060388951,0.15421879160956192,0.0,1.0
1084,20153,0.28202114450591315,0.26371552804749643,0.504568427829279,0.4472176514905801,0.5369123241061571,0.2707648298239118,1.0,0.3714823366562299,0.3207724270799206,0.0,0.6482848666212122,0.18428868040285734,0.9036320434281873,0.8822616494359928
1085,20141,0.7118578162317731,0.2855514306850923,0.5124204180151032,0.6112831930256147,0.7625479867219728,0.4489661038284454,1.0,0.26158058365235415,0.37772232224299584,1.0,0.8206686445505047,0.6568118185310098,0.8429462157448122,0.8514307429854822
1086,20147,0.05386050718218593,0.0,0.25406511069539867,0.4214258069343516,0.48036130268202837,0.23435418605873726,1.0,0.32787791629992313,0.30611195159998206,0.0,0.8371689082292402,0.3847529175921753,0.0,1.0
1087,20150,0.18265905765472398,0.3080839202596896,0.5315977605821658,0.44775599714958536,0.5133317481028574,0.25151916735336877,1.0,0.34684504913341707,0.40112769427735573,1.0,0.6686930003078839,0.40079112983807563,0.7947952132712555,0.7430174073632629
1088,20164,0.15466031737841293,0.14352966779211554,0.2632842602460088,0.3739378519419394,0.4052862135767892,0.21445757337559468,1.0,0.36794234841818996,0.2283905058820519,0.0,0.8137212740807425,0.441522303143364,0.7947952132712555,1.0
1089,20204,0.39322025982114345,0.013427871801413936,0.20617575881288663,0.5966327598545924,0.6315255056241167,0.4297812233025943,1.0,0.2058611433552806,0.2759364728917246,0.0,0.7720364301108484,0.6270322761769882,0.7789425991309047,0.9257153714927411
1090,20035,0.41838856488284204,0.0,0.20617575881288663,0.48464481669024984,0.5512873215321186,0.2806215776660783,1.0,0.36847069824879364,0.4358219857830239,0.0,0.7255753465869079,0.13857613798890933,0.7947952132712555,1.0
1091,20202,0.28202114450591315,0.23899738078647847,0.5124204180151032,0.44656434787359467,0.5361556223457213,0.26391730315906003,1.0,0.4689172397118728,0.28515746400332154,0.0,0.5575336234386066,0.1431457311417678,0.9036320434281873,1.0
1092,20566,0.0,0.055882352351654625,0.24396667493088547,0.43571398834410635,0.49892388034840285,0.23173627783752693,1.0,0.26450377855494966,0.29667507973194773,0.0,0.6278767329345403,0.15243088273207336,0.9036320434281873,1.0
1093,20217,0.0,0.0,0.14688257419320072,0.4390931565527244,0.5030769384430966,0.23785532121701114,1.0,0.30618092160418076,0.372387324714617,0.0,0.772905006707399,0.27120017799841545,0.8212921674167302,1.0
1094,20016,0.6190015946419424,0.17909265543470557,0.3881667417764709,0.3782981848136876,0.41314507629804076,0.18444741839004863,1.0,0.3551401108602239,0.2504252735022898,0.0,0.6517585518560933,0.13081001340080609,0.869453057760477,0.9257153714927411
1095,20229,0.0,0.1010743531092088,0.22032386128980105,0.450348624904536,0.5254519074005984,0.25402254256581003,1.0,0.3660141479873644,0.29556050113334953,0.0,0.7303517931913948,0.2893941912147537,0.9036320434281873,1.0
1096,20232,0.45326841320550565,0.30541137712141814,0.5603097698976152,0.46039593592888517,0.5338084970938857,0.3491950747631649,1.0,0.4256652833939347,0.5207590038047074,0.0,0.40816329488475667,0.17024508976745306,1.0,0.7430174073632629
1097,20235,0.37062926122580436,0.21432906264929424,0.5072509351768942,0.5124851918753291,0.5870946434977289,0.33619301585574113,1.0,0.22894932040602323,0.3065605136338949,0.0,0.8041683808717697,0.46219949937509625,0.7606458862803938,1.0
1098,20236,0.1301851996254693,0.0,0.2632842602460088,0.5034473905399529,0.5917198497099623,0.35134603249692664,0.0,0.18237439863271954,0.4171628985252479,0.0,0.4094659527291422,0.08820535638903275,0.9518127218666266,1.0
1099,20525,0.1952794711632106,0.30455917026062623,0.5645064919850328,0.6078624143947654,0.763982034249997,0.4053583325143836,1.0,0.23410018074635286,0.35714106697244397,1.0,0.411636980119638,0.42527691532598766,0.9036320434281873,0.7532318055434659
1100,20526,0.32582833517477305,0.29098487483770735,0.5690372555465255,0.4374419401361198,0.5252603250864105,0.2567448143387532,1.0,0.4573531212922972,0.28821308799040835,0.0,0.5644812009588092,0.15759015935154383,0.9036320434281873,0.8822616494359928
1101,20052,0.2945235276659142,0.24813688984237084,0.4767700470365016,0.6379417854886663,0.6591933990651241,0.5213417212784408,1.0,0.26302088827826,0.32681174695261006,0.0,0.519322671754034,0.25330295075693854,0.7789425991309047,0.725114210224383
1102,20290,0.15466031737841293,0.05773698372020312,0.20617575881288663,0.37020970010840626,0.3983948899227935,0.21629594088319903,1.0,0.3550585664618471,0.2300768373290475,0.0,0.8549717262271417,0.5442569822410955,0.0,1.0
1103,20043,0.39322025982114345,0.5224875490740685,0.9054749417903385,0.7823990611888088,0.7184906617276448,0.589564651277657,1.0,0.5637419521048164,0.5549239260940901,1.0,0.672166685542765,0.9500751956254778,0.0,0.48782102382741965
1104,20079,0.1148309954543066,0.8961078115559071,0.6658252590797944,0.7025061767143267,0.6987281166722432,0.9804688019359675,1.0,0.3632080598764016,0.3931907291812906,1.0,0.8150238283999081,0.9145249636499626,0.8212921674167302,0.45410245906211
1105,20207,0.6806413939763865,0.074711000900929,0.29376514838640144,0.6246936721798595,0.6477834558634648,0.3840670269842229,1.0,0.23841393776005215,0.3065714161462074,0.0,0.3182805247734817,0.23958935915762888,0.9036320434281873,0.9257153714927411
1106,20356,0.18265905765472398,0.2580588060186906,0.600009807588618,0.5016260289547464,0.5660278804110499,0.3062947942209814,1.0,0.40072945959099837,0.48232278107501525,0.0,0.8258792759280464,0.47840160737233667,0.7789425991309047,0.8822616494359928
1107,20340,0.131951524421951,0.07579669360389754,0.311973264080358,0.38298799543448425,0.42136220899826515,0.26279203568836684,1.0,0.36575267590591365,0.3195574861468714,0.0,0.8067736965605403,0.5626906524257546,0.7947952132712555,0.8514307429854822
1108,20218,0.0,0.08755380759145606,0.40565749941064255,0.4239189780277838,0.4837208008482483,0.21977865032106392,1.0,0.2866296952818399,0.30056514316867455,0.0,0.8254450911549911,0.32641486935544883,0.0,1.0
1109,20386,0.0,0.0,0.07344128709660036,0.42771681744818735,0.5024749608288106,0.22880665645216802,1.0,0.3717765014570398,0.24734159715577142,0.0,0.6517585518560933,0.15475935939404786,0.869453057760477,0.8514307429854822
1110,20179,0.41838856488284204,0.13803815434923097,0.34105077566857017,0.45453635122282054,0.520979773517289,0.26187493725953326,0.0,0.34081498701731194,0.3939097991201549,0.0,0.48762490576616835,0.13311908209952136,0.7606458862803938,0.9257153714927411
1111,20524,0.16276956314973287,0.06772566295104372,0.42066585057006556,0.3937259067182247,0.43929392656140553,0.23436726953880527,1.0,0.5214626124310459,0.2790708533266225,0.0,0.7989579565446678,0.463195528703628,0.0,1.0
1112,20264,0.05386050718218593,0.02064474607079678,0.300188532020952,0.4223433538104122,0.4816037678958647,0.262078325163571,1.0,0.3380533671331869,0.344109424085539,0.0,0.7841944319581524,0.48948301348155754,0.7789425991309047,0.9257153714927411
1113,20333,0.39322025982114345,0.12545672020806828,0.36036836098369357,0.5490082059595166,0.5997742825849468,0.36144584967489013,1.0,0.24035504844047872,0.32048661961972114,0.0,0.7724706148839038,0.35781084021667,0.7606458862803938,0.7914566825269261
1114,20198,0.6806413939763865,0.2756393293076352,0.633483159555182,0.6744781892640505,0.6761286950720604,0.4040220174209116,1.0,0.28430244493789214,0.3502477302112206,1.0,0.31133305077849927,0.46900949279970466,0.9036320434281873,0.8079770209287339
1115,20365,0.18265905765472398,0.08593124305357035,0.25406511069539867,0.49099413267810177,0.5569826656366323,0.29072524006513556,0.0,0.41948546229912786,0.49438248503545856,0.0,0.5523229920610648,0.13262014747609813,0.8212921674167302,0.9257153714927411
1116,20002,0.45326841320550565,0.591106877954117,0.5357263366801679,0.4244817121430976,0.5029726878008463,0.41434201570405693,1.0,0.3721381621116725,0.3964470493785185,1.0,0.39036037336163565,0.1099065364863927,0.9036320434281873,0.7097780834867178
1117,20006,0.05386050718218593,0.3380630434354347,0.614754057039226,0.42908186328885856,0.49051351351676453,0.24845859839104856,1.0,0.3007675407900373,0.3284490620167392,1.0,0.7920103790244652,0.38301405631426805,0.7789425991309047,0.5745035569136432
1118,20008,0.2945235276659142,0.07717428651739991,0.2717650557236629,0.604026660030541,0.6524704148931393,0.49394613594617487,1.0,0.22118807572177357,0.2903084224944896,0.0,0.722101661352027,0.5537313361916726,0.7789425991309047,1.0
1119,20009,0.45326841320550565,0.22335673647309723,0.40565749941064255,0.4964517827021986,0.5630884050412441,0.3062736110642441,1.0,0.3351186214983253,0.3486179926005931,0.0,0.35996526521815553,0.12418369617487969,0.9701320359742358,0.8079770209287339
1120,20010,0.39322025982114345,0.654243138097182,0.3672064354830018,0.7868915322174953,0.692719336435885,0.4672156199161259,1.0,0.4100978191023059,0.46690917675045585,1.0,0.3929656890504063,0.7012360493512131,0.869453057760477,0.7645232988719857
1121,20414,0.0,0.2871035353310655,0.5752575243263669,0.39558607071573826,0.4664816962057834,0.19666622162637837,1.0,0.45847543911970035,0.17957092164907584,0.0,0.7928789556210158,0.47759974077298867,0.869453057760477,0.8514307429854822
1122,20291,0.28202114450591315,0.11519684884711914,0.2869270738870932,0.471353334170844,0.5628094910551187,0.29960005806916146,1.0,0.28621862744937443,0.34688012159936477,0.0,0.5653495705049194,0.22564099260038267,0.9036320434281873,0.9257153714927411
1123,20298,0.39322025982114345,0.4110266850381781,0.7346196093353826,0.5216957825141716,0.5815483838825941,0.3277612452846054,1.0,0.3117211175957697,0.3913086736241238,0.0,0.6530613132256988,0.2903368891740698,0.7789425991309047,0.6639688805647354
1124,20385,0.18265905765472398,0.49307677515489573,0.6904126856405265,0.4754904334334933,0.5426677692108861,0.2785064037013041,1.0,0.5984477288949437,0.6845885008294577,1.0,0.8888406231307229,0.5344150069419407,0.0,0.422452831554483
1125,20023,0.18265905765472398,0.2838627320306145,0.5466193501224008,0.47100135582888913,0.5382573881450179,0.27397610853539467,1.0,0.5334122079626044,0.6033846811468737,0.0,0.8831958069801258,0.5272656402165539,0.7789425991309047,0.668732778856004
1126,20306,0.1301851996254693,0.0,0.22032386128980105,0.49564080461636684,0.5852116906843425,0.3406286734190245,1.0,0.1943549611890919,0.4382020769292314,0.0,0.4585322484166334,0.03936485040965667,0.9518127218666266,1.0
1127,20310,0.18265905765472398,0.23869813304425788,0.4694600190588954,0.4678071330629827,0.5350429866286317,0.2697407228769504,1.0,0.5448397291813079,0.6028996206568048,0.0,0.8640902276126201,0.5181634931948196,0.7789425991309047,0.6902386703647267
1128,20309,0.45326841320550565,0.2394657499643799,0.5165436379277445,0.4453403398613872,0.5137653862351326,0.3610459129386565,1.0,0.3322534401915239,0.6281960162915914,0.0,0.34085978937586914,0.17421120195361234,0.9701320359742358,1.0
1129,20324,0.28202114450591315,0.44543245417633204,0.6683643556080994,0.49256888330067905,0.5825624086142042,0.3416076992543381,1.0,0.16692283869332825,0.5755369872400484,0.0,0.6109422844827497,0.1915792686267822,0.9301468010770011,0.5765449532098653
1130,20337,0.39322025982114345,0.2397852670576482,0.3854145511769584,0.538318495704275,0.5930088005881528,0.34017719464311236,1.0,0.2614454381356245,0.3418137324890721,0.0,0.5219279874428049,0.23357006525910368,0.8429462157448122,0.7645232988719857
1131,20351,0.37062926122580436,0.08971232311457729,0.2328033721056162,0.4852593143255497,0.568855129459515,0.3050826047412927,1.0,0.25886450350648826,0.30398939841100114,0.0,0.8306557225325333,0.6566382830165346,0.7606458862803938,0.9257153714927411
1132,20562,0.0,0.2250708576571498,0.3736298191175524,0.41750404388071294,0.4749697672130432,0.2327131025903566,1.0,0.3496194214587769,0.2922782572005981,0.0,0.7121145833699984,0.29352329213514544,0.0,1.0
1133,20426,0.0,0.0,0.1164016860528081,0.4511582555561898,0.5172098800509709,0.2517179070069191,1.0,0.3679400972812418,0.4309668259818118,0.0,0.6951801349182076,0.2546497080759704,0.8212921674167302,0.9257153714927411
1134,20427,0.6806413939763865,0.23500917150434628,0.5301850279100012,0.7452380022768037,0.6862905334031126,0.44247979897912626,1.0,0.35604092658937603,0.4158398252327691,1.0,0.38514984550931364,0.5261294500729738,0.9036320434281873,0.8275164340507248
1135,20021,0.45326841320550565,0.5090317671627745,0.49410713766666586,0.4139411527685759,0.48845658156459626,0.4244317510504869,1.0,0.4038490058757792,0.35589564582468836,1.0,0.4329136904028599,0.22564881539041473,0.9036320434281873,0.7771461144782232
1136,20175,0.41838856488284204,0.0340961157736958,0.22032386128980105,0.45196342230100484,0.5181156663007855,0.27817693889364903,0.0,0.28252244259040793,0.34508823086184015,0.0,0.4819800896155715,0.1295251523876436,0.7390115964200016,1.0
1137,20466,0.0,0.13488204058801512,0.4245904985296838,0.416000890896034,0.48202544250950474,0.21131020988149185,1.0,0.3219788001172772,0.2264272460024792,0.0,0.6734694469123705,0.20143793121095793,0.9036320434281873,0.8275164340507248
1138,20468,0.45326841320550565,0.16731328900913064,0.3908492491240862,0.5098863499925097,0.5800525835371286,0.29807915458779133,1.0,0.30003573348395807,0.3020827131473325,0.0,0.3751628710525057,0.12178147664320191,0.9701320359742358,0.9257153714927411
1139,20470,0.39322025982114345,0.10535485339930088,0.3492050581584243,0.6743606151141277,0.6529697936824008,0.4537390944520988,1.0,0.30238376216357077,0.3604634087665225,0.0,0.3560572916849991,0.2456461108037537,0.9036320434281873,1.0
1140,20479,0.05386050718218593,0.0,0.1164016860528081,0.41633331440281596,0.473334509874515,0.2367652698057796,0.0,0.3697964236901732,0.2887288256571636,0.0,0.7299174013678995,0.3736388012534868,0.0,1.0
1141,20498,0.45326841320550565,0.09697124695971712,0.29376514838640144,0.5524022415348925,0.6268056762659491,0.3457881359007827,1.0,0.2828496890427822,0.23718712016021715,0.0,0.38601821505542455,0.2231308685221103,0.9036320434281873,0.8514307429854822
1142,20133,0.0,0.09963410500925118,0.25406511069539867,0.40840491742841845,0.4619398338259425,0.20149826418041705,1.0,0.4111529344787558,0.2499963652837528,0.0,0.5835865732758754,0.1048321792711779,0.8429462157448122,0.8514307429854822
1143,20134,0.45326841320550565,0.2730933977348368,0.5575998170426089,0.452409065546838,0.518615045090047,0.34801638801446744,1.0,0.33114240894758473,0.8986719874950204,0.0,0.24316107219828131,0.01558933699287595,0.9701320359742358,0.8514307429854822
1144,20138,0.45326841320550565,0.08150713636707912,0.29376514838640144,0.5147489268285913,0.5763949163921511,0.3117403642392068,1.0,0.3035786964727377,0.38136383128013385,0.0,0.48328264393473686,0.0572851416365679,0.869453057760477,1.0
1145,20149,0.0,0.15686020851401206,0.32257744486569473,0.4727414059709413,0.5491390700684677,0.28222143099367414,1.0,0.29462759357607504,0.3257616658022948,0.0,0.7472862416431851,0.2623839734499495,0.7947952132712555,0.9257153714927411
1146,20161,0.05386050718218593,0.0,0.2717650557236629,0.4401181188350116,0.504319403656933,0.2491237208321384,1.0,0.3097754537123072,0.3699482598059125,1.0,0.7659574291871969,0.3784719387189192,0.7390115964200016,0.8822616494359928
1147,20159,0.28202114450591315,0.0,0.17052538783428509,0.45710852843332317,0.5479992036796559,0.27917071806271543,1.0,0.3645854580513562,0.3099512421240439,0.0,0.5471123606835231,0.1436264273485812,0.9036320434281873,1.0
1148,20047,0.16276956314973287,0.0,0.14688257419320072,0.40108916711659404,0.450913055252659,0.2597199741657821,1.0,0.479090233218729,0.3476116845712893,0.0,0.8271820372976519,0.6088161716097633,0.0,1.0
1149,20094,0.05386050718218593,0.03768169020849144,0.3174079620274858,0.4427811163541844,0.507510562341142,0.24107928404741075,1.0,0.3392145815805755,0.3990277598812352,0.0,0.755536166432113,0.2595836437401271,0.0,1.0
1150,20031,0.39322025982114345,0.1640389252626073,0.3062446592022165,0.5524022415348925,0.6018295627198892,0.3504529063285513,1.0,0.23089837753774123,0.31228423939727934,0.0,0.4020841904358845,0.21304259995029207,0.869453057760477,0.9257153714927411
1151,20279,0.1301851996254693,0.2185431721931124,0.4283749501331661,0.49967878975543645,0.5886176745149166,0.3435876343263057,1.0,0.19484195743614574,0.40560768616612575,0.0,0.5210594108462545,0.14825915089046468,0.9036320434281873,1.0
1152,20401,0.28202114450591315,0.3639253178092529,0.6039812680377051,0.45088057810633164,0.5410982525293442,0.2811119856620603,1.0,0.2768139008383692,0.38128065008846457,0.0,0.7351280327454413,0.3465563647431609,0.869453057760477,0.5630100464373469
1153,20367,0.40287782820853324,0.2690413189335327,0.5789114512682043,0.40329549343133686,0.47849361702172877,0.20253313584296206,1.0,0.4332775494253308,0.19643196033035215,0.0,0.7542336121129478,0.5593738865071168,0.0,1.0
1154,20359,0.41838856488284204,0.0,0.20617575881288663,0.47082282932731734,0.538079421166691,0.2652576841656358,0.0,0.36165363186609,0.42063646731245086,0.0,0.6191924163221174,0.11534637931573426,0.8212921674167302,1.0
1155,20511,0.0,0.12086151447028917,0.22032386128980105,0.44471923609362707,0.5097999226150816,0.24354270305226056,0.0,0.3470493736174092,0.40769144279938885,0.0,0.7551019816590576,0.2603411609518132,0.8212921674167302,0.8514307429854822
1156,20096,0.05386050718218593,0.0,0.24396667493088547,0.4203832367120318,0.4789408704898652,0.24544647884880555,1.0,0.3568703530075277,0.300572806870094,0.0,0.8302215377594779,0.5065983637448346,0.7947952132712555,0.9257153714927411
1157,20504,0.18265905765472398,0.16094473747869786,0.25406511069539867,0.4741932924203901,0.5414060490044179,0.27248066174720464,1.0,0.4572930276415099,0.5080087641154973,0.0,0.5636126243622588,0.14184500372031267,0.8212921674167302,0.9257153714927411
1158,20537,0.15466031737841293,0.22096021962628792,0.3985118677122405,0.373851005871529,0.40512750159109434,0.20505227722947028,1.0,0.31776719172728407,0.24021743607028945,0.0,0.7112462138238882,0.2888223121947469,0.8212921674167302,0.8514307429854822
1159,20543,0.0,0.1863347725941824,0.4355609835024832,0.42035627369882866,0.5031058209320449,0.22597725556782233,1.0,0.4059317344631864,0.22475027300909067,0.0,0.6851932639866192,0.2508613805923045,0.869453057760477,1.0
1160,20548,0.41838856488284204,0.16715887041000896,0.4531272333954173,0.4054877267477126,0.45760316909615073,0.2884113728339991,1.0,0.3113371225897744,0.4595417987074868,0.0,0.4316109290332546,0.11983801518963036,0.7390115964200016,0.7028614859709643
1161,20076,0.0,0.1721290719518411,0.3492050581584243,0.4086178343714526,0.464215578764021,0.19808884112157443,1.0,0.33986616417107485,0.21253307855391101,0.0,0.5662179400510297,0.1004305275240513,0.9036320434281873,1.0
1162,20463,0.41838856488284204,0.0,0.1164016860528081,0.43589025817098515,0.49914269333431305,0.2570325046072186,0.0,0.2802982091445583,0.34328548684639715,1.0,0.6951801349182076,0.256038036879044,0.7390115964200016,0.9257153714927411
1163,20436,0.41838856488284204,0.16091678853369762,0.5645064919850328,0.42856998227665466,0.48984978308503724,0.2786420547073192,0.0,0.28070589671048807,0.38152675621816656,0.0,0.6239686558761639,0.196645961036561,0.7390115964200016,0.9257153714927411
1164,20523,0.05386050718218593,0.08880837205793422,0.29376514838640144,0.41578760913777,0.4725681806177632,0.24661693811273344,1.0,0.39760756538486375,0.30713921752838935,0.0,0.7021277124384102,0.3680467952478325,0.7947952132712555,0.8514307429854822
1165,20054,0.05386050718218593,0.038193715087336384,0.22032386128980105,0.42755541994672475,0.48852796187835357,0.24126693021731427,1.0,0.3054877510723508,0.3261065579117761,0.0,0.9153277577410475,0.5560904102856002,0.7606458862803938,0.9257153714927411
1166,20168,0.40287782820853324,0.1148912348297959,0.25406511069539867,0.3820524707271189,0.441981718616808,0.17443702835823238,1.0,0.4454373174708043,0.1901758729399503,0.0,0.8054711422413747,0.4600509237095048,0.8429462157448122,0.8822616494359928
1167,20185,0.6190015946419424,0.23456951264137688,0.40094768488859933,0.39210274968861414,0.4392763233859993,0.17835832881383507,1.0,0.40563896577180514,0.20525620533827682,0.0,0.7503257421050116,0.2609199323333417,0.9036320434281873,0.8822616494359928
1168,20246,0.45326841320550565,0.15285634318504288,0.4656067442112324,0.5235730723649881,0.5829030754177709,0.32062761928605077,1.0,0.2813653275788718,0.3602427121535099,0.0,0.6265739715649348,0.30673191813613865,0.869453057760477,1.0
1169,20277,0.0,0.22779579702369807,0.3672064354830018,0.4601033262381117,0.5368329681133097,0.2665674108013014,1.0,0.34045471709293873,0.30981116113260554,0.0,0.6170212854064017,0.14127411887796945,0.7789425991309047,0.7771461144782232
1170,20542,0.0,0.10099278005458126,0.2632842602460088,0.48688764734660295,0.557903719039534,0.2957392653073889,0.0,0.2750594676085484,0.350279437398314,0.0,0.9014330168015221,0.6158750422241823,0.0,0.9257153714927411
1171,20357,0.39322025982114345,0.05712375856460278,0.311973264080358,0.6095474283646959,0.6306237072138472,0.4255485882757457,1.0,0.21366333807756976,0.28271392445381827,0.0,0.5306123040552277,0.2293842158853192,0.8212921674167302,1.0
1172,20489,0.0,0.17436529477153398,0.3908492491240862,0.41260161390904315,0.49158929106581584,0.21454828874537846,1.0,0.3369195509333306,0.21302248325768436,0.0,0.6847590792135645,0.3195972327604689,0.9036320434281873,1.0
1173,20490,0.45326841320550565,0.0,0.1164016860528081,0.4186793166881456,0.47659938489480047,0.33587114674671603,1.0,0.42122400711805463,0.5697180290662485,0.0,0.5167173560652631,0.36963931966439395,0.9036320434281873,1.0
1174,20502,0.45326841320550565,0.0947233907880342,0.2717650557236629,0.5612671354350015,0.6069966455461931,0.34357593639738004,1.0,0.1981528463055371,0.28052673583934395,0.0,0.2792009964923585,0.08345162121883429,0.9036320434281873,0.8822616494359928
1175,20163,0.41838856488284204,0.14662447965486253,0.36036836098369357,0.42325901924801934,0.48283660561338493,0.3329240041090029,1.0,0.39543432427729075,0.6311614443654299,0.0,0.4732957730031486,0.27914041327592354,0.9036320434281873,1.0
1176,20166,0.45326841320550565,0.23185868507853388,0.4501424337437721,0.4782428630009017,0.5582619890185068,0.33388645393444494,1.0,0.46940594565827465,0.37627276308175583,0.0,0.37342592490984505,0.15242538407657225,0.9701320359742358,0.7645232988719857
1177,20237,0.15466031737841293,0.13422430822624284,0.300188532020952,0.38123894772385236,0.4183257744602059,0.2283753098497845,1.0,0.5259597000036524,0.2583799736726279,0.0,0.8263134607011018,0.36631640963343326,0.7947952132712555,1.0
1178,20506,0.45326841320550565,0.1513189426757149,0.4531272333954173,0.5266039538076708,0.5850569665381927,0.32732625438613816,0.0,0.28712431328568067,0.3666001289259212,0.0,0.6265739715649348,0.1432744021368785,0.8429462157448122,1.0
1179,20508,0.39322025982114345,0.13324036055393101,0.3492050581584243,0.9165789617848557,0.6878793050772867,0.5276907782191019,1.0,0.5797748472246864,0.592506038408483,0.0,0.7029960819845205,0.8537948111562708,0.8212921674167302,0.8514307429854822
1180,20205,0.45326841320550565,0.13193110959870144,0.22032386128980105,0.5382180470094923,0.602193472355633,0.3117997533778408,1.0,0.2478568871943646,0.25237994258963425,0.0,0.3069908924722877,0.07833953536528665,0.9701320359742358,0.8514307429854822
1181,20271,0.0,0.03943615418444383,0.24396667493088547,0.4691089935912859,0.5363608199957703,0.27082782610608414,1.0,0.3216192014919258,0.39398763003157555,0.0,0.76118098258271,0.20778206237175226,0.8212921674167302,1.0
1182,20545,0.41838856488284204,0.2756123103352982,0.4602408695082853,0.41382965878682354,0.4697970447299682,0.31270466007088027,1.0,0.32705089189452796,0.7168047775798696,1.0,0.6543638675448642,0.2746599290448001,0.7390115964200016,0.673718331962919
1183,20546,0.18265905765472398,0.3556215284933299,0.7209719126981224,0.49444221674894173,0.5599822420066534,0.2979829923162637,1.0,0.44654504716674503,0.5317961368058799,0.0,0.7034302667575754,0.2729889398329753,0.7789425991309047,0.8514307429854822
1184,20547,0.16276956314973287,0.15280455537692794,0.29376514838640144,0.39950936376222923,0.44846498299302473,0.2518774433021549,1.0,0.5878161905785797,0.3245284167484038,0.0,0.8389058543719006,0.5513548719530745,0.7789425991309047,0.9257153714927411
1185,20186,0.15466031737841293,0.0,0.07344128709660036,0.3623249967108856,0.38328079391180236,0.21181545856024808,1.0,0.2937649856515556,0.24352791292908949,0.0,0.900130255431917,0.4447310161962658,0.0,0.9257153714927411
1186,20227,0.18265905765472398,0.42731300916600484,0.5350493159696716,0.46601977082490753,0.5332161469759156,0.2672881294547489,1.0,0.5731409214515523,0.6014512221807695,1.0,0.8727745442250423,0.5971978501163455,0.0,0.6789471770362071
1187,20261,0.15466031737841293,0.09496662966859488,0.34105077566857017,0.37302741077512225,0.4036180859097678,0.22899980647060358,1.0,0.4080921553896515,0.24952964733748983,0.0,0.8167607745425685,0.35319113799867063,0.7947952132712555,0.8822616494359928
1188,20552,0.41838856488284204,0.08322528368864,0.3062446592022165,0.39961131334782873,0.44862369497871957,0.26501790217856325,1.0,0.42514720894139646,0.36215487916953937,0.0,0.6109422844827497,0.3423693604272312,0.0,1.0
1189,20550,0.18265905765472398,0.3052069781347294,0.5947298991221847,0.4935922027527466,0.5592487830783948,0.2981590071157645,1.0,0.4586347264805878,0.5446682480800762,1.0,0.832826853448249,0.4436234286059714,0.7789425991309047,0.8514307429854822
1190,20253,0.1301851996254693,0.058948872730142196,0.279617045909487,0.5074775392917198,0.5949574940585256,0.36007694111889876,0.0,0.16722906703745655,0.4329307131535075,0.0,0.46808514162560644,0.03212869716471814,0.9518127218666266,0.9257153714927411
1191,20254,0.28202114450591315,0.13156265424366023,0.3367255473426092,0.4937757535959616,0.5836093036743074,0.33413167724717296,1.0,0.21082489815416205,0.39012782224915665,0.0,0.41858445411462,0.1339062892196777,0.9301468010770011,0.8514307429854822
1192,20272,0.24876557178250372,0.22423284931989207,0.5197304459927093,0.4275020780621335,0.51266004199204,0.23754371931070217,1.0,0.5509003186293715,0.2400942463690099,0.0,0.5245333031315758,0.14918009139038757,0.0,0.8514307429854822
1193,20273,0.0,0.09452379994407242,0.3062446592022165,0.457440094520293,0.5241573168656368,0.2584861968515275,0.0,0.35711484899361434,0.42482485350523,0.0,0.6665218693921682,0.23696974929137452,0.8212921674167302,1.0
1194,20275,0.39322025982114345,0.1771658520628719,0.35305833300608735,0.5944675550024242,0.6239936943705708,0.38470852592890503,1.0,0.2084293421143546,0.2784611362873396,0.0,0.3321754727634463,0.22819966243913314,0.9036320434281873,1.0
1195,20551,0.39322025982114345,0.3983901046051625,0.6307662573425704,0.5201330702604002,0.5804085174937823,0.32816247007048993,1.0,0.31891015033200687,0.3977628886549648,1.0,0.7173252147475402,0.43543205441635646,0.7606458862803938,0.5264325641232666
1196,20553,0.18265905765472398,0.4338473240034627,0.6329453239805526,0.48323171983631097,0.549988743157612,0.28601864555633005,1.0,0.5645745668120159,0.6707866748027669,1.0,0.6977854506069787,0.3612734325007628,0.7789425991309047,0.6467849483079785
1197,20493,0.05386050718218593,0.0,0.18984297314940843,0.4197079069385128,0.4780158292474186,0.243211443665881,1.0,0.35905205870664647,0.29720517461485274,0.0,0.8167607745425685,0.48278908322612224,0.7947952132712555,1.0
1198,20554,0.45326841320550565,0.1725783798814604,0.3062446592022165,0.5390983746727264,0.5935178068737303,0.3262384399469167,1.0,0.22674257265021147,0.3072500248097073,0.0,0.2166739375879576,0.055654917341662405,0.9036320434281873,1.0
1199,20555,0.18265905765472398,0.1275755140055169,0.327506397791999,0.4747927657167762,0.5419904234432977,0.2787170532222325,1.0,0.46339100937657585,0.5346341876192364,1.0,0.9188016500263683,0.5409337679005287,0.7789425991309047,0.8822616494359928
1200,20018,0.41838856488284204,0.029921642569576003,0.311973264080358,0.3984059518908075,0.446740742165333,0.276340937670587,1.0,0.3494663949296707,0.39388184745995314,0.0,0.6374294190930734,0.29817387150888996,0.7390115964200016,0.9257153714927411
1201,20036,0.39322025982114345,0.1869073173358116,0.4731780630258004,0.7092374484966761,0.6617344426534669,0.45048064893671114,1.0,0.329918237010255,0.38548838217004533,0.0,0.2692140220355501,0.33884535369594093,0.869453057760477,1.0
1202,20338,0.18265905765472398,0.3176282323556314,0.5220591854634506,0.46425214624021716,0.5313893073231994,0.26446215423710395,1.0,0.5185311021719017,0.5451206968593098,1.0,0.8545375414540863,0.6108830341555256,0.0,0.6550328681014498
1203,20344,0.28202114450591315,0.10312559200417903,0.311973264080358,0.4615506758218073,0.5527598790454069,0.2898459371840212,1.0,0.30816085418130124,0.3524368368578633,0.0,0.6048632835590977,0.21600386564792942,0.9036320434281873,0.8514307429854822
1204,20366,0.28202114450591315,0.18599991598760168,0.3704667967482067,0.4741120589172845,0.5655285016217884,0.30788338346993493,0.0,0.2569514186552615,0.38990045290061837,0.0,0.5514546225149546,0.17472573311927997,0.9036320434281873,1.0
1205,20377,0.0,0.17601203157338352,0.3638425535640407,0.4182077356152404,0.4759469337766151,0.20983400355046755,1.0,0.32832479492892874,0.241343223313515,0.0,0.46634819548294604,0.07638089770358991,0.9036320434281873,0.8822616494359928
1206,20451,0.41838856488284204,0.07844533117180541,0.3704667967482067,0.42514974746126255,0.48536004602632155,0.26735017017154195,1.0,0.312556894882983,0.35458762818754896,0.0,0.6834563178439588,0.35705916150997297,0.7789425991309047,1.0
1207,20404,0.05386050718218593,0.12429219107815385,0.2717650557236629,0.4199633055199469,0.47836612354730135,0.2537175374990528,1.0,0.3606586312923652,0.3226110556455859,0.0,0.8158924049964582,0.560430701950565,0.7789425991309047,1.0
1208,20407,0.1952794711632106,0.14295433488105683,0.3825889602415067,0.595056746445773,0.7395421576612369,0.3635945959567588,1.0,0.20202391064255887,0.41452194479350524,0.0,0.08814592749383432,0.09336397521458299,0.869453057760477,0.9257153714927411
1209,20558,0.41838856488284204,0.0,0.18984297314940843,0.4309766164199126,0.49295195828008287,0.28621277477412543,1.0,0.25950155787919493,0.3953420921785914,1.0,0.7394702945768723,0.20987821342623675,0.7390115964200016,1.0
1210,20561,0.39322025982114345,0.20740828880661186,0.5090022705990835,0.5189204943415138,0.5795163465798288,0.32845968373456436,1.0,0.296731766777405,0.37296286576256077,0.0,0.8636560428395643,0.4851340947726749,0.7606458862803938,1.0
1211,20056,0.6190015946419424,0.17216125309014504,0.34105077566857017,0.386603876407818,0.4373468849082587,0.17467598792007766,1.0,0.4192798042303161,0.20356529458979422,0.0,0.7989579565446678,0.39897379794079374,0.869453057760477,1.0
1212,20563,0.37062926122580436,0.0,0.36036836098369357,0.4798563057833777,0.5612303468772606,0.2958091117265297,1.0,0.27522817796961074,0.312949379515324,0.0,0.7481546111892954,0.5143286213104231,0.7789425991309047,0.9257153714927411
1213,20497,0.32582833517477305,0.29910489043306776,0.6706553287691587,0.437956202184153,0.5258911851896446,0.25225154033652863,1.0,0.6459582024626584,0.266300049982634,0.0,0.5458098063643577,0.18116930553049726,0.9036320434281873,0.9257153714927411
1214,20549,0.14119633271744694,0.2203887711092403,0.45164534377503446,0.3872495665600163,0.4286230819447757,0.22213091569769983,1.0,0.4297199468127566,0.2505386092464881,0.0,0.6591403141493508,0.2932745988012384,0.7947952132712555,0.8822616494359928
1215,20564,0.0,0.15069309027992278,0.5977791277090415,0.4321501004591858,0.49444775862554835,0.22969481377663747,1.0,0.2634606223323952,0.33403464771118574,0.0,0.8549717262271417,0.5996713545456738,0.8212921674167302,1.0
1216,20099,0.3061859246211213,0.0,0.20617575881288663,0.3613340795512664,0.3813281126018845,0.19609059949434293,0.0,0.2541373145906578,0.27717841407610533,0.0,0.8918801235925489,0.4470978968218455,0.0,1.0
1217,20491,0.0,0.02209005070290287,0.14688257419320072,0.4427973197206482,0.5075298173337741,0.23915883327786402,1.0,0.28684672446937975,0.3047409721240487,0.0,0.5922708898882982,0.11958441656705313,0.9036320434281873,1.0
1218,20379,0.14119633271744694,0.07287635819050119,0.17052538783428509,0.4048387774058514,0.4566276543498048,0.2034566650055596,1.0,0.40710557128565217,0.24508183552702734,0.0,0.692574819229437,0.25515158004682126,0.0,1.0
1219,20494,0.0,0.0,0.1164016860528081,0.45703551665593134,0.5237180390765908,0.25791061558683737,1.0,0.4018941981753422,0.46402156758771207,0.0,0.7260095313599633,0.3333725118304569,0.8212921674167302,1.0
1220,20499,0.16276956314973287,0.19290080561448777,0.37968594629881686,0.40457821835386,0.4562348622251129,0.23039929751760213,1.0,0.4399084003806135,0.27138056667638455,0.0,0.7681285601029122,0.39339490461903737,0.7947952132712555,1.0
1221,20058,0.41838856488284204,0.12642842331715873,0.279617045909487,0.42791275416186847,0.4889944703391219,0.31959690181454126,1.0,0.3308034208749093,0.5758880281595897,0.0,0.46808514162560644,0.0989763437087137,0.9036320434281873,1.0
1222,20569,0.05386050718218593,0.0,0.14688257419320072,0.43649032156218237,0.4998857797588877,0.23547710697670166,1.0,0.30214681328057724,0.36576473460037373,0.0,0.8567086723698021,0.4943416779794677,0.8212921674167302,1.0
1223,20570,0.0,0.3843395175458938,0.5871156059080451,0.4608453804004643,0.5278109961710693,0.26181057863869484,1.0,0.3067883116372949,0.37905319217418687,1.0,0.6013893912737762,0.08699642577981007,0.9036320434281873,0.5686027970051493
1224,20567,0.3061859246211213,0.12158190070070533,0.2869270738870932,0.358803832576457,0.37628687143278217,0.20037507605309912,0.0,0.2553266621229149,0.2701481962656135,0.0,0.8336952229943593,0.3822066838785912,0.7947952132712555,1.0
1225,20423,0.0,,0.0,0.4101618195200486,0.46451374774277854,0.22976789792765584,1.0,0.38770862870281886,0.270362136337834,0.0,0.7307859779644497,0.4161751745844433,0.7947952132712555,1.0
1226,20528,0.14119633271744694,0.09116462443272268,0.42264634525502465,0.3860591622483218,0.4266142874741876,0.20812688099611432,1.0,0.32386469960011177,0.2237927154431315,0.0,0.722101661352027,0.24327869521574702,0.0,1.0
1227,20112,0.39322025982114345,0.1907047812966936,0.5308937488179786,0.5090882522417387,0.572027033151092,0.3178081499007136,1.0,0.3299564693203475,0.40467662861392484,0.0,0.8111159583919718,0.3696872262635402,0.7789425991309047,0.8514307429854822
1228,20510,0.0,0.03140623947282904,0.17052538783428509,0.4232530786074131,0.48282862993429476,0.2176255465364425,1.0,0.31628412815384765,0.27714495456464394,0.0,0.904906702036403,0.3370726649104043,0.0,0.9257153714927411
1229,20129,0.41838856488284204,0.0660039328680212,0.2717650557236629,0.40881409107509603,0.46254181144022866,0.2596774814004972,1.0,0.4496792481509021,0.34912819300090014,0.0,0.7624837439523156,0.4673413614816959,0.7606458862803938,0.8514307429854822
1230,20371,0.0,0.07372634808692533,0.25406511069539867,0.41802212810161443,0.4756896108054408,0.2127667123474959,1.0,0.32746609651999903,0.2785032799628291,0.0,0.9083803872712843,0.34838449132885324,0.0,1.0
1231,20424,0.1301851996254693,0.0,0.18984297314940843,0.5113041229280657,0.5979570704285466,0.3609616402376311,0.0,0.17426047451152016,0.38472223156782503,0.0,0.47242719640659825,0.00889460539088784,0.9301468010770011,1.0
1232,20406,0.45326841320550565,0.1982928558712841,0.3736298191175524,0.43070615441956683,0.49260565181974514,0.36730505333513075,1.0,0.4908054539114003,0.503633529166882,0.0,0.2540165197264197,0.005573301186372885,0.9701320359742358,0.8275164340507248
1233,20422,0.05386050718218593,0.02423588199303126,0.25406511069539867,0.41334516674738364,0.46910608362651873,0.25638307462598475,1.0,0.4146678523524645,0.33630984354784976,0.0,0.7676943753298573,0.5443157960738702,0.7947952132712555,0.8822616494359928
1234,20450,0.0,0.08434963245474353,0.2717650557236629,0.42982042545846644,0.49342974605439316,0.2236508573957645,1.0,0.2990391678378911,0.2585063759006697,0.0,0.7082067133620622,0.15441809195782524,0.9036320434281873,1.0
1235,20075,0.1952794711632106,0.23783760187416153,0.4406477225796021,0.6220218579748878,0.7582402044811292,0.4347157595963723,1.0,0.26581907689470907,0.39490274479020826,1.0,0.8015632722334385,0.7674824166023329,0.0,0.8275164340507248
1236,20501,0.15466031737841293,0.0,0.2328033721056162,0.36955905639584796,0.3971756675411343,0.20338465061091004,1.0,0.3014471610004924,0.250674734600696,0.0,0.8384714625484049,0.397900083678225,0.0,0.9257153714927411
1237,20505,0.1952794711632106,0.24466157885290973,0.4719531548088408,0.7253070510535056,0.7267599197489945,0.4762503240155376,1.0,0.36825761002973223,0.5477582754417588,0.0,0.6917064496833267,0.928687506901488,0.869453057760477,0.8514307429854822
1238,20459,0.131951524421951,0.24305560083827857,0.3881667417764709,0.3796460431124148,0.4155313957402338,0.26842313428497877,1.0,0.31427089473424674,0.31582294467256466,0.0,0.8471559862112688,0.6024795990432438,0.7947952132712555,0.8514307429854822
1239,20477,0.0,0.024012820308333533,0.25406511069539867,0.4421066790664333,0.522405845366223,0.24799251779270626,1.0,0.4358553660922302,0.2709182407846735,0.0,0.7707338757916833,0.29845263437170033,0.869453057760477,1.0
1240,20484,0.15466031737841293,0.13708965564618444,0.3881667417764709,0.3663126958962567,0.39101780281539733,0.20814252627521102,1.0,0.30849828591054707,0.24715530401885455,0.0,0.8688666742171061,0.46090134859105997,0.7947952132712555,1.0
1241,20485,0.40287782820853324,0.12741682016230324,0.300188532020952,0.3714667104588917,0.42493818412807616,0.1619398055305521,1.0,0.3382293502866416,0.20042707423357853,0.0,0.8367347234561853,0.5067554421783116,0.0,1.0
1242,20492,0.0,0.057196158511487405,0.25406511069539867,0.4249776624337821,0.4851316055440954,0.2223004878462671,1.0,0.2794557952354493,0.3147378013123163,0.0,0.76118098258271,0.3523547089566358,0.8212921674167302,0.9257153714927411
1243,20495,0.1301851996254693,0.06838489146653592,0.25406511069539867,0.522773915219401,0.6065301370854248,0.38164375009664375,0.0,0.14881700852072866,0.3858981714670561,0.0,0.5049935389910141,0.05006765055831298,0.9301468010770011,1.0
1244,20514,0.45326841320550565,0.0,0.07344128709660036,0.527248617580606,0.5855098596631001,0.31268607060939846,0.0,0.23205666636813083,0.3115078915162779,0.0,0.29483278709976357,0.08167770011229018,0.9036320434281873,1.0
1245,20534,0.37062926122580436,0.23260294159261297,0.6444316556557035,0.473844856670258,0.5606884702631899,0.29294422763406824,1.0,0.2955110538685729,0.2952289547178558,0.0,0.782023508092877,0.4352602973858449,0.7606458862803938,1.0
1246,20117,0.28202114450591315,0.09025430404923523,0.25406511069539867,0.4663836163088003,0.5577914927181933,0.3016982852366601,1.0,0.2517059659909453,0.4257725109553119,0.0,0.6565349984605797,0.23153553873165744,0.9036320434281873,0.9257153714927411
1247,20512,0.1301851996254693,0.040703632277144894,0.17052538783428509,0.5193824212616128,0.6040588219936134,0.3671833976738127,1.0,0.1694460366425612,0.354495453565839,0.0,0.55275717683412,0.1714333290355418,0.8429462157448122,1.0
1248,20518,0.05386050718218593,0.0,0.20617575881288663,0.4196501052793097,0.4779364732545711,0.2369562915250194,1.0,0.34401472028008184,0.30049291593592475,0.0,0.7794181924041059,0.40457647163577914,0.0,1.0
1249,20206,0.41838856488284204,0.11848036341986481,0.2717650557236629,0.4197516974575948,0.47807593024763395,0.3119106364950931,1.0,0.3205312967091434,0.609186197779315,1.0,0.6656534998460579,0.495178061592688,0.7390115964200016,1.0
1250,20521,0.05386050718218593,0.0,0.1164016860528081,0.41338445782995825,0.46916219678718896,0.25213442921005047,0.0,0.4235117956335954,0.3239273680204582,0.0,0.7915761942514103,0.5653344429990528,0.7947952132712555,1.0
1251,20001,0.41838856488284204,0.074711000900929,0.22032386128980105,0.4660330183896244,0.5332297623117765,0.27228077303296816,0.0,0.3187845440819801,0.3808401871121313,0.0,0.46895351117171735,0.09414636653540946,0.7947952132712555,1.0
1252,20256,0.41838856488284204,0.0,0.14688257419320072,0.4036701316051675,0.4548609156973039,0.26300011395294476,1.0,0.4487184219352942,0.35940091216376857,0.0,0.7867997476469235,0.5914517050421221,0.0,1.0
1253,20003,0.45326841320550565,0.09418998626489443,0.2328033721056162,0.5661544299633351,0.609725283609179,0.3608458035435944,1.0,0.20820885074262774,0.29060227769259084,0.0,0.37082071274629413,0.145064045995187,0.9036320434281873,0.9257153714927411
1254,20263,0.28202114450591315,0.22332790831323737,0.4186476299168636,0.4811797589710076,0.5722843561222664,0.3132354229440538,1.0,0.2516704644548926,0.362998595078166,0.0,0.59748152126584,0.20450987991521394,0.9036320434281873,0.9257153714927411
1255,20004,0.15466031737841293,0.09846204730637466,0.279617045909487,0.3890659204300515,0.43165951648283507,0.25666827323473695,1.0,0.4492728838345844,0.3239513252031381,0.0,0.6856274487596745,0.4235675726103282,0.0,1.0
1256,20007,0.18265905765472398,0.16380599646829144,0.40094768488859933,0.4878537003521426,0.5541939265734313,0.2933092883269597,0.0,0.35662454832580603,0.4283010678487108,0.0,0.9188016500263683,0.6482809539460573,0.0,0.8822616494359928
1257,20267,0.41838856488284204,0.0,0.20617575881288663,0.4775431878065509,0.5446436933529811,0.2737187542530357,1.0,0.38829835350638175,0.44957311068093786,0.0,0.6204949706412828,0.2132275800787704,0.7947952132712555,1.0
1258,20011,0.3061859246211213,0.0,0.14688257419320072,0.36951679922975944,0.39709631154828695,0.19833211656301608,1.0,0.2799667141187311,0.2584926028623066,0.0,0.7572731125747738,0.35587788397952463,0.0,1.0
1259,20027,0.45326841320550565,0.2568036990285982,0.4501424337437721,0.44000934328501073,0.5041879223429604,0.32560642426360065,1.0,0.3116554643308137,0.5226112012203011,0.0,0.38601821505542455,0.20226597348475098,0.9036320434281873,1.0
1260,20030,0.39322025982114345,0.3094006555514527,0.47794081453654946,0.8882821856249674,0.7060723334511463,0.5881886174499218,1.0,0.7060836340790968,0.5946312436343717,1.0,0.7872341394704188,0.9996737431119469,0.0,0.6963643413004936
1261,20519,0.18265905765472398,0.28269311335293795,0.4868684828010148,0.486540602623738,0.5530115623598103,0.2898311531065977,1.0,0.5252779718445719,0.6245062396396098,0.0,0.6995223967496391,0.4549861294688549,0.7789425991309047,0.9257153714927411
1262,20034,0.15466031737841293,0.14153880378162184,0.24396667493088547,0.3692954424554402,0.3966802765914178,0.21331391218242435,1.0,0.3391189018390789,0.23565529922561068,0.0,0.8228397754662204,0.4503266707326834,0.7947952132712555,0.9257153714927411
1263,20013,0.18265905765472398,0.2760765380432251,0.4406477225796021,0.47861708533651803,0.5456673455809073,0.2829980008070858,1.0,0.4400683920642867,0.5113142550672238,1.0,0.9153277577410475,0.6003448625988717,0.0,0.8079770209287339
1264,20017,0.0,0.14719524586395097,0.2328033721056162,0.48003497863560995,0.551587142328102,0.28639120419895625,1.0,0.27329823230297856,0.34865632640180244,0.0,0.76118098258271,0.3329851941070405,0.7789425991309047,0.9257153714927411
1265,20049,0.18265905765472398,0.051566456824821486,0.2328033721056162,0.4918524394286736,0.5577353795575231,0.29683308035174816,1.0,0.32986848269616686,0.402387251854739,0.0,0.9105515181870001,0.6507422340911977,0.0,1.0
1266,20520,0.14119633271744694,0.20655130566671803,0.3767011466471717,0.3789482857658111,0.41429855802271365,0.2203076453758055,1.0,0.42784903594138,0.24188685995364034,0.0,0.7959184560828418,0.3823009837593911,0.7947952132712555,0.8822616494359928
1267,20019,0.41838856488284204,0.1033435519082233,0.29376514838640144,0.4366486246539629,0.5000813499126207,0.3045716422686938,1.0,0.2699902345198817,0.452166493490487,0.0,0.34389928983769513,0.09967053871697859,0.7606458862803938,0.8822616494359928
1268,20022,0.131951524421951,0.08652525838123941,0.29376514838640144,0.3775609052019556,0.41183123077044714,0.25818210140183373,1.0,0.3446148839912164,0.2974856969602462,0.0,0.9027355711206873,0.6594588592038679,0.7947952132712555,1.0
1269,20024,0.41838856488284204,0.11196066104038306,0.3492050581584243,0.4331345811572166,0.4956942116789297,0.31574569447900824,1.0,0.3055530950815514,0.5250179398966741,0.0,0.44159800701528296,0.3047767845698838,0.869453057760477,0.9257153714927411
1270,20025,0.1952794711632106,0.3512627693333313,0.5714730727228845,0.5688626561164712,0.7826936964057503,0.3892680513138147,1.0,0.1998591510482376,0.3590402703950094,1.0,0.8137212740807425,0.6771788523442436,0.0,0.7532318055434659
1271,20026,0.0,0.2580274165267223,0.4355609835024832,0.4182007874082909,0.47593730628029907,0.21283655904011178,1.0,0.3397866001130174,0.27221473674335095,0.0,0.806339511787485,0.2402923217392296,0.8212921674167302,0.8514307429854822
1272,20029,0.45326841320550565,0.06287753983609005,0.2328033721056162,0.4255865402645732,0.48593878080843056,0.34296356495089486,1.0,0.4326276973621481,0.6584305988694596,0.0,0.3278332109320148,0.04125400688696509,0.9701320359742358,0.8822616494359928
1273,20032,0.15466031737841293,0.06763102171156406,0.14688257419320072,0.3672638819406058,0.3928350149717975,0.22384355858295657,1.0,0.34167794139552565,0.23442877162797604,0.0,0.8428137243798373,0.3269184327704377,0.7947952132712555,1.0
1274,20033,0.18265905765472398,0.44342183700561316,0.3825889602415067,0.46412184230277265,0.5312538381696816,0.2647402563297483,1.0,0.5300852476019773,0.5569748327597208,1.0,0.8983933092892558,0.6270035838177366,0.0,0.8275164340507248
1275,20050,0.0,0.11551812155823188,0.44390808384480707,0.4117247512305201,0.46677986518454095,0.21598044616851642,1.0,0.3113245065059579,0.2711548069830585,0.0,0.8193660902313391,0.3637875064744208,0.0,1.0
1276,20536,0.0,0.0,0.25406511069539867,0.41354171867560596,0.4693866494298701,0.2345688466515612,0.0,0.3859683315516578,0.27979022942885845,0.0,0.6873643949023354,0.2637221351839662,0.0,1.0
1277,20037,0.0,0.12847810545093516,0.22032386128980105,0.39526744280183124,0.441770881309988,0.18411795208604942,1.0,0.5204897204761724,0.2078166340496399,0.0,0.7320885322836153,0.09029209890109471,0.9036320434281873,0.9257153714927411
1278,20040,0.41838856488284204,0.12934200546979263,0.40332875993990125,0.4350409405513769,0.49808617077789363,0.3337134261609469,1.0,0.3510168456505097,0.6266475468807562,0.0,0.4025184787341598,0.1583927830492557,0.9036320434281873,0.9257153714927411
1279,20045,0.18265905765472398,0.5697731536843136,0.47438897198519975,0.46118855083415833,0.5281749058068133,0.259704409357836,1.0,0.4577288818821462,0.4945848035801027,1.0,0.8406425934641215,0.6167017329425057,0.7789425991309047,0.7430174073632629
1280,20053,0.39322025982114345,0.18700674212531893,0.3985118677122405,0.8419630323682118,0.6866039695349573,0.581315563738497,1.0,0.5065409252557653,0.5321424313908371,0.0,0.5970473364927849,0.6828730964045752,0.8212921674167302,1.0
1281,20046,0.0,0.10887646131433219,0.3062446592022165,0.43012114775046395,0.4918545897160803,0.2305015428845325,1.0,0.27530173835990557,0.33896826487797527,0.0,0.772905006707399,0.3594292078300901,0.7606458862803938,1.0
1282,20172,0.0,0.049112742626181836,0.18984297314940843,0.41174086104146124,0.4668031080167181,0.22579381403110865,1.0,0.3552671781618262,0.27485461422968094,0.0,0.7472862416431851,0.41674762518184266,0.0,1.0
1283,20048,0.0,,0.0,0.4666120453384347,0.5338237642469726,0.2691979222346035,0.0,0.39171623475748363,0.4605752856792735,0.0,0.7802865619502162,0.21838751392856387,0.7947952132712555,1.0
1284,20522,0.45326841320550565,0.1301683954800775,0.44229044355794794,0.5142137043909469,0.575988508931598,0.3143207511171957,1.0,0.3173065017628288,0.3956862906581088,0.0,0.609205338340089,0.18246960710001797,0.869453057760477,1.0
1285,20456,0.131951524421951,0.09601907193512584,0.4355609835024832,0.3895953279513077,0.43253807206092754,0.23848009542192883,1.0,0.60647470865588,0.2855995251057909,0.0,0.8688666742171061,0.6538480428664474,0.0,0.8514307429854822
1286,20060,0.45326841320550565,0.03929909826809265,0.20617575881288663,0.533999688097991,0.5901446933716494,0.32792965872670277,1.0,0.25231359237992135,0.3321655398833331,0.0,0.47025627254132263,0.11653808276103272,0.869453057760477,1.0
1287,20061,0.37062926122580436,0.11952825161786473,0.22032386128980105,0.4930317203734782,0.5777320047519218,0.31766579518102966,1.0,0.23514596604744664,0.30810068167335447,0.0,0.8228397754662204,0.581804606086932,0.0,0.8822616494359928
1288,20062,0.41838856488284204,0.0,0.20617575881288663,0.4920761999906904,0.5579309497112561,0.28749219116321756,1.0,0.3452856422872205,0.4167367043819362,0.0,0.7116803985969435,0.283840130034309,0.0,1.0
1289,20063,0.18265905765472398,0.2280363050594795,0.43897913091850277,0.46186041821273405,0.5288851219028947,0.2622511550278428,1.0,0.5017983395341391,0.5360066350608852,0.0,0.9196700195724776,0.6794000051389335,0.0,0.8275164340507248
1290,20065,0.14119633271744694,0.04858811327988473,0.24396667493088547,0.38113474252768287,0.41814381964233394,0.20918687361795985,1.0,0.3421418909454571,0.22396079054004603,0.0,0.6626139993842317,0.31917432580436916,0.0,0.9257153714927411
1291,20069,0.0,0.0,0.22032386128980105,0.486076718938669,0.5538997454342187,0.2913211126562223,1.0,0.292361830049643,0.36673998445862044,0.0,0.903169755893743,0.561761633452283,0.0,1.0
1292,20070,0.40287782820853324,0.30208972355834407,0.600377064041904,0.3976338665516662,0.46515024750278366,0.1932727586807459,1.0,0.5446132067382471,0.18789503556000364,0.0,0.7633521134984258,0.39468401717303503,0.9036320434281873,0.9257153714927411
1293,20072,0.0,0.21894990332153802,0.4629577717208968,0.4979776508462459,0.5629914458729905,0.3040049390359213,1.0,0.3126203433060385,0.3855622978084047,0.0,0.6517585518560933,0.22568834980830585,0.7789425991309047,0.9257153714927411
1294,20074,0.39322025982114345,0.0,0.2328033721056162,0.5307252267431699,0.6101605735586801,0.3731425098239003,1.0,0.18009106332892955,0.31419411186270985,0.0,0.6343899186312474,0.19313917315424492,0.7789425991309047,1.0
1295,20078,0.18265905765472398,0.1718226736455877,0.3736298191175524,0.48594239172701414,0.5524696857457396,0.28987503308831075,1.0,0.5322332109606837,0.6195327411155731,1.0,0.857142857142857,0.5172263436695141,0.0,0.9257153714927411
1296,20077,0.18265905765472398,0.1907804786674287,0.37968594629881686,0.4616789026141357,0.5286935395887068,0.2614992595047252,1.0,0.4863506383360293,0.5201193437022077,1.0,0.8875380688115573,0.664544044872858,0.0,0.7914566825269261
1297,20081,0.14119633271744694,0.08330247131578869,0.327506397791999,0.3803555532918289,0.4167795006108411,0.21490755692658925,1.0,0.38470310729688495,0.23359196113468372,0.0,0.7702996910186279,0.4904294466445523,0.0,0.9257153714927411
1298,20092,0.18265905765472398,0.13260878056798084,0.2717650557236629,0.46396931655455065,0.5310951261839869,0.2656516154267279,0.0,0.49599063161819135,0.5519537325020019,0.0,0.8015632722334385,0.2750973218766392,0.7789425991309047,0.9257153714927411
1299,20080,0.0,0.16468027964114643,0.41449206276517053,0.48096043012392653,0.5570347909577575,0.292330214535521,1.0,0.2688622470705243,0.33143063424605124,0.0,0.7503257421050116,0.29706795587139606,0.7789425991309047,0.9257153714927411
1300,20084,0.18265905765472398,0.23862060852406852,0.37968594629881686,0.4701219664540238,0.5373788325669255,0.27034434548669806,1.0,0.5424741037804186,0.5646323463194205,0.0,0.5649153857318643,0.16650363637483498,0.7789425991309047,0.8514307429854822
1301,20082,0.0,0.09093224024713586,0.3492050581584243,0.40770882206414505,0.4766106642083424,0.2043359655501913,1.0,0.3918561479232877,0.20765655448296938,0.0,0.6521927366291485,0.20396488043928857,0.9036320434281873,0.9257153714927411
1302,20086,0.0,0.10403295548114071,0.3322162123140422,0.4150819943781964,0.4715734108787851,0.21480922419160042,1.0,0.3056715499961554,0.2800132883536006,0.0,0.7798523771771613,0.35186608331552094,0.0,0.9257153714927411
1303,20083,0.18265905765472398,0.31973937760662463,0.5322971253701592,0.48200152968964893,0.5488488767688003,0.28569620775950333,1.0,0.5538288134780043,0.6264501431180443,0.0,0.8106817736189165,0.47079730035617295,0.0,0.6252790567992559
1304,20087,0.18265905765472398,0.35456009483568807,0.592383971983194,0.47886787474707704,0.5459054135594494,0.28106242285668315,1.0,0.7123991922602269,0.9915558550222957,0.0,0.8827616222070704,0.5160164474433779,0.7789425991309047,0.7771461144782232
1305,20089,0.16276956314973287,0.100911119872509,0.4455013977899933,0.39279967655299586,0.4377941383763949,0.2392078031385454,1.0,0.5419035749196717,0.28942199225374343,0.0,0.8319582768516984,0.555170447553237,0.0,0.8275164340507248
1306,20090,0.40287782820853324,0.27392033188418796,0.47438897198519975,0.3988990260707693,0.4710604167536625,0.19694097515385156,1.0,0.5089625691696207,0.18909074015701477,0.0,0.7711680605647382,0.46831392889244716,0.0,0.8514307429854822
1307,20091,0.18265905765472398,0.2250708576571498,0.41016683443920954,0.47763625359869455,0.5447326768421445,0.2792960608650026,1.0,0.640523104096673,0.7040329285763247,0.0,0.7507599268780665,0.39400744511605024,0.7789425991309047,0.7914566825269261
1308,20095,0.28202114450591315,0.17650757421490385,0.40332875993990125,0.49760573860936197,0.5868798183513639,0.3342130740624659,1.0,0.21275580213099288,0.35680248814577387,0.0,0.6174554701794568,0.32988627836086765,0.8212921674167302,1.0
1309,20100,0.45326841320550565,0.0,0.1164016860528081,0.5228840186722499,0.5824076844680544,0.312333174446057,1.0,0.2516639803705435,0.3303285630608528,0.0,0.46591401070989136,0.16174908637269256,0.869453057760477,1.0
1310,20199,0.15466031737841293,0.0,0.1164016860528081,0.36335576356856447,0.3852992158787065,0.2061990199344903,1.0,0.2890689124587359,0.25381894538562444,0.0,0.8823274374340155,0.4713271683822675,0.0,1.0
1311,20102,0.18265905765472398,0.16117724887436274,0.4245904985296838,0.45670478667885195,0.5233581172803918,0.25606242861490247,1.0,0.4407075711908377,0.48769088701921937,0.0,0.8284845916168175,0.3284674789163113,0.7789425991309047,0.8079770209287339
1312,20233,0.39322025982114345,0.1428953832718466,0.39346551490612347,0.509707987162829,0.5725127966044925,0.3169105440785758,1.0,0.3555277729716425,0.43346330164043734,0.0,0.695614319691263,0.43608471689655925,0.7789425991309047,1.0
1313,20103,0.18265905765472398,0.3333144006090524,0.49803178562628414,0.4891929686936024,0.5553899061229133,0.29447211706438436,1.0,0.3855488894724779,0.4561534783032021,1.0,0.9005644402049715,0.6459181748873982,0.0,0.725114210224383
1314,20105,0.14119633271744694,0.11698876400851846,0.5090022705990835,0.3944045441411572,0.44038730728586306,0.22461505119919045,0.0,0.42369855201555895,0.2581462975481671,0.0,0.630916233396366,0.3329882732184523,0.7947952132712555,0.9257153714927411
1315,20107,0.18265905765472398,0.4273644373902953,0.7193145075841159,0.4801090458077242,0.5470781502767543,0.28325577973768135,1.0,0.6149206534777041,0.6927466526488648,0.0,0.7815893233198217,0.45096487516772976,0.0,0.5648420579743655
1316,20108,0.0,0.04915295000980469,0.22032386128980105,0.44784161787960874,0.5134303590883369,0.24745337860262295,1.0,0.30360937205559313,0.37360219773351777,0.0,0.6582717375528004,0.18223338338816777,0.8212921674167302,1.0
1317,20109,0.41838856488284204,0.0,0.17052538783428509,0.40963944766075366,0.46375140632557177,0.3121563165057448,1.0,0.3237752588422924,0.6206245949112741,1.0,0.8228397754662204,0.5231889786551756,0.7125442614903211,0.8514307429854822
1318,20110,0.0,0.0,0.18984297314940843,0.41290130939706704,0.4684712356837395,0.20943597721597818,0.0,0.3353774416598253,0.2701107291798699,0.0,0.818063328861734,0.3442269226675386,0.0,1.0
1319,20111,0.6190015946419424,0.23393393676930366,0.3985118677122405,0.3962434069269265,0.4531383266868382,0.1867664470315602,1.0,0.4407118549618717,0.18667157468047357,0.0,0.746417665046635,0.31918027952177924,0.9036320434281873,1.0
1320,20527,0.41838856488284204,0.059231252878285526,0.3825889602415067,0.43749086189126807,0.501118617476408,0.29522587928297583,0.0,0.24710612785870412,0.4125838364964617,0.0,0.5384280440711002,0.13207657409550738,0.7606458862803938,1.0
1321,20116,0.45326841320550565,0.2010210513835076,0.4372838406606411,0.44270961082775806,0.5074255666915237,0.33758206270509084,1.0,0.32517640570311446,0.5514092391416217,0.0,0.18063390976866045,0.0733839990691733,0.9701320359742358,0.8822616494359928
1322,20114,0.45326841320550565,0.0,0.17052538783428509,0.5178290760539171,0.5787075194982678,0.3127982714463404,1.0,0.2814054069835611,0.35941954535759146,0.0,0.6261397867918796,0.14001309812800106,0.0,1.0
1323,20115,0.18265905765472398,0.40984485373166174,0.5564961260138294,0.48326733546089073,0.5500216134861052,0.2875552275946096,1.0,0.4902564784862673,0.5614193507287986,0.0,0.8467215943877735,0.44977750125837207,0.0,0.607375859660376
1324,20119,0.0,0.007425758390147914,0.25406511069539867,0.41833215605218255,0.47611926109817104,0.21920289879674226,1.0,0.2958690453969708,0.29178455521355073,0.0,0.7351280327454413,0.32576038857789585,0.8212921674167302,1.0
1325,20014,0.39322025982114345,0.40634145528538307,0.6632238178269455,1.0,0.6957750259665765,0.525972694381001,1.0,0.6148357848582164,0.6555495935401928,1.0,0.6270081563379899,0.836375857356862,0.8212921674167302,0.5896842520574764
1326,20123,0.0,0.13868894000823953,0.300188532020952,0.4677614036006478,0.5349965009642775,0.2705378306711599,1.0,0.36489587322126893,0.4352234023077395,0.0,0.7689969296490229,0.2041289872920967,0.8212921674167302,0.9257153714927411
1327,20122,0.39322025982114345,0.07833564056734144,0.3736298191175524,0.5879401283827757,0.6340064482122443,0.4359241306041697,1.0,0.20134937869850755,0.2720890638557474,0.0,0.7416414254925885,0.5913414723028144,0.7789425991309047,0.9257153714927411
1328,20126,0.1301851996254693,0.25602343688262963,0.7330591484242722,0.5170397990188571,0.6010127599592381,0.3544861785752811,1.0,0.1893448607370063,0.3235406152621195,0.0,0.5649153857318643,0.22964370750267116,0.7606458862803938,1.0
1329,20127,0.0,0.03350649070581889,0.35677637697299236,0.40897348188545746,0.46277589157922583,0.21753875192658878,1.0,0.3262616400529793,0.2644207874038752,0.0,0.8384714625484049,0.44352429048082664,0.0,1.0
1330,20128,0.45326841320550565,0.17120616847976086,0.3322162123140422,0.5148843287934305,0.5764975152171756,0.3028655058202764,1.0,0.25580514877524063,0.333380987636976,0.0,0.47980895869985574,0.08297323752834893,0.0,0.9257153714927411
1331,20529,0.15466031737841293,0.0,0.18984297314940843,0.3757948262875058,0.4086593270788702,0.22394190632306077,1.0,0.43389776143723735,0.24535875676908314,0.0,0.8536691719079761,0.500291471796834,0.0,1.0
1332,20131,0.39322025982114345,0.3645033290068968,0.6399854068931805,0.5314489530982901,0.5884164647044126,0.3423292335667998,1.0,0.28075805598021575,0.35981124832791667,0.0,0.7438123493578639,0.43560517865795556,0.7606458862803938,0.8079770209287339
1333,20130,0.1952794711632106,0.2306218994858884,0.4989906462943148,0.6946740001960121,0.735590309377047,0.5246794453104533,1.0,0.38295287526160515,0.5302824217015749,1.0,0.8076422731570905,0.9668602170640492,0.0,0.9257153714927411
1334,20152,0.15466031737841293,0.10720180433006578,0.22032386128980105,0.3704924324713339,0.3989231512010031,0.19458714565853397,1.0,0.26607489058915235,0.26160061714973437,0.0,0.7116803985969435,0.3148527760608062,0.8212921674167302,1.0
1335,20132,0.18265905765472398,0.06317926749969402,0.2632842602460088,0.4945186252327374,0.5600479826636398,0.30063186482658555,1.0,0.3479847150944049,0.41936511923953146,1.0,0.9179330734298172,0.6718404798200988,0.0,1.0
1336,20135,0.18265905765472398,0.22892578914853184,0.4813774416562334,0.46121958414199005,0.5282077761353063,0.26218542043016146,1.0,0.47836326238625115,0.5301283287220434,0.0,0.7707338757916833,0.2638661096937431,0.7789425991309047,0.8822616494359928
1337,20136,0.41838856488284204,0.2525002812414862,0.5280299696028954,0.4634979867595239,0.5306037230738155,0.3142257606838549,1.0,0.30484014342852883,0.45461084373423255,0.0,0.1558836177757772,0.01242902632457886,1.0,0.8514307429854822
1338,20137,0.0,0.0,0.1164016860528081,0.434249862157458,0.4970970406956866,0.23093175785479092,1.0,0.25899039554671277,0.3065491199456586,0.0,0.6699957616774894,0.17838388693026389,0.9036320434281873,0.9257153714927411
1339,20139,0.45326841320550565,0.0,0.14688257419320072,0.4427372603393528,0.5074584370200168,0.31492682103119485,1.0,0.279340021280849,0.4630418713817699,0.0,0.29092491709182733,0.1106770633927521,0.9036320434281873,0.9257153714927411
1340,20142,0.45326841320550565,0.13813863649045247,0.279617045909487,0.42146297875037786,0.4804117761859277,0.337291446552172,1.0,0.42170665081149195,0.5910847182563563,0.0,0.487190720993113,0.3253560445246274,0.9036320434281873,1.0
1341,20140,0.05386050718218593,0.0,0.14688257419320072,0.4211439019016847,0.4799781380536524,0.23932226272361956,1.0,0.3412847738402932,0.3038250445756945,0.0,0.8024316417795487,0.3745437940598197,0.7947952132712555,0.9257153714927411
1342,20160,0.15466031737841293,0.09467908227436474,0.3492050581584243,0.38154968192658134,0.4188676510742766,0.2345118656280718,1.0,0.5933754360653505,0.26956763512328064,0.0,0.8554059110001966,0.3619584209661251,0.7947952132712555,0.9257153714927411
1343,20143,0.1952794711632106,0.27248297630906226,0.5287532036785814,0.6323845425384085,0.7543484571971545,0.4540841590499989,1.0,0.28594836345396013,0.41779516923229887,1.0,0.7993921413177227,0.6441706468100813,0.8429462157448122,0.8514307429854822
1344,20144,0.05386050718218593,0.13194472205101138,0.34105077566857017,0.42519930443179255,0.48542578668330794,0.23566105424820605,1.0,0.3070123559352663,0.32091027983907505,0.0,0.8293529611629278,0.4203391045884103,0.7947952132712555,0.9257153714927411
1345,20145,0.18265905765472398,0.37627656054302794,0.48249865191464314,0.48835953672307786,0.5546468196983385,0.2923119162829819,1.0,0.5115671497257146,0.6060446463335498,1.0,0.8814590678879053,0.5800892864123853,0.7789425991309047,0.725114210224383
1346,20531,0.18265905765472398,0.26800818270894206,0.5536855267134492,0.45718157352821676,0.5238767510622855,0.25723334792728236,1.0,0.44596010855471047,0.49550175668229546,0.0,0.8336952229943593,0.3353630313371587,0.7789425991309047,0.8822616494359928
1347,20146,0.37062926122580436,0.1189819173261158,0.5072509351768942,0.5201330702604002,0.5987233996852985,0.3533383661805365,1.0,0.20230884434202623,0.3067465908095218,0.0,0.7355622175184962,0.5554699596249345,0.7606458862803938,1.0
1348,20148,0.1301851996254693,0.0,0.14688257419320072,0.5285066362293475,0.6105902238514103,0.38679266836994064,0.0,0.14880548541599992,0.35833511047962807,0.0,0.40338684828027005,0.09256743235678262,0.9301468010770011,1.0
1349,20151,0.41838856488284204,0.04408459316328313,0.3736298191175524,0.3956880515150374,0.44244258742080533,0.26166941713080916,0.0,0.4262689980780634,0.3470486984541433,0.0,0.6682588155348288,0.35207885424308916,0.7789425991309047,1.0
1350,20157,0.18265905765472398,0.4600526318333964,0.5124204180151032,0.4708887534826648,0.5381451618236774,0.27318565723091215,1.0,0.7050014501153437,0.718665525645058,1.0,0.9023013863476319,0.5438370169400226,0.0,0.5807482395941909
1351,20248,0.39322025982114345,0.2853302449835506,0.6188357290020415,0.7153138237326616,0.7135945172083762,0.7361353548639681,1.0,0.41761694502192914,0.4125436952953496,0.0,0.8380372777753504,0.9765045433722329,0.0,1.0
1352,20158,0.0,0.0,0.1164016860528081,0.4368350721590235,0.5114311921140648,0.23836260055811276,1.0,0.384643807488111,0.266986159920818,0.0,0.7976551951750623,0.3053026281464332,0.869453057760477,0.9257153714927411
1353,20162,0.39322025982114345,0.056359390806700736,0.2869270738870932,0.5060010141133819,0.5695789608914577,0.3135290740430332,0.0,0.31698950515816193,0.38953693174628434,1.0,0.7707338757916833,0.43866923864470314,0.7789425991309047,0.9257153714927411
1354,20176,0.16276956314973287,0.16138127561363005,0.3638425535640407,0.415396029501084,0.47201667650737633,0.26650476394318456,1.0,0.36984440848030176,0.3671611828384733,0.0,0.7485887959623507,0.49314218165460627,0.7789425991309047,0.8079770209287339
1355,20165,0.15466031737841293,0.21210534381089063,0.46690680200272383,0.37332259210798624,0.40415996252383857,0.23567910207113685,1.0,0.4080514840645705,0.2601709818377399,0.0,0.8905775692733833,0.5027306097812206,0.0,1.0
1356,20167,0.37062926122580436,0.09632332496165773,0.36036836098369357,0.5036258483972212,0.591864946359796,0.33817623307521216,1.0,0.2053814803582088,0.33515000585181753,0.0,0.6417716809245051,0.29593902253710114,0.7606458862803938,1.0
1357,20530,0.18265905765472398,0.23589495646771597,0.5548187287528338,0.49144145255610006,0.5573754577613242,0.29755903523891647,1.0,0.4132493250640924,0.48180169005401474,0.0,0.7394702945768723,0.44563392607113655,0.7789425991309047,0.8822616494359928
1358,20187,0.41838856488284204,0.07180787955225112,0.22032386128980105,0.43942305040719587,0.5034777062468788,0.33545321635186776,1.0,0.3374674413157094,0.5559090407592941,0.0,0.3317411844651714,0.12198319190562051,0.9701320359742358,0.9257153714927411
1359,20171,0.45326841320550565,0.19719923455500904,0.3985118677122405,0.44009421778314006,0.5042905211679849,0.35387594336782335,1.0,0.3719655539213286,0.5362888978409064,0.0,0.205818490059819,0.0016085058048786608,0.9860016052903372,0.8822616494359928
1360,20188,0.40287782820853324,0.27574108431217503,0.5891730177511487,0.4027987176490606,0.4666171653593011,0.19644180502463415,1.0,0.43335125398311003,0.19888876806623823,0.0,0.6904038953641614,0.15874952961901154,0.9036320434281873,0.9257153714927411
1361,20173,0.41838856488284204,0.06003733404618849,0.279617045909487,0.4795139688133411,0.5465170186700516,0.27300047600908717,1.0,0.3079872211898784,0.3758693000277117,0.0,0.41033432227525246,0.027750268218652084,0.869453057760477,0.9257153714927411
1362,20174,0.18265905765472398,0.17273022568747531,0.300188532020952,0.4789862344181457,0.5460176398807901,0.28301655246678936,1.0,0.5535512553934909,0.6313658570422318,0.0,0.884064176526236,0.5479027371154984,0.0,0.6902386703647267
1363,20191,0.41838856488284204,0.0,0.1164016860528081,0.4852126921199794,0.5518059553140122,0.2826188564186132,1.0,0.3868054727110475,0.45461701378860786,0.0,0.6217977320108883,0.14375741969264932,0.7947952132712555,1.0
1364,20196,0.41838856488284204,0.06189712586711833,0.20617575881288663,0.4772844133637677,0.544395997878123,0.27109476227436713,1.0,0.34334465795749836,0.4078847213700719,0.0,0.5922708898882982,0.22814500809934174,0.7947952132712555,0.8822616494359928
1365,20178,0.18265905765472398,0.350288250798582,0.22032386128980105,0.4657244533455007,0.5329123383403871,0.26475436005673725,1.0,0.48824487275753026,0.5167518504006683,1.0,0.647416497075102,0.40691727335802436,0.7789425991309047,0.8079770209287339
1366,20197,0.18265905765472398,0.2602957987345164,0.5645064919850328,0.49680496336138147,0.5620006639735575,0.30242065746657476,1.0,0.42812210593107025,0.5086740518438515,1.0,0.8936170697352093,0.5919670904460245,0.0,1.0
1367,20180,0.6190015946419424,0.22578817961269126,0.3638425535640407,0.3803400398658068,0.4291802257119335,0.16834357804017208,1.0,0.4499294446688272,0.2103729884484422,0.0,0.800260510863833,0.39418694460201364,0.8429462157448122,1.0
1368,20215,0.05386050718218593,0.120229526261632,0.25406511069539867,0.421343187438155,0.4802490763606878,0.24279815809859762,1.0,0.34384650018241547,0.3040948735226904,0.0,0.8323924616247538,0.4831606522422531,0.7947952132712555,1.0
1369,20181,0.131951524421951,0.0,0.18984297314940843,0.3879706618329435,0.42983267683011883,0.26198952884426974,1.0,0.40133153807442634,0.33211935010447713,0.0,0.7581414821208841,0.45536138934403525,0.0,0.9257153714927411
1370,20480,0.14119633271744694,0.0,0.14688257419320072,0.4010652656252792,0.4508761970846208,0.21532803749073293,1.0,0.3412301528989051,0.24239585808443398,0.0,0.7681285601029122,0.30267062328109734,0.7947952132712555,1.0
1371,20182,0.45326841320550565,0.05458302424192653,0.40332875993990125,0.4553375791992481,0.5218623169349264,0.3179668070444587,1.0,0.28874134177402644,0.48548710463479605,0.0,0.4085974796578118,0.016252879742228755,0.9701320359742358,0.9257153714927411
1372,20183,0.3061859246211213,0.06747302550283164,0.3492050581584243,0.3655077547711515,0.38947152896603254,0.1966606617986788,1.0,0.2663162306556871,0.26902487732007274,0.0,0.8501954866730947,0.41282573582439797,0.7947952132712555,1.0
1373,20189,0.45326841320550565,0.038240093213233406,0.18984297314940843,0.5426021831131785,0.5957742968191767,0.3214322098909198,1.0,0.20671729013442797,0.2878567410885404,0.0,0.29092491709182733,0.09190631726205407,0.9036320434281873,1.0
1374,20192,0.18265905765472398,0.14682641346081612,0.4338096480802939,0.49023657810589705,0.5563149473653599,0.295978733969009,1.0,0.3930399923137119,0.4630899694813009,0.0,0.8827616222070704,0.636078869792375,0.0,0.9257153714927411
1375,20193,0.18265905765472398,0.18509520026285592,0.3367255473426092,0.46033948948680725,0.5272731073965436,0.25769456764365883,1.0,0.40656623288609695,0.44956397577326945,0.0,0.5866260737377014,0.23286194211296846,0.7789425991309047,0.8822616494359928
1376,20194,0.39322025982114345,0.27738960984523886,0.6160267856242784,0.5429700852803983,0.5960083769581739,0.35042295260970013,1.0,0.2594295207865662,0.33998504686277375,0.0,0.7168910299744848,0.4094632208743862,0.7789425991309047,0.9257153714927411
1377,20195,0.0,0.06357972762886482,0.327506397791999,0.42068789591827604,0.47935690544673426,0.22564899734214827,1.0,0.30785385060532355,0.30199066098483984,0.0,0.7568389278017185,0.3975276850477262,0.0,0.9257153714927411
1378,20210,0.14119633271744694,0.040927772977690485,0.22032386128980105,0.3959551659326056,0.44286824987399054,0.21833098336702306,1.0,0.3720606922135249,0.2453601670284219,0.0,0.6765089473741965,0.3093939579158025,0.0,0.9257153714927411
1379,20200,0.39322025982114345,0.1484339371972603,0.35677637697299236,0.5844537240877502,0.6192330190048199,0.3867927103553125,1.0,0.1977986346757008,0.27766241531023894,0.0,0.4472428231658798,0.34260887468910417,0.7606458862803938,0.8822616494359928
1380,20201,0.45326841320550565,0.0,0.14688257419320072,0.5030743721781338,0.5672142324642159,0.2955989790639628,1.0,0.2965570777835659,0.3715954350578906,0.0,0.2700824951068803,0.01905364730516585,0.869453057760477,1.0
1381,20203,0.39322025982114345,0.15334144152462179,0.41449206276517053,0.5094039612483452,0.5768534491738293,0.3228694609821352,0.0,0.26654726936281536,0.3414168610287579,0.0,0.7998263260907781,0.3630053089462424,0.7606458862803938,1.0
1382,20208,0.14119633271744694,0.16773207744339041,0.36036836098369357,0.39307634720235207,0.43824304366175715,0.20802206921886413,1.0,0.3605196138138096,0.22480271016525777,0.0,0.743378164584809,0.22614821930155804,0.7789425991309047,0.8822616494359928
1383,20209,0.1301851996254693,0.03579032997933207,0.300188532020952,0.5218825238435789,0.6058856616463295,0.36691041782234557,1.0,0.17282821089392542,0.33422920261303646,0.0,0.5115067246877212,0.16515654508304636,0.7789425991309047,0.9257153714927411
1384,20284,0.39322025982114345,0.2579750720510388,0.5639909027404086,0.5027660106343936,0.5669625491498125,0.31062107843126874,1.0,0.3464550035352314,0.41903323907701373,0.0,0.7902736399322448,0.3164507900919641,0.7789425991309047,0.8822616494359928
1385,20219,0.18265905765472398,0.2407030734859595,0.5766425555610933,0.4939437426314681,0.5595525917139232,0.30019718782405524,1.0,0.42034365103528293,0.4936166875876663,0.0,0.7438123493578639,0.3668559291844123,0.7789425991309047,1.0
1386,20216,0.45326841320550565,0.05058651085083155,0.22032386128980105,0.512035404404499,0.5743203812645766,0.302681592207534,1.0,0.2722997862758294,0.34923904208312373,0.0,0.5019540385291881,0.15946948889225296,0.0,1.0
1387,20221,0.05386050718218593,0.0,0.1164016860528081,0.41055015407300766,0.46507886718902636,0.24719672550827831,1.0,0.4644499239906109,0.3117764848184511,0.0,0.7537994273398925,0.5182796634029901,0.7947952132712555,0.8822616494359928
1388,20222,0.45326841320550565,0.06367951577206743,0.4283749501331661,0.49982995116750695,0.5645417075619004,0.286686205643665,0.0,0.2667751547476884,0.3416672209921868,0.0,0.42379508549216194,0.0070693949125608035,0.9036320434281873,1.0
1389,20541,0.45326841320550565,0.06401120539512012,0.25406511069539867,0.5012455528216652,0.5657144442792053,0.2908321357968342,1.0,0.28229787958176644,0.35702168997078443,0.0,0.39991316304538893,0.012818590686597575,0.9036320434281873,1.0
1390,20224,0.05386050718218593,0.07795047935880935,0.25406511069539867,0.42058157689253783,0.4792118087969006,0.24986193344712815,1.0,0.3556239707912222,0.31146903991191954,0.0,0.8250109063819362,0.5971528682981325,0.7606458862803938,1.0
1391,20225,0.40287782820853324,0.17645436214540533,0.3985118677122405,0.4024224230084742,0.4719293448354388,0.19937161896401911,1.0,0.45319619870904615,0.19729759803986857,0.0,0.746417665046635,0.459143539007276,0.9036320434281873,0.9257153714927411
1392,20226,0.39322025982114345,0.12237273449325674,0.4501424337437721,0.5338125769941,0.5900188517144478,0.34110485197247875,1.0,0.28202923906188637,0.36192259611337396,0.0,0.755536166432113,0.40253818950930076,0.7606458862803938,1.0
1393,20228,0.45326841320550565,0.15779771118789682,0.22032386128980105,0.42214576972705287,0.4813368174283743,0.34152241703566566,1.0,0.4427373454793606,0.5882566369271982,0.0,0.3117672355515544,0.06652384359071556,0.9301468010770011,1.0
1394,20231,0.39322025982114345,0.0,0.2328033721056162,0.6158072077406301,0.6331976211306831,0.4007125926742495,0.0,0.23162838014857579,0.298942915060313,0.0,0.20451583221543324,0.20271868763055376,0.9036320434281873,1.0
1395,20239,0.0,0.0,0.07344128709660036,0.40474247799058893,0.45648255769997104,0.2237396331234034,1.0,0.38537958419379925,0.2565143582540742,0.0,0.791142009478355,0.44405509564064566,0.7947952132712555,1.0
1396,20234,0.41838856488284204,0.09673431263284225,0.18984297314940843,0.4254242645521319,0.4857239556620654,0.3290199623347043,1.0,0.37247634717517,0.6573636155879996,0.0,0.4411636151917877,0.23829554457614635,0.9036320434281873,1.0
1397,20240,0.0,0.0,0.300188532020952,0.3959259732613939,0.44282176420963626,0.20108582054355462,1.0,0.4372321195519192,0.22346271778488236,0.0,0.7090750829081724,0.33834029744506117,0.8429462157448122,1.0
1398,20241,0.18265905765472398,0.19232834181094008,0.41449206276517053,0.48058670537497283,0.5494893643683505,0.2850162533952376,1.0,0.2852983280613277,0.36002329085315565,0.0,0.788102509016529,0.5144932822658476,0.7789425991309047,1.0
1399,20242,0.6190015946419424,0.11078496538378041,0.34520634282026325,0.3736467947628822,0.40475396445903444,0.19010739993744474,1.0,0.30183937785943393,0.25858314411839756,0.0,0.6712983159966548,0.2612071808076664,0.869453057760477,0.9257153714927411
1400,20243,0.18265905765472398,0.3348211151684389,0.5575998170426089,0.48576760226838833,0.5523109737600447,0.2914148156708882,1.0,0.4288204601327784,0.4988764675487273,0.0,0.8706036203597669,0.5128553082776754,0.0,0.8822616494359928
1401,20244,0.41838856488284204,0.14485167776009686,0.3367255473426092,0.4180920396543686,0.4757865699736944,0.31932789774348014,1.0,0.3483836397992145,0.704650796219398,0.0,0.6217977320108883,0.4949974568339598,0.7390115964200016,0.8079770209287339
1402,20249,0.45326841320550565,0.14878419390467168,0.3638425535640407,0.42707650363773464,0.4879010896146644,0.3362254164674151,1.0,0.3938822155253926,0.7990523688421529,0.0,0.4780720125571951,0.22433953784563607,0.9301468010770011,0.9257153714927411
1403,20245,0.15466031737841293,,0.0,0.37187721497806414,0.4014970651178391,0.22212188381350484,1.0,0.3883136935634023,0.23829994201603155,0.0,0.8588798032855178,0.45966130138132505,0.7947952132712555,1.0
1404,20269,0.0,0.14369325653476,0.29376514838640144,0.41252342462231795,0.4679293590696687,0.20662012657157236,1.0,0.36543345045515085,0.2631379844001914,0.0,0.7333912936532208,0.27730242207360223,0.8212921674167302,1.0
1405,20247,0.41838856488284204,0.16182454394475657,0.3736298191175524,0.49132903473175227,0.5572768467758448,0.2866120194598549,1.0,0.3383925886501631,0.4097204564586192,0.0,0.621363340187393,0.1515922004922549,0.8429462157448122,0.9257153714927411
1406,20250,0.05386050718218593,0.08134900944784303,0.3062446592022165,0.42382786515022197,0.4835989470305917,0.2421168906908966,1.0,0.3260623933300427,0.3133466655580406,0.0,0.8575770419159123,0.4713865037777925,0.7606458862803938,0.8822616494359928
1407,20255,0.0,0.12268064605804449,0.42649962010268777,0.42951589881386476,0.4910746451234673,0.22644771484266046,0.0,0.2679782599606989,0.3136150086105183,0.0,0.7998263260907781,0.40853315530346057,0.8212921674167302,1.0
1408,20252,0.0,0.0943682015861419,0.3638425535640407,0.4179412464090093,0.47557738448410025,0.21304260698554245,1.0,0.3051080617437957,0.2857243816474354,0.0,0.8141554588537978,0.29690434417260597,0.8212921674167302,1.0
1409,20257,0.45326841320550565,0.05628619373246745,0.2632842602460088,0.5229619193051599,0.5824637976287247,0.31538583766079586,1.0,0.2608711054341516,0.3395451207654798,0.0,0.5505862529688443,0.17651282229453494,0.869453057760477,1.0
1410,20258,0.0,0.07322922499318571,0.2328033721056162,0.41486711397684395,0.47126960224325654,0.22401750713555213,1.0,0.3314037317716474,0.28285278465637964,0.0,0.740338664122983,0.41489797464602024,0.0,0.9257153714927411
1411,20259,0.3061859246211213,0.2119334181856217,0.4455013977899933,0.3632457405906714,0.38508439073234146,0.20017971107759625,0.0,0.27172433575054633,0.2659944934300784,0.0,0.8623534885203987,0.45742731821386184,0.0,1.0
1412,20260,0.41838856488284204,0.1425051584419473,0.2632842602460088,0.4629132970523757,0.5299921179632133,0.2645889202151881,1.0,0.34867091104165937,0.4047617052014072,0.0,0.5158489865191529,0.10805959765033558,0.8212921674167302,0.9257153714927411
1413,20268,0.0,0.10951793741044052,0.25406511069539867,0.4915429627175135,0.5600808529921328,0.29865991164203476,1.0,0.2844146830104056,0.35907878087350575,0.0,0.877985175602584,0.476755499465532,0.0,0.8822616494359928
1414,20276,0.41838856488284204,0.0,0.17052538783428509,0.4389119693996545,0.5028564736399608,0.31379854596554424,1.0,0.2870112948257826,0.482958899141932,0.0,0.40382113657854535,0.32371134998938456,0.8429462157448122,0.9257153714927411
1415,20281,0.05386050718218593,0.022489887525580014,0.18984297314940843,0.42386981579759186,0.4836550601912619,0.23744901093034,1.0,0.32140772506759396,0.31337171330979907,0.0,0.8580112266889681,0.3978801519260743,0.7947952132712555,0.9257153714927411
1416,20274,0.0,0.06680585272465855,0.41016683443920954,0.4408082163632433,0.5051514735706713,0.2392975620701825,0.0,0.2851940611090942,0.3553358515227709,0.0,0.7468518498196899,0.33088043496983344,0.0,1.0
1417,20532,0.0,0.07296472769160917,0.14688257419320072,0.4022757106581155,0.4527359070658302,0.19833303327002638,1.0,0.4682473846248768,0.23554665323120183,0.0,0.3790707410604419,0.22230297639685132,0.869453057760477,1.0
1418,20280,0.45326841320550565,0.17322363522430956,0.3704667967482067,0.5079197236536286,0.5711059797481904,0.2970347590404514,1.0,0.26848928531552285,0.3448135111548587,0.0,0.4654798259368358,0.050779342885329065,0.9036320434281873,1.0
1419,20533,0.28202114450591315,0.25562489970049074,0.34520634282026325,0.49321462927611115,0.583123540220907,0.3262402326904883,1.0,0.22613905994388095,0.34601591328382353,0.0,0.6369952343200183,0.3419173989288126,0.7789425991309047,0.9257153714927411
1420,20368,0.18265905765472398,0.25899454768362906,0.40565749941064255,0.4972299731564219,0.5623605857697564,0.3043012319826154,1.0,0.36332044446466527,0.4334355373545241,0.0,0.8245767216088813,0.381484203168774,0.7789425991309047,0.9257153714927411
1421,20282,0.2945235276659142,0.0,0.25406511069539867,0.6560531419029138,0.6717471964951404,0.5823899998070824,0.0,0.273189838007338,0.336866910513246,0.0,0.6726008703158202,0.5655824362388231,0.7947952132712555,0.9257153714927411
1422,20283,0.41838856488284204,0.08799041350119974,0.41449206276517053,0.4101326542352334,0.4644712499179694,0.2719709689517362,1.0,0.37681206017791125,0.3918929244656578,0.0,0.6495874209403776,0.3850899242842901,0.7789425991309047,0.9257153714927411
1423,20535,0.0,0.07964165390245885,0.2869270738870932,0.4652177097848206,0.5323897167189484,0.2653010223646002,1.0,0.28777954633226066,0.34512025945534586,0.0,0.7794181924041059,0.16017274296447676,0.869453057760477,1.0
1424,20286,0.14119633271744694,0.18113677827271352,0.36036836098369357,0.38290724528189524,0.4212227520052024,0.20606316026951,1.0,0.3196254461237533,0.22225408112915968,0.0,0.794181509940181,0.48824422536606876,0.0,0.8822616494359928
1425,20285,0.40287782820853324,0.23280334626357604,0.4602408695082853,0.39108324843667197,0.4519984602980265,0.18354890343310126,1.0,0.5392484642331734,0.18404645025957955,0.0,0.7811549314963264,0.4152054625423234,0.869453057760477,0.9257153714927411
1426,20288,0.45326841320550565,,0.0,0.4965952291684913,0.5618226969952307,0.28944057081799124,0.0,0.30766834206114557,0.3809753882317941,0.0,0.3347806849269974,0.004881590159344662,0.869453057760477,1.0
1427,20289,0.37062926122580436,0.09795418379574874,0.2632842602460088,0.484604535597733,0.5662948308785402,0.3022991268499673,1.0,0.26112698296720505,0.3110483563474771,0.0,0.8206686445505047,0.6640417301734032,0.7789425991309047,1.0
1428,20292,0.0,,0.0,0.4649687928451034,0.5321323937477741,0.267096544304227,0.0,0.44311372852934594,0.5080500360529394,0.0,0.7872341394704188,0.2203881547620831,0.7947952132712555,1.0
1429,20380,0.18265905765472398,0.22275320085033798,0.5719535877446148,0.49312314869908336,0.5588423756178417,0.29815016451342,1.0,0.45256875531408214,0.5320936554071938,0.0,0.8897089926768322,0.5744253590089554,0.0,0.8822616494359928
1430,20294,0.18265905765472398,0.22178424838247052,0.45745246172137827,0.4539747529974286,0.5203585409103708,0.25164060693611745,1.0,0.39323141979705245,0.4408678037888859,1.0,0.6209291554143379,0.30500767976313137,0.7947952132712555,0.6963643413004936
1431,20295,0.18265905765472398,0.3425824090236905,0.5435301114473258,0.47804771370233645,0.5451254689668366,0.28247214929478415,1.0,0.3804387124475661,0.45172402586249927,1.0,0.9196700195724776,0.41151587128203926,0.7789425991309047,0.7430174073632629
1432,20538,0.37062926122580436,0.083456613178882,0.2869270738870932,0.5019956835301892,0.5859547771089172,0.33032143501946964,1.0,0.21351236310293975,0.3135203875439234,0.0,0.8675641198979409,0.6251933581245785,0.0,1.0
1433,20296,0.41838856488284204,0.0,0.22032386128980105,0.4741834349462847,0.5413964215081017,0.2784691692552501,1.0,0.2936269797781982,0.361108550034271,0.0,0.3960051895122323,0.081882477070534,0.869453057760477,1.0
1434,20297,0.0,0.0632461566887347,0.3174079620274858,0.4235142014129534,0.4831789242341775,0.21886724344608188,1.0,0.3023938931224822,0.2908850149153601,0.0,0.7776812462614455,0.1874126289533697,0.8212921674167302,1.0
1435,20304,0.05386050718218593,0.0,0.1164016860528081,0.43047365288290007,0.4923074828409876,0.25730169248621637,0.0,0.29293498342367275,0.3245910314408609,0.0,0.6995223967496391,0.23274348092918015,0.7789425991309047,0.8822616494359928
1436,20299,0.45326841320550565,0.19651792782098793,0.579805577930439,0.5227416809989254,0.5823050856430299,0.3214395503324431,1.0,0.28923121387474804,0.3681808405778487,0.0,0.6261397867918796,0.1744497146073948,0.869453057760477,1.0
1437,20300,0.6190015946419424,0.3066956738062579,0.6677837876859579,0.3973466859899062,0.4450742663155376,0.18302814972806214,1.0,0.3613666732644414,0.20010667676160354,0.0,0.7724706148839038,0.2566628512446933,0.9036320434281873,0.8275164340507248
1438,20308,0.39322025982114345,0.20727120558555112,0.4501424337437721,0.7356713960563549,0.7055633271655687,0.8295566378768839,1.0,0.41499135269179777,0.4226751895586752,0.0,0.8341294077674142,0.9323816456483345,0.8212921674167302,0.9257153714927411
1439,20301,0.18265905765472398,0.17739904794239852,0.3672064354830018,0.48770270489986656,0.5540584574199136,0.29336356186232915,1.0,0.3453249629471775,0.41739755698385816,0.0,0.9248806509500203,0.6351619686229916,0.0,1.0
1440,20311,0.41838856488284204,0.07395917457274898,0.4910652048884324,0.43142649927251087,0.49352670522264674,0.27648854789446387,0.0,0.2736260247186524,0.3676941749620467,1.0,0.5557968843463863,0.10015558230719633,0.7390115964200016,0.9257153714927411
1441,20302,0.40287782820853324,0.24400751716210692,0.44229044355794794,0.39984638122807625,0.46010900633368135,0.19220095033661533,1.0,0.4434032335875169,0.19382933632874777,0.0,0.7038644515306307,0.2660944601392214,0.9036320434281873,1.0
1442,20303,0.45326841320550565,0.23021644464291163,0.5287532036785814,0.5156141301731814,0.5770490193275624,0.31358799715511587,1.0,0.3038655105138153,0.3819292404897535,0.0,0.6747720012315359,0.19875265535118905,0.869453057760477,1.0
1443,20305,0.39322025982114345,0.27600832414550924,0.5189426848865937,0.8778839953329006,0.6953453756738461,0.6104514865715412,1.0,0.5500617699247616,0.5811272096098337,1.0,0.7520624811972316,0.9278315125971169,0.0,0.8275164340507248
1444,20321,0.16276956314973287,0.0,0.1164016860528081,0.39604882587985524,0.4430173343633693,0.2537834897525435,1.0,0.5059806652848233,0.3268380718071513,0.0,0.7234042156711922,0.38568245009968427,0.7789425991309047,1.0
1445,20332,0.05386050718218593,0.0,0.1164016860528081,0.41732616010814283,0.4747220717381849,0.24020182136163237,1.0,0.37108480999619353,0.2910649136616711,0.0,0.7234042156711922,0.37410243626555634,0.0,1.0
1446,20307,0.1301851996254693,0.19865773931141983,0.43897913091850277,0.5842054563271405,0.6433129737973811,0.47937205926133963,1.0,0.18503293931078035,0.28396247503151484,0.0,0.7003907662957494,0.5243214869137389,0.7947952132712555,0.7771461144782232
1447,20312,0.40287782820853324,0.2513869107587741,0.5115761635028553,0.39509809905268356,0.4565443105174123,0.18771222895519868,1.0,0.513903491309966,0.18382890364580984,0.0,0.7590100587174342,0.3268451926214954,0.9036320434281873,0.8822616494359928
1448,20313,0.41838856488284204,0.19189460990176965,0.5866992856054496,0.42636205958926066,0.48696243303635667,0.28101455194333336,0.0,0.28599176306599206,0.39673048428720226,0.0,0.6270081563379899,0.30329938396797856,0.7789425991309047,1.0
1449,20314,0.0,0.12751784525814996,0.4455013977899933,0.4499820151224938,0.540080239958189,0.26415829772763666,1.0,0.4452289938114723,0.27104228220022086,0.0,0.7498913502815163,0.19761998819123794,0.8429462157448122,0.9257153714927411
1450,20331,0.0,0.20655643528114492,0.5063642908338386,0.41868339900291884,0.4766050245515715,0.22987791257450763,1.0,0.33129944806159795,0.29682025638727394,0.0,0.6969170810608685,0.3181926705168622,0.0,1.0
1451,20315,0.18265905765472398,0.12857773878298712,0.41449206276517053,0.49088843769032875,0.5568896943079238,0.2962885654035551,1.0,0.3489715919872848,0.4207216884260958,0.0,0.914025203421881,0.6596584583611615,0.0,1.0
1452,20316,0.39322025982114345,0.09365283413826894,0.327506397791999,0.538747897296979,0.6063714250997301,0.371272939386993,0.0,0.20231507310919183,0.28393882880812504,0.0,0.6543638675448642,0.34369157207936263,0.7606458862803938,1.0
1453,20317,0.14119633271744694,0.0,0.1164016860528081,0.40138055643486015,0.45136196053802125,0.22552604377257368,1.0,0.4168986138040639,0.2607359605718279,0.0,0.7299174013678995,0.356985729203049,0.7947952132712555,1.0
1454,20360,0.18265905765472398,0.18591933169745686,0.43021766406959266,0.48409992167621174,0.550787942742857,0.28925680479008276,1.0,0.40057309137310004,0.4714714427434844,0.0,0.9053408868094579,0.6056774248807578,0.0,0.7914566825269261
1455,20319,0.1301851996254693,0.06683775522384743,0.34105077566857017,0.5340485982912933,0.6143793723103603,0.38567850290777006,0.0,0.15986798773317634,0.3285503653905235,0.0,0.4880590905392235,0.07816634797204136,0.8429462157448122,1.0
1456,20320,0.0,0.0,0.24396667493088547,0.4157215303520444,0.4724752092890546,0.2103219299213297,1.0,0.33223914119172615,0.2749519785472734,0.0,0.8792879369721895,0.30798516686926614,0.0,1.0
1457,20322,0.45326841320550565,0.09290803321912816,0.24396667493088547,0.4237050577695626,0.48343459538812594,0.33798965740969433,1.0,0.41865704156118366,0.6323832539456854,0.0,0.510204170368556,0.374641055397546,0.9301468010770011,1.0
1458,20323,0.39322025982114345,0.0,0.1164016860528081,0.5851695737646075,0.6195833133047026,0.3787325018017912,0.0,0.19769775415451374,0.2720401908435006,0.0,0.40338684828027005,0.32504144336414525,0.9036320434281873,1.0
1459,20325,0.39322025982114345,0.25892476295130096,0.5228241951456672,0.569677287433041,0.6116411067510585,0.38054106975766777,1.0,0.21523039259593968,0.2973553779247663,0.0,0.6109422844827497,0.33741682516072385,0.7606458862803938,0.8822616494359928
1460,20326,0.45326841320550565,0.09434594737605993,0.327506397791999,0.45354057726221786,0.5198767652965154,0.3092252744392525,0.0,0.2662212845743863,0.4433489988555651,0.0,0.30308291893913175,0.020948719422978983,0.9036320434281873,1.0
1461,20328,0.39322025982114345,0.2985047760119125,0.6262688870117397,0.5125279500463137,0.5746995580534076,0.3210336867235092,0.0,0.2897069101722335,0.36397930541905577,0.0,0.7394702945768723,0.2944412982286439,0.7606458862803938,1.0
1462,20335,0.45326841320550565,0.0,0.20617575881288663,0.4904580896836439,0.556510517519093,0.28107191109428986,0.0,0.29606887641290314,0.36799175633055503,0.0,0.3755970558255608,0.017859503256961822,0.869453057760477,1.0
1463,20336,0.41838856488284204,0.04991289998938546,0.20617575881288663,0.473400740766556,0.54063009225135,0.2920066867072646,1.0,0.2636745527872223,0.36794454038856306,0.0,0.2496743614202086,0.00468977018042212,0.9036320434281873,1.0
1464,20339,0.05386050718218593,0.21471729733728231,0.3881667417764709,0.40717872279823986,0.46012660950908746,0.2365622636921405,1.0,0.4624663268769037,0.28541899469214427,0.0,0.7147198990587695,0.36312007936599666,0.7947952132712555,0.8079770209287339
1465,20341,0.16276956314973287,,0.0,0.4072321912707756,0.4602059655019348,0.24290096980029863,1.0,0.5128404143449155,0.301431415196423,0.0,0.7920103790244652,0.4474291954541297,0.7947952132712555,1.0
1466,20342,0.18265905765472398,0.16521066219274355,0.3062446592022165,0.47602669053403257,0.5431864029927798,0.27963381514911667,1.0,0.5364290191434143,0.6130558183645065,1.0,0.923143704807359,0.5690254908060265,0.0,0.7645232988719857
1467,20343,0.18265905765472398,0.1267204570496029,0.36036836098369357,0.48930838332677684,0.5554925049479378,0.2941916886744642,1.0,0.4888411584011365,0.5731058675663092,1.0,0.860182357604683,0.5424982356810247,0.0,0.8514307429854822
1468,20345,0.6190015946419424,0.16694388140889616,0.35305833300608735,0.3904725132745398,0.4451071366440307,0.18029060189088852,1.0,0.43630692122690085,0.1944326759693099,0.0,0.7807207467232715,0.43292568938031817,0.9036320434281873,0.9257153714927411
1469,20346,0.14119633271744694,0.16696110279385395,0.5970250079369728,0.397879769947899,0.44591431190836583,0.22846296493525986,1.0,0.4608734165681081,0.26707324064231497,0.0,0.6773773169203068,0.3813852630523309,0.7947952132712555,0.9257153714927411
1470,20347,0.1301851996254693,0.2049181023751002,0.4910652048884324,0.507831606378228,0.595238059861877,0.34938797254042586,1.0,0.19067584372668256,0.35595010017909234,0.0,0.5071646699067298,0.22788797353903784,0.8429462157448122,1.0
1471,20539,0.18265905765472398,0.22988069613996773,0.42264634525502465,0.46323489523873584,0.530328796927235,0.2636285202878972,1.0,0.5202159342117647,0.5535672933380884,0.0,0.9044725172633481,0.5705713077817106,0.0,0.7336923924214751
1472,20211,0.1301851996254693,0.0,0.1164016860528081,0.5283120097554832,0.6104547546978926,0.385690793722571,0.0,0.15020400520779564,0.35628371304411066,0.0,0.38384718766492854,0.03326060905389133,0.9301468010770011,1.0
1473,20212,0.45326841320550565,0.0,0.1164016860528081,0.5216692575931757,0.581529128889962,0.297578678055356,0.0,0.2503074106719603,0.2891159727076832,0.0,0.22492396590210517,0.004532740783164611,0.9036320434281873,1.0
1474,20213,0.0,0.1260765039929372,0.327506397791999,0.433379932459519,0.5188972627106243,0.24103148078807557,0.0,0.5228047314671258,0.24727416252889034,0.0,0.5427703059025317,0.23554627262979547,0.9036320434281873,1.0
1475,20348,0.6190015946419424,0.2361113236455446,0.3672064354830018,0.38088895145892554,0.4177141693496038,0.19677350097097346,1.0,0.343584444388196,0.23398372367664766,0.0,0.6747720012315359,0.1441415990978608,0.869453057760477,0.8822616494359928
1476,20349,0.18265905765472398,0.1770452140288525,0.4694600190588954,0.488119399203216,0.5544319945519735,0.2931614899769662,1.0,0.4799071248301263,0.5545170731529456,0.0,0.8297871459359827,0.4780320956599767,0.0,0.8275164340507248
1477,20540,0.16276956314973287,0.25077088318953983,0.5098672009589315,0.39874320031531796,0.4472690034435427,0.2452172220231441,1.0,0.8097034156750953,0.30681093757517997,0.0,0.7885366937895839,0.46277278677729444,0.7789425991309047,0.7645232988719857
1478,20350,0.18265905765472398,0.3544749254384355,0.4868684828010148,0.4799056249999457,0.5468865679625664,0.28315375578418633,1.0,0.6468965170177703,0.7484032956244432,1.0,0.8145896436268527,0.514991245881429,0.0,0.5786259907364864
1479,20352,0.15466031737841293,0.11456731140495159,0.4486178983668503,0.3749664984432294,0.4071595388938597,0.22773677744949783,0.0,0.4356416980342356,0.25028855506449965,0.0,0.8258792759280464,0.4391990496993871,0.7947952132712555,0.9257153714927411
1480,20353,0.37062926122580436,0.13183575450974777,0.4501424337437721,0.4819162364634013,0.5703549176445255,0.3057561788102048,1.0,0.2650189736510944,0.3116821184860472,0.0,0.7616153744062053,0.47035451877404677,0.7789425991309047,1.0
1481,20354,0.45326841320550565,0.0,0.17052538783428509,0.4236631502734406,0.4833784822274556,0.34512880388590284,1.0,0.4562798698445598,0.5977310953574356,0.0,0.23317409774147269,0.1510504179890483,0.9701320359742358,1.0
1482,20355,0.45326841320550565,0.1019659589947209,0.279617045909487,0.43613853971651195,0.49945048980938656,0.3220973666189092,1.0,0.3141410374244836,0.5418699328447654,0.0,0.40382113657854535,0.24453243711742229,0.9036320434281873,1.0
1483,20358,0.18265905765472398,0.09037161930655914,0.24396667493088547,0.4769976792785682,0.5441210717315426,0.2799286359562527,1.0,0.33340603378031197,0.4058849006043449,0.0,0.8827616222070704,0.31181894753284556,0.7789425991309047,1.0
1484,20362,0.37062926122580436,0.18867747626755363,0.327506397791999,0.4882707884237091,0.578769272315709,0.316651071629373,1.0,0.24303926021887623,0.3273924702390495,0.0,0.6821537635247934,0.3821894763231273,0.7606458862803938,0.9257153714927411
1485,20361,0.39322025982114345,0.0,0.1164016860528081,0.5351931325872499,0.6118751868900557,0.3776062223754125,0.0,0.18089292556446612,0.30674172135701605,0.0,0.5961789669466746,0.2327268905674802,0.7789425991309047,1.0
1486,20363,0.18265905765472398,0.26426005106193035,0.3908492491240862,0.4817001760867219,0.5485683109654489,0.2814890012001028,1.0,0.4582569436686279,0.5238767415890282,0.0,0.5614417004969832,0.16568487433253207,0.8212921674167302,0.8275164340507248
1487,20373,0.41838856488284204,0.04736351147362741,0.3492050581584243,0.3918728806890164,0.43628472269506835,0.26994069132985743,1.0,0.36025382479899515,0.35855153828105457,0.0,0.6704299464505445,0.28540756754557256,0.7606458862803938,1.0
1488,20369,0.18265905765472398,0.21114044091613032,0.3736298191175524,0.4823284892997681,0.5491526854043288,0.2869378550964439,1.0,0.43565490704509924,0.5066297630886867,0.0,0.8962223854239799,0.5729930123144693,0.0,0.9257153714927411
1489,20370,0.0,0.0,0.1164016860528081,0.40947394201926013,0.46350935050748443,0.22238164201151234,1.0,0.3510324626534549,0.26681924013297753,0.0,0.7837602471850975,0.4344585688562015,0.0,1.0
1490,20381,0.15466031737841293,0.21599282310162454,0.3908492491240862,0.36808280544961913,0.39439091631747836,0.21648380111799836,1.0,0.338991269453501,0.23186014794374554,0.0,0.8714719899058767,0.32004012847473595,0.7947952132712555,0.9257153714927411
1491,20372,0.0,0.0,0.07344128709660036,0.41105282353926864,0.46580833827774004,0.2045593971264854,1.0,0.40142101262242513,0.2528517140882377,0.0,0.49109859100104947,0.26474938035416967,0.8429462157448122,1.0
1492,20374,0.45326841320550565,0.0664219807640915,0.2328033721056162,0.42597898783209776,0.4864574145903241,0.3371371197627244,1.0,0.4039599789708055,0.7196695545167943,0.0,0.480677328245966,0.28234911079617764,0.9301468010770011,0.9257153714927411
1493,20293,0.18265905765472398,0.4640130130367824,0.42264634525502465,0.47096836716193435,0.5382245178165248,0.2712958290972378,1.0,0.6063227703634111,0.6063962795857891,1.0,0.6343899186312474,0.32850050598492675,0.7789425991309047,0.6159540418574678
1494,20382,0.0,0.05726848996266938,0.22032386128980105,0.42632373265153756,0.48691195953245736,0.22200067363366172,1.0,0.29432524753171474,0.2898380915452312,0.0,0.8176291440886787,0.28643155760085165,0.8212921674167302,1.0
1495,20375,0.18265905765472398,0.2993948142248797,0.5036589511661931,0.47906998019723845,0.5460969958736375,0.28245662936399984,0.0,0.6630374826380259,0.758865218229213,1.0,0.8367347234561853,0.5208565328251149,0.0,0.6639688805647354
1496,20376,0.15466031737841293,0.0,0.07344128709660036,0.3708556890263466,0.39960049696859157,0.2016016769479423,1.0,0.29602058326659086,0.25130134749740707,0.0,0.8158924049964582,0.411348813378572,0.0,0.9257153714927411
1497,20383,0.0,0.0,0.07344128709660036,0.40729216780617505,0.46029494899109824,0.22442676080036206,1.0,0.3745397115217245,0.2613725199702829,0.0,0.8059053270144301,0.4602659616364025,0.0,1.0
1498,20408,0.0,,0.0,0.4060497778859984,0.458444866506205,0.2204584429621126,1.0,0.35554256658992467,0.2571999707640663,0.0,0.82110282932356,0.47217533828727304,0.0,1.0
1499,20384,0.37062926122580436,0.2055911615980442,0.623062350172732,0.4870894582208225,0.5750923501780993,0.3122253756890373,1.0,0.2496725750221107,0.3145813051001719,0.0,0.7420756102656434,0.5108513476490889,0.7606458862803938,0.9257153714927411
1500,20387,0.18265905765472398,0.17828024659248454,0.40332875993990125,0.48110519481820835,0.5480128190155171,0.2853969513877681,1.0,0.36221114291002143,0.4339537744156273,0.0,0.9296568905040663,0.4808236955627565,0.7789425991309047,0.7914566825269261
1501,20411,0.18265905765472398,0.12229556244855286,0.32257744486569473,0.4880567336467959,0.5543758813913031,0.29275064316923627,1.0,0.5029654984472924,0.5889416723768173,1.0,0.8853669378958415,0.5845350655745363,0.0,1.0
1502,20388,0.0,0.0,0.07344128709660036,0.47032294112436757,0.5375800423774295,0.2731578480678316,1.0,0.430057597530484,0.4990958473035808,0.0,0.809379012249311,0.2682648791802178,0.7947952132712555,1.0
1503,20106,0.16276956314973287,0.0,0.1164016860528081,0.4020647775123243,0.45241284343766963,0.2541372622776594,1.0,0.5524611655088112,0.3318967641380266,0.0,0.863221858066509,0.7467404117245974,0.0,0.9257153714927411
1504,20055,0.15466031737841293,0.21976124715812784,0.3736298191175524,0.3695838152529787,0.3972221532054886,0.21933160474336266,1.0,0.35835316859531663,0.2312878903624892,0.0,0.8467215943877735,0.35261605968800086,0.7947952132712555,0.8514307429854822
1505,20390,0.18265905765472398,0.4572878801516604,0.6648322491806198,0.47838099812889423,0.5454428929382262,0.28093178251925166,1.0,0.7188044130811346,0.8200750426717376,1.0,0.8610507271507941,0.5139371436849395,0.0,0.47040385956313324
1506,20391,0.28202114450591315,0.08975960471051636,0.2869270738870932,0.48705298203960345,0.5776758915912514,0.3210386246034087,0.0,0.2358234248447686,0.3637613989630657,0.0,0.6139817849445757,0.32061624583860704,0.869453057760477,1.0
1507,20418,0.39322025982114345,0.28831024847859293,0.5478302590818,0.7138105590144646,0.6679812908683673,0.5372211167087572,1.0,0.34781601901061476,0.3994247511240867,0.0,0.6139817849445757,0.36262501992343865,0.7789425991309047,0.6902386703647267
1508,20392,0.0,0.0,0.25406511069539867,0.40959561026409563,0.4636873174858114,0.2019849383571346,1.0,0.43188277248962037,0.2420732959468156,0.0,0.4029526635072149,0.06477709778171768,0.869453057760477,1.0
1509,20393,0.18265905765472398,0.15708586793719023,0.4186476299168636,0.49474150411994033,0.5602395649778277,0.3012948385446118,1.0,0.33601021169068457,0.40792604241756036,0.0,0.9183672582028735,0.6883751087379258,0.0,0.8822616494359928
1510,20394,0.45326841320550565,0.08301906822121512,0.32257744486569473,0.5757942367196899,0.6148691236033059,0.3625942992581924,1.0,0.1915283155120464,0.2746436917837324,0.0,0.19192354206985418,0.1928920437479287,0.9036320434281873,0.8822616494359928
1511,20395,0.41838856488284204,0.0408829973757098,0.40332875993990125,0.429518987624932,0.49107863296301235,0.26796065669465974,0.0,0.29084413451097846,0.34772442357219446,0.0,0.6704299464505445,0.3089437190481501,0.7789425991309047,1.0
1512,20396,0.41838856488284204,0.1458908013320932,0.48793334986177095,0.43175607338262256,0.4939467280190608,0.3353373268610055,1.0,0.370053247154431,0.7316789048121068,0.0,0.5023882233022432,0.2573690822498174,0.9301468010770011,0.9257153714927411
1513,20397,0.0,0.4091231146269382,0.615073675322898,0.4044576620344461,0.4560529074072409,0.20932394889828054,1.0,0.36549555103745757,0.2477629919401142,0.0,0.6626139993842317,0.2544168699025508,0.8429462157448122,0.6189731165776511
1514,20398,0.0,0.24906031983246515,0.48249865191464314,0.4769150104205041,0.5440417157386952,0.27910954521298126,1.0,0.3025891264691325,0.376354387218353,0.0,0.818497513634789,0.25461744313577006,0.7789425991309047,0.8514307429854822
1515,20399,0.18265905765472398,0.37750850490345933,0.6982646758263505,0.46885395625771487,0.5361034970245961,0.27101610885002025,1.0,0.6237870782472175,0.6628559106586593,0.0,0.9014330168015221,0.5301843149005562,0.0,0.5416694133502089
1516,20400,0.131951524421951,0.15617920622724543,0.3174079620274858,0.39092898524238817,0.43473844884570356,0.25290948502446753,1.0,0.48566602269800796,0.3183604715571029,0.0,0.7060355824463465,0.571124391488195,0.0,0.9257153714927411
1517,20402,0.40287782820853324,0.17913672133690345,0.34520634282026325,0.3804624675140904,0.43528197727700024,0.1707278649657722,1.0,0.39517700220573193,0.1992852680841014,0.0,0.8050369574683198,0.5030959760657673,0.8429462157448122,1.0
1518,20154,0.37062926122580436,0.013620048705775151,0.22032386128980105,0.50797345279363,0.5953502861832174,0.3439003436129058,1.0,0.19672571281643436,0.33171849154617705,0.0,0.5879288351073069,0.2590770127968295,0.7606458862803938,1.0
1519,20156,0.45326841320550565,0.18912979365123392,0.3174079620274858,0.5177848783323187,0.5786746491697745,0.3034565516383929,1.0,0.2433281063806647,0.3215153115027721,0.0,0.3148067360133804,0.033462984151292986,0.9036320434281873,0.9257153714927411
1520,20403,0.18265905765472398,0.35402827259499164,0.3881667417764709,0.4805166646030521,0.5474613149051304,0.28451309749167963,1.0,0.5284771301443156,0.6030493720797925,0.0,0.8684324894440507,0.5620668776892767,0.0,0.7171720540196672
1521,20419,0.41838856488284204,0.1011965497332988,0.29376514838640144,0.4786558873643938,0.5457042037489455,0.2737122502438505,1.0,0.36104788875065164,0.4250927956077386,0.0,0.59748152126584,0.1301838562970449,0.7947952132712555,1.0
1522,20405,0.16276956314973287,0.36289353860193146,0.3638425535640407,0.398016381224382,0.4461291370547309,0.23531036395523675,1.0,0.5611364185457802,0.2826086482428165,0.0,0.6891011339945561,0.32134663447020423,0.7947952132712555,1.0
1523,20409,0.18265905765472398,0.478868337723838,0.4656067442112324,0.48486489123164167,0.5514885313426225,0.2884197850256265,1.0,0.558344945450299,0.6600090606247436,1.0,0.8319582768516984,0.5701452699810976,0.7789425991309047,0.725114210224383
1524,20412,0.39322025982114345,0.308927518142449,0.44390808384480707,0.7468842492781501,0.669279869242874,0.4823372055622557,1.0,0.38048793834231964,0.42803720704232406,0.0,0.28701694355867113,0.20083461414127837,0.869453057760477,1.0
1525,20415,0.6190015946419424,0.17149881702156256,0.32257744486569473,0.4004277473403076,0.4544697753898379,0.18931361590095896,1.0,0.3831260590780843,0.1952206960258802,0.0,0.6882327644484452,0.1808850122637044,0.9036320434281873,1.0
1526,20287,0.16276956314973287,0.1265307620583933,0.22032386128980105,0.404444909721991,0.4560336524146088,0.25802830204832516,1.0,0.4931531993096988,0.34403855828804286,0.0,0.7603126130365998,0.5629033107163821,0.7789425991309047,1.0
1527,20416,0.41838856488284204,0.17947371877377424,0.5243378406124412,0.4180989831423899,0.47579619747001045,0.28438328685198044,0.0,0.30626170372809636,0.4348116341115431,0.0,0.6943117653720974,0.2203753312841995,0.7789425991309047,1.0
1528,20420,0.0,0.0,0.14688257419320072,0.4623932524941541,0.5294462535095976,0.26258602472958925,1.0,0.2930742082628066,0.36633110417508274,0.0,0.7199305304363113,0.12395031350927789,0.869453057760477,0.9257153714927411
1529,20421,0.39322025982114345,0.21858262797217964,0.43897913091850277,0.7989037094340757,0.6882953400341558,0.6293961550821615,1.0,0.44084649897717565,0.4823522649412034,0.0,0.7173252147475402,0.8495872466335318,0.0,0.8079770209287339
1530,20425,0.41838856488284204,0.03375272067129745,0.2328033721056162,0.44377437295654487,0.508687286897992,0.3013442156120003,0.0,0.25019939117693357,0.4168407908281684,0.0,0.322622683079693,0.13082358786154594,0.869453057760477,1.0
1531,20428,0.39322025982114345,0.033703538078287895,0.2632842602460088,0.5596603960787375,0.6283207316040466,0.4155264131363532,0.0,0.17169714745480635,0.28938503878841315,0.0,0.5397308054407057,0.14540114676185456,0.8212921674167302,1.0
1532,20432,0.45326841320550565,0.10358061981350912,0.24396667493088547,0.515242443705406,0.576768453524211,0.30139625233908574,0.0,0.24779436994472448,0.32557097393907486,0.0,0.44159800701528296,0.11627498783049475,0.9036320434281873,1.0
1533,20429,0.0,0.11839915859205354,0.3174079620274858,0.464216682908293,0.5372393755738628,0.26837338211746276,1.0,0.3157827091939591,0.3241350917073105,0.0,0.7620495591792602,0.2224900942068665,0.8429462157448122,1.0
1534,20430,0.0,0.006377943841584253,0.2632842602460088,0.42397834220989805,0.4838001568410957,0.2203322191035928,1.0,0.2719618398258974,0.30777139731579084,0.0,0.8853669378958415,0.5639103999120274,0.0,1.0
1535,20431,0.41838856488284204,0.12094014693448353,0.2632842602460088,0.4189232072938528,0.47693606385882215,0.29826531457915695,1.0,0.2792524914803419,0.5106815648577043,1.0,0.650455997536928,0.2794744730970237,0.7789425991309047,0.9257153714927411
1536,20270,0.41838856488284204,0.1281212084430328,0.4989906462943148,0.4218768133123808,0.48097290779263047,0.27627389085978704,1.0,0.3135397756645004,0.392107043663403,0.0,0.6422058656975602,0.25185003277694984,0.7789425991309047,1.0
1537,20433,0.32582833517477305,0.10272770227866523,0.3881667417764709,0.4405093412216079,0.5289933603846902,0.2576750825344867,0.0,0.5184331007173069,0.2802633845257616,0.0,0.5848893346454809,0.11307580623109746,0.9036320434281873,1.0
1538,20442,0.45326841320550565,0.02395695305104544,0.14688257419320072,0.5064853017756781,0.5699661133593787,0.30077420948638045,1.0,0.30413445140587037,0.3800077865342274,0.0,0.42336079719388664,0.1506666763950161,0.869453057760477,1.0
1539,20438,0.45326841320550565,0.1571642023069496,0.3367255473426092,0.4428512632632713,0.5075939061735346,0.3173027561149644,0.0,0.28418720685958043,0.4702460321794619,0.0,0.2857142857142856,0.1671738291663938,0.9036320434281873,0.9257153714927411
1540,20434,0.41838856488284204,0.0,0.14688257419320072,0.419867395088944,0.4782346422333287,0.33174971491964445,1.0,0.39818062064392523,0.5913529816930241,0.0,0.46504564116378067,0.33029507721024254,0.9036320434281873,1.0
1541,20444,0.0,0.037119178744956204,0.24396667493088547,0.42732009130886306,0.48822016540327995,0.22308918543699896,1.0,0.29004901890560764,0.28842732043283537,0.0,0.82110282932356,0.343888443764998,0.8429462157448122,1.0
1542,20443,0.41838856488284204,0.0,0.20617575881288663,0.4981157663504572,0.5631076600338761,0.2968436472129473,1.0,0.36436626105324554,0.4396653296759856,0.0,0.5848893346454809,0.07023850804958176,0.8429462157448122,1.0
1543,20445,0.0,0.01613729133001511,0.2717650557236629,0.41855174189891986,0.4764230697336995,0.2138415523641377,1.0,0.3105793404452041,0.28525363672997994,0.0,0.8701694355867116,0.30552640201797876,0.8212921674167302,1.0
1544,20448,0.0,0.0,0.14688257419320072,0.44086286701320776,0.5065254200984801,0.23662415439806583,1.0,0.3155773239959504,0.2857603496415728,0.0,0.6387321804626789,0.14871446306914238,0.9036320434281873,1.0
1545,20449,0.39322025982114345,0.1816429350015502,0.40565749941064255,0.5297885709708938,0.5918553188634799,0.3472821154393281,1.0,0.24244850923197048,0.3208670224198046,0.0,0.7685627448759675,0.32532711415493715,0.7606458862803938,0.9257153714927411
1546,20452,0.18265905765472398,0.2789675359389041,0.5670474622191726,0.4864014788454082,0.5528857207026087,0.2916323267534354,1.0,0.3752593809069005,0.4464849590696136,1.0,0.9144593881949363,0.633097897179999,0.0,0.9257153714927411
1547,20453,0.2945235276659142,0.19033150851636504,0.4338096480802939,0.5994420752507591,0.6578523228658084,0.5355607851131934,1.0,0.21325108539692483,0.2822017185956939,0.0,0.797221010402007,0.6635339712412011,0.0,0.8079770209287339
1548,20454,0.45326841320550565,0.04502374257154314,0.18984297314940843,0.5620439226494219,0.6074359233352394,0.35315763531279665,1.0,0.20757279427822994,0.2898179178012369,0.0,0.2787668117193034,0.1416246499707594,0.9036320434281873,0.8822616494359928
1549,20455,0.15466031737841293,0.12510028908139875,0.3062446592022165,0.3740374743333754,0.40546816839466115,0.23371330428540604,1.0,0.4234791871926141,0.25837390928277293,0.0,0.8454190400686084,0.43918073245465844,0.0,0.9257153714927411
1550,20458,0.41838856488284204,0.0,0.14688257419320072,0.4811591651771273,0.5480632925194164,0.29170556265774983,1.0,0.27276024054250547,0.35652655433668445,0.0,0.22752928159087604,0.004515991610132523,0.9701320359742358,0.9257153714927411
1551,20461,0.15466031737841293,0.10385627314708003,0.20617575881288663,0.37876912251185235,0.413981134051324,0.20077234125827204,1.0,0.30722228630450166,0.23546155554071257,0.0,0.7351280327454413,0.31003795405621437,0.8212921674167302,0.9257153714927411
1552,20462,0.131951524421951,0.21466656911995152,0.3322162123140422,0.3904009960559084,0.43386952076392715,0.24597228236416901,1.0,0.5673065968846385,0.30241850896524525,0.0,0.7702996910186279,0.45980470695501946,0.0,0.7771461144782232
1553,20464,0.41838856488284204,0.0,0.2328033721056162,0.4009286120821802,0.45066535977780076,0.267576643288411,1.0,0.40998097083982565,0.3715623602125392,0.0,0.5987842826354457,0.3265074477886892,0.0,1.0
1554,20465,0.6806413939763865,0.08774816254377722,0.2328033721056162,0.6398825792774582,0.6422099655766076,0.4135385974706889,0.0,0.25691502297253643,0.3213648399100214,0.0,0.23708207127462932,0.31317456793278764,0.9036320434281873,1.0
1555,20471,0.45326841320550565,0.0,0.20617575881288663,0.5039072166612236,0.5678915782318043,0.29127070675142874,0.0,0.265043441194203,0.34072446790630717,0.0,0.4759010886919195,0.08589545061740285,0.9301468010770011,1.0
1556,20472,0.39322025982114345,0.20331349528832499,0.42649962010268777,0.8328059452277564,0.6811002077446315,0.5288868082522802,1.0,0.49043358074315946,0.5174841100886964,0.0,0.5106383551416112,0.6684832714754229,0.8212921674167302,0.8275164340507248
1557,20473,0.45326841320550565,0.0398912408745317,0.2717650557236629,0.5067959135262025,0.570213808834237,0.3044785208884331,1.0,0.3256792218752681,0.40232865088998304,0.0,0.4993487228404172,0.0804187830507421,0.0,1.0
1558,20474,0.40287782820853324,0.17638589216284292,0.36036836098369357,0.3838678972258325,0.4372675289154112,0.17359077507363851,1.0,0.40717729074547726,0.20044192678315242,0.0,0.7967868256289516,0.41157611417535817,0.869453057760477,0.8822616494359928
1559,20475,0.39322025982114345,0.43536327585080375,0.5939536804073535,0.5149097528075195,0.5765167702098077,0.32385059098513047,1.0,0.32858303768139263,0.4061400791774956,0.0,0.806339511787485,0.3594044597819608,0.7789425991309047,0.7336923924214751
1560,20476,0.15466031737841293,0.09617134979664299,0.34105077566857017,0.3848141240996791,0.424497254521804,0.25519016701827013,1.0,0.4377507165716089,0.31194365050134376,0.0,0.7902736399322448,0.43242180066856417,0.0,0.9257153714927411
1561,20389,0.18265905765472398,0.11624026565141227,0.37968594629881686,0.48259555488548445,0.5494003808791871,0.2878851294515139,1.0,0.3794047614454428,0.4507407983643327,1.0,0.9309596518736714,0.6289685260110718,0.0,1.0
1562,20478,0.41838856488284204,0.06437440958506453,0.22032386128980105,0.4436678569958652,0.5085614452407904,0.26606808825501904,1.0,0.2930951817833568,0.3532219587468415,1.0,0.6378636038661285,0.26476348733502714,0.7390115964200016,1.0
1563,20012,0.28202114450591315,0.24734070154211707,0.5008827212289277,0.4854485051738888,0.5762225890705952,0.3297182282972829,1.0,0.19663543596984578,0.5246000352184292,0.0,0.483716828707792,0.06663724656837204,0.9518127218666266,0.8079770209287339
1564,20028,0.37062926122580436,0.3363635341545452,0.5705054552152529,0.4915429627175135,0.5600808529921328,0.29924398164819943,1.0,0.28461359983987367,0.3592529037633563,0.0,0.6930092110529322,0.25785566821334066,0.7606458862803938,0.5765449532098653
1565,20039,0.15466031737841293,0.44054560491869577,0.6788305942040641,0.38379927018601034,0.42275939835825127,0.2418726677731291,1.0,0.6173779128088435,0.2858343092513642,0.0,0.8224055906931651,0.35696169669117084,0.7947952132712555,0.4300567337219686
1566,20064,0.39322025982114345,0.1635273429960961,0.29376514838640144,0.620630760131878,0.6351134442725628,0.4328833092568859,1.0,0.23365145688233302,0.30023945171914534,0.0,0.411636980119638,0.14640448809249693,0.7606458862803938,0.8275164340507248
1567,20066,0.1952794711632106,0.27470687128272,0.4868684828010148,0.6728316848661572,0.741355381978092,0.4541492600254513,1.0,0.3138512253800577,0.468896621620291,1.0,0.7177593995205955,0.6168552356303186,0.869453057760477,0.8079770209287339
1568,20067,0.18265905765472398,0.5715275749572942,0.8229678791741228,0.47375396869487674,0.5409763987116877,0.27576074021894725,1.0,0.8429042616337782,0.7518250389268268,1.0,0.7438123493578639,0.24693389400388235,0.7789425991309047,0.22525539465553235
1569,20068,0.39322025982114345,0.4021317474731818,0.6310411041392092,0.4905171809485883,0.5565626428402182,0.2957721975865797,1.0,0.3559656835716547,0.42748186160587465,1.0,0.8501954866730947,0.5550616054053181,0.0,0.6020162396286254
1570,20073,0.0,0.3163871496497661,0.5258301664190614,0.39940491992046045,0.44830228316778487,0.190070650153765,1.0,0.6724147545501338,0.21922803811305958,0.0,0.46591401070989136,0.0666794739821434,0.869453057760477,0.6594077639142162
1571,20085,0.28202114450591315,0.16306669168249951,0.3767011466471717,0.4797517342066794,0.5709432799229506,0.3191285559567547,1.0,0.22337918313930571,0.45237092925964506,0.0,0.42466345503827196,0.0675936296570439,0.9301468010770011,0.8514307429854822
1572,20088,0.0,0.11822020378747146,0.3322162123140422,0.4085954922829652,0.46222039962929395,0.19983367931848872,1.0,0.4214240674609445,0.23043707513131284,0.0,0.5110725399146661,0.09018842083462338,0.9036320434281873,0.9257153714927411
1573,20483,0.18265905765472398,0.250117941895935,0.4931028326999798,0.4544942596168996,0.5209332878529347,0.2530200486767682,1.0,0.4158894436180173,0.46378582713382976,1.0,0.7907078247052997,0.2600582337327965,0.7789425991309047,0.7097780834867178
1574,20486,0.16276956314973287,0.15056516888109456,0.29376514838640144,0.4055689736766497,0.45772502291380734,0.25039731574194457,1.0,0.5467549158472876,0.3218489831818194,0.0,0.7338254784262757,0.46541555119604067,0.7947952132712555,0.7914566825269261
1575,20093,0.16276956314973287,0.0,0.07344128709660036,0.40416062227214844,0.4556040021218787,0.24110291384701021,0.0,0.5682958367087592,0.2972135543016742,0.0,0.7807207467232715,0.4411790031549171,0.0,1.0
1576,20113,0.28202114450591315,0.2128600911797053,0.4501424337437721,0.46649309261009086,0.557903719039534,0.2981226793187429,0.0,0.2759664104711398,0.383782890231117,0.0,0.5940078360309589,0.15774158073276195,0.9036320434281873,1.0
1577,20487,0.18265905765472398,0.04822278790000195,0.29376514838640144,0.4458091708769433,0.5110752581574111,0.24327942414993964,1.0,0.3525222347549125,0.40866026330585836,1.0,0.7676943753298573,0.30237095154777344,0.7390115964200016,0.9257153714927411
1578,20488,0.41838856488284204,0.0,0.14688257419320072,0.4059838273459909,0.4583462555207255,0.26406224918112464,0.0,0.43519716417472765,0.3635510313421312,0.0,0.8193660902313391,0.5838473616135131,0.0,1.0
1579,20496,0.41838856488284204,0.0,0.1164016860528081,0.4959583142445959,0.5612808203811599,0.29254303075998067,1.0,0.34049964359928087,0.41386711778748453,0.0,0.5857577041915911,0.14535007636602718,0.8429462157448122,0.9257153714927411
1580,20509,0.28202114450591315,0.21667438767481056,0.3881667417764709,0.4734914283437237,0.5649208843507313,0.31374072648203044,1.0,0.21032685305629262,0.5395328743603671,0.0,0.6439426047897805,0.29235654314553644,0.869453057760477,1.0
1581,20557,0.39322025982114345,0.3378726879944915,0.6256930520036629,0.7547484752567071,0.7232513370933958,0.5205900286279036,1.0,0.4509000636646425,0.8419380669087939,1.0,0.76118098258271,0.9968765756870059,0.8212921674167302,0.8514307429854822
1582,20560,0.18265905765472398,0.3069127029461977,0.6936540469270754,0.5084170111106019,0.5714987718728823,0.3113552307679258,1.0,0.35798355744421206,0.4375127068841915,0.0,0.6695613698539942,0.21740574110979805,0.7789425991309047,0.8514307429854822
1583,20038,0.45326841320550565,0.26305938922875194,0.496087632351625,0.5261729524906151,0.5847531579026641,0.32117596856536346,1.0,0.26820490654285734,0.3472606891320529,0.0,0.6196266010951725,0.14442689963587782,0.869453057760477,1.0
1584,20238,0.0,0.07939846972719578,0.29376514838640144,0.4931989299744992,0.558908116274828,0.2977007166132444,1.0,0.30721929853372987,0.3807479600548771,0.0,0.8406425934641215,0.5731069607409396,0.0,1.0
1585,21053,0.038168912490512234,0.44081100997880757,0.6704662950335731,0.3303408083478776,0.46213306795735565,0.2500607708142977,1.0,0.5731220065331173,0.381631249402122,0.0,0.6895353187676108,0.32276772660157793,0.7789425991309047,0.3972736773913539
1586,21211,0.34847139721872533,0.3198490146626439,0.5205123933107532,0.3406862354743334,0.4498734516665517,0.30902234149100016,1.0,0.35800553164430127,0.44471739417981204,1.0,0.6526269214022036,0.6077152814531733,0.8212921674167302,0.6252790567992559
1587,21206,0.4661875608731715,0.13818882808142088,0.34105077566857017,0.3575196797468597,0.37369769036285916,0.2565403189317872,1.0,0.5372213466398833,0.35938207186687987,0.0,0.8966565701970353,0.5111621002654425,0.7947952132712555,0.7914566825269261
1588,21152,0.0,0.22654229070799736,0.4355609835024832,0.3599354443058881,0.39983622892481363,0.3003135026012004,1.0,0.29626395782001824,0.36860667511867184,1.0,0.8666955433013903,0.5079504482541436,0.7606458862803938,0.668732778856004
1589,21027,0.41838856488284204,0.07459581543553052,0.3174079620274858,0.39245450936480775,0.4372330067696921,0.2842658081662959,1.0,0.29854815810808133,0.38799403914041664,0.0,0.7225358461250819,0.33002401489461203,0.7390115964200016,0.9257153714927411
1590,21026,0.38598429900599956,0.28734818942206686,0.5157317306545482,0.3325787548767676,0.3970939755259668,0.2289906401917048,1.0,0.40157061929334936,0.5629776538100242,0.0,0.857142857142857,0.39923038091510005,0.8212921674167302,0.6354934549794589
1591,21015,0.0,0.7396214591946257,0.7505977390001375,0.34874508313344554,0.39828995507544895,0.26637240606926427,1.0,0.41088908358752796,0.5451840396742936,1.0,0.9257490204961296,0.5427606709049226,0.8212921674167302,0.27182371338064415
1592,21014,0.34847139721872533,0.14426307627970902,0.3960187319622951,0.3261450199332794,0.48410561729384916,0.270295364503659,1.0,0.46752466075926125,0.4541233023845074,0.0,0.32045155216397725,0.044911166752399485,0.9036320434281873,0.9257153714927411
1593,21010,0.45326841320550565,0.5293294036832384,0.824172161252296,0.4044103929473297,0.4559815270934837,0.34325230274006957,1.0,0.3956489003406596,0.43517512330288755,1.0,0.3478071598456314,0.16757628945460715,0.7390115964200016,0.5765449532098653
1594,21149,0.4285940061633923,0.5458954054521724,0.6358701952478565,0.38577732540644316,0.4261364996998773,0.31935526597294306,1.0,0.2882860338812864,0.3382796636633484,1.0,0.7429439798117536,0.3956819635623102,0.7390115964200016,0.5873794306425648
1595,21004,0.0,0.522413106491224,0.6704662950335731,0.3607859156614137,0.3925946109709352,0.29708121065575344,1.0,0.2953523242329691,0.3785886435957512,0.0,0.9127224420522755,0.5982125434311516,0.7947952132712555,0.3824805778423771
1596,21005,0.4749494163497731,0.30954216106318383,0.6652305706297863,0.3311632444557777,0.360549206792553,0.20992496805377714,1.0,0.5126316843915093,0.3441340212384235,0.0,0.8666955433013903,0.354310864795672,0.0,0.9257153714927411
1597,21006,0.34847139721872533,0.22492174132336704,0.39346551490612347,0.3261772464156224,0.4840262613010017,0.2657594921271307,1.0,0.4099206548482204,0.4209249622254121,0.0,0.3087277350897284,0.04053362744801182,0.869453057760477,0.7532318055434659
1598,21008,0.0,0.21639527478351736,0.3672064354830018,0.32156314599225333,0.4831244628907324,0.24210700199047674,1.0,0.41294123886387213,0.33056260088600475,1.0,0.6461137357054965,0.3497942244618585,0.869453057760477,0.6020162396286254
1599,21146,0.4661875608731715,0.15884841458872095,0.5212886120255843,0.3558733901815023,0.37034781969295527,0.25528159360140434,1.0,0.5006266659173225,0.3740973570655508,0.0,0.9040381254398528,0.6084330547559648,0.7947952132712555,0.9257153714927411
1600,21145,0.45326841320550565,0.12402091579107516,0.36036836098369357,0.4230501737785558,0.4825560398100335,0.37163945162325374,1.0,0.7270746827162278,0.46034017901730884,0.0,0.2548848892725306,0.038479329007876394,0.9701320359742358,0.9257153714927411
1601,21003,0.15466031737841293,0.38995910752944574,0.6163425932520962,0.36366941268284636,0.3859108209893086,0.23583169251638103,1.0,0.2978058861224687,0.2605399328965472,0.0,0.851063856219205,0.34623063530992354,0.7947952132712555,0.5944481503487452
1602,21117,0.0,0.6067873450256281,0.5752575243263669,0.35456267887056625,0.41350664991146446,0.29241211558397207,1.0,0.34036713279933173,0.3993420466173704,1.0,0.9622232330884823,0.6200208892874477,0.7606458862803938,0.5725003198007196
1603,21165,0.4749494163497731,0.1466469431009465,0.5063642908338386,0.33310313272997416,0.3606053199532232,0.21301105582072477,1.0,0.4740856286102615,0.3506703558245241,0.0,0.9105515181870001,0.3937254717776768,0.0,1.0
1604,21163,0.0,0.3171069165538353,0.5743240083255281,0.34927901363514025,0.4089375568599014,0.27218941607402547,1.0,0.4174207604988345,0.4773571441054709,1.0,0.7594442434904896,0.29574004158893835,0.8212921674167302,0.6639688805647354
1605,21113,0.4661875608731715,0.1547987292782763,0.32257744486569473,0.357501473414928,0.37366083219482094,0.22215456499991104,1.0,0.26068849105089453,0.25301694361168714,0.0,0.8836299917531802,0.4277447736319304,0.7947952132712555,0.7771461144782232
1606,21009,0.4661875608731715,0.1321214637313146,0.25406511069539867,0.358754735436563,0.3761882604473027,0.2325208437920061,1.0,0.30817405402776854,0.2754155671715728,0.0,0.8823274374340155,0.6153837662635946,0.0,0.9257153714927411
1607,21039,0.34847139721872533,0.16232931603231632,0.34105077566857017,0.3314960846697662,0.4711454124032799,0.2778795869847781,1.0,0.4078315272010752,0.4471838172994841,0.0,0.25358223142814484,0.12230516516075401,0.869453057760477,0.8822616494359928
1608,21040,0.4661875608731715,0.2702794274396087,0.41449206276517053,0.3508741070004414,0.39183790921049944,0.26632585617364035,1.0,0.3652234447396071,0.5227084400715057,0.0,0.9535389164760593,0.5679240220140416,0.7947952132712555,0.6508295817171241
1609,21041,0.38598429900599956,0.9359737228728783,0.6889925892870344,0.3401552958270858,0.3969488788761334,0.2478807963744163,1.0,0.555716898048652,0.602166542311238,1.0,0.9596179173997113,0.637618547431712,0.0,0.28728916101938873
1610,21016,0.34847139721872533,0.2467031881025865,0.34105077566857017,0.3349140773697731,0.46309097952829525,0.27016380622409586,1.0,0.5243061436999596,0.376703907115712,0.0,0.5948762055770691,0.20544681016225408,0.7789425991309047,0.7914566825269261
1611,21087,0.24345775987379223,0.305525321178681,0.5513821016331498,0.33021490571156564,0.31342890079353747,0.18546271333131048,1.0,0.3266285573299451,0.33407960647245327,0.0,0.7928789556210158,0.308392391753311,0.0,0.8514307429854822
1612,21167,0.34847139721872533,0.11792646210542264,0.29376514838640144,0.32936044536559594,0.4762660095652297,0.2705690754447396,1.0,0.43667889115429503,0.423716930222767,0.0,0.41858445411462,0.031639289496841846,0.869453057760477,0.8514307429854822
1613,21166,0.4749494163497731,0.2199509067739466,0.4283749501331661,0.34058468612099135,0.36393194779094973,0.22814231703159038,1.0,0.3437840183797194,0.39609065413883005,1.0,0.917064703883707,0.5289226701886407,0.0,0.6963643413004936
1614,21018,0.131951524421951,0.10131855136269306,0.24396667493088547,0.3774796903727755,0.4116861341206135,0.2810580979583315,1.0,0.36455665485516386,0.3117174774957059,0.0,0.8562744875967467,0.5089060602654605,0.7789425991309047,0.8514307429854822
1615,21054,0.0,0.4490852986146356,0.6384608715162587,0.34309135505606625,0.44450515902974364,0.32533454239063975,1.0,0.40632595691459594,0.4435691933487751,1.0,0.38688668812675453,0.33759696843189796,0.869453057760477,0.6285768574637054
1616,21127,0.131951524421951,0.11843165087396919,0.32257744486569473,0.3706823290716106,0.399277433340431,0.25184412901750886,1.0,0.3269631644257841,0.2724797587557599,0.0,0.9114198877331103,0.5741296966902233,0.7947952132712555,0.8822616494359928
1617,21129,0.41838856488284204,0.3739309328237422,0.6973878152573164,0.4008496860743681,0.45054350596014425,0.3085049255250115,1.0,0.2995279859067276,0.47475767064917873,1.0,0.7507599268780665,0.3429286674514645,0.7390115964200016,0.607375859660376
1618,21130,0.0,0.12214098427580498,0.3062446592022165,0.3692698500333693,0.39663213910983763,0.3237866198056757,1.0,0.2553915716150452,0.3155858076705844,1.0,0.8041683808717697,0.5299810625599786,0.7606458862803938,0.673718331962919
1619,21213,0.34847139721872533,0.22188925367050094,0.43897913091850277,0.31758848788416383,0.505751115162637,0.25772702808253367,1.0,0.4168320081093756,0.3953499171951742,0.0,0.3022145493930213,0.07278147966211373,0.9301468010770011,0.8514307429854822
1620,21124,0.4285940061633923,0.41951744829282106,0.6907256943783362,0.39328909077678453,0.438587698304869,0.3068087540023755,1.0,0.27732350976304754,0.4073806691404257,0.0,0.7833260624120422,0.41822634305599415,0.7390115964200016,0.673718331962919
1621,21169,0.4661875608731715,0.3336634766159297,0.44390808384480707,0.36377478191922186,0.3861160186393576,0.2639132260395427,1.0,0.5745817585610006,0.32367324735752767,0.0,0.8315240920786435,0.4004103854031314,0.7947952132712555,0.6467849483079785
1622,21172,0.34847139721872533,0.28842460497093136,0.5090022705990835,0.33498629864015084,0.4629226400462845,0.2826202850491901,1.0,0.4107229196692722,0.4229686828457594,0.0,0.2917932866379376,0.06417447696126903,0.869453057760477,0.6428874255124083
1623,21179,0.0,0.3541243633496857,0.5570494086324103,0.3704490435974599,0.40994263830028976,0.35371319166058235,1.0,0.28512165457824246,0.325820346803002,0.0,0.39817632042794826,0.1276876356935829,0.7606458862803938,0.6428874255124083
1624,21202,0.34847139721872533,0.2643973834009825,0.6221707316093196,0.33223147516824936,0.469397928743411,0.29016642436137574,1.0,0.4733709449304234,0.5454109765904267,0.0,0.2466348609583826,0.034818527875280954,0.869453057760477,0.7532318055434659
1625,21203,0.4661875608731715,0.2148094443150476,0.4731780630258004,0.3670061080107674,0.39234361186162603,0.28709221974234844,1.0,0.4580236306283133,0.34215765305979273,0.0,0.8884064383576675,0.6872110873909555,0.7789425991309047,0.8079770209287339
1626,21042,0.4661875608731715,0.175628647266869,0.36036836098369357,0.3546696274405142,0.36787650460114374,0.2404999750698784,1.0,0.3829089137076096,0.32553705376624453,0.0,0.8675641198979409,0.4689052273283286,0.7947952132712555,0.9257153714927411
1627,21043,0.34847139721872533,0.352279186662724,0.6588817058453529,0.33097526763103646,0.4723878776171161,0.3001031494747748,1.0,0.5041268431689833,0.782697172212752,0.0,0.2158054645166272,0.13843584030955713,0.9860016052903372,0.6130176920083639
1628,21217,0.45326841320550565,0.2214050307167358,0.454588682506295,0.413918055231703,0.46992288638716984,0.35494412721040625,1.0,0.5219414950822808,0.4534496687319869,0.0,0.2366478865015742,0.0012147000061413704,0.9036320434281873,0.8275164340507248
1629,21101,0.34847139721872533,0.13051588420750918,0.3704667967482067,0.33206014568181264,0.4698043362039641,0.29529382896170286,1.0,0.4978555297515058,0.6306633722146273,0.0,0.3369518158427125,0.1654106014617391,0.9301468010770011,0.8822616494359928
1630,21100,0.0,0.19751164772242086,0.43021766406959266,0.3158231488703588,0.4998970590724289,0.2512074733889873,1.0,0.31854610651010296,0.32487382907332407,0.0,0.30525404985484705,0.0032175364252020958,0.9036320434281873,0.8275164340507248
1631,21099,0.45326841320550565,0.2750406006502042,0.44229044355794794,0.3817020352576981,0.41913294972454096,0.3293683452749797,1.0,0.2822330859675152,0.29909087952204194,1.0,0.7199305304363113,0.5340760638278828,0.7125442614903211,0.6101596542308203
1632,21098,0.4661875608731715,0.1996185886175401,0.3736298191175524,0.3634222925943019,0.3854290453754532,0.27672542902708375,1.0,0.5583358859098221,0.35616919826899873,0.0,0.8788537521991351,0.5333912107608239,0.0,0.7645232988719857
1633,21096,0.0,0.17307276718701278,0.2869270738870932,0.3612647254393576,0.4013592599420013,0.30700305865362953,1.0,0.28298938029014,0.34948798040452334,1.0,0.8871038840385019,0.5643769824288254,0.7606458862803938,0.6020162396286254
1634,21094,0.3393034787428914,0.3811407844086926,0.6046876265251271,0.3504052667274018,0.42866723158680986,0.3061347437192674,1.0,0.28115545542733433,0.3615204248753321,1.0,0.7985237717716125,0.4190519561795811,0.7606458862803938,0.47040385956313324
1635,21093,0.0,0.01809306449988409,0.14688257419320072,0.3646649923485201,0.4086576752616443,0.3630045389886656,1.0,0.33891187679757107,0.37391533372344277,0.0,0.5874946503342517,0.5313838414525486,0.7606458862803938,0.8079770209287339
1636,21092,0.4661875608731715,0.1809505836515448,0.5315977605821658,0.371818740032548,0.4013888266360436,0.2842100771802445,1.0,0.44948776904050547,0.3044013361960386,0.0,0.8801563065182998,0.5937787446838769,0.7789425991309047,0.8822616494359928
1637,21012,0.0,0.14964208128346768,0.3854145511769584,0.36916803530774533,0.39782811865931966,0.3292225427305707,1.0,0.24000637971762517,0.30646461083366705,0.0,0.8818932526609611,0.49967868116121866,0.0,0.7171720540196672
1638,21013,0.4285940061633923,0.45635978364253943,0.7361574212464602,0.3969110121638456,0.44438564123440716,0.3183112490798401,1.0,0.30878153385260365,0.4257583132671139,1.0,0.9122882572792215,0.562794403854925,0.7125442614903211,0.6046625485289482
1639,21007,0.4661875608731715,0.13675807667889925,0.2869270738870932,0.348727847905383,0.35540206316397494,0.23677661294790897,1.0,0.35389386821295843,0.3637558365689524,0.0,0.901867201574577,0.4660775510107865,0.7947952132712555,0.8822616494359928
1640,21011,0.3061859246211213,0.18114393055656708,0.37968594629881686,0.3487630927494664,0.35547743131727727,0.2001127908690905,1.0,0.2201336387824515,0.2660662485283055,0.0,0.874945675140758,0.5003969653801494,0.7947952132712555,1.0
1641,21022,0.0555057041487397,0.2818107145513148,0.48898762105465576,0.3325255688707217,0.3683655716889953,0.21609665789874466,1.0,0.4234501249557191,0.37276829261873545,0.0,0.8245767216088813,0.39408916447078135,0.8429462157448122,0.668732778856004
1642,21025,0.34847139721872533,0.25554386128192563,0.4486178983668503,0.33036253793394244,0.4738547954736335,0.3052029144926527,1.0,0.4592749554810266,0.5628851960830905,0.0,0.2796352847906334,0.2956126514083089,0.9860016052903372,0.8079770209287339
1643,21037,0.4661875608731715,0.0593368771246918,0.2869270738870932,0.37148353676241563,0.40076759402912543,0.27103931899946776,1.0,0.4272906772706718,0.2895349312718499,0.0,0.8775509908295283,0.6505152836348416,0.7789425991309047,0.9257153714927411
1644,21035,0.41838856488284204,0.41474176314111366,0.5294715344347074,0.40965534895350164,0.4637746491577489,0.3263309469315373,1.0,0.3721544530298856,0.5731536324277126,1.0,0.636126864773908,0.3768715546087523,0.7390115964200016,0.7171720540196672
1645,21033,0.0555057041487397,0.2986156374392836,0.6382046358878902,0.33011743728000464,0.3576618567438724,0.20690415665637296,1.0,0.5705827762130141,0.3557656448252753,0.0,0.8367347234561853,0.40823419182160803,0.8212921674167302,0.7430174073632629
1646,21032,0.24345775987379223,0.08640188520907993,0.2328033721056162,0.3365785782110964,0.3284075276510109,0.19049317339474303,1.0,0.2860445061309985,0.29238392821350556,0.0,0.6730352621393154,0.18373336778435348,0.7947952132712555,1.0
1647,21031,0.4661875608731715,0.20022836925192403,0.41016683443920954,0.3532206101978542,0.3648769282311227,0.24646162987110531,1.0,0.42479523500257743,0.36366617776535937,0.0,0.9014330168015221,0.5079876044963627,0.7947952132712555,0.8079770209287339
1648,21029,0.34847139721872533,0.22174220585284532,0.42649962010268777,0.3278482560588216,0.47993330420652314,0.28702446659580927,1.0,0.7219956003786887,0.615042080022566,0.0,0.3178462364752064,0.12593409968841923,0.9701320359742358,1.0
1649,21045,0.0,0.4508955453707035,0.6304906957290106,0.37626822159003104,0.40951298800755953,0.33906480683785956,1.0,0.24588912589229572,0.28773119138864944,1.0,0.6712983159966548,0.41338509419243585,0.7606458862803938,0.45214793561600763
1650,21046,0.45326841320550565,0.37328474171541365,0.5519626695552913,0.3849752635120729,0.4247721806683844,0.32717427206601335,1.0,0.2805967182353185,0.3221481587853543,1.0,0.7355622175184962,0.43756249265383196,0.7390115964200016,0.7532318055434659
1651,21002,0.5689366890539633,0.2327378170901181,0.40094768488859933,0.33150416933398386,0.4711261574106478,0.320749004513074,1.0,0.4636862386641035,0.4344503536926525,0.0,0.35432044906755866,0.4377110310589625,0.869453057760477,0.7532318055434659
1652,21212,0.0,0.3454656404350936,0.708124686580585,0.34034583088908343,0.4506397809233036,0.2976463950397352,1.0,0.34077821840267764,0.4120662100189386,1.0,0.5544941229767806,0.18992613318414858,0.8212921674167302,0.6963643413004936
1653,21199,0.0,0.4338092671053862,0.6358701952478565,0.3446362678720353,0.4410991751991695,0.33578622134822256,1.0,0.42057596924810314,0.49173822731859973,0.0,0.3499782907613471,0.3280840397451877,0.7606458862803938,0.6130176920083639
1654,21205,0.0,0.609789537277154,0.5645064919850328,0.3697974282695632,0.39762292100927066,0.3005834224957944,1.0,0.3715105265716997,0.33054478453278413,1.0,0.8996960706588613,0.6638564986155754,0.7606458862803938,0.6354934549794589
1655,21201,0.4661875608731715,0.15755467475017662,0.3174079620274858,0.34517607949161777,0.35513442849139065,0.23440453024201102,1.0,0.3260278082399767,0.38917835361952624,0.0,0.9379070223434331,0.533878823901379,0.0,0.8079770209287339
1656,21197,0.11762891481324096,0.4802567992822183,0.7059814351314165,0.3153082446337855,0.5117173975741862,0.26052239006623856,1.0,0.3541479553613689,0.36135443820695246,0.0,0.23187143989708758,0.060022944054287417,0.9301468010770011,0.47351045577871675
1657,21195,0.45326841320550565,0.2851653107064515,0.4602408695082853,0.3987754604332586,0.447319476947442,0.3467512161775824,1.0,0.35095075070399995,0.38168744311752256,0.0,0.5479809372800732,0.24445163601416628,0.7606458862803938,0.7097780834867178
1658,21186,0.0,0.5164909293318447,0.5845927871825055,0.3378671011131009,0.456269384370831,0.3118619427250048,1.0,0.4258668371160921,0.5110118288254303,1.0,0.20234480482493766,0.03263398991793567,0.869453057760477,0.5745035569136432
1659,21185,0.4749494163497731,0.29463652489927733,0.3985118677122405,0.3373394861034891,0.35913840209670567,0.2194044921171081,1.0,0.4022415743225829,0.36272468724931684,0.0,0.9478941003254626,0.519133289955135,0.0,0.6963643413004936
1660,21184,0.34847139721872533,0.17394211469741436,0.300188532020952,0.3230784682926806,0.49173039987610356,0.26330892425072006,1.0,0.4399932518465106,0.42510430133534494,0.0,0.25531917757080547,0.05725434733440569,0.9301468010770011,0.9257153714927411
1661,21158,0.34847139721872533,0.1370132649605318,0.3367255473426092,0.32646041490076716,0.4833296605407813,0.2978419793307666,1.0,0.47489677020000187,0.49057692281853815,0.0,0.40425532135160047,0.4415533804905779,0.9036320434281873,0.8514307429854822
1662,21104,0.0,0.6776077773805214,0.6021944907751817,0.35474859978332873,0.40942332031330186,0.2905572240450287,1.0,0.34045073837665085,0.39714607050586825,1.0,0.8823274374340155,0.5435354198547901,0.7606458862803938,0.5705338414139879
1663,21123,0.34847139721872533,0.0,0.14688257419320072,0.32436408780190606,0.4885159983597174,0.26865381708006764,0.0,0.48819506282057545,0.4537127033523316,0.0,0.24012157173645532,0.033599660507020075,0.9518127218666266,1.0
1664,21128,0.3393034787428914,0.8846314403198984,0.43897913091850277,0.35788438224382857,0.4113527587910426,0.30263303388353247,1.0,0.30472284824173834,0.3702145509836555,1.0,0.9496308394176831,0.6228744527780797,0.7606458862803938,0.5542922289564466
1665,21126,0.38598429900599956,0.139753229302924,0.29376514838640144,0.3366004553401707,0.39058581650034696,0.2354056476333164,1.0,0.41413341579828933,0.5125195527387231,1.0,0.9787234967672178,0.6931706016788743,0.0,0.8079770209287339
1666,21161,0.4285940061633923,0.6171763907738932,0.5806922222734946,0.3804747772926492,0.41698868610043516,0.3059346801257957,1.0,0.3344418099737866,0.3173502425472925,1.0,0.8567086723698021,0.4999651539864059,0.7390115964200016,0.5807482395941909
1667,21079,0.0,0.2233979007115314,0.4320288770750036,0.36198951391024803,0.3826210513196201,0.2808950847901499,1.0,0.4495519747209896,0.37770643715990615,0.0,0.9665652878694744,0.6555160364808519,0.0,0.725114210224383
1668,21194,0.11762891481324096,0.499891389280646,0.6160267856242784,0.31207892079019695,0.5203137070632415,0.27908572650232033,1.0,0.3934764011100853,0.34751303252614874,0.0,0.3603994499912109,0.4894389117129019,0.869453057760477,0.5944481503487452
1669,21190,0.131951524421951,0.0,0.25406511069539867,0.3723243926989359,0.4023234953748063,0.2625367838018855,1.0,0.36848727074152665,0.2840432271150295,0.0,0.8953538088274298,0.6551978254220007,0.7947952132712555,0.9257153714927411
1670,21189,0.0,0.44487706210965744,0.5784615423939182,0.36243151568420007,0.3834899794013965,0.2866768886467035,1.0,0.3954475674758663,0.37914480784290905,1.0,0.9526703398795091,0.6432623532809718,0.0,0.5630100464373469
1671,21188,0.0555057041487397,0.3068643739879273,0.5903885574389284,0.3306823400672615,0.3767238131995083,0.21692392809559924,1.0,0.3792244793790587,0.40590750739371195,0.0,0.6170212854064017,0.13572285636175718,0.8429462157448122,0.7097780834867178
1672,21187,0.34434468555724396,0.13120615919439058,0.36036836098369357,0.31139739168904035,0.5149550419227497,0.2671958795551792,0.0,0.28899551358818465,0.31607053923148576,0.0,0.34737297507257625,0.17315965928643626,0.9301468010770011,0.8514307429854822
1673,21177,0.4661875608731715,0.4799610795738575,0.7796255038797535,0.3740523887799281,0.4054953990663833,0.30159790472955206,1.0,0.3740050364304789,0.30495361029194623,1.0,0.863221858066509,0.5873502133704099,0.7606458862803938,0.5290465977439713
1674,21156,0.4285940061633923,0.7436298750407834,0.8770736364419333,0.38697134426051083,0.4281549216667815,0.3108769704129105,1.0,0.28948752781605136,0.35581138049572547,1.0,0.612244838801915,0.3671184855078025,0.7390115964200016,0.2985344503958405
1675,21155,0.3061859246211213,0.22780745194455654,0.3062446592022165,0.35691183247404334,0.3724648526453389,0.2167626625454553,1.0,0.25953771181071583,0.2420870092542199,0.0,0.8953538088274298,0.42178225450827145,0.0,0.7532318055434659
1676,21154,0.0,0.6218394031525991,0.6836163991049587,0.36558225749909934,0.3896149737986403,0.2974606773072209,1.0,0.3546729142237902,0.3561226552932284,1.0,0.8697350437632163,0.5927286493710334,0.7606458862803938,0.34915142155054546
1677,21153,0.4661875608731715,0.6813722582158477,0.6379477790816331,0.3551643992762781,0.3868295383698901,0.27272101220691014,1.0,0.372013063249086,0.4497303666120823,1.0,0.9374728375703791,0.5016189647748204,0.7789425991309047,0.566705932174072
1678,21118,0.0,0.3486553908240613,0.5624289081512561,0.35972012116662644,0.3882403430657372,0.28938782747240943,1.0,0.3273887495094613,0.3986610445598161,0.0,0.9952235533955125,0.6433284788473047,0.7789425991309047,0.5648420579743655
1679,21119,0.38598429900599956,0.6772039449456037,0.7166564726654558,0.34055547415721443,0.38807200358372673,0.24427068916041006,1.0,0.4430033663091333,0.6337571072070285,1.0,0.9756839963053914,0.6129855323528683,0.0,0.2699205323530032
1680,21120,0.4285940061633923,0.12914459467498643,0.4245904985296838,0.39461906150252213,0.4407319619289748,0.3328091963921105,1.0,0.31642037374816245,0.3815448762282,0.0,0.6921406344563816,0.3875383373829504,0.7390115964200016,0.8079770209287339
1681,21125,0.38598429900599956,0.5854037222061189,0.5478302590818,0.3387514103981467,0.38658184289503195,0.23929655980112585,1.0,0.4175367712593908,0.5563770847962934,0.0,0.9817629972290438,0.7328506683849703,0.0,0.6252790567992559
1682,21105,0.0,0.14291896937050558,0.3367255473426092,0.3470822723632403,0.4357733803871706,0.30417266166593393,1.0,0.3025102016257456,0.3553638853187733,1.0,0.7811549314963264,0.43089412625610524,0.7606458862803938,0.7430174073632629
1683,21175,0.4749494163497731,0.22094747263347822,0.45745246172137827,0.334106760987122,0.3884086825477481,0.22808540901832108,1.0,0.36292976969108637,0.47431911521564196,0.0,0.7485887959623507,0.4559014485278953,0.8429462157448122,0.6391266864816243
1684,21085,0.4661875608731715,0.458362290175681,0.6721555786937015,0.3437530963493942,0.3453092691243599,0.2220109542301978,1.0,0.3299523027739346,0.3279261668254918,1.0,0.8506296714461501,0.37130451184008884,0.7947952132712555,0.4502284204487662
1685,21164,0.0,0.5248872066115813,0.7327442793049043,0.3563994260037785,0.39494008440554496,0.28444865337229897,1.0,0.3230858073264603,0.4244058780333132,1.0,0.936170283251214,0.4763000273507045,0.7947952132712555,0.3965026664028639
1686,21198,0.4661875608731715,0.08573220789216159,0.25406511069539867,0.34506102017771567,0.3474694841066469,0.19955285046749527,1.0,0.24597630647075275,0.26050061440146477,0.0,0.8176291440886787,0.2271474424399874,0.7947952132712555,1.0
1687,21133,0.4749494163497731,0.0,0.18984297314940843,0.3444555240824815,0.3557885314268018,0.23291423674777878,1.0,0.318536806044982,0.38667157355065995,0.0,0.9504994160142333,0.5720079160512931,0.0,1.0
1688,21174,0.34847139721872533,0.660150832127183,0.7475342475828413,0.33932718080003066,0.45294275653310423,0.32667179978182326,1.0,0.559095610923809,0.47752876735369343,1.0,0.2648718637293386,0.2869959799987208,0.869453057760477,0.4842778890646183
1689,21176,0.4749494163497731,0.25206027129242825,0.3174079620274858,0.3381370096742896,0.3524947739175682,0.21749160267621437,1.0,0.39985974253832957,0.34282911801047844,1.0,0.9465913389558571,0.4617557236565942,0.0,0.7097780834867178
1690,21178,0.11762891481324096,0.17577455986459437,0.40565749941064255,0.31259219654861636,0.5150111550834199,0.2653370497130443,1.0,0.3096158709705138,0.3302638500362062,0.0,0.3152410243116557,0.033641321448730645,0.9301468010770011,0.7914566825269261
1691,21134,0.38598429900599956,0.3990866081586852,0.6552314816898896,0.32791340519808576,0.4174312675239322,0.22675204313606767,1.0,0.42059527365985605,0.5360296007366951,1.0,0.9274859666387909,0.48667104360729196,0.0,0.5829133650538523
1692,21135,0.15466031737841293,0.09297604301296503,0.4486178983668503,0.3817642351562427,0.4192411882063365,0.2533275553071439,1.0,0.4214730374806125,0.30198334410193617,0.0,0.8085106427032007,0.5985836522172968,0.0,1.0
1693,21208,0.0,0.48236208130738395,0.6849449855499483,0.3265628475824749,0.4798074625493215,0.2569247276899329,1.0,0.5155791792370715,0.3678362001860592,0.0,0.3247937104701888,0.01839906781877169,0.869453057760477,0.40161633675774644
1694,21207,0.34847139721872533,0.3806914079690679,0.612489318404433,0.3362443496763551,0.4600024196691107,0.3021710625353694,1.0,0.40247262025732167,0.5168493550690145,0.0,0.3065567076992326,0.181981362126901,0.869453057760477,0.6220797127932347
1695,21180,0.38598429900599956,0.5307124058749384,0.6407395266652492,0.32489028345087123,0.4152773764035106,0.22015248230888962,1.0,0.36850346803928236,0.4818889132407751,0.0,0.6943117653720974,0.2657578529525867,0.8212921674167302,0.486034814726526
1696,21137,0.0,0.22319185752587312,0.4681911011296974,0.36397377425509636,0.40113480729932016,0.3325749091445387,1.0,0.26223297891778086,0.32866136326231044,0.0,0.7802865619502162,0.5376577786557245,0.7125442614903211,0.6354934549794589
1697,21001,0.0,0.5708812761943315,0.677067602103202,0.35214104396921153,0.4051251655687742,0.2785792941727563,1.0,0.37087080237097925,0.45214102761585884,1.0,0.8775509908295283,0.4521337260732426,0.8212921674167302,0.4489675816100648
1698,21138,0.4749494163497731,0.332464325942744,0.5370675366228737,0.3300103592223108,0.3917817960498292,0.2216118539358567,1.0,0.3489930003846662,0.4925312237831855,0.0,0.6587061293762957,0.3694491792281126,0.8429462157448122,0.7336923924214751
1699,21139,0.4661875608731715,0.19052786208803438,0.3638425535640407,0.3623890678235945,0.383406635569004,0.2327035801322348,1.0,0.2875473678948881,0.257961964568561,0.0,0.9240120743534692,0.5674143356542942,0.7947952132712555,0.8822616494359928
1700,21196,0.4661875608731715,0.08422269512158789,0.25406511069539867,0.3680307786150413,0.3942923053319989,0.253668293117848,1.0,0.3669495075475394,0.27693385365155787,0.0,0.9144593881949363,0.6234070432810704,0.7947952132712555,0.8514307429854822
1701,21140,0.38598429900599956,0.6670825862752026,0.804169367122883,0.3377487688907158,0.39210884751753483,0.2399779827389792,1.0,0.46395162359701836,0.5528580801742652,1.0,0.9735128653896761,0.6563417597687883,0.0,0.3310205258872818
1702,21116,0.0,0.10428744461550334,0.2717650557236629,0.36874189192736884,0.4243136478867061,0.3953511631608162,1.0,0.40364154798306084,0.41132192575371196,0.0,0.22405559635599492,0.02048857852164975,0.9036320434281873,0.7028614859709643
1703,21141,0.15466031737841293,0.2170151417987588,0.3492050581584243,0.3687695134168466,0.3956894946919849,0.23494649716629334,1.0,0.343611396029998,0.2504398256562306,0.0,0.8745114903677023,0.47849198089057765,0.7947952132712555,0.8822616494359928
1704,21170,0.0,0.4753575854531808,0.5478302590818,0.35308111875914294,0.42305124347514356,0.33310297555883084,1.0,0.2903643735291105,0.399950037577094,1.0,0.88102467606441,0.5558414753717882,0.7606458862803938,0.49431816849789056
1705,21052,0.4661875608731715,0.20002751120929507,0.6144334716790921,0.35600591492401323,0.37061875799999056,0.25804688248274776,1.0,0.5093004047363683,0.38375744478150897,0.0,0.8992618858858059,0.6540267581608629,0.7947952132712555,1.0
1706,21168,0.0555057041487397,0.2558486594494256,0.637432189837009,0.3339614416304094,0.3512659240395931,0.20989765501878654,1.0,0.4974570687332397,0.3325552062303814,0.0,0.8927484931386582,0.3907714886874975,0.0,0.725114210224383
1707,21143,0.38598429900599956,0.4824543974944226,0.5935634281035831,0.3274460929213838,0.40678366573947977,0.22238463990438362,1.0,0.37934251639318095,0.5457198294943273,1.0,0.6000868369546108,0.2980717395708599,0.8212921674167302,0.4688836913067502
1708,21142,0.0,0.4231627568568342,0.7430527317500544,0.36449118031545924,0.3987428482003561,0.3168209695195042,1.0,0.25996274271931286,0.32786214473403874,1.0,0.8219714059201102,0.5448000545439753,0.7125442614903211,0.5303779200216894
1709,21023,0.45326841320550565,0.2051483394172545,0.3704667967482067,0.3811526164924589,0.4218752031233879,0.356227102033284,1.0,0.24588531072778708,0.2949981595097727,0.0,0.6235344711031088,0.45801661571101676,0.7606458862803938,0.673718331962919
1710,21115,0.0,0.4839092701018454,0.6265556351723921,0.368003284295671,0.3942401800108736,0.3112052184468329,1.0,0.2982361711515329,0.3354064622874129,1.0,0.7920103790244652,0.5146687466133866,0.7606458862803938,0.4673847848429501
1711,21114,0.4661875608731715,0.8909367900003268,0.9597755651658316,0.34512036258392,0.3904174770183364,0.2543768269945712,1.0,0.4287752394246428,0.7449102443802247,1.0,0.8072080883840356,0.3073089744827736,0.8212921674167302,0.03053367715293953
1712,21108,0.3393034787428914,0.30615248153277574,0.5273017648072774,0.35810202156068893,0.4127635634868898,0.3202299052757892,1.0,0.258192985922871,0.3350002731965688,1.0,0.9244464661769645,0.5788247909502419,0.7125442614903211,0.4851527515977523
1713,21112,0.15466031737841293,0.2963466757302695,0.43021766406959266,0.3737663872516158,0.40497277744494464,0.24569430475587017,1.0,0.367591552811384,0.2735374104241841,0.0,0.8831958069801258,0.49714942920643296,0.7947952132712555,0.7336923924214751
1714,21147,0.4661875608731715,0.25986535591665755,0.6429702065448257,0.3611824728165317,0.38102829180590103,0.2504829830262958,1.0,0.42996054861013555,0.3099653327113646,0.0,0.8441162786990024,0.36328161762100436,0.7947952132712555,0.8514307429854822
1715,21204,0.34847139721872533,0.20449770492739996,0.5243378406124412,0.3359758891775889,0.46062365227602886,0.31335387981916685,1.0,0.4971927566276434,0.5622568566066766,0.0,0.19973948913616657,0.14580040954917145,0.869453057760477,0.8275164340507248
1716,21097,0.0,0.15608993096004392,0.3174079620274858,0.35794472482674755,0.3857922708061029,0.2810253527609434,1.0,0.36015036685652313,0.4200343603936033,1.0,0.9999999999999998,0.6338249066495361,0.7789425991309047,0.9257153714927411
1717,21148,0.4749494163497731,0.4133327964702516,0.3985118677122405,0.3379406674149772,0.38473176041013857,0.23559161484294222,1.0,0.3840478630227636,0.5120130868056683,1.0,0.9583151560301058,0.6936434959176954,0.0,0.6467849483079785
1718,21200,0.34847139721872533,0.2705286603022309,0.3322162123140422,0.33573793796035956,0.4611751563864156,0.295536242211321,1.0,0.3997827881263196,0.4904366825510744,0.0,0.4198871119590055,0.18893482618801816,0.869453057760477,0.9257153714927411
1719,21151,0.0,0.31650291480172366,0.5343679413983259,0.3594489671519172,0.38323197222512795,0.28340716213526806,1.0,0.3688865117572865,0.40547203907733587,0.0,0.9913156833875771,0.6417555223332954,0.0,0.8079770209287339
1720,21159,0.4661875608731715,0.22204020837182484,0.6810794850770838,0.34724262397494743,0.3636513819875987,0.24319921879082296,1.0,0.35370018330825315,0.42982421203979226,0.0,0.9196700195724776,0.45478054249150995,0.0,0.8822616494359928
1721,21050,0.0,0.1666159358951786,0.3492050581584243,0.37172783844313717,0.4298967656698792,0.4042099055182775,1.0,0.3887519212629157,0.4023348760382429,0.0,0.376465528896891,0.088214935406064,0.9036320434281873,0.7430174073632629
1722,21144,0.0,0.5692901400358663,0.6356076092877035,0.36220791362338234,0.38423636946042206,0.2944456554877817,1.0,0.3352726573730106,0.37636883144967426,1.0,0.9869734215561456,0.6600664397080217,0.0,0.46018946138293015
1723,21051,0.4661875608731715,0.6323658026248686,0.5409921845824918,0.33709358058791783,0.3404034971087754,0.2091649384609513,1.0,0.4115136319514159,0.31353723190900673,1.0,0.8393400391449564,0.43426482881049266,0.0,0.5686027970051493
1724,21055,0.15466031737841293,0.19505339892235948,0.4320288770750036,0.37750347337880086,0.41172863194542264,0.24247463916952894,1.0,0.44687954144545927,0.2771943292084008,0.0,0.8484585405304343,0.5117501827164518,0.7947952132712555,0.7914566825269261
1725,21056,0.4661875608731715,0.10377761641360232,0.24396667493088547,0.34905389932042463,0.3560986639241954,0.2094972372070596,1.0,0.2428423009628069,0.2517471559809873,0.0,0.8758142517373091,0.3816563047957316,0.0,1.0
1726,21057,0.0,0.17668973494008583,0.3322162123140422,0.31379236778767805,0.4961079106134789,0.25080453876648967,1.0,0.3225412107969077,0.3508594876659412,1.0,0.3812418719761579,0.15376051458725634,0.869453057760477,0.7336923924214751
1727,21058,0.0,0.2643371802873336,0.4857928047223737,0.3670182910887282,0.4164179269974164,0.37683241955552693,1.0,0.364970990913544,0.3851311706143271,0.0,0.3617021078355962,0.1642335251508969,0.869453057760477,0.7028614859709643
1728,21059,0.4661875608731715,0.17261037249127834,0.2869270738870932,0.35487164292125406,0.3682925395580129,0.22605825379132072,1.0,0.288312457234714,0.27514687540973626,0.0,0.9153277577410475,0.5239257408181109,0.7947952132712555,0.7645232988719857
1729,21063,0.45326841320550565,0.326637655784041,0.48793334986177095,0.38224779590685787,0.42008123379916484,0.34408855472920463,1.0,0.24935212466263323,0.27972033478900826,1.0,0.6508901823099831,0.6658125377135337,0.7606458862803938,0.3709870673660809
1730,21064,0.11762891481324096,0.2593399473243377,0.4790987865072429,0.30411729729081693,0.5422630135675581,0.3039225811934815,1.0,0.2831530120566531,0.33453303796728595,0.0,0.3499782907613471,0.4314972351660681,0.869453057760477,0.7645232988719857
1731,21065,0.0,0.27763496471962457,0.5343679413983259,0.364986202736443,0.3885345242049497,0.30859948657790603,1.0,0.2827170960622496,0.34672654437465633,0.0,0.8423795396067824,0.557338964667112,0.7947952132712555,0.6189731165776511
1732,21066,0.15466031737841293,0.1958245929197374,0.3908492491240862,0.36382544346324774,0.3862146296248371,0.22775199429945658,1.0,0.30697728146693737,0.2420146970420799,0.0,0.8688666742171061,0.42088866453669616,0.7947952132712555,0.8822616494359928
1733,21067,0.0,0.3757190380395157,0.5597732959378608,0.36154385228611297,0.40589548266507114,0.34893643006506514,1.0,0.3118988513941773,0.3730291674173031,0.0,0.7346938479723859,0.5271354975376037,0.7125442614903211,0.6130176920083639
1734,21070,0.4661875608731715,0.17911469156058135,0.5107251277572414,0.3549826760529661,0.36852098004023903,0.2582688455145272,1.0,0.4802230730005439,0.3983512927976959,0.0,0.8996960706588613,0.5425470148942514,0.7947952132712555,0.8079770209287339
1735,21071,0.0,0.43044118405015824,0.6897838803486965,0.31887941732179936,0.49521573969952526,0.24431429743565847,1.0,0.35832680458614974,0.3456962666634503,0.0,0.2700824951068803,0.1111577571138528,0.869453057760477,0.36653953850061105
1736,21076,0.5689366890539633,0.34325900431677636,0.5008827212289277,0.33340052813665366,0.4666364203519322,0.3193395819305238,1.0,0.5742484105071499,0.49084925004728286,0.0,0.22405559635599492,0.20938053388576744,0.9701320359742358,0.5807482395941909
1737,21038,0.0,0.44745789731898017,0.48360812153580984,0.3603766441467857,0.3850820547100213,0.288299247074262,1.0,0.3470074830519836,0.395350379929994,1.0,0.9943551838494031,0.6471642431848788,0.7789425991309047,0.566705932174072
1738,21078,0.34847139721872533,0.224245060197262,0.5403480890993242,0.33126873223220643,0.4716872890173506,0.28404185084806466,1.0,0.46015149888805196,0.5019287665635835,0.0,0.208857990521645,0.04471800565630579,0.869453057760477,0.8514307429854822
1739,21047,0.4661875608731715,0.3343212044776246,0.5322971253701592,0.3417455475477217,0.34013888266360504,0.2049932750847261,1.0,0.3022138400716192,0.2797556420417734,0.0,0.8323924616247538,0.3207521509373147,0.7947952132712555,0.668732778856004
1740,21048,0.38598429900599956,0.3572373119678751,0.5542536427163507,0.3298840295399408,0.40368149054443403,0.22620924933951847,1.0,0.39582601895010416,0.6019066299847788,0.0,0.7529310577937822,0.30204797519338084,0.8212921674167302,0.7171720540196672
1741,21049,0.0,0.13847679203087862,0.3908492491240862,0.3229574905571724,0.4913801055762208,0.254576844774717,1.0,0.3990592753924387,0.37861116462700617,0.0,0.33000434184773075,0.07901900207436043,0.869453057760477,0.7532318055434659
1742,21080,0.34847139721872533,0.11419051954905073,0.300188532020952,0.32986070747397866,0.4750604025194316,0.2885277731639331,1.0,0.5780493204329749,0.6096832835997619,0.0,0.25141120403764927,0.12327584441987441,0.9301468010770011,0.9257153714927411
1743,21132,0.38598429900599956,0.7505771785656429,0.7677771958165254,0.3316236935436325,0.412422896683323,0.2331088063793969,1.0,0.4802840802064041,0.6958826577068844,1.0,0.9478941003254626,0.5626120364757173,0.0,0.25663169701677113
1744,21216,0.34847139721872533,0.12907396710580965,0.2717650557236629,0.33002002816173814,0.47467723789105565,0.2932512030179141,1.0,0.5783523701448505,0.7340748598629216,0.0,0.1719495931562378,0.09977739239015601,0.9301468010770011,1.0
1745,21072,0.34847139721872533,0.2882115886128644,0.4642905362206865,0.3267457105843603,0.4826290719410157,0.2840944371958214,1.0,0.9222603120330437,0.5757178800170061,0.0,0.29353012925537825,0.06469759077149413,0.9701320359742358,0.7645232988719857
1746,21068,0.34847139721872533,0.11649058019847684,0.34105077566857017,0.3248357137511707,0.4873432616424125,0.27321047271887844,0.0,0.557170741961554,0.48418512282340187,0.0,0.3326096575365014,0.04361405488404475,0.9518127218666266,0.9257153714927411
1747,21171,0.0,0.34483023694651666,0.4951020124005398,0.36092743046490305,0.38052327335986846,0.2812700329840767,1.0,0.42065574597798217,0.3890157267682586,0.0,0.9635257874076484,0.6608579907587445,0.0,0.7430174073632629
1748,21062,0.4661875608731715,0.1891684394843382,0.3322162123140422,0.3443322216585225,0.35328434600649716,0.23026596320816428,1.0,0.3176922228440572,0.36909598576664193,0.0,0.9335649675624429,0.5404474041470271,0.0,0.8822616494359928
1749,21061,0.45326841320550565,0.09566986510160387,0.2869270738870932,0.41250608542650524,0.46929202628393574,0.3770190788688327,1.0,0.5236049945431354,0.3924927074661534,0.0,0.30091189154863573,0.10283109690406884,0.9301468010770011,0.7532318055434659
1750,21060,0.38598429900599956,0.20661283833659633,0.3985118677122405,0.33350171239013826,0.4001167947281651,0.23197185553436506,1.0,0.4319927559580343,0.6135964992000762,0.0,0.9669994726425284,0.5161848944108344,0.0,0.8079770209287339
1751,21181,0.38598429900599956,0.19590718249063566,0.3736298191175524,0.33646881830885733,0.3992149963178956,0.24036732096817603,1.0,0.5312691730318224,0.6148097791850935,1.0,0.9691706035582446,0.6725991263612872,0.0,0.6639688805647354
1752,21044,0.0,0.25632633289512263,0.5018162372297665,0.3467691019396113,0.4364507261547591,0.31486518826039245,1.0,0.3074589176399515,0.3803414610279454,1.0,0.7199305304363113,0.39061795694991247,0.7606458862803938,0.5705338414139879
1753,21036,0.41838856488284204,0.14442510491055538,0.34105077566857017,0.4175973606192671,0.47509959670978996,0.3449859605183698,1.0,0.4751690140936533,0.5096885601125727,0.0,0.26443767895628345,0.02364781610548424,0.9701320359742358,0.7914566825269261
1754,21191,0.3061859246211213,0.3023172773228038,0.5018162372297665,0.3548763207962514,0.36830216705432894,0.20827565022024075,1.0,0.24656142492268351,0.2508357268605881,0.0,0.860182357604683,0.44473710675007005,0.7947952132712555,0.7336923924214751
1755,21215,0.34847139721872533,0.210353796771672,0.44707110621415275,0.32959873944911733,0.4756912626226657,0.27790207008005896,1.0,0.46004460467431474,0.47730856259266585,0.0,0.2930959444823231,0.0690751058052452,0.9036320434281873,0.8514307429854822
1756,21192,0.34847139721872533,0.18014328984194147,0.3881667417764709,0.32794994332972793,0.4796856087316649,0.2921611439178191,1.0,0.5792994736365233,0.6286496509145565,0.0,0.25835867803263146,0.09460605816214802,0.9701320359742358,1.0
1757,21193,0.4661875608731715,0.16751014887479665,0.5903885574389284,0.35375384521661446,0.3795318072553413,0.26401173673572065,1.0,0.403690554695997,0.45136201541963616,0.0,0.8688666742171061,0.5171632686886691,0.7789425991309047,0.7914566825269261
1758,21173,0.34847139721872533,0.2415678215862479,0.4560302473381071,0.3382370175434496,0.4554236991212317,0.3167825938701627,1.0,0.4673450563107163,0.5097270933182181,0.0,0.4472428231658798,0.5378432832937948,0.869453057760477,0.7914566825269261
1759,21073,0.4661875608731715,0.3015748676502274,0.4731780630258004,0.33545860459342014,0.32581435874154285,0.19893442044881926,1.0,0.3655663920090172,0.31662814754852464,0.0,0.8758142517373091,0.39423967599304327,0.0,0.7914566825269261
1760,21121,0.4661875608731715,0.19580688354123943,0.2717650557236629,0.3433912476821638,0.3646092935585383,0.23676201780590755,1.0,0.3121038181175315,0.4368597594659086,0.0,0.9339991523354974,0.5383082713029522,0.0,0.9257153714927411
1761,21083,0.3393034787428914,0.23537245947293498,0.34520634282026325,0.34159238990845864,0.44784141436378644,0.28186694817019653,1.0,0.3873584871980156,0.40273615471243773,0.0,0.6773773169203068,0.2383810810585386,0.7947952132712555,0.7645232988719857
1762,21081,0.3061859246211213,0.18569728593869517,0.32257744486569473,0.3419570332697217,0.3406110307811444,0.19070918760047606,1.0,0.23588825176926143,0.28268480369132987,0.0,0.7854971933277579,0.237310081549695,0.7947952132712555,0.8822616494359928
1763,21075,0.34847139721872533,0.3669937727422714,0.6829458058493882,0.3361999813972808,0.4601050184941352,0.3177559216165553,1.0,0.5492895576984289,0.5343573529318157,0.0,0.1680417231483009,0.040991088127238055,0.869453057760477,0.8275164340507248
1764,21074,0.38598429900599956,0.8299124812418613,0.7206189305370331,0.3326123031631627,0.4029480316161753,0.23143284661992536,1.0,0.43556087566237256,0.667881303777645,1.0,0.7042988433541255,0.34243005217599276,0.8212921674167302,0.33724436038856687
1765,21111,0.11762891481324096,0.24101420339460142,0.5072509351768942,0.30822487513521,0.5308025968619994,0.28518222210913535,1.0,0.3161921084600542,0.3144273563061526,0.0,0.4059921639690409,0.30073375196367697,0.9036320434281873,0.7645232988719857
1766,21089,0.34847139721872533,0.2755582437282167,0.5315977605821658,0.32104240199492895,0.4968742398702305,0.2642644323466705,1.0,0.46352327365313994,0.4315429765213492,0.0,0.2648718637293386,0.10113864104033957,0.9518127218666266,0.8822616494359928
1767,21210,0.34847139721872533,0.23026536337949177,0.4186476299168636,0.32923861293529644,0.4765601907044421,0.2828838223453596,1.0,0.5311475858157317,0.5329750111240545,0.0,0.328701684003345,0.037531394376711213,0.0,0.9257153714927411
1768,21136,0.38598429900599956,0.7577156551048048,0.5132579985088492,0.33755710014603335,0.400051054071179,0.2435804032360689,1.0,0.5944181740364527,0.5857858962454305,0.0,0.9643943640041981,0.6574978360394391,0.0,0.42901116381734483
1769,21077,0.34847139721872533,0.15735968780899443,0.3704667967482067,0.3280707985005382,0.47939142759245235,0.28154258810095323,1.0,0.5901533505563996,0.5402243874600962,0.0,0.30308291893913175,0.07400515490489416,0.9518127218666266,1.0
1770,21088,0.34847139721872533,0.1385891789917078,0.3174079620274858,0.3289256571773218,0.47731689246487796,0.29422034216914317,1.0,0.5663927207272386,0.6805685407303061,0.0,0.229700412506592,0.054672452344294485,0.9860016052903372,0.8822616494359928
1771,21131,0.4661875608731715,0.1878499486120549,0.5081302213907973,0.35540572220888533,0.3735422820116152,0.26337917429543234,1.0,0.4584029784934597,0.4163996467880978,0.0,0.9470255237289111,0.7053346734555068,0.7789425991309047,0.9257153714927411
1772,21110,0.0,0.6830831917641238,0.614754057039226,0.3747961233624645,0.4068500906015602,0.3201555349898265,1.0,0.3008644251478061,0.3044249666988742,1.0,0.8471559862112688,0.5703452838371108,0.7606458862803938,0.4359971495292171
1773,21183,0.34847139721872533,0.1900901270553515,0.41016683443920954,0.3207944646211932,0.4975050999734646,0.25553584057566714,1.0,0.38692206683142993,0.3904585654075512,0.0,0.2848458126429554,0.02552554790845119,0.9301468010770011,0.6508295817171241
1774,21020,0.4661875608731715,0.3215160435071541,0.5911912384043506,0.35894758022465967,0.3777610807632954,0.2768894583902841,1.0,0.42685669408701843,0.402618093279996,0.0,0.9305254671006169,0.4964412594762239,0.0,0.7771461144782232
1775,21028,0.34847139721872533,0.1890782354679115,0.3174079620274858,0.3274556081977964,0.48089121577746297,0.2758657649315759,1.0,0.5016035157021652,0.485437222786376,0.0,0.3056882346279024,0.07365301622919619,0.0,0.9257153714927411
1776,21109,0.0,0.3719150071885345,0.69971017410834,0.3138345594757507,0.5025367136462513,0.2554531310685062,1.0,0.2971863955021724,0.32134266390650046,0.0,0.3716890822924044,0.034422160487153214,0.9036320434281873,0.7645232988719857
1777,21030,0.34847139721872533,0.05364122447612261,0.22032386128980105,0.32707734583986525,0.4818162570199096,0.27658183903168343,1.0,0.541132627311661,0.4990976316899457,0.0,0.268779837262495,0.046325960013552284,0.9301468010770011,0.9257153714927411
1778,21034,0.38598429900599956,0.5446005026073848,0.6992785915128664,0.33847449331215496,0.3972198171831688,0.24477502933498063,1.0,0.5631902323322178,0.5575461450555944,1.0,0.9643943640041981,0.6743969104583766,0.0,0.354726535310086
1779,21090,0.38598429900599956,0.5334973258092275,0.5789114512682043,0.33703642206914286,0.3960567079621796,0.24001600956913705,1.0,0.4997996905164773,0.575403713251599,0.0,0.980026051086383,0.6818813286422142,0.0,0.49624921290672896
1780,21091,0.0,0.2629785072053881,0.4486178983668503,0.3178061635436852,0.5019154810393327,0.2500128499526697,1.0,0.33575439315621114,0.3548827862254881,0.0,0.3812418719761579,0.04727343023457334,0.9301468010770011,0.7336923924214751
1781,21095,0.4661875608731715,0.2507277187239729,0.3985118677122405,0.35251211855204445,0.3701362981810412,0.2565983519522568,1.0,0.423767529909733,0.42932790341898486,0.0,0.9274859666387909,0.678692747166194,0.7947952132712555,0.8822616494359928
1782,21102,0.38598429900599956,0.4135647593929516,0.611503698453348,0.33414063108706515,0.3942627386379566,0.2311410434128509,1.0,0.4013051488868341,0.5277971402236206,0.0,0.9409465228052591,0.6024991561245907,0.0,0.7028614859709643
1783,21103,0.45326841320550565,0.3030772250130984,0.3767011466471717,0.38844551028635255,0.4306262367585929,0.3346667816182869,1.0,0.2780826310766725,0.3336983836051127,0.0,0.6760747626011414,0.3431685361456656,0.7390115964200016,0.7171720540196672
1784,21106,0.4661875608731715,0.4701921594266815,0.5833084880555318,0.3409566554457135,0.37928411178048327,0.24073992652306608,1.0,0.37482869830897936,0.5439000369661044,0.0,0.8892748079037778,0.5468809588040725,0.0,0.5686027970051493
1785,21107,0.34847139721872533,0.1933532718284473,0.4455013977899933,0.3256279939749922,0.48538095283617855,0.278712539996671,1.0,0.684036793263899,0.5259654085485095,0.0,0.32392534092407876,0.049055933262514353,0.9701320359742358,0.9257153714927411
1786,21214,0.4285940061633923,0.38203169016427646,0.6456343176113476,0.4015895146869869,0.45168337234895595,0.32382664525954774,1.0,0.3391089329216894,0.465973815315062,1.0,0.7876683242434737,0.40831047179090113,0.7125442614903211,0.6639688805647354
1787,21019,0.4749494163497731,0.6044086077229885,0.7251184436994803,0.3366734416735563,0.38005044103723495,0.22922177909918773,1.0,0.3318657832530493,0.4490777012449009,1.0,0.8376030930022955,0.4494068000086416,0.8429462157448122,0.30685630607714365
1788,21017,0.34847139721872533,0.35136085357404134,0.5719535877446148,0.34012012898533217,0.4511487872088812,0.32038448008480824,1.0,0.4498232656464173,0.47713240382781963,1.0,0.4311767442601995,0.4294753517767734,0.8429462157448122,0.6391266864816243
1789,21024,0.4661875608731715,0.0,0.17052538783428509,0.3512624399972303,0.36077998329709904,0.216246475337456,1.0,0.25187872148954416,0.26278968693675187,0.0,0.8697350437632163,0.39344587611733195,0.7947952132712555,0.8822616494359928
1790,21086,0.11762891481324096,0.0,0.18984297314940843,0.3115307334076419,0.5217902524160749,0.2741432826269352,1.0,0.3435495499886002,0.336840221325846,0.0,0.32826749923028986,0.1941115417954951,0.9301468010770011,0.668732778856004
1791,21084,0.34847139721872533,0.268242030273287,0.4501424337437721,0.32860934205448467,0.47808322172162976,0.2856817129311835,1.0,0.6281670997770687,0.5877809180973165,0.0,0.31697786692909613,0.19928075237431703,0.9518127218666266,1.0
1792,21150,0.4661875608731715,0.19298661296153846,0.3672064354830018,0.35032386105146907,0.3700801850203709,0.25201652950682796,1.0,0.38926073566978125,0.44439413162236907,0.0,0.9118540725061652,0.5128575708397988,0.7947952132712555,0.7771461144782232
1793,21082,0.4661875608731715,0.2551428097472405,0.4406477225796021,0.36864551042647553,0.3954554145529877,0.2728631836042654,1.0,0.5006639104627284,0.30778362976496054,0.0,0.9040381254398528,0.6789220083283692,0.7789425991309047,0.7645232988719857
1794,21160,0.4661875608731715,0.2202688225515773,0.2869270738870932,0.33066694389659956,0.32768136019674854,0.19342719111798568,1.0,0.4155444810474552,0.3531863900291524,0.0,0.8619193037473438,0.4068774960095894,0.0,0.9257153714927411
1795,21157,0.4661875608731715,0.2993948142248797,0.47438897198519975,0.3516868252290347,0.3616721542110525,0.22844495055579306,1.0,0.3117328045362858,0.3005267826522845,0.0,0.8788537521991351,0.4130792398333407,0.7947952132712555,0.6319793675308782
1796,21162,0.34847139721872533,0.19509512350667016,0.41449206276517053,0.3280246830413833,0.4795036539137929,0.27412425514345506,1.0,0.4622532440657995,0.4650057915596316,0.0,0.322622683079693,0.07340636076322786,0.9036320434281873,0.9257153714927411
1797,21209,0.131951524421951,0.2896869296229994,0.4767700470365016,0.38757457938563755,0.42916894639839154,0.2906960079653592,1.0,0.2830074388102308,0.3665365002393497,0.0,0.8323924616247538,0.39256084681068637,0.7390115964200016,0.7097780834867178
1798,21122,0.38598429900599956,0.25138976443767247,0.4486178983668503,0.3286883622542244,0.40618567596473865,0.2252045291823539,1.0,0.39755133672749376,0.5880671133822897,0.0,0.7325227170566702,0.2755751335895086,0.8212921674167302,0.6550328681014498
1799,21182,0.0,0.34507531270282715,0.5370675366228737,0.3591502663913221,0.3815173588937524,0.2805950162112907,1.0,0.38905373102253193,0.4069999658385637,0.0,0.9778549201706677,0.639222413358717,0.0,0.7771461144782232
1800,21021,0.4749494163497731,0.10750221468984213,0.25406511069539867,0.3394902034912488,0.3472948207627711,0.21605855623091652,1.0,0.3833516569084675,0.32698247581583584,0.0,0.9174988886567623,0.538088011779178,0.0,0.9257153714927411
1801,21069,0.4749494163497731,0.27535410985740044,0.5173493709414074,0.3367464613012209,0.36689865383247766,0.2222322637127354,1.0,0.38423275371936805,0.38819822614078736,1.0,0.903169755893743,0.4068896460596718,0.0,0.6963643413004936
1802,22006,0.0,0.8037396219020734,0.6854389415993337,0.2611529294556404,0.4467135114936108,0.17359679898521008,1.0,0.28403780644577126,0.4287892342054235,0.0,0.8897089926768322,0.5290919648488309,0.7789425991309047,0.2620794799908439
1803,22011,0.0,0.9174044184895908,0.722950232083986,0.2624894617377983,0.47280226075676024,0.19110432480371276,1.0,0.23016232365179867,0.43049203692480664,1.0,0.772905006707399,0.40030583733705555,0.7390115964200016,0.23248850328153325
1804,22012,0.0,0.6715916412163839,0.5915903099898451,0.26734094600267533,0.45508138050044,0.18640042208580798,1.0,0.25727447830182737,0.6919352281695944,1.0,0.7707338757916833,0.47968844271980204,0.7789425991309047,0.3996205609227289
1805,22001,0.0,0.4417296617507667,0.4813774416562334,0.27222620426677346,0.43164191330742896,0.17656485851094583,1.0,0.38763301260318583,0.46998297299771175,0.0,0.7503257421050116,0.4679019073044172,0.7947952132712555,0.4630098890301837
1806,22005,0.0,0.7975418155845639,0.5613746369583712,0.26604930163687734,0.4818474755311778,0.20270192265387998,1.0,0.256594317593843,0.4316205096616299,1.0,0.7841944319581524,0.3351931188589003,0.7606458862803938,0.41489586469328976
1807,22004,0.0,0.49036006887542066,0.5802498275569147,0.27602980652140474,0.5008397034902825,0.23089998286776403,1.0,0.3493805450379682,0.3475420619769023,0.0,0.4502823236277058,0.20335406539678375,0.7390115964200016,0.47670979978473804
1808,22017,0.0,0.5499154456987655,0.7008525396833576,0.27167841821471106,0.46970971305803066,0.20140159715443207,1.0,0.24036287360156805,0.5197882354242696,1.0,0.8423795396067824,0.5849634889487548,0.0,0.3887252605229248
1809,22003,0.1562111475591024,0.23933556375222295,0.3985118677122405,0.26651643509334033,0.5548576570051585,0.264940967259373,1.0,0.38779782357531123,0.2728813682438236,0.0,0.28137212740807427,0.08829901523717462,0.7947952132712555,0.6789471770362071
1810,22013,0.0,0.1997420559746477,0.311973264080358,0.2687726835484917,0.521008656006237,0.23521172093480436,1.0,0.448168044084995,0.2982395801941593,0.0,0.6191924163221174,0.2446656863082153,0.7390115964200016,0.6428874255124083
1811,22007,0.0,0.603779818402765,0.608150463510298,0.27269542623848964,0.4813384692456003,0.21094847933276628,1.0,0.27177442438047383,0.43842567355490814,0.0,0.8098131970223663,0.4915148355724003,0.7390115964200016,0.4727253235846721
1812,22015,0.4964577629680267,0.21268985631378312,0.3704667967482067,0.27727748578992706,0.52199943790567,0.2510644069239718,1.0,0.4604291308928381,0.2879735605850191,0.0,0.27312199556870653,0.018217058672235872,0.8212921674167302,0.6902386703647267
1813,22018,0.0,0.3055801226254382,0.4681911011296974,0.2681654102493317,0.5016196480828954,0.21987410138390207,1.0,0.3408574474059515,0.35367165755538255,0.0,0.7264437161330182,0.26569468307656674,0.7606458862803938,0.5612088264721999
1814,22002,0.0,0.21491987428831016,0.34520634282026325,0.27353160749604954,0.5335953237647464,0.25492704060049354,1.0,0.7317469376068488,0.2816752034676151,0.0,0.37386021320812013,0.08381997738720816,0.8212921674167302,0.6639688805647354
1815,22008,0.09111321539507769,0.6142698117574336,0.43021766406959266,0.26476689288360167,0.44385903177342345,0.17655609068315226,1.0,0.26069121403638706,0.5009181689996207,0.0,0.806339511787485,0.5216734442501275,0.7789425991309047,0.48000760044918767
1816,22016,0.0,0.8916881424054044,0.768078842655688,0.2724294580980803,0.45228301394092285,0.1901898641097799,1.0,0.30033572582090795,0.8015890099186926,1.0,0.8202344597774498,0.48326105171544126,0.7789425991309047,0.22650611712418922
1817,22014,0.0,0.9643511695118206,0.8721985079418263,0.25857112806743,0.4677049064269876,0.1819534033195358,1.0,0.2781430637400071,0.43833350657571724,1.0,0.8215372211470553,0.4844204981068206,0.7606458862803938,0.027225542914952494
1818,22009,0.0,0.3265426794501856,0.4694600190588954,0.2701480527133523,0.5629545877049523,0.29068291117907863,1.0,0.33802358320258696,0.34233351639087883,0.0,0.28745112833172604,0.07740033178229011,0.7947952132712555,0.5372945175374426
1819,22010,0.0,0.18679447938075916,0.279617045909487,0.27445347220960337,0.5572688710967546,0.29561138568878187,1.0,0.3116794907828909,0.3926505838462556,0.0,0.35084676383267754,0.0025485238528044343,0.8429462157448122,0.6844442827380792
1820,23007,1.0,0.31415991450911834,0.4642905362206865,0.21449506191270784,0.29889752740419995,0.23555309997454388,1.0,0.2843308325634242,0.36344167162246566,1.0,0.5549283077498357,0.5967986251120013,0.869453057760477,0.5053972334810175
1821,23009,1.0,0.4183164874533846,0.5228241951456672,0.22372763283581454,0.3645538646029617,0.23802073944198066,1.0,0.2379838454003198,0.4845989768968819,1.0,0.5727311257477368,0.5963201982471728,0.869453057760477,0.324941198764199
1822,23010,0.7506906774790084,0.32398017318127964,0.45885583827355875,0.24938467697792943,0.4752543208559393,0.20278677186225713,1.0,0.06226791709461055,0.16353582016211576,1.0,0.516283171292208,0.5559796924653885,0.832611560697172,0.4082646736449158
1823,23008,1.0,0.5947999904955992,0.6456343176113476,0.21748177186554896,0.3348114360343799,0.22764509954085943,1.0,0.36981284024411154,0.3971852705576694,1.0,0.5640468091353139,0.5937369521928987,0.869453057760477,0.14618321783701205
1824,23002,0.6453138971959967,0.38981641920932353,0.5548187287528338,0.2350505582321546,0.4156011242367649,0.22944657071720376,1.0,0.15554114239665373,0.27886531548351,1.0,0.5319148583743931,0.556592916941132,0.8429462157448122,0.3728190789030994
1825,23006,0.6453138971959967,0.2907754737337542,0.496087632351625,0.25078112154940946,0.4766226277269773,0.26535253703847106,1.0,0.12932029896052777,0.20897881386035477,0.0,0.5510204377418992,0.563149083228992,0.8429462157448122,0.509727926337842
1826,23003,1.0,0.3635879791400814,0.4501424337437721,0.20629110850597876,0.2567928837197899,0.20617842133257347,1.0,0.3984566625277357,0.38785213407200336,0.0,0.5631784395892037,0.6579408299158708,0.8212921674167302,0.46444843499384614
1827,23011,1.0,0.6010889942702009,0.44707110621415275,0.2108876836263932,0.29796285866543726,0.21438100071835353,1.0,0.37725627392970407,0.3146692832331953,1.0,0.5570994386655517,0.6076179519092644,0.8429462157448122,0.414440789422829
1828,23005,1.0,0.7078049020349375,0.774435760331914,0.20702680563965525,0.2786532067349431,0.20215458531673214,1.0,0.5047619587192054,0.32126262570920416,1.0,0.5557968843463863,0.6344410147206336,0.832611560697172,0.05645598954515085
1829,23001,1.0,0.4832358546830313,0.579805577930439,0.21225744709966976,0.30902649540675897,0.19040270354449906,1.0,0.40721065943602375,0.3299872377725511,0.0,0.5770733875791683,0.655779940105801,0.0,0.30702284855846296
1830,23004,0.7506906774790084,0.6379082898073442,0.6878747587756925,0.25120612053067337,0.48245908064177956,0.17150354503969778,1.0,0.020745654254080148,0.13123796235324203,1.0,0.45419019363564206,0.4659278100043506,0.852453839938568,0.22494498150539044
1831,24016,0.5967154078961798,0.41361879435498744,0.6057384124667595,0.25733474871207307,0.6632030123272095,0.4844752307520639,1.0,0.3473861677160365,0.4159436823174447,1.0,0.45679550932441293,0.5984843267631796,0.8212921674167302,0.5119607167888041
1832,24032,0.0,0.38739291762848505,0.5157317306545482,0.2465830291850858,0.5537915069524233,0.2048168636773422,1.0,0.4703414068811477,0.38566449326188523,1.0,0.5892313894264722,0.22889189573100469,0.7789425991309047,0.4933655394239652
1833,24051,0.0,0.2433921808257207,0.3704667967482067,0.23122600857814712,0.6253387584094316,0.20298889930160402,1.0,0.2656096153991433,0.3283403808931644,1.0,0.669127185080939,0.5437111788514346,0.7606458862803938,0.5851231354069573
1834,24029,0.21593804418795293,0.18426895411820285,0.3638425535640407,0.27618958891144507,0.5899876332031797,0.36680315065919966,1.0,0.35689060685941476,0.49173161905407825,0.0,0.4376899299569066,0.38170195121440537,0.869453057760477,0.668732778856004
1835,24033,0.0,0.07473977017246199,0.18984297314940843,0.21115723105085105,0.6365883378081703,0.13757355032896723,1.0,0.16144777077612493,0.2475831833068819,0.0,0.9461571541828018,0.6426523672195896,0.7125442614903211,0.7336923924214751
1836,24027,0.1562111475591024,0.2682168457994292,0.45745246172137827,0.2601961089335748,0.5602395649778277,0.24896491771522378,1.0,0.28037347140719726,0.24711438297039356,0.0,0.42336079719388664,0.1387879131697829,0.7789425991309047,0.6789471770362071
1837,24025,0.0,0.46160737392785633,0.5008827212289277,0.2184320400582319,0.6067104400860708,0.14528520267946043,1.0,0.1865081394106256,0.24300727296899804,1.0,0.9253148357230747,0.671174922724615,0.7125442614903211,0.514241016966871
1838,24015,0.0,0.5106800128839747,0.454588682506295,0.2171469768721751,0.6608270045864264,0.168393925600703,1.0,0.24400235509856938,0.3236542370432972,1.0,0.7959184560828418,0.4698391925988004,0.7125442614903211,0.5969119385149223
1839,24059,0.0,0.7965630247290812,0.6552314816898896,0.23834834526475224,0.5738482331470374,0.1915353066575125,1.0,0.5117794558523834,0.6779156149120522,0.0,0.857142857142857,0.5862660440792851,0.0,0.425429969250002
1840,24013,0.5252848794142257,0.6650040526584756,0.7199094186399911,0.25501627882315525,0.6354132650685462,0.3643066106261117,1.0,0.1944797355829866,0.5368211356039926,1.0,0.45245324749298144,0.27553210730903926,0.869453057760477,0.30455148466223203
1841,24002,0.37970029561944885,0.10953618644697465,0.25406511069539867,0.2506340142613025,0.6151921872314665,0.2921712513411442,1.0,0.1669858946985321,0.31723413096695796,1.0,0.48328264393473686,0.23467169089775541,0.869453057760477,0.7532318055434659
1842,24003,0.5454589984878422,0.39109342247585305,0.44229044355794794,0.2635329680663451,0.6009430314627064,0.3364458292025184,1.0,0.20919143260909168,0.43733301784123146,0.0,0.31350407816899484,0.17142827383716142,0.9301468010770011,0.5686027970051493
1843,24004,0.25203105460680486,0.0,0.1164016860528081,0.23896889004186417,0.5942745086341662,0.20552420329644328,1.0,0.3624520759058756,0.4383508685590305,0.0,0.6656534998460579,0.4363094590665158,0.7606458862803938,0.7914566825269261
1844,24028,0.0,0.96861886949331,0.8703216679048537,0.2339115578043368,0.5844068514423265,0.18310576403839973,1.0,0.507912186022015,0.49144836952778714,1.0,0.743378164584809,0.5408311663942846,0.7390115964200016,0.03499544307228464
1845,24050,0.0,0.9524034099092579,0.5685432994971402,0.23753490745598882,0.5465073911737356,0.17881307143754865,1.0,0.4138026320606766,0.5011660398583861,1.0,0.7572731125747738,0.46542552481665994,0.7390115964200016,0.4452716958733398
1846,24057,0.04407120729054076,0.2934144319291968,0.4406477225796021,0.27592869227867933,0.5764759242022239,0.33575321485097565,1.0,0.30397682086571975,0.6253479072214729,0.0,0.32088584046225255,0.1084625623378178,0.9301468010770011,0.5920397329227105
1847,24049,0.0,0.37603827966704395,0.5157317306545482,0.21277295216217051,0.6025942401594151,0.13036483218157313,1.0,0.19988799082538966,0.2289109914524048,0.0,0.9405123380322051,0.6782000967411547,0.7125442614903211,0.5493828179949455
1848,24006,0.0,0.12526385964270453,0.3322162123140422,0.21008156381008625,0.6971240778449822,0.163610960463493,1.0,0.3464139865881025,0.4217668717103369,1.0,0.746417665046635,0.36791125036493155,0.7390115964200016,0.7430174073632629
1849,24018,0.5252848794142257,0.5721981471306427,0.2717650557236629,0.26958355016541613,0.5878241145864423,0.3383408451718881,1.0,0.2334664321780524,0.4196679261585199,0.0,0.262700836338843,0.13577741272705196,0.9301468010770011,0.6428874255124083
1850,24037,0.04407120729054076,0.3666166463487104,0.5559399390112435,0.27878199462543785,0.5702154606514623,0.3313550115429913,1.0,0.33776546269818086,0.8093871598144953,0.0,0.34172815892197916,0.0803887110772805,0.9301468010770011,0.4489675816100648
1851,24038,0.5252848794142257,0.1579237854723874,0.2869270738870932,0.27446596692949876,0.5873151083008645,0.3551259929382552,1.0,0.31312101295370187,0.5310241750595732,0.0,0.43074255948714435,0.3686149917250704,0.9036320434281873,0.7645232988719857
1852,24020,0.0,0.675028494105986,0.6852745453201295,0.2155914426349569,0.7037540906882587,0.1933041265673512,1.0,0.4813133722104529,0.4973733374397864,1.0,0.7225358461250819,0.3524528690015464,0.7125442614903211,0.36424089670600746
1853,24001,0.0,0.3529087878244125,0.41016683443920954,0.22764685850494504,0.5894617079472899,0.1667147351968299,1.0,0.3250267495259488,0.35498751041101595,1.0,0.8050369574683198,0.5196761722804096,0.6784442506275288,0.5765449532098653
1854,24045,0.0,0.5272822781743788,0.47071391985523714,0.22280247241247053,0.6357522800548872,0.17369705926114865,1.0,0.20458157380456343,0.2697389327483598,1.0,0.7998263260907781,0.5174461361244912,0.7125442614903211,0.6020162396286254
1855,24026,0.5252848794142257,0.14815917826503258,0.3062446592022165,0.2682857782591933,0.6022047516691746,0.36557895106775484,1.0,0.24055664511468777,0.39829367409483707,0.0,0.445505877023219,0.37701869693081286,0.869453057760477,0.6963643413004936
1856,24044,0.0,0.20841113173187598,0.3322162123140422,0.20321275809976636,0.724857711942976,0.15813437343187497,1.0,0.35004963873359407,0.3594702959705961,1.0,0.877985175602584,0.5871326857405513,0.7390115964200016,0.6594077639142162
1857,24039,0.5252848794142257,0.210816081356692,0.37968594629881686,0.2707389664861356,0.5981775352316823,0.3674942736286435,1.0,0.2705759662552999,0.4359852913336745,0.0,0.46070337933234917,0.3632224260669841,0.869453057760477,0.6963643413004936
1858,24048,0.0,0.2521224775697729,0.36036836098369357,0.2117087024876051,0.7112898897813495,0.1792356864935789,1.0,0.5544034458834303,0.7184924464874798,0.0,0.8276162220707073,0.5961258130521012,0.7390115964200016,0.8275164340507248
1859,24055,0.0,0.2702303753690917,0.3854145511769584,0.24193444513875473,0.5708582842733323,0.20043040721859207,1.0,0.42864299711827414,0.4981933686305996,0.0,0.6291792872537056,0.19483426225440933,0.7606458862803938,0.46964108007855765
1860,24054,0.04407120729054076,0.2980876080445558,0.45885583827355875,0.2726166606360262,0.574672327381685,0.3218358206353643,1.0,0.2463549686971862,0.4546630215527919,0.0,0.21320014882785632,0.00037498838775341134,0.9518127218666266,0.5344740898901891
1861,24053,0.5252848794142257,0.3029450327194817,0.4847060938556045,0.2732207474583098,0.5830634392206911,0.3422867804828462,1.0,0.2768460902842692,0.5090511000134474,0.0,0.40816329488475667,0.1570068313529579,0.9301468010770011,0.5786259907364864
1862,24052,0.37970029561944885,0.1817636318506266,0.3492050581584243,0.24190425274422267,0.6113605409477072,0.239566410149062,1.0,0.22371334788382702,0.3039107726539909,1.0,0.6409031043279545,0.4584497086977634,0.7606458862803938,0.668732778856004
1863,24019,0.4600283775685494,0.052879341358143914,0.2328033721056162,0.26169211767633793,0.5736719179859363,0.27604100506636464,1.0,0.2902274974190451,0.2968334694579954,0.0,0.4976117766977568,0.2082066376434975,0.7947952132712555,0.8822616494359928
1864,24014,0.5252848794142257,0.24554455843265735,0.35305833300608735,0.27055785239897523,0.5896509542391584,0.34660538297486376,1.0,0.2514330255732615,0.44387158861734155,0.0,0.4177159810432902,0.22946577114560898,0.9036320434281873,0.6639688805647354
1865,24017,0.22662006736692877,0.18665486100184495,0.25406511069539867,0.2295209169970146,0.6571789649377651,0.2278546543117399,1.0,0.19641382617933012,0.2581956117310432,1.0,0.615284339263741,0.37309614480444026,0.7789425991309047,0.607375859660376
1866,24008,0.37970029561944885,0.6639044667172412,0.5383919711269288,0.2381019657841893,0.6221668547178546,0.23343271033589552,1.0,0.2251673539213952,0.305333253723055,1.0,0.6356926800008529,0.41376580440490873,0.7606458862803938,0.5630100464373469
1867,24056,0.27856595858131167,0.32493812124689314,0.45745246172137827,0.22984999503189696,0.6223391820394105,0.19399679392930902,1.0,0.2748027655141366,0.33150181857480987,0.0,0.775944507169225,0.647078123660912,0.7125442614903211,0.5851231354069573
1868,24034,0.5967154078961798,0.2737607705065899,0.4868684828010148,0.2662750908031267,0.6250558565837604,0.4229152208621271,1.0,0.2949086313413999,0.4143175771564507,0.0,0.4489795622581003,0.5625762187527348,0.8429462157448122,0.6467849483079785
1869,24010,0.37970029561944885,0.2964464638734721,0.5115761635028553,0.24252988742041304,0.6408087883770766,0.28568881803799573,1.0,0.14580631342527972,0.2690834113085929,1.0,0.43421624472202547,0.16936732622441877,0.869453057760477,0.538733063501105
1870,24046,0.22256247753488698,0.33163666737007524,0.5018162372297665,0.2311422015099328,0.5469602842986429,0.16317513137723627,1.0,0.3657633672061742,0.4027522110653229,0.0,0.7776812462614455,0.4862276746227463,0.7390115964200016,0.5119607167888041
1871,24047,0.0,0.1230332180670332,0.24396667493088547,0.22009207166837863,0.6734465426734288,0.19251519848217558,1.0,0.29958151100190156,0.36335496908967124,0.0,0.7529310577937822,0.3998799070996591,0.7390115964200016,0.8079770209287339
1872,24024,0.1562111475591024,0.5803677452349751,0.6588817058453529,0.2502721210762485,0.58849582069726,0.2487605366867467,1.0,0.23099723000870642,0.27614900683678856,1.0,0.5536257534306703,0.27150053099032667,0.7789425991309047,0.3945990627994913
1873,24023,0.5454589984878422,0.2843185662666883,0.42066585057006556,0.2567504909903756,0.5915050245635971,0.28313932838130196,1.0,0.22658938978268606,0.3154771089783196,1.0,0.47112464208743243,0.27213767486422225,0.869453057760477,0.6354934549794589
1874,24022,0.0,0.4184831635036301,0.4283749501331661,0.22580370667762162,0.6165548544457333,0.17074191650559345,1.0,0.24857213898570807,0.30056012684086597,1.0,0.8085106427032007,0.5842473435953152,0.7125442614903211,0.6020162396286254
1875,24009,0.25203105460680486,0.0,0.14688257419320072,0.2385073501946412,0.5833792113748553,0.19540823307723554,1.0,0.4699028666035605,0.5528874068871097,0.0,0.749457165508461,0.6388769173673494,0.7125442614903211,0.6354934549794589
1876,24036,0.5454589984878422,0.586021183495173,0.4629577717208968,0.25658094462095693,0.6098102792587973,0.3161380149566393,1.0,0.19215172923376844,0.4015891942635037,1.0,0.4255319281096026,0.13603454243389326,0.869453057760477,0.5873794306425648
1877,24007,0.0,0.33011923401913595,0.5287532036785814,0.20772954333339488,0.7368038921019351,0.17564716630117716,1.0,0.5243497778255876,0.4561025148447486,1.0,0.8584454114620221,0.6271586672645181,0.7390115964200016,0.566705932174072
1878,24043,0.1562111475591024,0.2648174830241333,0.41235151762577327,0.24865526897090418,0.5470685227804384,0.206382994731664,1.0,0.3991977714311312,0.347419569178711,0.0,0.6517585518560933,0.33917465825294096,0.7789425991309047,0.6639688805647354
1879,24042,0.5967154078961798,0.29404588968445633,0.5228241951456672,0.2704118706397197,0.606512533910018,0.38804489961824407,1.0,0.2737946986207448,0.4022865947349692,0.0,0.4559271397783027,0.4895759158454303,0.0,0.59943370345566
1880,24012,0.5252848794142257,0.23798736556200484,0.39346551490612347,0.26708754330724094,0.5979530825890014,0.3499363782588524,1.0,0.22038612997978024,0.4076455085286179,0.0,0.38080768720310254,0.2831262428091052,0.9036320434281873,0.6639688805647354
1881,24035,0.0,0.7069582374535993,0.7531424973798964,0.2364229459541386,0.587079376344642,0.1907742018947578,1.0,0.4907944334273956,0.5174046274545818,1.0,0.8024316417795487,0.6464521806900653,0.6784442506275288,0.21994886196364716
1882,24041,0.5252848794142257,0.23148937541348683,0.41016683443920954,0.26615891225088995,0.6104275240261698,0.37642295298070294,1.0,0.22634709845973755,0.4365798688628697,0.0,0.4589666402401287,0.3785217739122208,0.869453057760477,0.673718331962919
1883,24021,0.0,0.6271366246581384,0.34105077566857017,0.23092012125666395,0.5761512087568379,0.171946541192596,1.0,0.443653661321868,0.4343156929573899,1.0,0.8228397754662204,0.5015070865188824,0.6784442506275288,0.45344698261410754
1884,24058,0.5454589984878422,0.5771930082516789,0.4681911011296974,0.24423357716321104,0.6573200737480537,0.3275030450329197,1.0,0.18238257227995336,0.3143858254482791,0.0,0.4489795622581003,0.1882381207716065,0.869453057760477,0.6130176920083639
1885,24005,0.37970029561944885,0.3430020002565492,0.4951020124005398,0.25254871029465165,0.6037550133580848,0.28316382605196555,1.0,0.18806825404900696,0.3068020700374978,1.0,0.6096395231131442,0.5191223229619933,0.8212921674167302,0.5786259907364864
1886,24030,0.25203105460680486,,0.0,0.24224865250090388,0.5922657141635781,0.21788406982973774,1.0,0.3010320284032275,0.38360955510888106,0.0,0.5905341507960777,0.1375886162785593,0.7606458862803938,0.7097780834867178
1887,24040,0.5967154078961798,0.7400956638601286,0.5390480313078326,0.25806083715239925,0.6454163914139031,0.4206861992357006,1.0,0.2760352359674716,0.603449290243173,1.0,0.3925315042773514,0.4753533649217309,0.8429462157448122,0.5177551044154516
1888,24011,0.0,0.4461354813350956,0.6245319074436053,0.2476088206025181,0.5873463268121322,0.23503689737057054,1.0,0.2718578494896955,0.3140083252940217,1.0,0.6044290987860426,0.29795051174665027,0.7789425991309047,0.4681316175876462
1889,24031,0.4600283775685494,,0.0,0.26430968740861294,0.5784983340086736,0.29522879017384596,1.0,0.28373790814313915,0.3310698027129274,0.0,0.3603994499912109,0.1109401163119607,0.869453057760477,0.7771461144782232
1890,25016,0.0,0.29017474148226097,0.4719531548088408,0.14856373066529882,0.4497363306958091,0.4329386530199286,1.0,0.11769001439434279,0.3004600912827794,1.0,0.28528010094123046,0.001671265762721697,0.8429462157448122,0.5745035569136432
1891,25015,0.0,0.48104167841704615,0.6507696274511339,0.12545179875665846,0.527304325907811,0.4015075555398535,1.0,0.184713589116015,0.35919066646906594,1.0,0.7455492955005247,0.45323895861414176,0.7789425991309047,0.47194590149346927
1892,25019,0.48630747104710814,0.49125989669272085,0.5570494086324103,0.13607232776927425,0.45394948979071836,0.30764120687671803,1.0,0.3236298029545408,0.3733943949214972,1.0,0.8098131970223663,0.5732730183299036,0.0,0.7645232988719857
1893,25020,0.4211705665827852,0.3770294726769302,0.5507983349735351,0.1174134721448109,0.512643123021727,0.6878546690591132,1.0,0.07924353951781993,0.5577117546667317,1.0,0.8441162786990024,0.5400751719416564,0.0,0.668732778856004
1894,25002,0.0,0.41431169759214154,0.5484305631278117,0.12581937899099993,0.5017903235872254,0.3932187019603871,1.0,0.2145827635295452,0.28869219051488937,1.0,0.791142009478355,0.4685554783824759,0.0,0.5201635218414863
1895,25018,0.48630747104710814,0.5405749944719913,0.6496241743415281,0.13102881545191247,0.4756647161560378,0.30938625796505903,1.0,0.38421715771461096,0.41637198465450576,1.0,0.7694311144220778,0.46510156955895954,0.0,0.37689925204567043
1896,25010,0.4211705665827852,0.6637161835068753,0.6166574623714641,0.11691980304184224,0.5487117557980568,0.43912656048107346,1.0,0.08342446156866323,0.5299830083750842,1.0,0.7090750829081724,0.3776216732002705,0.7947952132712555,0.47590096526500525
1897,25009,0.26656014867621325,0.46423992704939254,0.6032701688538229,0.1620975306793676,0.36315035138111185,0.41914901382366887,1.0,0.3350554479755513,0.30526852411728544,1.0,0.6904038953641614,0.3101051390557368,0.8429462157448122,0.45410245906211
1898,25013,0.0,0.3114155738083241,0.5027416001483273,0.1284911264021017,0.5315888653164775,0.3507262077555655,1.0,0.23002039667316476,0.3386996307374902,1.0,0.58228401895671,0.09997613894678227,0.7947952132712555,0.5612088264721999
1899,25011,0.0,0.6539924304997393,0.7530557569897134,0.12069161381319027,0.5229869161706512,0.528515283695409,1.0,0.12029622067375512,0.3646667522035931,1.0,0.8315240920786435,0.5458463154375617,0.0,0.3279377611294707
1900,25001,0.5406557772729131,0.7406328742261753,0.8152951671709885,0.11383358424041823,0.5281068291275068,0.5813634142857393,1.0,0.04176905457404034,0.46870886989203886,1.0,0.725141161813853,0.5117188440671726,0.0,0.2360386249965467
1901,25007,0.4211705665827852,0.2967939124037633,0.4694600190588954,0.11899591056524483,0.5962640481121222,0.3342581712571294,1.0,0.14639502211612743,0.3822807765206967,1.0,0.6013893912737762,0.18325758922573296,0.7947952132712555,0.5559799813989118
1902,25008,0.0,0.37274807503170043,0.5008827212289277,0.14310147639945747,0.4427231532241568,0.39411059155641803,1.0,0.17887523748225276,0.2588745023873703,1.0,0.6838905026170139,0.31033173889144583,0.7947952132712555,0.3798178305548511
1903,25012,0.0,0.7893947542914242,0.8168748040927736,0.15148363357483052,0.40873469523217254,0.6119572196206753,1.0,0.11352281304033285,0.4895434850265007,1.0,0.6235344711031088,0.13761628428944628,0.8429462157448122,0.15537318983608062
1904,25006,0.0,0.816002541407074,0.8792846860292032,0.13621932459648567,0.4868173363865229,0.28332166831752126,1.0,0.44369821488793926,0.5382793833829427,1.0,0.5775075723522236,0.22577241672267342,0.0,0.0780745476492366
1905,25005,0.0,0.2757369336966367,0.44390808384480707,0.14168926221728884,0.48258492229898164,0.32647329354195886,1.0,0.2348269062586913,0.3202062286774664,0.0,0.4989145380673621,0.13303393518956871,0.8212921674167302,0.6285768574637054
1906,25014,0.0,0.5001466948443486,0.5157317306545482,0.15903083288762165,0.38765032897008733,0.48486715053001017,1.0,0.22573022283819866,0.41450173249384825,1.0,0.5783759418983336,0.11089834093462411,0.8429462157448122,0.4816953528916529
1907,25004,0.0,0.4192866971104004,0.5597732959378608,0.15517589348315874,0.41334628610854474,0.5325070912195486,1.0,0.14598848340618886,0.5451632415443322,0.0,0.5084672242258952,0.03891249668615794,0.8429462157448122,0.5477950842859758
1908,25017,0.0,0.3645825785212869,0.4951020124005398,0.12306595453413494,0.5751411718647729,0.39629376492532264,1.0,0.11945474957633762,0.5172970930685938,1.0,0.5749022566634525,0.06633929193766193,0.7947952132712555,0.6391266864816243
1909,25003,0.0,0.252040467767095,0.3322162123140422,0.13122450263012964,0.5632936026912931,0.304640611411483,1.0,0.19110279851717737,0.3285511316923898,0.0,0.47980895869985574,0.08902862965261853,0.7947952132712555,0.6902386703647267
1910,26037,0.0,0.19042024677328073,0.35677637697299236,0.09568336733960747,0.7753358642909859,0.3466274635742219,1.0,0.13078191372615977,0.3040917980749265,0.0,0.7498913502815163,0.5603966772047152,0.7390115964200016,0.8275164340507248
1911,26036,0.0,0.5530480339295385,0.5132579985088492,0.08475576475746249,0.9476405466558293,0.18390855774717396,1.0,0.4212494258035986,0.4915768389175613,1.0,0.8844985683497313,0.5674610590530212,0.7125442614903211,0.5213883359176172
1912,26021,0.0,0.04047883253213286,0.20617575881288663,0.09510356872230574,0.7614834884864629,0.3971740956821801,1.0,0.17904852656088743,0.3154470417693169,1.0,0.7976551951750623,0.4885620933811122,0.7390115964200016,0.8822616494359928
1913,26054,0.28355505984068136,0.0,0.17052538783428509,0.10026125834242128,0.7539148190648788,0.3445578367997244,1.0,0.12849603880137217,0.2822384975224982,0.0,0.8037341960987143,0.34312306922858865,0.7606458862803938,1.0
1914,26068,0.28355505984068136,0.08899956775169275,0.17052538783428509,0.0971358151225371,0.7906647854483422,0.31457167344751014,1.0,0.1002938962201726,0.30766161631192723,0.0,0.857142857142857,0.487848286238493,0.7390115964200016,1.0
1915,26046,0.0,,0.0,0.0802554609360625,0.9275316951400906,0.1768192338296386,1.0,0.3063096925705294,0.3462852453176555,0.0,0.9244464661769645,0.61249231504238,0.6784442506275288,0.8822616494359928
1916,26045,0.20401459442561448,0.22359518112598525,0.41016683443920954,0.0881063796592626,0.8878807633720852,0.23896594164254203,1.0,0.26014594389492685,0.3261657211095186,1.0,0.8315240920786435,0.5067182039931413,0.7125442614903211,0.8514307429854822
1917,26041,0.31435585728727666,0.8371354538854143,0.4320288770750036,0.09298654922920735,0.9284759913751687,0.18156065337808625,1.0,0.09561543174973386,0.28370825038206304,1.0,0.731220162737505,0.34922482047745523,0.7390115964200016,0.6594077639142162
1918,26033,0.4055030024749012,0.47002608793208817,0.6053893071074637,0.1094225974622055,0.5904269109922259,0.36475809736228837,1.0,0.05170216701070007,0.2879467917434947,1.0,0.8658271737552801,0.575405737415357,0.0,0.5873794306425648
1919,26034,0.07408763060664472,0.0583453294290016,0.2328033721056162,0.09257415569099592,0.8588389234032696,0.24095920600343623,1.0,0.16415142450711273,0.47545546336578826,0.0,0.8645246194361149,0.4404384143129149,0.7390115964200016,1.0
1920,26014,0.07408763060664472,0.1825049189276067,0.327506397791999,0.09437896504495746,0.8352311167282477,0.2657784213913288,1.0,0.11835441718172246,0.6017244250811886,0.0,0.7833260624120422,0.41563706065995354,0.7390115964200016,0.8514307429854822
1921,26026,0.4117947513423515,0.4200529651520763,0.5603097698976152,0.10582202894534987,0.6139689770102618,0.3177881136451195,1.0,0.10002802401317645,0.21977086312385985,1.0,0.8884064383576675,0.6009803338632677,0.0,0.6189731165776511
1922,26016,0.0,0.28579017697995396,0.36036836098369357,0.08491673020577706,0.8919544654739321,0.22515840796566589,1.0,0.3381128802488388,0.3913417884618219,1.0,0.9270515748152952,0.6169066303511145,0.6784442506275288,0.7430174073632629
1923,26044,0.3162956739269331,0.09720744928778617,0.17052538783428509,0.10281916367944077,0.747878808156798,0.3246961735083075,1.0,0.1342809256472609,0.35080360582825143,0.0,0.7676943753298573,0.41835220743735085,0.7789425991309047,0.9257153714927411
1924,26047,0.0,0.34233875107053025,0.3854145511769584,0.07943210894973662,0.8496157416505254,0.22317586188079885,1.0,0.20641556818160767,0.3415029952790619,1.0,0.8480243557573786,0.6012645540855186,0.0,0.7532318055434659
1925,26043,0.0,0.7985861014286776,0.7099651141563911,0.08247591058731019,0.9903335526186643,0.1545328975176934,1.0,0.22750772331130698,0.30503009587305496,1.0,0.8614851189742889,0.5308796761685859,0.7125442614903211,0.32279577549508165
1926,26071,0.0,0.49977715357015834,0.47438897198519975,0.10424673213477076,0.617748497972896,0.3425028743898434,1.0,0.12293175481130103,0.2152881604468092,0.0,0.8953538088274298,0.6454799450725789,0.0,0.5896842520574764
1927,26029,0.3334247565859515,0.6959601896469669,0.6824400608285648,0.0949594473167189,0.720897887979695,0.5949927148473761,1.0,0.37157638248567193,0.4579490615025479,1.0,0.7307859779644497,0.39116802871164036,0.0,0.38417902963743567
1928,26069,0.39779337012074095,0.21351385253824662,0.3367255473426092,0.10712571366907453,0.7336568830597607,0.27217866974965577,1.0,0.22441331292241207,0.682881213325891,0.0,0.6795484478360225,0.2697464242355329,0.7789425991309047,0.7914566825269261
1929,26025,0.0,0.6524930387796557,0.5729081291618882,0.09505123824684814,0.7106895639842885,0.671229440842946,1.0,0.44570588585570603,0.567912148522054,1.0,0.898827701112751,0.5663442091578476,0.0,0.5213883359176172
1930,26039,0.2498587899463197,0.34180887516356717,0.300188532020952,0.08554302159701133,0.969613095992323,0.147229254266811,1.0,0.12204159390881109,0.42018219026487225,1.0,0.875379859913813,0.6278484621227328,0.0,0.8822616494359928
1931,26055,0.0,0.6535081748864516,0.6933495829799523,0.060065728997881984,0.9071054196529619,0.25484818051840397,1.0,0.011547337200638608,0.08737021212986007,1.0,0.9148935729679912,0.7191984747739342,0.0,0.3731274821811408
1932,26030,0.0,0.9425475753308341,0.8861985274027551,0.08625618868298102,0.7824652559235239,0.34365770841664556,1.0,0.1265197022034643,0.40855686492459475,1.0,0.7624837439523156,0.4482639031993921,0.0,0.18557166390790703
1933,26035,0.0,0.34357755381616417,0.3881667417764709,0.08594942693701635,0.9554801543844489,0.17616430293748753,1.0,0.29585474765898734,0.3693268176365141,1.0,0.8428137243798373,0.4657376797050775,0.7125442614903211,0.673718331962919
1934,26022,0.0,0.037914853970167715,0.14688257419320072,0.08836769845135495,0.914174710285284,0.20640574564777459,1.0,0.3009199678819531,0.3681728249896947,0.0,0.7737733762535093,0.5366144569105998,0.7125442614903211,0.9257153714927411
1935,26050,0.20401459442561448,0.24768593620717538,0.40094768488859933,0.09090293095263047,0.8544381698337171,0.26325540014547677,1.0,0.1730709237873146,0.4140636006707873,0.0,0.8558403028236918,0.5096557180140793,0.7125442614903211,0.9257153714927411
1936,26013,0.07408763060664472,0.16496360814400993,0.34105077566857017,0.09196327892964284,0.8713366076726154,0.23029034326545417,1.0,0.18241623898049097,0.4028625419820838,0.0,0.8462874096147186,0.47123112232826814,0.7390115964200016,0.8079770209287339
1937,26012,0.3334247565859515,0.4456956115259244,0.48249865191464314,0.09975556149584841,0.6697247866886908,0.45780390916231906,1.0,0.2325977512294729,0.3279350293712824,1.0,0.7707338757916833,0.49831505442670676,0.0,0.5064636110869319
1938,26032,0.07408763060664472,0.1356639223457114,0.2632842602460088,0.09749366031153361,0.8815080734999832,0.21079643980818985,1.0,0.07396714333332743,0.2890241325426438,0.0,0.7585758739443789,0.36671525065156696,0.7390115964200016,0.9257153714927411
1939,26053,0.20401459442561448,0.0,0.1164016860528081,0.09205864606007064,0.8578345261679754,0.24757614739568012,1.0,0.16796107621947465,0.4827965278624873,0.0,0.8336952229943593,0.40802961243542063,0.7125442614903211,1.0
1940,26048,0.0,0.5022053897253465,0.6141119133725197,0.06766976280750436,0.8156369111548567,0.18050267066437886,1.0,0.11654864204226034,0.15274967026668318,1.0,0.8332610382213039,0.6144212090727047,0.0,0.5153996235502176
1941,26057,0.41552108686359435,0.15628817906333792,0.3062446592022165,0.09884165689701929,0.8154781991691618,0.27789519023101916,1.0,0.06964384312431215,0.3146032446954853,0.0,0.6317846029424767,0.24347602225160175,0.7606458862803938,0.9257153714927411
1942,26065,0.0,,0.0,0.08152821136237909,0.9525038208466051,0.16942394637621794,1.0,0.29741534116390267,0.36728806871380193,0.0,0.8849327531227871,0.5746529808316667,0.7125442614903211,0.8822616494359928
1943,26066,0.23425228615537427,0.33887794043868585,0.5027416001483273,0.09365907741077983,0.8122309273242826,0.30349063951496436,1.0,0.1028380201185729,0.38546158981643897,0.0,0.8193660902313391,0.47434101006339846,0.7390115964200016,0.5765449532098653
1944,26070,0.0,0.2819275542636489,0.3908492491240862,0.06960315177769016,0.8394266726477506,0.16083689920537791,1.0,0.12781458421932113,0.14169485391397485,0.0,0.8871038840385019,0.6441712399189239,0.0,0.48963750909636883
1945,26072,0.3334247565859515,0.28351672073569295,0.454588682506295,0.09952057344615717,0.6438933603967154,0.43880664823883264,1.0,0.21156506357090987,0.29999866220369786,0.0,0.9174988886567623,0.613089266185891,0.0,0.7028614859709643
1946,26058,0.0,0.5211408886982306,0.44229044355794794,0.08521247968571088,0.9219910751817262,0.20379627879509177,1.0,0.5608559908948587,0.5873732116359258,1.0,0.8323924616247538,0.5497271334234733,0.7125442614903211,0.6020162396286254
1947,26017,0.0029198793817532824,0.4954530771487332,0.5992714535156618,0.07420378366905533,0.8654593087502298,0.15662530578059086,1.0,0.3460214624086424,0.2510473312536594,1.0,0.8475901709843241,0.6222619240166981,0.0,0.4471037074103583
1948,26009,0.3162956739269331,0.0950548886546697,0.3174079620274858,0.1022733354366171,0.7887217316347397,0.2864931484812152,1.0,0.12205250062186734,0.3065830450090953,0.0,0.630916233396366,0.3275273671340351,0.7789425991309047,0.7645232988719857
1949,26020,0.0,0.22484909294712832,0.41016683443920954,0.08718541321044715,0.8560734271722452,0.2686002419845235,1.0,0.19712439041627494,0.3148246284759426,1.0,0.909248756817395,0.5509945278153839,0.7125442614903211,0.8275164340507248
1950,26015,0.15108506249703732,0.0,0.07344128709660036,0.09351442214610783,0.9229064889278571,0.1616022472736225,1.0,0.05063561754912438,0.27537529711312514,0.0,0.6986540272035289,0.38885340463171053,0.7390115964200016,0.9257153714927411
1951,26059,0.24832554872098006,0.0,0.1164016860528081,0.08393859791752967,0.9685758284285358,0.15423873741128258,1.0,0.1916021990307688,0.27176128977608327,1.0,0.9101173334139447,0.5950794108938926,0.7390115964200016,1.0
1952,26060,0.17991261449287596,0.0,0.1164016860528081,0.08024194034850207,0.9640067353769727,0.14778790533113906,1.0,0.19801314909389856,0.27625753690297794,0.0,0.9270515748152952,0.5909327998794349,0.7125442614903211,0.8079770209287339
1953,26001,0.20401459442561448,0.2607238316930904,0.41016683443920954,0.09311258461194993,0.8472895232085476,0.252538824098107,1.0,0.14642653080221424,0.607861751922194,0.0,0.8354319620865789,0.3817513420512338,0.7390115964200016,0.8514307429854822
1954,26042,0.25582581354973954,0.7635217541933751,0.7085217640497922,0.1079828980754648,0.628190902107299,0.3032931687772592,1.0,0.08233922795306814,0.24521729664953296,1.0,0.7802865619502162,0.4260221289977596,0.7606458862803938,0.42393106278620174
1955,26067,0.290219231329035,0.1024479422344776,0.2869270738870932,0.0955448850614834,0.9016537831837607,0.19279196635100915,1.0,0.07737922112933338,0.25732272311172555,0.0,0.749457165508461,0.3798750574776991,0.7390115964200016,1.0
1956,26018,0.0,0.836362934953883,0.8205633532967651,0.10174306587206161,0.6777559767314982,0.40225444960268286,1.0,0.1809727324501318,0.27528701177308734,1.0,0.7377333484342119,0.4062052830174316,0.0,0.2387365116945257
1957,26023,0.07408763060664472,0.6095007658661759,0.3985118677122405,0.09531322045995505,0.8831337033421957,0.2186271211971178,1.0,0.1218242716862179,0.3601570754811906,0.0,0.8119843279380821,0.40147460545280994,0.7390115964200016,0.7430174073632629
1958,26007,0.0,0.0,0.1164016860528081,0.08087274383279686,0.9378522454568374,0.17469366913855766,1.0,0.2971219294437065,0.36442929179155636,0.0,0.9044725172633481,0.6303411046724635,0.6784442506275288,1.0
1959,26028,0.30212392614837436,0.129623139591302,0.3174079620274858,0.09954197947146104,0.8605960345594539,0.2221128053075574,0.0,0.05915263282082761,0.2858935135413051,0.0,0.7872341394704188,0.41160602024517307,0.7390115964200016,1.0
1960,26005,0.41552108686359435,0.09835652025277258,0.22032386128980105,0.10496052958808255,0.7750977963124434,0.26082502849203615,1.0,0.16167036564535764,0.3458178621602074,0.0,0.7099434524542827,0.3753400195382828,0.7789425991309047,0.8275164340507248
1961,26003,0.5406557772729131,0.29622771025299854,0.5072509351768942,0.11251700369805107,0.6129878226071448,0.3100769080240149,1.0,0.11352475486632352,0.30222945085618735,1.0,0.2796352847906334,0.20350713025353362,0.7789425991309047,0.7028614859709643
1962,26004,0.0,0.2560207510229678,0.3908492491240862,0.07732361032140334,0.9250700075445946,0.14882313878829057,1.0,0.2819023391344395,0.2487229954267154,0.0,0.8619193037473438,0.5673183074776955,0.6784442506275288,0.6391266864816243
1963,26008,0.30212392614837436,0.0647031045805852,0.300188532020952,0.09962860973962606,0.8597174789813617,0.20710653400282553,1.0,0.05471110147541769,0.24711765934510654,0.0,0.7277464775026237,0.2850788559516527,0.7606458862803938,0.9257153714927411
1964,26027,0.31435585728727666,0.24054538820540544,0.36036836098369357,0.08952775444210082,0.9575779323442004,0.1639438862862621,1.0,0.1096510517019521,0.3886411682131964,1.0,0.857142857142857,0.5315727096609401,0.7390115964200016,0.9257153714927411
1965,26031,0.30212392614837436,0.0,0.2328033721056162,0.09788249480558864,0.8775177152305296,0.18467141891815197,1.0,0.039141966624932856,0.21433551346834356,0.0,0.7325227170566702,0.31558208326236387,0.7606458862803938,0.8822616494359928
1966,26006,0.20401459442561448,0.1356639223457114,0.32257744486569473,0.09123441586950409,0.9032697855296574,0.20161849635444606,1.0,0.1936505019970829,0.2968565560596077,0.0,0.8506296714461501,0.42382538081497123,0.7390115964200016,0.8822616494359928
1967,26064,0.0,0.12144148865353135,0.2632842602460088,0.08199852860921053,0.895047013172662,0.208979237595172,1.0,0.3026268201984935,0.3616214397354709,1.0,0.9370386527973238,0.598412450923276,0.6784442506275288,0.7645232988719857
1968,26062,0.32437317914741387,0.11123243440192851,0.29376514838640144,0.09991190923080684,0.7311759404716334,0.38064952578216726,1.0,0.1626046867887716,0.26719003905642535,0.0,0.8336952229943593,0.47259982857911387,0.7606458862803938,1.0
1969,26052,0.41552108686359435,0.2151081572837941,0.42066585057006556,0.10502389093505304,0.7846520173724386,0.2496157137722037,1.0,0.15069798113394595,0.30986977648860015,0.0,0.6834563178439588,0.26008188686136974,0.7789425991309047,0.673718331962919
1970,26051,0.0,0.20615013162957024,0.3704667967482067,0.10561465033744144,0.7122687081621465,0.3179408742471843,1.0,0.1611982118704267,0.3580601227808192,0.0,0.7177593995205955,0.3273907429123401,0.7789425991309047,0.7645232988719857
1971,26010,0.15108506249703732,0.06616499115003191,0.22032386128980105,0.09666556627322953,0.8900386423320528,0.17157390152489738,1.0,0.03455690299631364,0.217612263469798,0.0,0.695614319691263,0.3155408344473694,0.7606458862803938,0.9257153714927411
1972,26011,0.31435585728727666,0.1397900895711495,0.3062446592022165,0.08984472432426427,0.9325729363091928,0.18061890451363882,1.0,0.15807889918172857,0.30499361516325274,0.0,0.8884064383576675,0.5273977581371786,0.7390115964200016,0.9257153714927411
1973,26019,0.2107587214462406,0.520093909075943,0.4813774416562334,0.086573440970939,0.9390017393419651,0.16406693950092688,1.0,0.17779609584438738,0.3170776800865711,1.0,0.8762484365103635,0.55507788522042,0.7390115964200016,0.6130176920083639
1974,26061,0.3162956739269331,0.0,0.07344128709660036,0.10078719400300373,0.7746120328590429,0.31404521883847836,1.0,0.10500802703062073,0.28983033122941004,0.0,0.7368649788881017,0.2987627112202033,0.7789425991309047,0.9257153714927411
1975,26024,0.30212392614837436,0.032062503916005194,0.2328033721056162,0.10006095583412511,0.8502522414105297,0.23494140571461974,1.0,0.06162977538680536,0.2970345004169467,0.0,0.8258792759280464,0.4657231338853142,0.7390115964200016,1.0
1976,26049,0.4117947513423515,0.08033987188938185,0.2328033721056162,0.10661185213822033,0.6735796758046266,0.31816151884862387,1.0,0.12765537879737154,0.26044435771611407,0.0,0.7194963456632559,0.24424972224515093,0.7789425991309047,0.7771461144782232
1977,26063,0.30212392614837436,0.11808979123867065,0.311973264080358,0.09929854574484065,0.8377545571411837,0.25299294624694446,1.0,0.06436091774857555,0.31873940388791844,0.0,0.8098131970223663,0.3756430998867177,0.7390115964200016,0.9257153714927411
1978,26040,0.30212392614837436,0.09936361720594099,0.2869270738870932,0.1023074995083223,0.8327830444686133,0.20802261627327923,1.0,0.08420001088237028,0.21623669946795243,0.0,0.7038644515306307,0.22879636397113776,0.7789425991309047,1.0
1979,26038,0.07408763060664472,0.28663166546249313,0.41016683443920954,0.09705954684569373,0.8550922727691284,0.2418538133996484,1.0,0.09201007364069524,0.39134766778625085,0.0,0.8536691719079761,0.40766552370885106,0.7390115964200016,0.7771461144782232
1980,26056,0.0,0.20692997058820253,0.3825889602415067,0.08983178547649018,0.8395813967938999,0.298483049408545,1.0,0.14216900129114896,0.3867898847524347,1.0,0.8727745442250423,0.49182237231766013,0.6784442506275288,0.8079770209287339
1981,26002,0.15108506249703732,0.6770705733459771,0.6282600158494341,0.08899050441176637,0.9684636021071954,0.14154757883348013,1.0,0.057932547652474575,0.4025086487548637,1.0,0.5423361211294766,0.4378220112578242,0.7125442614903211,0.47509818948768656
1982,27006,0.6814971807890619,0.472788457004911,0.6369140793635611,0.4276977519365962,0.7031849834024657,0.5756889942237207,1.0,0.5037524718747767,0.4139023416810944,0.0,0.4763352734649746,0.6857423070305224,0.9036320434281873,0.36481095158816756
1983,27005,0.9631407567759178,0.5399755331782263,0.7208543825910175,0.42224600709412485,0.6812356768981491,0.6911912597557569,1.0,0.379608388839744,0.5145488666974916,0.0,0.48154590484251636,0.6980948577718644,0.9036320434281873,0.32202614873930546
1984,27008,0.6814971807890619,0.6374101565244223,0.6976809091667358,0.4675352464785226,0.7116361962416873,0.4328873501511513,1.0,0.3294935017285838,0.28499881944182437,1.0,0.27138515295126586,0.4443459720939362,0.9518127218666266,0.3804773407294536
1985,27004,0.8335046471480598,0.8204056200436304,0.8365481369632248,0.4070146290527833,0.7206774231765598,0.4987181370050824,1.0,0.6252659314332856,0.3438475142542716,0.0,0.49109859100104947,0.6789270368486269,0.9301468010770011,0.15372593241210664
1986,27010,0.77398120155134,0.38500298979710246,0.6348159240549716,0.4156873276557046,0.6951305505274812,0.6418152208441329,1.0,0.4098803181046182,0.47318631753205853,0.0,0.5062960933101794,0.7109405413744505,0.0,0.4471037074103583
1987,27003,0.9630565706271034,0.4164790807206622,0.6236526212297023,0.38566445431012897,0.6968083056908184,0.47975182629673496,1.0,0.2879214489474483,0.322974445062191,0.0,0.5544941229767806,0.7184760603029164,0.0,0.4688836913067502
1988,27015,0.8335046471480598,0.4099493012812924,0.5063642908338386,0.409444901787284,0.7672950467518627,0.3792031757008658,1.0,0.3884084366098719,0.38966407062181785,1.0,0.4194529271859504,0.28309918141072155,0.9701320359742358,0.6159540418574678
1989,27014,0.9631407567759178,0.45071856279137756,0.5714730727228845,0.4127178175374665,0.6771291044678095,0.9120050729783541,1.0,0.31989521392293296,0.7648000122986819,0.0,0.5392966206676506,0.6968483715853603,0.9036320434281873,0.45214793561600763
1990,27007,0.6667863833632685,0.3693550347885167,0.5845927871825055,0.354624517874347,0.7570963502527719,0.28795999855868204,1.0,0.47252610209360846,0.24706395568481343,1.0,0.6070342074243733,0.6408426336195517,0.9301468010770011,0.566705932174072
1991,27011,0.6667863833632685,0.3040464018649805,0.47071391985523714,0.36915356906332675,0.734941846098406,0.3677770663500981,1.0,0.2730258229042626,0.3089640713078825,0.0,0.591402520342188,0.7358694359347183,0.9036320434281873,0.725114210224383
1992,27013,0.77398120155134,0.42629999590644013,0.6758158176443988,0.408464213315331,0.7012884152532182,0.5803647984675168,1.0,0.45478839416335726,0.4152597927455275,0.0,0.5388624358945955,0.7179921416184193,0.0,0.4190809109167064
1993,27017,0.7816701763066666,0.3988617794387089,0.5903885574389284,0.34287911099282764,0.7643515835425115,0.24111159799777915,1.0,0.3033431913994845,0.19455743835408112,1.0,0.4854537748504526,0.2727090903305746,0.9036320434281873,0.5786259907364864
1994,27002,0.6814971807890619,0.6610656040145506,0.7586335385246777,0.4396735857159869,0.6826136112655031,0.5150565383153961,1.0,0.35161833645587426,0.3551407032931173,0.0,0.43247929857936485,0.6738970832972276,0.0,0.370684753864734
1995,27001,0.7806827529059838,0.3674728956048471,0.5907906580380078,0.3386697407583349,0.7336143852349517,0.25755270253430695,1.0,0.43037290280741447,0.24425317192042584,1.0,0.5796787032679389,0.6440172652312395,0.9036320434281873,0.6319793675308782
1996,27009,0.8335046471480598,0.5001723769425975,0.4338096480802939,0.40795767805843697,0.744149760698064,0.42847754849764896,1.0,0.44947322181464333,0.3320492682998901,0.0,0.5371254897519349,0.6787053745541854,0.9518127218666266,0.5920397329227105
1997,27016,0.8335046471480598,0.43629421212454156,0.5370675366228737,0.42077310236895304,0.7523396627265664,0.41334406102845334,1.0,0.3369607699850137,0.3938711544477508,1.0,0.3821102415222679,0.25866228456915275,0.9701320359742358,0.5053972334810175
1998,27012,0.8335046471480598,0.7583098905390266,0.6434595994735277,0.3885719078024492,0.7465842176218369,0.3961657308850899,1.0,0.4945211099600293,0.274685849597999,1.0,0.5158489865191529,0.5377801220827314,0.9701320359742358,0.4337987121286063
1999,28009,0.5967154078961798,0.8409980423108226,0.6552314816898896,0.26134672553367533,0.6808212937585051,0.8738497739308783,0.0,0.46595119605259894,0.6551785758649125,1.0,0.540599174986816,0.6985045471085423,0.0,0.3065239955313138
2000,28003,0.5967154078961798,0.9014722382749714,0.6989898900244599,0.25317804653656084,0.698023540232932,0.7063174458692016,1.0,0.35733232514006086,0.48703278384386794,1.0,0.442466376561393,0.6268939075321597,0.8212921674167302,0.3093820333088574
2001,28022,0.34405936923018604,0.8408129560608422,0.787684702562304,0.19561751405976902,0.9786815535989176,0.15929635278708387,1.0,0.39662034765002807,0.45342696448791886,1.0,0.49283533009326996,0.8092224361070374,0.0,0.24159454947206938
2002,28021,0.5967154078961798,0.5781127212144016,0.6356076092877035,0.2464334155236526,0.683666145982377,0.41379109044251516,1.0,0.20822732630569196,0.3453877621692182,1.0,0.42683458595398793,0.4910238943531202,0.8429462157448122,0.3938469890803873
2003,28013,0.18003773689696423,0.0922474672723633,0.22032386128980105,0.21860004354403217,0.7878800342246863,0.26931136261400823,1.0,0.4659643487983367,0.35553757586257106,1.0,0.40121582088977426,0.00730334330287401,0.7947952132712555,0.5807482395941909
2004,28041,0.18003773689696423,0.630461163231763,0.7606719503891253,0.22159189014964886,0.7690096600832383,0.2801553522860294,1.0,0.7552536216612918,0.3198381520492902,1.0,0.445505877023219,0.16853745175306,0.7947952132712555,0.19187109941408498
2005,28014,0.0,0.17339795340950895,0.2328033721056162,0.1694825572401054,0.9497383246155808,0.08614451925156708,1.0,0.2139344592257938,0.20097849968578696,0.0,0.5384280440711002,0.7520746706739891,0.7606458862803938,0.8822616494359928
2006,28040,0.34405936923018604,0.6022617684521142,0.637173451294044,0.1952813071430649,0.9781629198170241,0.15524930947974047,1.0,0.3415310708980489,0.7215517877460265,1.0,0.519322671754034,0.8325433460051884,0.0,0.5213883359176172
2007,28010,0.35721443982350615,0.1019659589947209,0.18984297314940843,0.20960686097546588,0.8743458115389522,0.2271712841686624,1.0,0.14071409134708057,0.24243333113035526,0.0,0.5006512771595826,0.5328281750426846,0.7789425991309047,0.8822616494359928
2008,28015,0.5965682944966286,0.4252595824448258,0.42066585057006556,0.18445356597071705,0.9742711725330494,0.1284767910329645,1.0,0.14895320355114117,0.41353893091805416,1.0,0.5614417004969832,0.7775737232283269,0.7390115964200016,0.7028614859709643
2009,28039,0.5454589984878422,0.3198758168269448,0.4813774416562334,0.2318818095440337,0.6819458929942308,0.27162447397354983,1.0,0.2022693310916165,0.21953232140625556,0.0,0.4528876393164767,0.07096833076938482,0.8429462157448122,0.5648420579743655
2010,28020,0.0,0.0,0.07344128709660036,0.2035601683318421,0.8318619910657119,0.19716192101691687,1.0,0.27443826773283375,0.4577308390746051,1.0,0.4277029555000982,0.23580939465651268,0.7947952132712555,0.8822616494359928
2011,28027,0.5965682944966286,0.8078677473171002,0.6965036372693324,0.16123074395760895,0.9889459907549943,0.06318099672029454,1.0,0.14784777804985472,0.1913123872523752,1.0,0.5666521248240848,0.7485498485687955,0.7390115964200016,0.3573598389236794
2012,28005,0.33647057936275143,0.1576908703243985,0.3062446592022165,0.2021368070468227,0.8858759567410427,0.19667000516802524,1.0,0.13909395187163887,0.3042515311698748,0.0,0.576205018033058,0.6046691734381331,0.7789425991309047,0.7914566825269261
2013,28007,0.5965682944966286,0.3360030130389665,0.4245904985296838,0.1827281203233938,0.9555923807057893,0.12417252937259704,1.0,0.12451350171185138,0.3387603137359282,1.0,0.5371254897519349,0.7606340268747495,0.0,0.6902386703647267
2014,28038,0.5967154078961798,0.6196662980276764,0.7310489890470425,0.260639547458667,0.6821294996293277,0.8592923433794941,1.0,0.5399407230997237,0.6334943102950494,1.0,0.4950064610089857,0.6812708763694454,0.0,0.30836458833948543
2015,28026,0.13966466010498438,0.19585409943787474,0.3174079620274858,0.21899670278886962,0.7408367481961984,0.24243180448635315,1.0,0.32748766952169606,0.29542017575290147,0.0,0.6608770532415713,0.3149892045659701,0.7789425991309047,0.7771461144782232
2016,28037,0.11571337805529269,0.32880986584854915,0.4719531548088408,0.22757881216362674,0.8065219678839075,0.32355398010966063,1.0,0.15715293531493946,0.1958358804990774,0.0,0.3460703172281909,0.331598774306262,0.8212921674167302,0.6046625485289482
2017,28019,0.3229240850661943,0.24626808712279746,0.3825889602415067,0.231796760360525,0.7431549909590857,0.3471396632569993,1.0,0.4816373039601899,0.22223769226406187,1.0,0.3230568678527481,0.3491075030428434,0.8212921674167302,0.6639688805647354
2018,28028,0.5454589984878422,0.15051180506361658,0.3062446592022165,0.24493227391114292,0.6649216134981308,0.35022150557374887,1.0,0.19464111287330033,0.33012313308259655,0.0,0.5141120403764923,0.4251384032887979,0.869453057760477,0.8514307429854822
2019,28025,0.23098477030997389,0.37773241512893174,0.4629577717208968,0.18081586229057922,0.937049058032047,0.11928639561616627,1.0,0.15547313739595703,0.28920655225201297,0.0,0.5419019363564215,0.7518675662942903,0.0,0.5119607167888041
2020,28002,0.2756718112163465,0.39306447137605827,0.504568427829279,0.2433719071619601,0.7392728711714267,0.485007415034302,1.0,0.2047646131205355,0.3370455360048924,0.0,0.3812418719761579,0.3864836485370108,0.8212921674167302,0.5786259907364864
2021,28001,0.5731158404003998,0.21388293833051347,0.4245904985296838,0.2194152465168041,0.8349794334138437,0.2770129677968831,1.0,0.17632922920866723,0.22812237608005292,0.0,0.5471123606835231,0.5957262253513208,0.7947952132712555,0.668732778856004
2022,28004,0.5252848794142257,0.2602729367343869,0.300188532020952,0.24481355732286902,0.6739107151118782,0.3688461573485359,1.0,0.21034665778410078,0.3334263031277108,0.0,0.40642634874209604,0.42161129826491045,0.8429462157448122,0.725114210224383
2023,28029,0.5454589984878422,0.23912479353640723,0.45745246172137827,0.23724419809998099,0.687977916062766,0.3233086485747668,1.0,0.26145134373870227,0.25563887504647154,0.0,0.42379508549216194,0.11250581714548805,0.869453057760477,0.6789471770362071
2024,28031,0.3229240850661943,0.15084206189765495,0.2328033721056162,0.22692390447501765,0.7180281411064215,0.2773937512150775,1.0,0.2826389500031917,0.24155427966975918,0.0,0.5358229354327695,0.2758295020845491,0.7947952132712555,0.7914566825269261
2025,28035,0.5731158404003998,0.4468555686467394,0.550211334133102,0.20798466497661516,0.9041579686040654,0.20976118479780448,1.0,0.1493342637341245,0.27805298638882714,0.0,0.5475467525070183,0.7623589676306667,0.0,0.48963750909636883
2026,28034,0.0,0.130028956560892,0.311973264080358,0.20893215117089092,0.8424727346821261,0.22612728407968752,1.0,0.20715626762480355,0.3593783550368821,0.0,0.46634819548294604,0.35763321102364054,0.7789425991309047,0.7914566825269261
2027,28006,0.0,0.1378997754187904,0.279617045909487,0.22370651676802045,0.7126269781411203,0.2489588053339049,1.0,0.29874189521649264,0.26635730812693825,0.0,0.6317846029424767,0.36605085760715167,0.7606458862803938,0.8275164340507248
2028,28033,0.34405936923018604,0.6677974471839913,0.6500838426576937,0.19360978345826207,0.9746447096651095,0.15269071373253107,1.0,0.2810658011804711,0.4830891544886803,1.0,0.531480673601338,0.8166708443068831,0.7606458862803938,0.3791623541068486
2029,28043,0.3229240850661943,0.29909877494217746,0.4602408695082853,0.23669003321186188,0.717178468017277,0.36567860057616597,1.0,0.36022640923990545,0.24698959441464108,1.0,0.46374287979417517,0.6187707660108185,0.8429462157448122,0.5725003198007196
2030,28032,0.34405936923018604,0.8899042658185933,0.7824244351817478,0.19082084148387757,0.977971337502836,0.14765752763938944,1.0,0.20114388887975176,0.4450018160587218,1.0,0.5445072520451923,0.7760768598086061,0.7606458862803938,0.1363885374594015
2031,28023,0.34405936923018604,0.07456699193351267,0.18984297314940843,0.19958179933811493,0.9258034664728534,0.18289972700331592,1.0,0.14809276957630158,0.2922166899815992,0.0,0.5453756215913026,0.7770314141379556,0.7789425991309047,0.7771461144782232
2032,28017,0.3229240850661943,0.48209814362172565,0.42066585057006556,0.2240541213987598,0.7410940711673727,0.27799521654991755,1.0,0.3523061189243123,0.2807808143963939,0.0,0.26183236326751236,0.021474302178057403,0.8212921674167302,0.5851231354069573
2033,28042,0.0,0.07739686116716288,0.22032386128980105,0.20510063590058902,0.836823876241967,0.20657075576268102,1.0,0.22204450494803352,0.424417720950222,1.0,0.4763352734649746,0.2868146562321225,0.7947952132712555,0.8822616494359928
2034,28008,0.11571337805529269,0.0,0.14688257419320072,0.22826888817288837,0.7746913888518903,0.33530514099155384,1.0,0.3077516555753139,0.23410766987217324,1.0,0.3686495818305784,0.3246465172363069,0.8212921674167302,0.9257153714927411
2035,28016,0.18003773689696423,0.25960951008610716,0.4355609835024832,0.21132888691292673,0.8041243691281732,0.23013813009092865,1.0,0.279132762826104,0.6441571510144329,1.0,0.07555363734825526,0.015887657013740824,0.7947952132712555,0.668732778856004
2036,28018,0.0,0.2080699291574733,0.37968594629881686,0.2156165824813293,0.8396839956189246,0.25825463129052606,1.0,0.2011292767875037,0.2684397539115698,0.0,0.5332176197439986,0.5420549059591477,0.7789425991309047,0.6789471770362071
2037,28011,0.3229240850661943,0.3986766176655239,0.3367255473426092,0.23480257057766207,0.7090021813246359,0.33345927017602695,1.0,0.3500909677217695,0.23887910252079092,0.0,0.34042550107759406,0.07458369023739893,0.8429462157448122,0.6789471770362071
2038,28024,0.0,0.2540013726167657,0.3062446592022165,0.1773780746951269,0.9158332104559893,0.10900934339612767,1.0,0.19395333274068316,0.24783248029318994,0.0,0.5610073086734879,0.7352775218700699,0.7606458862803938,0.725114210224383
2039,28036,0.35721443982350615,,0.0,0.20750463299093858,0.8635531131046661,0.22006561210617792,1.0,0.16519942930117215,0.293520163017955,0.0,0.543638675448642,0.6195038964332341,0.0,0.9257153714927411
2040,28030,0.0,0.2470059899487406,0.42264634525502465,0.21777376056137088,0.8075728507835562,0.2694935927022022,1.0,0.3161353386055741,0.32569423776037665,0.0,0.5544941229767806,0.553295380010136,0.7789425991309047,0.6319793675308782
2041,28012,0.5967154078961798,0.4322074677678424,0.5597732959378608,0.24403487637952714,0.7117733172124302,0.4561587138696901,1.0,0.22788635132540425,0.29493985126944555,1.0,0.39426834689479207,0.4238172818593908,0.8212921674167302,0.5873794306425648
2042,29013,0.0,0.7336648520306013,0.7224880573895763,0.3482824284548569,0.4248644677919987,0.2789119603305241,1.0,0.4096785879241728,0.47303801084625363,1.0,0.7038644515306307,0.3981811371134908,0.7606458862803938,0.5807482395941909
2043,29051,0.43461678423997596,0.1700076971517908,0.3767011466471717,0.3376508054762293,0.4084654087423625,0.2473552709195863,1.0,0.6986278537090905,0.6179275208668579,0.0,0.9600521021727666,0.6515765420743561,0.0,0.8822616494359928
2044,29059,0.43461678423997596,0.546686075491745,0.5766425555610933,0.3403106221672545,0.40726942919288034,0.2528035097431991,1.0,0.7436760784289473,0.5938526968147498,1.0,0.9240120743534692,0.6510898367193114,0.0,0.7914566825269261
2045,29011,0.43461678423997596,0.19581869024934673,0.3854145511769584,0.33437792266782707,0.43122753016778514,0.24813063303692373,1.0,0.4589141385938603,0.5787816957900875,1.0,0.9339991523354974,0.5964318581289774,0.7789425991309047,0.7645232988719857
2046,29060,0.43461678423997596,0.5492347166823855,0.4501424337437721,0.339586808799773,0.41121728963752524,0.252561962264914,1.0,0.6608126100733696,0.6906601595088546,1.0,0.9248806509500203,0.6826470944984452,0.0,0.9257153714927411
2047,29009,0.43461678423997596,0.15579159159267333,0.34520634282026325,0.3423505610436265,0.4230376281392827,0.26303675323321385,1.0,0.559021152534986,0.6127880450804957,0.0,0.8714719899058767,0.6025192460839203,0.7947952132712555,1.0
2048,29030,0.3393034787428914,0.25077951315905667,0.4486178983668503,0.3457107121593441,0.4382871933037913,0.27712286964974164,1.0,0.37492415246046373,0.47328889564943655,0.0,0.82110282932356,0.47639761967607813,0.7947952132712555,1.0
2049,29021,0.38598429900599956,0.47931423085226593,0.5675484247632663,0.3237405060744929,0.4288916842294912,0.22155029964463036,1.0,0.3553740521516745,0.4260325118795656,1.0,0.7967868256289516,0.28247375304895483,0.7947952132712555,0.7532318055434659
2050,29058,0.43461678423997596,0.27770781114217735,0.496087632351625,0.3402505350083992,0.40536323354731685,0.2517045917291516,1.0,0.7440456234899044,0.5694764688942342,1.0,0.9418150994018106,0.6776766799412666,0.0,0.8079770209287339
2051,29046,0.038168912490512234,0.2987985150678702,0.48360812153580984,0.3430468476570915,0.4446037700152231,0.27641334872918955,1.0,0.3748194028345766,0.4463837464548457,0.0,0.7472862416431851,0.45805617650052366,0.7947952132712555,0.9257153714927411
2052,29035,0.3393034787428914,0.22995249667539527,0.4694600190588954,0.3441088290695906,0.42927484885786693,0.27011436557927726,1.0,0.4595284960356575,0.5476666549639994,1.0,0.8940512545082646,0.5440295352974499,0.7789425991309047,0.8514307429854822
2053,29025,0.38598429900599956,0.5258055826067505,0.772358878666743,0.3436680868595856,0.40482135693324595,0.25872389856552,1.0,0.5454700970857694,0.5492820909349521,0.0,0.8484585405304343,0.5194852521247895,0.8212921674167302,0.5594373801050112
2054,29052,0.3393034787428914,0.25363093215678756,0.4813774416562334,0.3444317947766624,0.4230937412999529,0.26773063395350594,1.0,0.5060891492771885,0.5475136806697192,0.0,0.7937473251671257,0.5182153419871908,0.8212921674167302,0.8275164340507248
2055,29031,0.038168912490512234,0.7917593324171738,0.5660383747757567,0.34051166620477147,0.435208260940923,0.2630074577535748,1.0,0.44300046462378506,0.5864557038622666,1.0,0.9209725738916432,0.5861136903216676,0.7947952132712555,0.7028614859709643
2056,29032,0.43461678423997596,0.43775414455453526,0.4847060938556045,0.33690442617177874,0.40590511016138753,0.2452926925186203,1.0,0.663503641650115,0.580491509137103,0.0,0.9578809712570509,0.6246445453315747,0.0,0.8275164340507248
2057,29024,0.43461678423997596,0.35005542699843695,0.5724319333909151,0.33506853125089,0.41616954731746425,0.24516272462323285,1.0,0.6914721689250334,0.6253959095873167,0.0,0.904906702036403,0.4828740264902715,0.0,0.6963643413004936
2058,29042,0.38598429900599956,0.685177371394169,0.5525400736038433,0.33998556665795276,0.4023404143451186,0.2494207899349905,1.0,0.679155747449119,0.5451442617921607,0.0,0.9518019703333989,0.6575122331810216,0.0,0.7097780834867178
2059,29053,0.43461678423997596,0.3995494983029138,0.6721555786937015,0.33828195413480433,0.4072133160322101,0.2482946614272481,1.0,0.7700498850832603,0.6093129974205793,0.0,0.955710047391775,0.651469752230121,0.0,0.8514307429854822
2060,29034,0.038168912490512234,0.5833106485618389,0.6227659768866467,0.3345857167605999,0.4434542761300956,0.2512426595564561,1.0,0.40043212995689326,0.4876306846296573,1.0,0.7051672129002362,0.369268144648231,0.7789425991309047,0.6594077639142162
2061,29006,0.38598429900599956,0.5933755475094953,0.6998536451941629,0.3217052345355751,0.43232091089224256,0.218163408332664,1.0,0.32475539340359716,0.4013520080561088,1.0,0.7316543475105599,0.37917031676854895,0.7947952132712555,0.5829133650538523
2062,29044,0.38598429900599956,0.4259574774833951,0.6588817058453529,0.33850930042758987,0.40372797620878864,0.24770928872665632,1.0,0.7296630749441233,0.557158455445546,0.0,0.9522361551064538,0.6579174862534202,0.0,0.5477950842859758
2063,29049,0.43461678423997596,0.2940491564054531,0.42649962010268777,0.33571374726600867,0.41031549122725575,0.24420686362241173,1.0,0.6997909449710844,0.6082659978249378,0.0,0.9570126017109406,0.6148476309355111,0.0,0.8514307429854822
2064,29040,0.43461678423997596,0.24253191706903074,0.3881667417764709,0.3355003399419706,0.4249109534563533,0.2484941339989606,1.0,0.5494732442956266,0.6452404014433151,1.0,0.910985702960055,0.4803273975329812,0.7947952132712555,0.7771461144782232
2065,29026,0.43461678423997596,0.3849079910463297,0.5724319333909151,0.3407921331662087,0.42251899435738904,0.2592463040103401,1.0,0.6201127755706604,0.6620768897464309,1.0,0.8871038840385019,0.6294896676572413,0.0,0.7336923924214751
2066,29055,0.43461678423997596,0.21783389006264153,0.3881667417764709,0.33384355781676855,0.42978385514344486,0.24636888278194835,1.0,0.4722643158614922,0.5756748076789864,1.0,0.9366044680242689,0.5700222398826649,0.7947952132712555,0.8822616494359928
2067,29022,0.43461678423997596,0.18424835480831214,0.3367255473426092,0.34171790772795874,0.4085776350637029,0.2559775412736487,1.0,0.6369134956778417,0.5950909828615287,1.0,0.8497610948495995,0.5546701757736868,0.0,0.8275164340507248
2068,29001,0.43461678423997596,0.2723160430065441,0.5115761635028553,0.3386978851204169,0.42055668555115533,0.25430757480845667,1.0,0.6745075521461501,0.7005858788295245,1.0,0.9257490204961296,0.5662733531926609,0.0,0.9257153714927411
2069,29037,0.0,0.592719003726876,0.48360812153580984,0.35065051414386106,0.41427297916821637,0.28034531296947995,1.0,0.3906894021829215,0.4410591494088346,1.0,0.82110282932356,0.41297726801706874,0.8212921674167302,0.9257153714927411
2070,29054,0.43461678423997596,0.2785825957851532,0.5090022705990835,0.33822262355008115,0.4053071203866465,0.24765940667364506,1.0,0.7724942707563758,0.5825676239634254,0.0,0.9570126017109406,0.6832682860949164,0.0,0.7914566825269261
2071,29036,0.43461678423997596,0.32241280240376735,0.5700183123769273,0.3367137651821338,0.41589860901042885,0.24843734148707464,1.0,0.8122379821666497,0.7080370232287669,0.0,0.9166305191106516,0.5125468979266684,0.0,0.725114210224383
2072,29010,0.43461678423997596,0.5324402581770775,0.7375728500534576,0.3418140814693339,0.41699198973488627,0.2595756260232953,1.0,0.638518318566399,0.6466642144782319,1.0,0.7559705582556082,0.5635509361325939,0.8212921674167302,0.5238807753512185
2073,29033,0.43461678423997596,0.5312135161928437,0.7217909931602718,0.33768543392266936,0.4149735677679822,0.2496458996423776,1.0,0.8397883098807879,0.7581244326791899,0.0,0.9379070223434331,0.5263918473769257,0.0,0.45609329151443034
2074,29023,0.38598429900599956,0.39177930472398875,0.5336821566048857,0.3355386517973371,0.40599409365055084,0.24138031832533802,1.0,0.5715050974838197,0.6391900115984921,1.0,0.961789048315427,0.592680715490373,0.0,0.6550328681014498
2075,29050,0.43461678423997596,0.2896644463591418,0.5322971253701592,0.34418532134802104,0.4154689587176985,0.2642691149396339,1.0,0.5347929797663515,0.5639913540848212,0.0,0.6877985796753905,0.5047473332123814,0.8212921674167302,0.8514307429854822
2076,29041,0.38598429900599956,0.7243023605904098,0.6586704328327954,0.34124397926883976,0.4044381923048701,0.2535157741912646,1.0,0.6464476252928761,0.5469632470281863,1.0,0.9066434411286235,0.5832664715440716,0.0,0.6391266864816243
2077,29057,0.43461678423997596,0.2082256662737217,0.40565749941064255,0.33607871506886544,0.40612956280406853,0.24298420336997073,1.0,0.5971933193141993,0.6053047770966238,0.0,0.9604862869458224,0.6043601035297407,0.0,0.9257153714927411
2078,29048,0.43461678423997596,0.5868272288904182,0.5841664148538418,0.3396466472790185,0.41312348528308884,0.2539203187846706,1.0,0.7174349972038583,0.7318216267590335,1.0,0.9174988886567623,0.6990414484004357,0.0,0.725114210224383
2079,29020,0.38598429900599956,0.2627230450826485,0.48249865191464314,0.32639747618466497,0.43532048726226336,0.22921773087034047,1.0,0.38306181673641093,0.4319519303867019,1.0,0.8823274374340155,0.5169999628415367,0.7947952132712555,0.7914566825269261
2080,29017,0.43461678423997596,0.3522288380680847,0.6101751120083584,0.34236533107762257,0.40732554235355056,0.25654658008819764,1.0,0.6121268055640993,0.5617550972423833,0.0,0.8732089360485376,0.5523224774985703,0.0,0.7914566825269261
2081,29056,0.43461678423997596,0.2633649869583447,0.4629577717208968,0.3342183186755421,0.41184814974075923,0.2411320531278498,1.0,0.6266400904146621,0.5901098236573891,0.0,0.9604862869458224,0.6003418017020207,0.0,0.8514307429854822
2082,29002,0.43461678423997596,0.4935904183848482,0.5531143480757917,0.33849488193005406,0.41944006199452066,0.25324947619934735,1.0,0.7122574110871857,0.7434128314576677,1.0,0.93920978371304,0.5964898970701961,0.0,0.6391266864816243
2083,29007,0.3393034787428914,0.4156356705706804,0.5478302590818,0.3561016428788367,0.41682365025287516,0.308610922123281,1.0,0.2866745462689547,0.36009603589786787,1.0,0.9713417344739603,0.6100717965652551,0.7390115964200016,0.8514307429854822
2084,29004,0.3393034787428914,0.45064466385558505,0.5397000541697546,0.35116420691752026,0.42706484457677474,0.293598428137974,1.0,0.32712487087612296,0.4062446083536492,1.0,0.8897089926768322,0.4883419467631447,0.7606458862803938,1.0
2085,29012,0.38598429900599956,0.2363757153047148,0.4283749501331661,0.3283820857481584,0.42742476637297355,0.23143956637791563,1.0,0.435164137323767,0.4761417733549115,1.0,0.8962223854239799,0.5164255802023876,0.7947952132712555,0.9257153714927411
2086,29029,0.43461678423997596,0.2777260119078601,0.41235151762577327,0.3390347995061612,0.40977361461318496,0.2506003288081362,1.0,0.7405884136560311,0.647269441148126,1.0,0.9431176537209758,0.6799593163256863,0.0,0.7028614859709643
2087,29028,0.38598429900599956,0.6821114825639835,0.5958836678446106,0.3433466568319391,0.4110024644911602,0.2611463950132349,1.0,0.5385530348251786,0.5677694427853208,1.0,0.7064697672194014,0.3664067057375106,0.8212921674167302,0.668732778856004
2088,29008,0.3393034787428914,0.6245426134857112,0.499940907199288,0.35505049678162015,0.418977541373297,0.297868126988743,1.0,0.3204688499062561,0.3911187175627453,1.0,0.9674338644660241,0.5784140088298945,0.0,0.7171720540196672
2089,29047,0.038168912490512234,0.20486043461632913,0.3672064354830018,0.3428129693023998,0.44288915668384754,0.2705141556659232,1.0,0.37892541767311694,0.4910189257576911,0.0,0.8762484365103635,0.6361720867798486,0.0,1.0
2090,29039,0.3393034787428914,0.609704467017249,0.6233578967540168,0.34330643009324735,0.43131651365694834,0.26850877347896174,1.0,0.45725273080644036,0.5632756509106429,1.0,0.9036039406667975,0.5919583421001835,0.7789425991309047,0.7532318055434659
2091,29005,0.43461678423997596,0.7570866552844943,0.6973878152573164,0.339776667980322,0.42804599897989193,0.2589245361271073,1.0,0.5229230847430852,0.7383302414384763,1.0,0.932262206192837,0.6178367952245534,0.7947952132712555,0.5086287365465932
2092,29045,0.4193240488992821,0.2137989994329364,0.4372838406606411,0.3270734137175627,0.4405204404170605,0.23187550268638257,1.0,0.36509316692245697,0.4334442014443174,1.0,0.907946202498229,0.6030121883458041,0.0,0.9257153714927411
2093,29016,0.3393034787428914,0.2887754020634435,0.5490274851612564,0.35062396166397924,0.4175667366774499,0.28191885391990645,1.0,0.3904508326133268,0.44068188160323063,1.0,0.8853669378958415,0.4441194700366591,0.8212921674167302,0.8514307429854822
2094,29019,0.38598429900599956,0.5972625085867389,0.6053893071074637,0.3331524266929511,0.41157721143372383,0.23722679101729516,1.0,0.5407708281015028,0.6540987850758844,0.0,0.964828548777253,0.5822962721175984,0.0,0.7171720540196672
2095,29014,0.43461678423997596,0.41532704952257615,0.5063642908338386,0.3309809657393489,0.4287562150759734,0.23889166598920064,1.0,0.4516571972505471,0.5066748009263222,1.0,0.9040381254398528,0.5336062428020384,0.7947952132712555,0.7771461144782232
2096,29015,0.38598429900599956,0.6231094770928971,0.6307662573425704,0.3317139880827493,0.4182208396128613,0.23656094071200173,1.0,0.5296492126673511,0.5511521396891834,1.0,0.9179330734298172,0.4815734070445471,0.0,0.7532318055434659
2097,29018,0.43461678423997596,0.5649399450697464,0.700140005856829,0.34102307532940535,0.41903365453396746,0.25919245565455085,1.0,0.6565625662988508,0.6606077843632827,1.0,0.8419453548337266,0.6496796204885321,0.0,0.6639688805647354
2098,29038,0.43461678423997596,0.5963934429504174,0.5453944419054412,0.3417638323531733,0.42619591649499855,0.2633730777280514,1.0,0.5294331797737487,0.6324521051293381,1.0,0.8849327531227871,0.590218997248112,0.7947952132712555,0.7645232988719857
2099,29043,0.43461678423997596,0.5259532129361731,0.5603097698976152,0.3379813114590269,0.4245045459958001,0.2544063935278831,1.0,0.5799085823008484,0.8443498900142814,1.0,0.9418150994018106,0.5893469602058369,0.7947952132712555,0.668732778856004
2100,29027,0.38598429900599956,0.33017322252206127,0.5149135537650485,0.34203608049028766,0.4023965275057888,0.2538479196907204,1.0,0.5981535839622333,0.5725937255342188,1.0,0.9313938366467271,0.5950190061933005,0.0,0.725114210224383
2101,29003,0.43461678423997596,0.5664921526054617,0.25406511069539867,0.3353696041411882,0.43681064795095814,0.25206997772913575,1.0,0.42157440596220774,0.5549861920343631,1.0,0.9257490204961296,0.565730081103499,0.0,0.8079770209287339
2102,30051,0.34847139721872533,0.3091088089779602,0.5519626695552913,0.3178315051045092,0.505120255059403,0.2653611910973255,1.0,0.5234265702579022,0.41054501350306527,0.0,0.3986105052010034,0.3489864077881309,0.9301468010770011,0.8079770209287339
2103,30056,0.21593804418795293,0.14875142541862243,0.3322162123140422,0.2815894764716981,0.5825873032636063,0.36070381798049334,1.0,0.5166732265269743,0.4346465672433598,0.0,0.4389926913265121,0.47330996623808946,0.869453057760477,0.8079770209287339
2104,30055,0.28897249904489236,0.16963448545241205,0.35677637697299236,0.28447918937823335,0.5785039736654436,0.36150424507345846,1.0,0.5747816491368204,0.3778627804157003,0.0,0.43378205994897034,0.442387194606036,0.869453057760477,0.7336923924214751
2105,30054,0.45326841320550565,0.1735402823457987,0.40565749941064255,0.46190449233071573,0.5724085459622421,0.37525741794283574,1.0,0.5118997788814197,0.2947548292513218,1.0,0.4255319281096026,0.6449088136633981,0.869453057760477,0.7430174073632629
2106,30053,0.6258260362228523,0.5981076345207392,0.5149135537650485,0.40196385412308167,0.48047187718614304,0.4617890198941461,1.0,0.316765703315922,0.3347438841725551,0.0,0.4945722762359308,0.3875924423554817,0.9036320434281873,0.5873794306425648
2107,30183,0.5689366890539633,0.39979607843007525,0.6282600158494341,0.3353578913731632,0.4620576998040531,0.33441015910264316,1.0,0.5078545642907327,0.4149209931143183,0.0,0.30438557678351685,0.33621225303924906,0.9701320359742358,0.49431816849789056
2108,30182,0.5634396951732947,0.23926537155536162,0.41016683443920954,0.35797728935811823,0.42411243807620214,0.4074911922533252,1.0,0.6402088994121703,0.6292267066455706,0.0,0.3990446899740585,0.24163917157740725,0.9036320434281873,0.668732778856004
2109,30181,0.6258260362228523,0.3281790835343423,0.496087632351625,0.41345632365903306,0.5215296258104498,0.5340383081135739,1.0,0.31863406037585607,0.38442515662501797,1.0,0.47416414254925887,0.5558643003447241,0.869453057760477,0.6130176920083639
2110,30110,0.45326841320550565,0.08885621582557614,0.20617575881288663,0.4063116385614771,0.461611130541011,0.3804085820837778,1.0,0.42540891621197896,0.36083497822876365,0.0,0.30047760325036066,0.02913096853431716,0.9301468010770011,0.7771461144782232
2111,30111,0.5409829611285887,0.25561679972292267,0.3908492491240862,0.4772015963267938,0.679977944531226,0.6726629768739172,1.0,0.44659526582760445,0.4300866052543161,1.0,0.3768997136699461,0.675894961527608,0.0,0.6508295817171241
2112,30180,0.34434468555724396,0.13574167252684946,0.3322162123140422,0.30307572805823424,0.5282094279525316,0.28837736276576253,1.0,0.2643626804302289,0.3365062145418628,0.0,0.20798962097553475,0.0,0.9301468010770011,0.7914566825269261
2113,30178,0.3789880133631159,0.3108892866257766,0.4920889170134639,0.4411850885067943,0.5745199392578547,0.41838142245150634,1.0,0.5047500833798272,0.27844613110505245,0.0,0.4285714285714286,0.7670511863815468,0.9036320434281873,0.8079770209287339
2114,30175,0.11762891481324096,0.4202387923049703,0.613141341266355,0.30877381257318526,0.5292931811806727,0.2941094772661361,1.0,0.32838237430547557,0.4181675087332566,0.0,0.35128094860573267,0.49299011394974135,0.8429462157448122,0.456765206349636
2115,30201,0.45326841320550565,0.29404425627161407,0.4486178983668503,0.4037250697762037,0.46326963071171634,0.3948579928470851,1.0,0.4016942436520089,0.3428286837460003,0.0,0.25749020496130126,0.0241685608097946,0.9301468010770011,0.607375859660376
2116,30208,0.3789880133631159,0.6539560192138166,0.5072509351768942,0.45510867631450536,0.5752630256824295,0.38978092882040005,1.0,0.5789705142507344,0.27155429912560103,1.0,0.43725574518385146,0.7363703542872313,0.869453057760477,0.6550328681014498
2117,30207,0.45326841320550565,0.7015374609867563,0.5974027387494875,0.4443768525278111,0.5394613433735901,0.4021138444374679,1.0,0.6354043103788081,0.38000123291558274,1.0,0.4420321917883381,0.5357797058926226,0.9036320434281873,0.513094802135306
2118,30204,0.5409829611285887,0.3332117149678202,0.4847060938556045,0.46348494733491463,0.6747547485442515,0.6354097958755321,1.0,0.4562402450857709,0.37823344407787785,0.0,0.39339987382346164,0.6678186877639358,0.0,0.5002189284063843
2119,30202,0.34434468555724396,0.12264991064529016,0.2632842602460088,0.29816357495118406,0.5366005397915377,0.29973169090381024,1.0,0.316792646282569,0.3645815782642201,0.0,0.2257924389734356,0.20869982874457194,0.9301468010770011,0.8079770209287339
2120,30200,0.0,0.1683771223113341,0.2632842602460088,0.38455136040242444,0.46290008141920147,0.4833359620060962,1.0,0.30431850200473,0.3568743801600518,0.0,0.42466345503827196,0.2266827152166664,0.869453057760477,0.7171720540196672
2121,30186,0.0,0.2509346862658696,0.4355609835024832,0.38217526378785127,0.443543943824353,0.41510486383532363,1.0,0.3071955844916263,0.34633551809989604,0.0,0.5110725399146661,0.22818037174254435,0.0,0.8275164340507248
2122,30197,0.5689366890539633,0.20750967370171933,0.41016683443920954,0.34800646251804823,0.43378218909198873,0.40499332680178524,1.0,0.6102413345775797,0.4757667680861325,0.0,0.04429005613344472,0.16745682367595294,0.9036320434281873,0.7914566825269261
2123,30196,0.2639728623645515,0.23506925072482507,0.40793615455963306,0.396292304479717,0.4669930385136801,0.4401164848268919,1.0,0.3123720868881684,0.3141166334868285,0.0,0.5201910413001445,0.3251363387654016,0.9036320434281873,0.6508295817171241
2124,30137,0.45326841320550565,0.0,0.2632842602460088,0.40013702089336534,0.4531406627091573,0.37930782720857237,1.0,0.3586919254160147,0.3374855357839277,0.0,0.3782023715143319,0.17174198580855474,0.9036320434281873,0.8275164340507248
2125,30184,0.45326841320550565,0.13808841192750532,0.22032386128980105,0.40094625499781766,0.45069259044952303,0.3641596168390431,1.0,0.3633247308056149,0.35769361869256766,0.0,0.549717676372294,0.2495408371150038,0.9036320434281873,0.8514307429854822
2126,30105,0.6258260362228523,0.6279231553084822,0.5243378406124412,0.3999810497372148,0.5125637670288796,0.6707151897730399,1.0,0.463387725944159,0.5151584215062456,1.0,0.4997829076134721,0.7027823188416562,0.869453057760477,0.4608876401724793
2127,30043,0.0,0.2885914342982919,0.4372838406606411,0.3818365812244414,0.4642315301222012,0.5030163755671815,1.0,0.3185095078130583,0.3757419760265466,0.0,0.5154145946956574,0.2537206799342828,0.869453057760477,0.7645232988719857
2128,30042,0.5689366890539633,0.15807866896561418,0.3736298191175524,0.3456298297802731,0.43892602908611555,0.399921334301352,1.0,0.57084278321371,0.4289481565928558,0.0,0.28354315479856984,0.4981987505236902,0.9036320434281873,0.8822616494359928
2129,30019,0.45326841320550565,0.14779497791403834,0.300188532020952,0.4020093287158547,0.45232784778805124,0.36021025719755506,1.0,0.38183425560070605,0.37449898251907454,0.0,0.5523229920610648,0.33833704236322665,0.9036320434281873,0.8079770209287339
2130,30163,0.5689366890539633,0.12674959916476297,0.327506397791999,0.34725785239982365,0.4353942035983398,0.3860229626033511,1.0,0.42352229090310933,0.47264562060509263,0.0,0.05861918889646489,0.18637074700455625,0.9036320434281873,0.9257153714927411
2131,30115,0.45326841320550565,0.30619150876088047,0.5343679413983259,0.3888182274440509,0.4344851137140744,0.3671242529910975,1.0,0.2712373399608885,0.29590858631810957,1.0,0.5605731239004328,0.2340816647464251,0.8429462157448122,0.5612088264721999
2132,30114,0.5689366890539633,0.2086011426113316,0.34105077566857017,0.33760430621059845,0.456871361985117,0.36390697785553017,1.0,0.3837560081685898,0.3574584570479318,0.0,0.29743810278853466,0.5398313169263186,0.869453057760477,0.673718331962919
2133,30113,0.0,0.16508723495943808,0.327506397791999,0.39499194129766424,0.45566809096163907,0.40569077190911507,1.0,0.3215002653948664,0.3032066051652309,0.0,0.4407294304187326,0.24887661467841776,0.9301468010770011,0.8275164340507248
2134,30010,0.0,0.5168078187979758,0.6007430519038778,0.3456982177597584,0.4387769445967369,0.3632235685574654,1.0,0.4224825723707686,0.6214862996838451,0.0,0.026487134610323704,0.07245380307114956,0.7606458862803938,0.4808481542887606
2135,30097,0.5722796073350965,0.5972866472246593,0.48793334986177095,0.43535296884227603,0.5794160837771234,0.42160088252486216,1.0,0.7405401675539987,0.28047664611133394,0.0,0.42466345503827196,0.817892551198869,0.9036320434281873,0.6285768574637054
2136,30087,0.5634396951732947,0.6202238683328872,0.8307910284800611,0.3592110881636462,0.4316811074977863,0.4259428772321727,1.0,0.6122595809374172,0.8198706287348333,1.0,0.46938769594477203,0.32213871532172916,0.869453057760477,0.2171025029378355
2137,30149,0.5688996179029582,0.27120108236596935,0.5098672009589315,0.47997539885579255,0.6394428175283577,0.5281376908422496,1.0,0.3812312115843478,0.4058815195106522,0.0,0.1567520908471074,0.27120589661709654,0.9036320434281873,0.7336923924214751
2138,30150,0.5967154078961798,0.37231800782280017,0.5536855267134492,0.2826141285787872,0.6073021059989467,0.44190598581042306,1.0,0.21465775880699844,0.28214238799457214,0.0,0.32218849830663787,0.6265162726584033,0.0,0.7914566825269261
2139,30148,0.0,0.33989167158081385,0.4847060938556045,0.39087483584614735,0.4869142955547765,0.5857182469414645,1.0,0.35243988359535905,0.4726001090776404,1.0,0.5084672242258952,0.46964501358015204,0.8212921674167302,0.6639688805647354
2140,30147,0.45326841320550565,0.25575977314018367,0.5429013061554958,0.3943601520537183,0.44031592697210575,0.3608522134013,1.0,0.3059238414974518,0.3255520630064964,0.0,0.43421624472202547,0.1874195484769891,0.8429462157448122,0.8275164340507248
2141,30064,0.34847139721872533,0.1452987469086065,0.279617045909487,0.3230060022221265,0.49191235469397543,0.27939471333204,1.0,0.6434680508560126,0.4884357309438381,0.0,0.4229266124208315,0.28439213896822263,0.9301468010770011,0.9257153714927411
2142,30074,0.45326841320550565,0.5701830365547553,0.3672064354830018,0.3901993021804462,0.44001211833657716,0.37716208753206093,1.0,0.2861137245414005,0.2995810980686058,0.0,0.42162395457644597,0.20911348728398974,0.869453057760477,0.6789471770362071
2143,30168,0.0,0.20832096148898102,0.40094768488859933,0.3966129810242023,0.45085130243521776,0.38514555214014223,1.0,0.33186425178257595,0.31998241808691474,0.0,0.32349105262580324,0.08422335598067382,0.9036320434281873,0.7532318055434659
2144,30166,0.3384686072321147,0.13596153629155663,0.3367255473426092,0.3555312172971614,0.43578767992812595,0.4328214941655373,1.0,0.6485934607412724,0.6825688484351222,0.0,0.3925315042773514,0.5053495014163074,0.869453057760477,0.8275164340507248
2145,30165,0.0,0.20478697632128437,0.2717650557236629,0.3836439479369349,0.45440637075517076,0.44925620002908806,1.0,0.3125086263069996,0.35597644804095385,0.0,0.35518892213888886,0.1815616319383268,0.0,0.8822616494359928
2146,30164,0.0,0.3172179788975322,0.5507983349735351,0.3660272131816277,0.43394722493954874,0.4277221443077045,1.0,0.587732687803532,0.5312981053175654,0.0,0.5089014089989503,0.11613553002873642,0.869453057760477,0.6963643413004936
2147,30126,0.0,0.2205555293303067,0.3960187319622951,0.3804537637575137,0.4789295911763233,0.6068218559484898,1.0,0.358187304522843,0.47836111843156814,1.0,0.5319148583743931,0.4317963611299517,0.8212921674167302,0.6639688805647354
2148,30050,0.34847139721872533,0.2621500732352677,0.4320288770750036,0.3237126167412038,0.4901416282019295,0.2829139216950409,1.0,0.6437852130289086,0.4993333655453611,0.0,0.41120279534658266,0.2825955332886642,0.9518127218666266,0.8514307429854822
2149,30046,0.0,0.3944690587067129,0.4656067442112324,0.3675802264070954,0.43321376601129,0.42391633282103025,1.0,0.5219114746538194,0.4906112078633543,0.0,0.4363873756377412,0.05939684994465972,0.9036320434281873,0.8275164340507248
2150,30004,0.5634396951732947,0.27388206751281946,0.4681911011296974,0.36512941591916737,0.4590451923032651,0.5101459951162344,1.0,0.43391351559701064,0.4868491470392736,0.0,0.5145462251495474,0.36085041612719904,0.8429462157448122,0.6285768574637054
2151,30128,0.0,0.6166377757551433,0.7176307634910005,0.35379213896123396,0.4215746981223102,0.35787156667043485,1.0,0.36530554111731983,0.49162362377768976,1.0,0.5840207580489305,0.5365379355510573,0.7606458862803938,0.3942223662247969
2152,30145,0.5409829611285887,0.20679202627390447,0.44229044355794794,0.49927029450548244,0.6604109696295574,0.5472969197771478,1.0,0.5997306666165807,0.47290012098212686,0.0,0.4155449536527942,0.6583442628278668,0.0,0.668732778856004
2153,30146,0.0,0.12645767693840593,0.279617045909487,0.3758849431024469,0.44351107349585983,0.436673934572259,1.0,0.3814676647926085,0.4054655486408587,0.0,0.543638675448642,0.26071749129322436,0.0,0.8822616494359928
2154,30098,0.0,0.12198609293798746,0.279617045909487,0.3949218957182755,0.44908057594317186,0.387583020351544,1.0,0.3195298840159019,0.3121564361711071,0.0,0.3395571315314838,0.25332494402892497,0.9301468010770011,1.0
2155,30107,0.0,0.0,0.07344128709660036,0.34868624603063747,0.43232489873178737,0.36613443965877135,1.0,0.4237898308868,0.8566489707842687,0.0,0.2158054645166272,0.04558582051112685,0.869453057760477,1.0
2156,30116,0.5409829611285887,0.3454589706273908,0.5189426848865937,0.5121331860292776,0.6600606753296745,0.5100384598402523,1.0,0.6732463950307663,0.42489038606806384,1.0,0.4029526635072149,0.7057674013815989,0.0,0.6189731165776511
2157,30131,0.34847139721872533,0.6358118667088573,0.6984101163168486,0.3140791904694148,0.5149686572586105,0.277323217596537,1.0,0.38616343714062795,0.4013593090448492,0.0,0.3612679230625411,0.5493983038423538,0.8429462157448122,0.35014374405838833
2158,30136,0.5634396951732947,0.21339668111577736,0.41235151762577327,0.35526237201482747,0.4218230778022626,0.40199084862582435,1.0,0.7123424830809761,0.5859578653084546,1.0,0.42075558503033594,0.5785875654186121,0.0,0.7097780834867178
2159,30138,0.45326841320550565,0.3967653964216535,0.5435301114473258,0.3883782709942103,0.4374518197556023,0.3760661501272181,1.0,0.2749888897136863,0.2930298288056442,1.0,0.5045593542179589,0.2573630807994208,0.869453057760477,0.5630100464373469
2160,30140,0.0,0.09909216904517683,0.18984297314940843,0.3934158867120303,0.44480566403082133,0.38030177256243125,1.0,0.30841329643572624,0.31096418350045796,0.0,0.3643074235243666,0.031621969086192296,0.9036320434281873,0.8514307429854822
2161,30156,0.3384686072321147,0.0,0.3174079620274858,0.3490185903945099,0.4316146826357058,0.3753187551311493,1.0,0.4629769851054135,0.6711940462812671,0.0,0.18714719899058774,0.012105088672126518,0.869453057760477,0.8514307429854822
2162,30157,0.11762891481324096,0.23125950428506942,0.4338096480802939,0.3050175735812365,0.5397259578187603,0.3053980699420905,1.0,0.2939656457178256,0.37970652071197886,0.0,0.35128094860573267,0.4823759334573061,0.0,0.6789471770362071
2163,30158,0.5689366890539633,0.2328797260469145,0.4406477225796021,0.324145036845216,0.4890618628133332,0.31067859951279386,1.0,0.2800299504376559,0.35045769619302636,0.0,0.3499782907613471,0.5795723905476621,0.869453057760477,0.6508295817171241
2164,30159,0.45326841320550565,0.1983442729510304,0.300188532020952,0.40600203636920473,0.45837348619244767,0.36328410533361977,1.0,0.41956997896867465,0.3868269738543437,0.0,0.3469387902995211,0.20489196871000784,0.9036320434281873,0.7645232988719857
2165,30160,0.34434468555724396,0.558568698647851,0.6172844072817358,0.29731860890964235,0.5618900894694419,0.33913465872912296,1.0,0.23003220809273606,0.36465770768361083,0.0,0.35258360645011844,0.47610754175978326,0.869453057760477,0.4688836913067502
2166,30161,0.21593804418795293,0.3857331624990558,0.5197304459927093,0.2740777961853188,0.6121846351823543,0.4217726112788759,1.0,0.3085526347601778,0.3560460719981232,0.0,0.4025184787341598,0.5256569835212332,0.8429462157448122,0.5920397329227105
2167,30162,0.0,0.10070658701056555,0.279617045909487,0.3729863978878877,0.44655713553023524,0.45679747599981424,1.0,0.42240474601256806,0.4473994605395306,0.0,0.519322671754034,0.19250709520634063,0.869453057760477,0.8822616494359928
2168,30078,0.5967154078961798,0.25616833336591904,0.41659021807376007,0.2862822362441465,0.5883852461931446,0.38408155818205514,1.0,0.332349898764852,0.29393836910118454,0.0,0.32826749923028986,0.5182545099808888,0.8429462157448122,0.7771461144782232
2169,30167,0.34434468555724396,0.222378770628277,0.42264634525502465,0.29059923674968535,0.5821247826423829,0.36962411418921093,1.0,0.2790312807309787,0.30675128688201425,0.0,0.27399046864003673,0.4791388171572294,0.869453057760477,0.8079770209287339
2170,30169,0.45326841320550565,0.5247695430200572,0.47071391985523714,0.47352494115835486,0.5851539257064462,0.3532844020572221,1.0,0.4735175617401586,0.2758420525808296,1.0,0.4229266124208315,0.6331344362913833,0.869453057760477,0.7645232988719857
2171,30185,0.0,0.2222702596218464,0.3881667417764709,0.3928450768223747,0.44573070527326797,0.384671300347881,1.0,0.30384145822322295,0.30557414307037045,0.0,0.36691273921313794,0.06533629539307594,0.9036320434281873,0.8514307429854822
2172,30190,0.45326841320550565,0.13838926558949688,0.29376514838640144,0.4619797596086521,0.5678626957428562,0.3741333590262672,1.0,0.5760833228448897,0.3122725996947271,0.0,0.44159800701528296,0.64832432186182,0.0,0.9257153714927411
2173,30003,0.5409829611285887,0.46733104211215004,0.6514510020224797,0.5039428262301876,0.6428488013589319,0.48178416108326994,1.0,0.4855069895232357,0.3792155702849168,0.0,0.3877550576728648,0.6560641047684423,0.869453057760477,0.41955616697343545
2174,30194,0.0,0.4043962438486686,0.5287532036785814,0.3497709689447208,0.43001229562567067,0.362147211336582,1.0,0.4040083697424064,0.662274310354755,1.0,0.6487190513942673,0.6560111001255915,0.8212921674167302,0.6428874255124083
2175,30199,0.5409829611285887,0.28850894318262865,0.5072509351768942,0.49581076345676145,0.6726144727596908,0.6191420334856358,1.0,0.4063436202266465,0.6069847932847139,0.0,0.41728179627023465,0.7061925855125507,0.9036320434281873,0.8079770209287339
2176,30206,0.5409829611285887,0.5594090728442733,0.45164534377503446,0.4743895775137089,0.670063801675032,0.8237355321989328,1.0,0.36070721010888285,0.49649114004193007,1.0,0.42032129673206065,0.7313233043185433,0.9301468010770011,0.5559799813989118
2177,30011,0.6258260362228523,0.6357235224890168,0.5072509351768942,0.41775594746333067,0.5456231959388722,0.5197870021362135,1.0,0.34322735952872496,0.37053695004484644,1.0,0.47199301163354335,0.7325578389094001,0.9036320434281873,0.5344740898901891
2178,30012,0.3789880133631159,0.12444248469485786,0.25406511069539867,0.447569629832535,0.5737071243367486,0.40694387907393503,1.0,0.5123776272125437,0.26856841251439656,0.0,0.4437689308805586,0.7821724255179857,0.0,0.7645232988719857
2179,30015,0.4013003736159663,0.3319089050737102,0.4847060938556045,0.44246710334122785,0.590853257650505,0.39672685770994054,1.0,0.5198428403438035,0.25834561360503316,0.0,0.3056882346279024,0.7435782116187629,0.9036320434281873,0.607375859660376
2180,30016,0.0,0.6141387691112024,0.5197304459927093,0.3799140754683178,0.48630667828371943,0.6856534750465967,1.0,0.4155665145888108,0.5198275594663426,1.0,0.5848893346454809,0.7488090662814257,0.8429462157448122,0.5189525477686241
2181,30017,0.0,0.6636847318759072,0.2717650557236629,0.3723243926989359,0.45782596992160596,0.5033648933088574,1.0,0.377268037797607,0.43910979970709674,1.0,0.5458098063643577,0.3076346987898181,0.8212921674167302,0.9257153714927411
2182,30117,0.45326841320550565,0.23490657433443204,0.4406477225796021,0.4047387361676582,0.4796029491043666,0.44163080441178226,1.0,0.35234213657642954,0.321896883277461,1.0,0.32392534092407876,0.1986795113771563,0.9036320434281873,0.6130176920083639
2183,30044,0.0,0.7813635745807541,0.7416124733153854,0.38795915756358057,0.4515518910349834,0.42171329645517164,1.0,0.2747868200753789,0.32263876179174866,1.0,0.4138081110353533,0.12092868774919541,0.9036320434281873,0.343149289608472
2184,30047,0.0,0.43825637601439976,0.6427246597821097,0.37895822737745466,0.43466706853194625,0.3977096159285377,1.0,0.312940137343621,0.34830343160857635,0.0,0.3582284226007151,0.08511318416764865,0.869453057760477,0.6046625485289482
2185,30049,0.6258260362228523,0.492061814482067,0.3704667967482067,0.40269994293029243,0.5005614737092501,0.5530429045320244,1.0,0.33149652431836274,0.42325245433626024,0.0,0.48458540530434235,0.4427116160862058,0.8429462157448122,0.6319793675308782
2186,30052,0.2639728623645515,0.6173828095569648,0.4283749501331661,0.3993889450105772,0.4677032546097617,0.42799208498177077,1.0,0.3394543729298921,0.3115392404131859,1.0,0.4763352734649746,0.27900639277933903,0.9301468010770011,0.7097780834867178
2187,30099,0.45326841320550565,0.32758203920474005,0.5265685204920176,0.38697942887518955,0.4286310576238659,0.3575052328144781,1.0,0.2555348405209016,0.29044742712477545,1.0,0.5935736512579037,0.4130806018959426,0.7606458862803938,0.5226273100076635
2188,30100,0.0,0.5349670027185587,0.40793615455963306,0.39018280484189094,0.4936372797267614,0.6679526985617799,1.0,0.4287631649751463,0.5874879326055726,1.0,0.5310464888282829,0.6337453124903473,0.8212921674167302,0.6467849483079785
2189,30198,0.34434468555724396,0.1267787301760496,0.29376514838640144,0.3048544875375331,0.5173798713502068,0.2719703668746549,1.0,0.3372726454535997,0.3831336198344316,0.0,0.20842380574858987,0.030499981824737458,0.869453057760477,0.7771461144782232
2190,30139,0.4013003736159663,0.0,0.2717650557236629,0.44221216087955995,0.5822240778329566,0.4095763713691529,1.0,0.6143471210482285,0.2702367505591594,0.0,0.41337382273707846,0.8255494785696476,0.9036320434281873,0.8822616494359928
2191,30041,0.0,0.10772675035254187,0.2328033721056162,0.3965983239155928,0.45869091016383734,0.4101247757613071,1.0,0.33338020965441206,0.30874631034639477,0.0,0.3347806849269974,0.13386131728140246,0.9301468010770011,0.7914566825269261
2192,30058,0.34434468555724396,0.2414509189056781,0.41449206276517053,0.2928082731323868,0.5675293204132855,0.34337629699075467,1.0,0.3359919475831843,0.28764655646694937,0.0,0.35866260737377,0.3709648346262987,0.869453057760477,0.5765449532098653
2193,30135,0.45326841320550565,0.32409271963681907,0.5220591854634506,0.3919582840020226,0.44382450962770437,0.3822947613693767,1.0,0.2976045376098214,0.30344811211116174,0.0,0.40034734781844405,0.3577443621339946,0.9036320434281873,0.7028614859709643
2194,30176,0.45326841320550565,0.21609250282656176,0.40565749941064255,0.45908510986659157,0.5620086396526477,0.37797486115621726,1.0,0.530065738473453,0.32839365750753546,0.0,0.45071650840076094,0.6431258812665368,0.0,0.7771461144782232
2195,30120,0.5409829611285887,0.32723362625602176,0.5165436379277445,0.49365707372597945,0.6681479785331523,0.6180112887644795,1.0,0.4289415689110294,0.619177618795036,1.0,0.43421624472202547,0.7161224725545424,0.9036320434281873,0.7097780834867178
2196,30020,0.45326841320550565,0.21010446501326915,0.40565749941064255,0.3981643181152825,0.4472866066189488,0.3700838092888088,1.0,0.3373839242810319,0.33593372855177317,0.0,0.4359531908646861,0.11745794235155721,0.9036320434281873,0.7914566825269261
2197,30021,0.0,0.5244965599765345,0.5149135537650485,0.3909172663893905,0.463395472368918,0.4531925106292988,1.0,0.2746708364643493,0.3272254813423504,1.0,0.4059921639690409,0.2111892664640318,0.869453057760477,0.6594077639142162
2198,30022,0.0,0.27765925457337687,0.45745246172137827,0.38459214722432056,0.43938125823334306,0.3949473984619558,1.0,0.27466764988617154,0.31957550681843105,0.0,0.3617021078355962,0.08923475753204327,0.9036320434281873,0.7336923924214751
2199,30023,0.0,0.40038936116329127,0.48249865191464314,0.3408506488911476,0.4495039023740368,0.3523305752592484,1.0,0.4730666523394699,0.48112312233143395,0.0,0.12505432485924195,0.13633858307006394,0.9301468010770011,0.5725003198007196
2200,30024,0.0,0.5034034420195925,0.41659021807376007,0.3720561889162617,0.44715512530497625,0.4602873920605973,1.0,0.43446445957038693,0.46176376020519005,0.0,0.3577941343024398,0.04142622647631374,0.869453057760477,0.7336923924214751
2201,30025,0.0,0.21227212388493644,0.4629577717208968,0.3610241347503571,0.413553819780913,0.37888239692737413,1.0,0.4258555868789492,0.4373650719118789,0.0,0.4546243784086972,0.2642932116264688,0.7606458862803938,0.7914566825269261
2202,30026,0.5634396951732947,0.4666040141131835,0.5397000541697546,0.3566749201693683,0.4256354690933898,0.41091373011089305,1.0,0.9257768188444472,0.6448574026658369,1.0,0.4224924276477764,0.4352491094576896,0.869453057760477,0.5358750257235614
2203,30027,0.34434468555724396,0.1606834824686198,0.3767011466471717,0.2968153798103609,0.5463695859978981,0.3139719961439432,1.0,0.3299857837254323,0.32218689758182817,0.0,0.35041247553440225,0.3524611061443717,0.9036320434281873,0.725114210224383
2204,30028,0.0,0.5396387542433572,0.6617961279582493,0.3933356506711765,0.5089662008841176,0.8370528878687056,1.0,0.6907267110005701,0.7245844407914299,0.0,0.5657837552779745,0.7937878835288447,0.0,0.3241560665701543
2205,30029,0.0,0.12557516227388937,0.29376514838640144,0.3744982147284439,0.4248090388364226,0.38259937726148574,1.0,0.32147205572198156,0.35319840069137154,0.0,0.32392534092407876,0.08439894429784735,0.869453057760477,0.7645232988719857
2206,30030,0.45326841320550565,0.39293777383421935,0.5907906580380078,0.39104219666585394,0.4386245564729072,0.3704200923630645,1.0,0.2879518930392375,0.30520714021838236,1.0,0.5167173560652631,0.4245670085113144,0.869453057760477,0.5705338414139879
2207,30033,0.34847139721872533,0.21207194409323288,0.40565749941064255,0.31003151437394016,0.5258543270216054,0.29307541700248485,1.0,0.280798514282145,0.5556598062830147,0.0,0.37125489751934926,0.595174816430482,0.869453057760477,0.7430174073632629
2208,30034,0.34434468555724396,0.28114651782305267,0.499940907199288,0.2902729409841137,0.583129179877677,0.3760637893248904,1.0,0.25051035305792246,0.3208483574576866,0.0,0.33738600061576784,0.5556031301630852,0.869453057760477,0.6963643413004936
2209,30065,0.0,0.5206334017236512,0.6050390476787662,0.36648555177649567,0.44870139915434104,0.4741735948188731,1.0,0.4571476674685192,0.5119908719552286,1.0,0.5254016726776858,0.31327942794707964,0.8212921674167302,0.4209947129370978
2210,30066,0.34847139721872533,0.25735996420714496,0.5081302213907973,0.32229327943285424,0.4937063240181985,0.28312101541661705,1.0,0.6609497202562902,0.4563333680989239,0.0,0.3799392141317721,0.4038988920010934,0.869453057760477,0.668732778856004
2211,30067,0.34847139721872533,0.2696774833360817,0.4501424337437721,0.3220748095971764,0.4942578281285853,0.2708744027254366,1.0,0.524987585998826,0.4634167841702068,0.0,0.39687366258356294,0.22045953542694793,0.9518127218666266,0.8822616494359928
2212,30068,0.0,0.6540662170313503,0.5854404187487525,0.38839796200226706,0.44858518499345534,0.4089258719597715,1.0,0.27837562551221195,0.31345861615127435,1.0,0.44767700793893495,0.2044652983736147,0.9036320434281873,0.46444843499384614
2213,30070,0.5409829611285887,0.1987543694680953,0.4338096480802939,0.5395298762842554,0.6958487423026528,0.4733624363474418,1.0,0.2939539505961408,0.4151523644524663,0.0,0.2983065758598651,0.5683174603587269,0.9036320434281873,0.8079770209287339
2214,30072,0.34434468555724396,0.2505894284411979,0.45745246172137827,0.30279500794146996,0.5192860669957703,0.2706861068502313,1.0,0.3738662336652624,0.437349901501335,0.0,0.20147633175360724,0.027031238934546915,0.7606458862803938,0.6428874255124083
2215,30073,0.3789880133631159,0.5675567546633049,0.4951020124005398,0.48315619391233233,0.6262349171629302,0.4501678437471015,1.0,0.36369796462752224,0.333058708638705,1.0,0.3356491579983274,0.6217682146529638,0.9036320434281873,0.6252790567992559
2216,30075,0.6258260362228523,0.24558459252603612,0.40565749941064255,0.42380329613543277,0.5418436749762381,0.49198786147151696,1.0,0.34995341320156614,0.34559170779286663,0.0,0.480677328245966,0.7351841961457178,0.869453057760477,0.7914566825269261
2217,30112,0.5634396951732947,0.46790295421642675,0.6134658541714606,0.3559557175917508,0.43156888117644576,0.42497420689958054,1.0,0.558596905434388,0.600393484660577,0.0,0.442466376561393,0.3715020683865015,0.869453057760477,0.6508295817171241
2218,30109,0.5689366890539633,0.43760240482285506,0.6399854068931805,0.341887698073328,0.4471816717716042,0.37414097884439346,1.0,0.4293815223010642,0.40002736237802483,0.0,0.0963959558079821,0.1619024451776925,0.9036320434281873,0.5177551044154516
2219,30141,0.3789880133631159,0.4939091336612059,0.6786556092250824,0.4576686754260342,0.6090462860243646,0.418702887179758,1.0,0.35591869584071567,0.2884264365642706,1.0,0.25705602018824614,0.6036009628515973,0.9036320434281873,0.42644101509918864
2220,30142,0.6806413939763865,0.31280453022896787,0.5098672009589315,0.5315311366093559,0.6435125317906591,0.423945092522481,1.0,0.3639857744937638,0.3196501972819832,1.0,0.3760312405986159,0.7083367627756906,0.869453057760477,0.7097780834867178
2221,30143,0.3789880133631159,0.316190557032765,0.5115761635028553,0.4577634524249239,0.5980483899400293,0.38905987354251514,1.0,0.3967398074491808,0.26558547137398547,0.0,0.3617021078355962,0.6968009844327101,0.9036320434281873,0.566705932174072
2222,30144,0.5409829611285887,0.3994261151756808,0.5806922222734946,0.5365154288422623,0.6626538442391426,0.46261292830281486,1.0,0.41707014530931874,0.3643017067688542,1.0,0.3725575553637348,0.7452119612595614,0.0,0.6130176920083639
2223,30151,0.5967154078961798,0.231192637846351,0.3767011466471717,0.28914890179505803,0.5866048922047824,0.3911225191019476,1.0,0.1842255208000262,0.3394601668340571,0.0,0.3530177912231731,0.5463798998028926,0.0,0.7430174073632629
2224,30152,0.5967154078961798,0.20242532633894406,0.327506397791999,0.27024880954607833,0.64885524557297,0.6163518962418598,1.0,0.34355854191586455,0.38077311928834623,1.0,0.41033432227525246,0.6668130602099218,0.8429462157448122,0.6844442827380792
2225,30153,0.34434468555724396,0.13907428908580938,0.3736298191175524,0.28813123396145846,0.5897728080568143,0.39065105720715687,1.0,0.249918236854329,0.3073613492998639,0.0,0.16847590792135647,0.37842297898173405,0.869453057760477,0.7532318055434659
2226,30154,0.5967154078961798,0.2128600911797053,0.41449206276517053,0.2838474238475236,0.6033310027221246,0.42577958539162697,1.0,0.22968896688002483,0.2843625485468736,0.0,0.22666091204476602,0.549463655417224,0.0,0.7336923924214751
2227,30155,0.28897249904489236,0.3769278912874924,0.5883548408616489,0.2807244552216507,0.595785576132718,0.40690018776244274,1.0,0.3524347194903087,0.3255517840684289,0.0,0.37038642444801884,0.5080819653558025,0.8429462157448122,0.46372674832617045
2228,30187,0.3384686072321147,0.15853183302582943,0.279617045909487,0.3512689080529632,0.42684437977363876,0.39969670522744083,1.0,0.5098249383540443,0.49656088149794686,0.0,0.22535825420038025,0.2026719878558163,0.0,0.9257153714927411
2229,30188,0.0,0.2514895761543007,0.41659021807376007,0.37363845381647565,0.4431279088674839,0.4429168431163071,1.0,0.41333372311568173,0.43151743721948177,0.0,0.5123750942338314,0.17399671449550805,0.0,0.7430174073632629
2230,30189,0.11762891481324096,0.5761367715674601,0.6465867139628094,0.3016175552200272,0.54938277770378,0.3252107738213019,1.0,0.23068541286861688,0.5082164824856881,0.0,0.35562310691194443,0.5946514126322958,0.869453057760477,0.3625487026254307
2231,30191,0.3384686072321147,0.6106325013619666,0.48360812153580984,0.3723296094625368,0.4726362572970686,0.5875691068608355,1.0,0.33310944805015763,0.42259592721443706,0.0,0.6048632835590977,0.6770947509615252,0.8429462157448122,0.5896842520574764
2232,30192,0.5689366890539633,0.4111496605246691,0.5258301664190614,0.34502036034846495,0.4402574777891153,0.4002887906977455,1.0,0.4936677650525614,0.4420406544862009,0.0,0.29526707539803887,0.3365148050173957,0.869453057760477,0.6550328681014498
2233,30195,0.45326841320550565,0.23440220474570733,0.42649962010268777,0.3974904287955261,0.44530105498053785,0.35809244580347865,1.0,0.3337793520580593,0.34809984890838264,0.0,0.5505862529688443,0.28604695119709667,0.8429462157448122,0.8822616494359928
2234,30210,0.6806413939763865,0.21684495457767472,0.3908492491240862,0.5616465458029649,0.7282308254450569,0.40848168421577025,1.0,0.22863430507831195,0.6267722849166802,0.0,0.17238388145451267,0.2479380373374733,0.9518127218666266,0.7171720540196672
2235,30211,0.5689366890539633,0.606873592933891,0.5197304459927093,0.3315886764702204,0.4709249476001438,0.338509027820573,1.0,0.3100015391845451,0.3298393720022301,0.0,0.3821102415222679,0.6395187314254872,0.869453057760477,0.5851231354069573
2236,30212,0.45326841320550565,0.19415378462617858,0.3638425535640407,0.5270224058197125,0.607552137496125,0.3324349788758604,1.0,0.3040380317775425,0.24782234156922833,0.0,0.4329136904028599,0.6235026204271314,0.9036320434281873,0.7771461144782232
2237,30048,0.5409829611285887,0.794091060136302,0.6636282205342648,0.48602985808162835,0.6685872563221985,0.6934815185758055,1.0,0.36074985652083946,0.7493400947829288,1.0,0.41293963796402333,0.695430814485466,0.9036320434281873,0.4028318892804721
2238,30059,0.5409829611285887,0.7161920568084198,0.4501424337437721,0.4876036003457871,0.6608502474186035,0.623325128348296,1.0,0.42942023728974166,0.5971164681413808,1.0,0.45115069317381606,0.6781877255363592,0.9036320434281873,0.6639688805647354
2239,30209,0.5688996179029582,0.29308598599687097,0.4602408695082853,0.46436944465819685,0.6311968023391852,0.551472542695469,1.0,0.30986922060147737,0.39523815359759995,0.0,0.12505432485924195,0.2600800897564638,0.9301468010770011,0.7532318055434659
2240,30173,0.45326841320550565,0.6239931702050875,0.5090022705990835,0.41120666804366124,0.4789817164974485,0.40791274767663843,1.0,0.4534654524131786,0.36566951881576215,1.0,0.31046457770716884,0.07731700220304027,0.9301468010770011,0.6159540418574678
2241,30205,0.5967154078961798,0.6106444539823032,0.4813774416562334,0.26913930671313346,0.6273219740255226,0.44934588994936486,1.0,0.33145493352262456,0.35356343779992094,0.0,0.42336079719388664,0.5775546712849907,0.8429462157448122,0.6550328681014498
2242,30203,0.34847139721872533,0.2596018214678753,0.41659021807376007,0.3265801502577351,0.48303547940156877,0.2875869785460894,1.0,0.6195336144301065,0.5778520402477414,0.0,0.34737297507257625,0.09429420001825137,0.9701320359742358,0.8079770209287339
2243,30031,0.0,0.14953401859664786,0.25406511069539867,0.4010979971839329,0.48515319655904665,0.4870669076220986,1.0,0.28876809494365663,0.36008433915007043,0.0,0.4976117766977568,0.3707752459538296,0.869453057760477,0.7532318055434659
2244,30079,0.0,0.22778802608928095,0.4486178983668503,0.3641350585677402,0.42196817445209633,0.39683803978678056,1.0,0.4841759730007088,0.46342479155006355,0.0,0.37386021320812013,0.06252380257330352,0.9036320434281873,1.0
2245,30069,0.34847139721872533,0.3181197941393841,0.5124204180151032,0.321094124496468,0.4967427585562578,0.2984601739273961,1.0,0.3010892275231809,0.3801155993519725,0.0,0.36517589659569727,0.5902966420977457,0.869453057760477,0.6189731165776511
2246,30101,0.0,0.2576970464316456,0.44229044355794794,0.38341567976075974,0.43135006819053556,0.37556444726864036,1.0,0.2613396458825116,0.30785952927599647,0.0,0.22796356988915134,0.09110824255283245,0.869453057760477,0.6252790567992559
2247,30103,0.34847139721872533,0.22799756457818604,0.35677637697299236,0.32272346217072334,0.492622570790057,0.2746193865847373,1.0,0.5481285150813773,0.47962713036151683,0.0,0.3894920038155254,0.25561927792772454,0.9518127218666266,0.7336923924214751
2248,30104,0.5688996179029582,0.23708091020316693,0.4656067442112324,0.4715558618138602,0.6365322246475,0.5561549672044377,1.0,0.3474659922531266,0.4174752390713852,0.0,0.2158054645166272,0.45541879718852235,0.9036320434281873,0.8822616494359928
2249,30106,0.3384686072321147,0.34076457878133837,0.4355609835024832,0.35151548327032,0.4263257459917451,0.4061773850822965,1.0,0.49555287010126614,0.520004746617653,0.0,0.2301345972796467,0.15052727081190093,0.0,0.8275164340507248
2250,30102,0.5689366890539633,0.6039143383772436,0.6356076092877035,0.3331269320654895,0.4672808957910274,0.3358592569037627,1.0,0.3750026208835451,0.36692286384613704,0.0,0.304819761556572,0.449378574682405,0.9036320434281873,0.41130824717996417
2251,30108,0.5409829611285887,0.8644127038960514,0.674001503095417,0.5087191664892216,0.7015112160786734,0.5380201793088853,1.0,0.3484217036269386,0.3930711622397387,1.0,0.2887537861761116,0.3331860860274606,0.9036320434281873,0.36452554512078816
2252,30193,0.0,0.8601628704193223,0.792994160092142,0.38779498771542253,0.4998416301168527,0.8376603610097564,1.0,0.5585646629089399,0.7467968816718173,1.0,0.5601389391273777,0.7584609669887769,0.869453057760477,0.19820118791545893
2253,30177,0.3384686072321147,0.2051483394172545,0.3174079620274858,0.3506220748049568,0.42820869880513157,0.3886351019186184,1.0,0.5236586631166671,0.5569090439013251,1.0,0.08032998042752193,0.21562026668451129,0.0,0.668732778856004
2254,30179,0.0,0.27767544352305684,0.3638425535640407,0.37818188337159775,0.4550276033620889,0.4740692280864459,1.0,0.36128702994565143,0.4026511968766221,0.0,0.5245333031315758,0.30375579603100783,0.869453057760477,0.8275164340507248
2255,30174,0.45326841320550565,0.6194428998089471,0.6256930520036629,0.4243452006028329,0.5199039959682377,0.4586124262000473,1.0,0.35400329528476915,0.34177589823481946,1.0,0.44941374703115544,0.44507867974864596,0.9036320434281873,0.456765206349636
2256,30172,0.5409829611285887,0.29299330402991924,0.48898762105465576,0.5214772782078653,0.6722080652991378,0.5102969968523206,1.0,0.44991716141851656,0.4228156204459521,1.0,0.37125489751934926,0.7014252057438461,0.9036320434281873,0.6550328681014498
2257,30171,0.45326841320550565,0.1967631985938434,0.311973264080358,0.40343572081790313,0.4558925436043202,0.37543643942032046,1.0,0.38814292755215096,0.3542762208664644,0.0,0.4407294304187326,0.20259769675264758,0.9036320434281873,0.8514307429854822
2258,30170,0.34434468555724396,0.09516506930235502,0.22032386128980105,0.30131317011697323,0.5274527261920956,0.2868148137494795,1.0,0.29162748956560847,0.37429534239865936,0.0,0.17585756668939356,0.010053574090178898,0.9301468010770011,0.7771461144782232
2259,30134,0.0,0.5872594089102631,0.36036836098369357,0.3760275738093706,0.4678194687706473,0.545248883523302,1.0,0.3407091307076249,0.4093277301114895,1.0,0.5110725399146661,0.3187803563081804,0.869453057760477,0.6159540418574678
2260,30001,0.5634396951732947,0.3952872505306029,0.3492050581584243,0.3562324026435264,0.41872090260721695,0.39433135080565307,1.0,0.5659553950315991,0.5454267976706579,1.0,0.33130699969211586,0.1936147323298401,0.869453057760477,0.6508295817171241
2261,30133,0.5967154078961798,0.4303692704207207,0.5466193501224008,0.2634691539949511,0.6704213874489107,0.8367804169980826,1.0,0.5623593447190298,0.49658952681839585,1.0,0.42422927026521706,0.6597891031169713,0.0,0.5401911821184902
2262,30132,0.5634396951732947,0.3439441234205966,0.5273017648072774,0.35260386875889727,0.4240460132141216,0.3812027027221043,1.0,0.4987172287046935,0.6287190830896279,1.0,0.4029526635072149,0.32677390027377273,0.869453057760477,0.6189731165776511
2263,30122,0.5409829611285887,0.3444290380743816,0.6025542649092888,0.4734538580858253,0.6488711969311511,0.6457082242607535,1.0,0.3575552143533197,0.5093455793286586,0.0,0.3929656890504063,0.7190820631072152,0.9036320434281873,0.8275164340507248
2264,30130,0.45326841320550565,0.3732256199146609,0.5919878841174642,0.5108101901520098,0.6038984581906927,0.3428613927954528,1.0,0.3603965183923499,0.2550719922768664,0.0,0.4090316644308669,0.537928084716687,0.9036320434281873,0.6594077639142162
2265,30129,0.27963980429930774,0.2887456468233306,0.496087632351625,0.2812810221375083,0.5888245239821905,0.3743959873621673,1.0,0.4790422048637498,0.39376950157920965,0.0,0.42162395457644597,0.5199225301623772,0.0,0.6844442827380792
2266,30125,0.0,0.5522332166409658,0.5098672009589315,0.39275327227466394,0.4737953786785124,0.4898865632724506,1.0,0.2627164179119589,0.36478898188258024,1.0,0.43855829950301684,0.2961275867705381,0.869453057760477,0.5896842520574764
2267,30124,0.5689366890539633,0.4571071088416823,0.6727127406122622,0.32002413562549037,0.49947139661924356,0.2889877179346342,1.0,0.38101905124222746,0.37319578764607,0.0,0.33999131630453894,0.5031668447255595,0.869453057760477,0.4234360500578044
2268,30127,0.0,0.25248059137668105,0.3767011466471717,0.3800516616363232,0.42827113582766707,0.37658990882488286,1.0,0.27718318930964025,0.31994595825305694,0.0,0.2861484704873407,0.08542843173757993,0.869453057760477,0.7097780834867178
2269,30123,0.5967154078961798,0.7002621042635525,0.5955004725600509,0.26151248500007995,0.6574050693976712,0.5623357008326534,1.0,0.5695249641345042,0.377238235854122,1.0,0.4151107688797391,0.5869409768587499,0.8212921674167302,0.43995638845961216
2270,30002,0.3384686072321147,0.24963769035763178,0.5343679413983259,0.3536548682211149,0.4296065723702118,0.41743332846033376,1.0,0.5290682638509869,0.5737513391954882,0.0,0.46634819548294604,0.4984468281409492,0.0,0.8514307429854822
2271,30005,0.6258260362228523,0.13444857268682123,0.3174079620274858,0.43545409136339464,0.5591910181004985,0.44456062101062865,1.0,0.4470597724236288,0.30233284733576193,0.0,0.4550585631817523,0.7637349118113518,0.869453057760477,0.8822616494359928
2272,30121,0.5967154078961798,0.30045056274219195,0.42066585057006556,0.27518903781198645,0.6318678242449085,0.5155409631980268,1.0,0.3005349235362531,0.31555372882046673,1.0,0.39383416212173694,0.6281713694198725,0.8429462157448122,0.6594077639142162
2273,30119,0.45326841320550565,0.31121358416629347,0.5072509351768942,0.4592853871852619,0.5562106967231095,0.37478077914035013,1.0,0.5194541988422063,0.3549525588977881,0.0,0.4520190627199263,0.5964051895780714,0.9036320434281873,0.725114210224383
2274,30006,0.45326841320550565,0.21492906959028732,0.34105077566857017,0.38932700697123723,0.43209315461511033,0.348677436571746,1.0,0.27932986215979105,0.31740921051253856,1.0,0.4420321917883381,0.24786375020095774,0.7606458862803938,0.6020162396286254
2275,30118,0.0,0.778685435888197,0.6921229020631928,0.38888565183759327,0.4410726287325415,0.3845767297558671,1.0,0.2793133311675129,0.2969235529820957,1.0,0.5071646699067298,0.4080272365528089,0.9036320434281873,0.41175018621926707
2276,30096,0.3384686072321147,0.06794603797180596,0.25406511069539867,0.35123121313854366,0.4269237357664861,0.40806905015221917,1.0,0.4764435007092922,0.5259818777410781,0.0,0.18323922545743132,0.23484621071547324,0.0,1.0
2277,30095,0.3384686072321147,0.25875390941229726,0.45885583827355875,0.35080803253230286,0.4301252061521055,0.4257748796915105,1.0,0.7053084101511431,0.49011795542253633,0.0,0.17846288237816466,0.4539730240025365,0.0,0.7532318055434659
2278,30094,0.3789880133631159,0.3585538612782596,0.5287532036785814,0.4977388031097122,0.6178301899880627,0.3989725482291968,1.0,0.7018340717118476,0.28794464424488087,1.0,0.3782023715143319,0.7129056575161046,0.8429462157448122,0.5705338414139879
2279,30093,0.5634396951732947,0.23465125348721205,0.44229044355794794,0.3559945417949938,0.42702303095705985,0.4133493360551166,1.0,0.7222673020022466,0.6222960548014435,1.0,0.4198871119590055,0.4099857963051717,0.869453057760477,0.668732778856004
2280,30007,0.0,0.2410697459602094,0.311973264080358,0.39088897811090617,0.47907468782615703,0.5307651216268879,1.0,0.3003743307803086,0.40866095216101106,1.0,0.5171515408383183,0.48550156636402003,0.8212921674167302,0.8822616494359928
2281,30008,0.0,0.15305281755106326,0.300188532020952,0.3758356502939597,0.42908395074877315,0.39013441758227074,1.0,0.3238899874379937,0.3554853270164322,0.0,0.3486756329169618,0.10482693560463766,0.869453057760477,0.725114210224383
2282,30009,0.3384686072321147,0.3876555120480718,0.5081302213907973,0.35641359463303535,0.4417539623396751,0.45835611991985015,1.0,0.47793583818222174,0.5370556484795012,0.0,0.3573599495293849,0.4078625423872961,0.869453057760477,0.6789471770362071
2283,30071,0.0,0.5581902353860827,0.6175964940484379,0.37727840934200185,0.44324013518882444,0.43195042106154025,1.0,0.3613779055818388,0.3894158475636067,0.0,0.3886235307441952,0.11499101179071716,0.869453057760477,0.5165708927513093
2284,30092,0.0,0.3840843815666574,0.6299374131104298,0.3606142544789511,0.42106637604182684,0.39958946284772057,1.0,0.5661289398225764,0.5187600266228931,0.0,0.32435952569713367,0.13235200982265363,0.9036320434281873,0.5807482395941909
2285,30091,0.6806413939763865,0.4358476728662926,0.47794081453654946,0.5793815066470949,0.6785110266747084,0.4101447334398034,1.0,0.2714899737386165,0.3631357116603279,1.0,0.2996092337042504,0.5986431589391437,0.9036320434281873,0.6252790567992559
2286,30090,0.0,0.2183763562764801,0.35677637697299236,0.39759467859975006,0.5051305667608132,0.6568388554221879,1.0,0.43801421653978934,0.5344100518449332,0.0,0.5180199103844285,0.6858114853260038,0.8429462157448122,0.725114210224383
2287,30089,0.5409829611285887,0.5651927233947529,0.5729081291618882,0.5076312195897674,0.6752541273335131,0.5588488274163691,1.0,0.44974988948498806,0.4934552779685939,1.0,0.39079466165991095,0.6861738606780682,0.0,0.5851231354069573
2288,30088,0.0,0.19758089984508764,0.41235151762577327,0.37073736453271056,0.4507198211212452,0.47687120749389356,1.0,0.42316093469494387,0.4733178303174851,1.0,0.5136778556034372,0.22791058650595628,0.8429462157448122,0.8822616494359928
2289,30086,0.0,0.44533068548555704,0.5308937488179786,0.3438821296702913,0.44275767536987487,0.34188642111777645,1.0,0.4649571775273843,0.5332647471060561,0.0,0.2097264635929752,0.06895514506094075,0.7606458862803938,0.5705338414139879
2290,30018,0.45326841320550565,0.04979340894417644,0.17052538783428509,0.3854196202325272,0.42552888242882025,0.3463491791251909,1.0,0.2533364830598652,0.29695397759439823,0.0,0.5675207014206352,0.3181785840863773,0.7606458862803938,0.7336923924214751
2291,30035,0.34434468555724396,0.26055948710270577,0.4767700470365016,0.28473983920631174,0.6004765230019373,0.40774039588398303,1.0,0.2731497305275513,0.27832037287117506,0.0,0.21233177928174607,0.3843286695316731,0.869453057760477,0.7645232988719857
2292,30036,0.3384686072321147,0.29825011062110635,0.45885583827355875,0.35268453122862253,0.4238776737321108,0.4003784404252214,1.0,0.5850994679294939,0.5319482180769084,0.0,0.42596611288265773,0.3439628514441955,0.0,0.7336923924214751
2293,30037,0.34847139721872533,0.2295814319046499,0.4186476299168636,0.3197740124169869,0.5001118842187937,0.26649682383278406,1.0,0.4985644676885289,0.4318926650058661,0.0,0.40512379442293067,0.3461448823791881,0.9301468010770011,1.0
2294,30085,0.0,0.8140897244870823,0.6118332582235292,0.39046566797343163,0.4473892054439733,0.39757483637684377,1.0,0.29179464024398594,0.299606812966417,1.0,0.3247937104701888,0.15675305376262408,0.9036320434281873,0.5238807753512185
2295,30084,0.3789880133631159,0.18632808981473697,0.3704667967482067,0.43910435292938643,0.5558179045984175,0.4329973874944453,1.0,0.5048103564154752,0.2920553639783672,0.0,0.4489795622581003,0.7167027227749501,0.869453057760477,0.7645232988719857
2296,30083,0.34434468555724396,0.23571651686320283,0.4755861980646561,0.30154412230546435,0.5443607915273097,0.3047125207734186,1.0,0.2641564231448682,0.291631757626988,0.0,0.38688668812675453,0.20722539518501254,0.869453057760477,0.6467849483079785
2297,30082,0.5409829611285887,0.6233711695525851,0.3960187319622951,0.48184561164566997,0.6771699504753927,0.719116700862247,1.0,0.374727269614073,0.49526301687980256,1.0,0.3864525033536994,0.6868910201532258,0.9301468010770011,0.668732778856004
2298,30081,0.45326841320550565,0.2710202870420096,0.5564961260138294,0.38564509668819036,0.43423741823921613,0.3762095827361359,1.0,0.2600479504390967,0.2999203882449357,0.0,0.30047760325036066,0.06255534285918597,0.869453057760477,0.6130176920083639
2299,30038,0.0,0.7498738152656984,0.6702769234359034,0.36293699516086275,0.4321203852868325,0.42551674622992874,1.0,0.7577447877895297,0.6249603139272648,1.0,0.37776808321605637,0.13914215606661284,0.869453057760477,0.45410245906211
2300,30039,0.5409829611285887,0.8767754651790675,0.7453171822648805,0.4683641067745907,0.6634201734958944,1.0,1.0,0.3388367882014244,0.48514565656786923,1.0,0.4190186388876753,0.7090925204549319,0.9301468010770011,0.28161889311283483
2301,30040,0.34847139721872533,0.3068160144602252,0.5308937488179786,0.3164328216252009,0.5087643068685193,0.26904442414387764,1.0,0.4872199757579695,0.3836376907836889,0.0,0.3577941343024398,0.48275200825301884,0.869453057760477,0.5725003198007196
2302,30032,0.5688996179029582,0.3630122580870484,0.5828769054600584,0.46566609660678326,0.6174935110240412,0.46666823685557857,1.0,0.28349611156681753,0.3291620981654454,0.0,0.14415980070152834,0.27034581528115803,0.9036320434281873,0.5612088264721999
2303,30080,0.0,0.28745865199180937,0.5027416001483273,0.3823962131005788,0.4476272734225156,0.4303160797533242,1.0,0.313922533893775,0.353747198088615,0.0,0.3695180549019088,0.04540329215169723,0.9036320434281873,0.6467849483079785
2304,30077,0.3789880133631159,0.48262053580977066,0.5564961260138294,0.4811197516460257,0.5979786614434979,0.36644318897760697,1.0,0.46952890437806283,0.25236693961227885,1.0,0.39122884643296585,0.6746016388081905,0.8429462157448122,0.5201635218414863
2305,30076,0.28897249904489236,0.045320159651442,0.20617575881288663,0.29539219724034094,0.5434918634455332,0.3008362212169292,1.0,0.3436966119371202,0.39782029319694057,0.0,0.262700836338843,0.06125822432730988,0.9301468010770011,0.8079770209287339
2306,30063,0.34434468555724396,0.24774881107520694,0.41449206276517053,0.28273692910143733,0.6023266054868308,0.4157970841369165,1.0,0.2923780103842615,0.2832108618344569,1.0,0.1767260397607242,0.4503135733386339,0.8429462157448122,0.8514307429854822
2307,30062,0.0,0.285846565274246,0.4857928047223737,0.38259847516561574,0.4405772377828251,0.4053329608459937,1.0,0.29692017454420416,0.3373960804819319,0.0,0.3955710047391774,0.09117085375460923,0.0,0.6844442827380792
2308,30061,0.7458238413671683,0.36599137542346494,0.5542536427163507,0.5045359399816719,0.7303053605726314,0.43435903460365355,1.0,0.3230004296142893,0.3382344118477152,1.0,0.1867130142175326,0.2854769935044757,0.9518127218666266,0.4554255630916615
2309,30013,0.5967154078961798,0.33360605690748774,0.5273017648072774,0.2876621809396024,0.5912397259133317,0.398555712106053,1.0,0.22364635752651496,0.3144152749115692,0.0,0.3603994499912109,0.5700361207863458,0.869453057760477,0.5630100464373469
2310,30014,0.0,0.6805247395517013,0.5771002382627934,0.3931851452220393,0.45969530739913134,0.4280476254237704,1.0,0.29992504006827336,0.304432690291191,1.0,0.40816329488475667,0.06551205402633732,0.9036320434281873,0.5226273100076635
2311,30060,0.5967154078961798,0.29720720983369014,0.5063642908338386,0.2860104594463583,0.596439679068129,0.41126384013915285,1.0,0.2155201055936209,0.3047010667140261,0.0,0.3664785544400828,0.5826902828645367,0.869453057760477,0.7771461144782232
2312,30045,0.45326841320550565,0.5394421181112082,0.6209701138820871,0.4500349242330466,0.5552527851521696,0.3993842449673326,1.0,0.47405253681749404,0.3262510320448625,1.0,0.4442031156536137,0.5553539779832728,0.9036320434281873,0.49242130366681314
2313,30057,0.3384686072321147,0.2100309771300711,0.3854145511769584,0.3521012387641378,0.43284421671877515,0.4194414485260969,1.0,0.5388144290781745,0.5555405109343858,0.0,0.15110727469651053,0.2731984135097503,0.0,0.7914566825269261
2314,31054,1.0,0.1671674574081869,0.3638425535640407,0.2434802286913148,0.3800992627239089,0.5543168184420225,1.0,0.6035609530107973,0.40402764882617104,0.0,0.6291792872537056,0.6977374855398436,0.8212921674167302,1.0
2315,31051,1.0,0.37262427649636193,0.3174079620274858,0.24305974291954857,0.3783614065603562,0.6387958179219959,1.0,0.4776842892624533,0.4355662119716598,0.0,0.6396005500087891,0.7379891766820855,0.8212921674167302,0.8822616494359928
2316,31046,1.0,0.2702749694607038,0.5899849250243449,0.25547549116752555,0.42780063952735325,0.4160472599914975,1.0,0.27031723073127534,0.3474495250072135,0.0,0.6222319167839434,0.6408570107931709,0.0,1.0
2317,31045,1.0,0.15734992539588064,0.32257744486569473,0.25804594656486113,0.43756569789416844,0.4523907106402749,1.0,0.31713075089402465,0.41035875898673946,1.0,0.630916233396366,0.6658420239597631,0.0,1.0
2318,31014,1.0,0.1278057549871916,0.3672064354830018,0.2346427872514426,0.3749730259051882,0.316857156858822,1.0,0.5075767005312353,0.530134763992902,0.0,0.5992184674085008,0.6033435797190739,0.8429462157448122,1.0
2319,31029,1.0,0.24446500995623377,0.42264634525502465,0.23221270777895564,0.3319161103066093,0.40824205631209176,1.0,0.2650945636999932,0.27238317696932257,0.0,0.6187582315490623,0.6833919908455113,0.7947952132712555,1.0
2320,31006,1.0,0.30230554917364516,0.49803178562628414,0.23361986117303657,0.33812046069670054,0.39095209573438006,1.0,0.25093134170601816,0.3016800823868814,0.0,0.6178896549525119,0.6553533712758336,0.8212921674167302,0.9257153714927411
2321,31093,1.0,0.5360554408580644,0.5081302213907973,0.24541844392766266,0.38805109677386906,0.5477139632797327,1.0,0.4773097030741218,0.4358480534464845,1.0,0.6283109177075954,0.6752800416493012,0.0,1.0
2322,31092,1.0,0.23681204435442005,0.614754057039226,0.23569060406709597,0.39386664287881334,0.2982068085566061,1.0,0.3663408016729458,0.4194134771153284,0.0,0.5879288351073069,0.5970473813638348,0.0,1.0
2323,31061,1.0,0.5276230493786185,0.300188532020952,0.22244191154516313,0.28729765370557847,0.3046112226252278,1.0,0.1858209317457039,0.30567338722463544,0.0,0.6061658378782633,0.7306957451221587,0.7947952132712555,1.0
2324,31008,1.0,0.16625182564759197,0.4602408695082853,0.227970348494004,0.3332283040169769,0.3082895186479917,1.0,0.3519556719437831,0.4178562828007728,1.0,0.59748152126584,0.621755296450018,0.8429462157448122,1.0
2325,31011,1.0,0.2900216659196228,0.3672064354830018,0.2568406200687178,0.43300623233892144,0.4440533359162483,1.0,0.2553487900583903,0.33164442892713075,0.0,0.650455997536928,0.697666720246803,0.7789425991309047,0.8514307429854822
2326,31081,1.0,0.23086862306793693,0.562952135785879,0.2365023237071312,0.3881248131099454,0.312820484817411,1.0,0.4006029586899267,0.4454401930461176,0.0,0.5935736512579037,0.5974827279498045,0.0,1.0
2327,31017,1.0,0.1512132259301696,0.4629577717208968,0.23972364648921085,0.3944742601498704,0.331532432872337,1.0,0.33126592554704604,0.38492242401693644,0.0,0.5948762055770691,0.6051696227019394,0.8429462157448122,1.0
2328,31091,1.0,0.3070588845569371,0.6134658541714606,0.23724737074467284,0.37375380352352905,0.343214219830165,1.0,0.38822503067001546,0.43355137590570036,1.0,0.6087711535670339,0.6037849001595789,0.832611560697172,1.0
2329,31096,1.0,0.5308228998219368,0.6872306632925249,0.22150281051537213,0.30182737527768977,0.28041210866724287,1.0,0.23241741159993545,0.3463663721474678,1.0,0.5683890709667454,0.6170976716505019,0.8429462157448122,0.7097780834867178
2330,31018,1.0,0.18650832014496488,0.4501424337437721,0.25674690725740057,0.43265029838226765,0.4209552828127916,1.0,0.2803111879425937,0.3615501859194895,1.0,0.6252714172457694,0.636460066545905,0.0,1.0
2331,31059,1.0,0.5754927687975299,0.6011077799084126,0.23868555908184963,0.36000966620080177,0.573357349994861,1.0,0.2455382792908225,0.2916851318744451,1.0,0.6521927366291485,0.7403473301888605,0.0,0.6020162396286254
2332,31040,1.0,0.49242257366667763,0.7287819428102562,0.24273369240922882,0.3770107028647244,0.4390368281813052,1.0,0.3505974909371622,0.3075825748273333,1.0,0.6252714172457694,0.6160276689664224,0.0,0.668732778856004
2333,31085,1.0,0.3794614705140835,0.7346196093353826,0.22761836902373134,0.3404138088101851,0.2980161598361132,1.0,0.40030262988971477,0.46734245759053095,0.0,0.588363019880362,0.6049259700429857,0.8429462157448122,0.8079770209287339
2334,31052,1.0,0.4717066199573284,0.5724319333909151,0.24107718532561162,0.3701057638748676,0.5588668741925256,1.0,0.7536231804842302,0.37300904045751004,0.0,0.6348241034043027,0.6794317320155924,0.8212921674167302,0.6639688805647354
2335,31048,1.0,0.32943343012769544,0.5294715344347074,0.2602517493646449,0.44582134057965705,0.43069770207403746,1.0,0.2751457252201447,0.362666934774745,1.0,0.6348241034043027,0.6598536306452831,0.8212921674167302,0.7171720540196672
2336,31047,1.0,0.2584396828215766,0.6482330815271957,0.25755067593797454,0.437083922280313,0.3910980566003027,1.0,0.23634388571684695,0.31662118956038277,0.0,0.6191924163221174,0.6302543182248774,0.0,0.9257153714927411
2337,31036,1.0,0.26449360988635356,0.46690680200272383,0.2504081440895226,0.408084580136306,0.44270047415318714,1.0,0.3076922223960189,0.3586081808446515,0.0,0.6196266010951725,0.6287781276878661,0.0,0.9257153714927411
2338,31104,1.0,0.2675983746873058,0.581132777505692,0.24401421394329625,0.40450062932740494,0.35189240060909,1.0,0.2640880854458285,0.3266659502571718,1.0,0.5940078360309589,0.5928464351436995,0.8429462157448122,0.9257153714927411
2339,31101,1.0,0.7585969961182005,0.6046876265251271,0.2519701784107128,0.4142288295261819,0.5322120912957059,1.0,0.47405473181838853,0.6045031832476992,1.0,0.6278767329345403,0.674983320762919,0.8212921674167302,0.6046625485289482
2340,31102,1.0,0.5081930332084085,0.7905251148011398,0.22988870982443255,0.3636384508568311,0.29202271819153247,1.0,0.5361758469484084,0.6040599273214331,1.0,0.5827182037297651,0.6017363489827882,0.8429462157448122,0.5431683198140091
2341,31071,1.0,0.14635440222995277,0.3672064354830018,0.24415729947159803,0.38288800178711013,0.40678660268226885,1.0,0.2900239771572487,0.30575332863722726,1.0,0.615284339263741,0.6067001079061944,0.0,0.9257153714927411
2342,31069,1.0,0.2928839272756467,0.612489318404433,0.24770889532204132,0.4028749994851927,0.39441922527863416,1.0,0.2578560286072996,0.2902451340621901,1.0,0.6131134153984654,0.6063906454252661,0.0,0.9257153714927411
2343,31067,1.0,0.279257451962808,0.47438897198519975,0.24818618685895355,0.3992405751723924,0.5017991037808118,1.0,0.38276886767717755,0.4276304825688323,1.0,0.6317846029424767,0.6518898148377823,0.0,0.9257153714927411
2344,31050,1.0,0.847521526787352,0.8813988647678943,0.2479917064504823,0.39846063057977943,0.5994812981734189,1.0,0.8326121848265187,0.6700653123438738,1.0,0.630047863850256,0.6676639428675115,0.8212921674167302,0.27278812992406465
2345,31065,1.0,0.14471359041696522,0.3174079620274858,0.22540909376654106,0.3011364141742402,0.33502338896747985,1.0,0.19798901396509905,0.2738181766867307,0.0,0.6044290987860426,0.7070637151327125,0.7947952132712555,1.0
2346,31084,1.0,0.34726751843144993,0.46690680200272383,0.2368037999118514,0.35195922116536227,0.4360617451062543,1.0,0.3291979483944685,0.2766365680432177,0.0,0.6204949706412828,0.6321145636533398,0.8212921674167302,0.8822616494359928
2347,31079,0.6453138971959967,0.4591271572868209,0.7494368391024894,0.25950429686665044,0.47217538849307084,0.3170166415780076,1.0,0.14352506364124118,0.23041560933015814,1.0,0.5783759418983336,0.5869965651925118,0.8212921674167302,0.5944481503487452
2348,31064,1.0,0.21074327462973785,0.311973264080358,0.2480964104326614,0.3988806533761936,0.45482663916470356,1.0,0.3421239969512194,0.358715417469225,1.0,0.6322187877155316,0.6495982729987272,0.0,1.0
2349,31001,1.0,0.18809849574270487,0.34105077566857017,0.25506617072672155,0.4262311228458113,0.4665182953966388,1.0,0.35356814496104083,0.44659329004561243,0.0,0.6257056020188245,0.6516852010376842,0.0,0.9257153714927411
2350,31049,1.0,0.29535601694428787,0.6888336194437232,0.2527393485381201,0.4209325587055347,0.3974822243140249,1.0,0.24237903595820687,0.31106381465856425,0.0,0.615284339263741,0.6341764626348662,0.0,1.0
2351,31032,1.0,0.36089360749407373,0.7085217640497922,0.23234036666157742,0.3426566834197704,0.3384489174937576,1.0,0.34221063608887115,0.40224329795396685,1.0,0.6026921526433819,0.6070185878384647,0.832611560697172,1.0
2352,31024,1.0,0.2890409355054042,0.6805647307980863,0.255034435731914,0.42657178964937803,0.4020791095182549,1.0,0.2476328430787207,0.3233530776611392,0.0,0.6191924163221174,0.6352711744503774,0.0,0.9257153714927411
2353,31022,0.6453138971959967,0.28171481095344497,0.6530240397489282,0.24046176969341093,0.41146168147793205,0.30726487794948953,1.0,0.2817149995127711,0.3436376019322025,0.0,0.591402520342188,0.601453839732212,0.8429462157448122,1.0
2354,31094,1.0,0.24272072886644827,0.642478542643126,0.2524901496652393,0.43753681540522027,0.3502393226482655,1.0,0.18184716335233542,0.2595754770877112,0.0,0.5987842826354457,0.6030869654221197,0.0,1.0
2355,31106,1.0,0.13153529048596052,0.32257744486569473,0.23676152330547662,0.3517772663474903,0.5098096034056921,1.0,0.4200797363995944,0.3122321052323004,0.0,0.6439426047897805,0.7212861501367582,0.7789425991309047,0.9257153714927411
2356,31105,1.0,0.238126654536792,0.3704667967482067,0.2444338994120131,0.3840238803363767,0.5997322673202999,1.0,0.47728961580172413,0.4562658660303758,0.0,0.6343899186312474,0.7118642661082466,0.8212921674167302,1.0
2357,31103,1.0,0.2100701794579121,0.41235151762577327,0.24646783525122717,0.39231638118990353,0.4482004428032236,1.0,0.3491235683092555,0.3379718222048239,0.0,0.630047863850256,0.6367875353224253,0.0,0.8514307429854822
2358,31097,1.0,0.20051201786942754,0.3881667417764709,0.24085197363770805,0.36962398826101217,0.3910455996885228,1.0,0.2717733081073318,0.33447540207787585,1.0,0.6170212854064017,0.6028004499754752,0.0,0.8822616494359928
2359,31095,1.0,0.3627240940701075,0.2869270738870932,0.24672645862328302,0.3933632762500068,0.5642766318653801,1.0,0.4859629350193866,0.48923639571311917,1.0,0.6348241034043027,0.7143952636849308,0.0,1.0
2360,31090,1.0,0.21194776009684652,0.34105077566857017,0.2514957791777118,0.41236911954497246,0.49772690554650645,1.0,0.41175037372389,0.485106663201201,1.0,0.6274425481614851,0.6626679225925102,0.0,0.8822616494359928
2361,31088,1.0,0.17840636604754045,0.4455013977899933,0.24067955638999827,0.3684376362078462,0.4769653354464154,1.0,0.43656761003130173,0.32304546815695867,0.0,0.6352582881773576,0.6700065239518255,0.0,1.0
2362,31087,1.0,0.18061284600045666,0.32257744486569473,0.25294958551025426,0.41805084831362516,0.5127739228627656,1.0,0.3453241378644759,0.41393798097546397,0.0,0.6430742352436702,0.707419301510589,0.7789425991309047,0.8275164340507248
2363,31086,1.0,0.19527963058186243,0.4531272333954173,0.23994822021585083,0.3653587038449777,0.46058970879825434,1.0,0.39413994035156275,0.3079284819982222,0.0,0.633955733858192,0.6600025935075844,0.0,1.0
2364,31083,1.0,0.18743609501686956,0.3062446592022165,0.23768899269787014,0.3557579971206284,0.5737558321980918,1.0,0.4457488621799376,0.33920804553380524,0.0,0.6860616335327301,0.7494737350741396,0.0,0.8822616494359928
2365,31082,1.0,0.21492906959028732,0.40565749941064255,0.23949938739068932,0.36346213569573016,0.5597741743747108,1.0,0.5530820142503011,0.3534431640223423,0.0,0.6426400504706151,0.715444054229052,0.7947952132712555,0.8822616494359928
2366,31080,1.0,0.4670631884236237,0.7486256225270465,0.2529073462318371,0.4178864966711592,0.4213672707959979,1.0,0.2713378451682008,0.34249154276430305,0.0,0.618323839725567,0.6322352325902091,0.0,0.9257153714927411
2367,31055,1.0,0.24310968051055004,0.3881667417764709,0.25941674186949804,0.44270953788829537,0.4331604457130287,1.0,0.29204925412532123,0.38499476839689417,0.0,0.6313504181694214,0.6557320669765331,0.0,1.0
2368,31078,1.0,0.33124405881797425,0.4642905362206865,0.24223651823322523,0.37494579523346605,0.47839513918911136,1.0,0.4425031415017381,0.3352061425735431,1.0,0.6326529724885868,0.6658086183909439,0.0,0.9257153714927411
2369,31077,1.0,0.1653075011394419,0.4616080288730713,0.2392708980535233,0.3624945966284743,0.42137128569725146,1.0,0.3155241581741002,0.29771787055405063,0.0,0.6231002863300537,0.6308140904380338,0.0,0.8822616494359928
2370,31074,1.0,0.2125192415532258,0.3736298191175524,0.2460866088467878,0.39077010734053874,0.5003210027562519,1.0,0.42568684284966396,0.39609246521730035,0.0,0.6287451024806507,0.6582477343583584,0.0,0.8822616494359928
2371,31073,1.0,0.2996183717508176,0.7139300364123733,0.24852695115628298,0.4297436933409551,0.3366598228834783,1.0,0.2045282077746906,0.27477064462694545,0.0,0.5957447821736193,0.5966402287975167,0.832611560697172,1.0
2372,31072,1.0,0.12557516227388937,0.3062446592022165,0.2406284205799819,0.36822281106148114,0.5068079374770883,1.0,0.5265330997927248,0.3420313789293097,0.0,0.6356926800008529,0.6689984778538925,0.8212921674167302,1.0
2373,31070,1.0,0.2512983938403656,0.45885583827355875,0.2311925546097665,0.32738387542308445,0.34492835587980986,1.0,0.2694962092353149,0.33771501123403946,0.0,0.6031263374164373,0.6538518917476721,0.8212921674167302,0.9257153714927411
2374,31068,1.0,0.17662906290976416,0.3854145511769584,0.23773919790786302,0.35597282226699345,0.5387869597062732,1.0,0.46835677035426004,0.3309633465722408,0.0,0.6426400504706151,0.714249380243664,0.7947952132712555,1.0
2375,31063,1.0,0.2503178832380921,0.3767011466471717,0.2538394753202319,0.42150331780855355,0.5084143333016778,1.0,0.39074404243891303,0.4788583694458456,0.0,0.630916233396366,0.6868976800071857,0.8212921674167302,1.0
2376,31060,1.0,0.14633185265356255,0.454588682506295,0.23891735871843178,0.3688576590042604,0.3697369391521068,1.0,0.31358107603578367,0.3708591546047747,1.0,0.6144159697176308,0.6008196845364262,0.832611560697172,1.0
2377,31053,1.0,0.4099772732993506,0.5597732959378608,0.26048309988205987,0.4466806411651173,0.41392847244311903,1.0,0.26779138090573806,0.3587482088538203,0.0,0.6365610495469631,0.6536109491364123,0.8212921674167302,0.8514307429854822
2378,31044,1.0,0.3041466548376614,0.3960187319622951,0.2550273447728767,0.42608203835643255,0.487565657186256,1.0,0.3345747962910033,0.413114576899991,0.0,0.6378636038661285,0.693216793652632,0.7947952132712555,0.8822616494359928
2379,31066,1.0,0.20391585784061753,0.3960187319622951,0.2645239515421701,0.46149092854057994,0.37649696018218004,1.0,0.217210480338909,0.30655257957871507,0.0,0.621363340187393,0.6293627424458859,0.8212921674167302,1.0
2380,31043,1.0,0.22792002467478828,0.5294715344347074,0.23658359165151344,0.381074777470255,0.3252736412294357,1.0,0.4240195575673743,0.46265073920805544,0.0,0.6039947069625471,0.6084195812799972,0.8429462157448122,0.9257153714927411
2381,31020,1.0,0.2375987351914056,0.3825889602415067,0.24350178858915184,0.38018824621307235,0.6897754640990095,1.0,0.497966508904119,0.45305817111027347,0.0,0.6452453661593862,0.7476087825847362,0.7947952132712555,0.9257153714927411
2382,31039,1.0,0.3562959717902506,0.43021766406959266,0.24120886404431163,0.37065726798525445,0.695685205687356,1.0,0.4285303289440897,0.4020511536836311,0.0,0.6469821052516065,0.7401177659652883,0.7947952132712555,0.9257153714927411
2383,31037,1.0,0.39242977569225174,0.5624289081512561,0.24882385566896292,0.4017912462570512,0.42891562768096103,1.0,0.304802178672844,0.3298403223904418,1.0,0.6231002863300537,0.623355727227965,0.0,0.8275164340507248
2384,31035,1.0,0.25899971439004743,0.42264634525502465,0.24523632339134227,0.3873080103492943,0.46877339763104053,1.0,0.3940526285538366,0.3519832315313237,0.0,0.6296134720267608,0.647364146438172,0.0,0.8514307429854822
2385,31034,1.0,0.23092831513221684,0.4245904985296838,0.24763573146893447,0.3970305708913002,0.47066989011164784,1.0,0.36716955581165756,0.3745817440170325,1.0,0.6322187877155316,0.6495349555367231,0.0,1.0
2386,31033,1.0,0.5033459496853377,0.6509972395272621,0.2632998105025576,0.4570436893066735,0.40286466576438296,1.0,0.2335966024199655,0.3197402765434777,1.0,0.647416497075102,0.6748362803127735,0.8212921674167302,0.7532318055434659
2387,31031,1.0,0.16583356517503794,0.3736298191175524,0.2378953460601635,0.35664054053826577,0.42403129846530063,1.0,0.3162217974206599,0.292142233552514,0.0,0.6231002863300537,0.6349036807665669,0.0,1.0
2388,31027,1.0,0.27024152633073756,0.4616080288730713,0.23589662016522717,0.34804423104921045,0.47929579208595885,1.0,0.3746842245279023,0.29377708152616533,0.0,0.6387321804626789,0.7097407144025429,0.7947952132712555,0.8275164340507248
2389,31026,1.0,0.20252812755932545,0.35305833300608735,0.23944862714897208,0.3632473105493651,0.6067116203496115,1.0,0.49065596189324834,0.36611958816643975,0.0,0.6495874209403776,0.7351411582324788,0.7947952132712555,0.9257153714927411
2390,31089,1.0,0.491591907953387,0.7121577760605828,0.2607236544443273,0.44757281207907085,0.39366170679726176,1.0,0.2419639536548751,0.3275962400863094,1.0,0.6270081563379899,0.6373427941425056,0.8212921674167302,0.668732778856004
2391,31025,1.0,0.25003084751985977,0.5907906580380078,0.2584032642410289,0.43891076193302925,0.39841849788902595,1.0,0.24768295500774362,0.32946943920893457,1.0,0.6270081563379899,0.6378492473924553,0.0,0.8822616494359928
2392,31098,0.6453138971959967,0.31053333313048415,0.6815917506068984,0.2536415228232899,0.4609762825982314,0.3075937929931212,1.0,0.14667445154101078,0.2238141411339194,1.0,0.5831523885028203,0.5788238506536346,0.832611560697172,0.7914566825269261
2393,31042,1.0,0.1838421030348066,0.4501424337437721,0.2458428127217499,0.3897793254411057,0.41647220798868023,1.0,0.3010183693072843,0.3013887949955629,1.0,0.6226661015569985,0.6151851566284217,0.0,0.8514307429854822
2394,31062,1.0,0.2061140256840601,0.4186476299168636,0.25753837932447377,0.4356498747522888,0.43210783451776047,1.0,0.297715509485455,0.3853035360210725,0.0,0.6257056020188245,0.651577879253079,0.8212921674167302,0.9257153714927411
2395,31075,1.0,0.331580703719414,0.7475342475828413,0.2544479010126993,0.4321781502647283,0.3803686842590024,1.0,0.21854401664896272,0.29649386870847483,0.0,0.6096395231131442,0.6234385895639933,0.0,0.9257153714927411
2396,31023,1.0,0.2614152530489676,0.43897913091850277,0.2556220852602843,0.42836177113405605,0.48160185652297516,1.0,0.3657912570994979,0.46441138060907206,1.0,0.6270081563379899,0.6652187181092051,0.8212921674167302,0.7914566825269261
2397,31016,1.0,0.270134409902432,0.6725273453231561,0.25129478917294656,0.43886826410822,0.33814483409976637,1.0,0.17934188662381234,0.2525046295028295,0.0,0.5992184674085008,0.6137466279753837,0.0,0.9257153714927411
2398,31015,1.0,0.18764658631581782,0.3704667967482067,0.25043653881635286,0.40819680645764655,0.4638484675461809,1.0,0.33207150009368736,0.3938478133298905,0.0,0.621363340187393,0.6404789654350381,0.0,1.0
2399,31013,1.0,0.4582738864673765,0.4501424337437721,0.24468690460639786,0.385061147900164,0.6386448792216392,1.0,0.5372774954990688,0.4820656101479276,0.0,0.6382977886391836,0.7417437554656571,0.8212921674167302,0.9257153714927411
2400,31056,1.0,0.3678483206111843,0.6528007448703054,0.2629886452452693,0.46377066131820344,0.35429190442398406,1.0,0.18992661199636085,0.27662368884040245,1.0,0.6113764692558048,0.6098280553261276,0.8212921674167302,0.7028614859709643
2401,31057,1.0,0.24191100064430027,0.4755861980646561,0.22802270847775052,0.3131154646616926,0.33622439985754415,1.0,0.23145618532084278,0.3041443954476676,0.0,0.6026921526433819,0.6765333891794295,0.8212921674167302,0.9257153714927411
2402,31012,1.0,0.23653529878932922,0.5416323882262978,0.23657372999711657,0.35096843926592924,0.3726277299651257,1.0,0.28962966261740086,0.3522270230860287,0.0,0.6174554701794568,0.6132386015920366,0.832611560697172,1.0
2403,31010,1.0,0.2119334181856217,0.5507983349735351,0.2502226933171029,0.4207642192235238,0.37360271618359375,1.0,0.2180488382241368,0.27934255867330093,0.0,0.6009552065007211,0.6141334552745811,0.0,1.0
2404,31009,1.0,0.22642371393057556,0.3960187319622951,0.2387019548563628,0.3600793946973331,0.48894427805766894,1.0,0.4421837887161102,0.31685078286017154,0.0,0.6356926800008529,0.678239655358259,0.8212921674167302,0.8275164340507248
2405,31007,1.0,0.2726862721712724,0.4767700470365016,0.2441869494493819,0.38300985560476664,0.513527116527167,1.0,0.5055365097979148,0.38283727595348904,1.0,0.6287451024806507,0.6705532661975601,0.0,0.9257153714927411
2406,31005,1.0,0.1566043106446915,0.40332875993990125,0.24297840878983068,0.37802472759633454,0.49705054996777454,1.0,0.4899089127424927,0.3566756393323538,1.0,0.630047863850256,0.6677789426872288,0.0,1.0
2407,31004,1.0,0.5821548146323492,0.37968594629881686,0.24247487914218857,0.37593657713289896,0.6116568190570806,1.0,0.5401417490777352,0.4149512030435938,0.0,0.633087364312082,0.7057243825419542,0.8212921674167302,0.8275164340507248
2408,31003,1.0,0.3964459429132179,0.6683643556080994,0.25813636966184916,0.4471567771222018,0.3680885372792144,1.0,0.2062636660629118,0.2887688108751555,1.0,0.618323839725567,0.6222708624084905,0.0,0.7430174073632629
2409,31076,1.0,0.4050040031795071,0.44229044355794794,0.2529650345823896,0.4181109493138404,0.4599773787185998,1.0,0.3386555496576559,0.41163323238650684,1.0,0.6204949706412828,0.64387675455409,0.0,1.0
2410,31019,1.0,0.34868177382497134,0.6296596845616573,0.22391674043773235,0.34184785633820935,0.2689085234954509,1.0,0.3324270279455368,0.40529581781103796,1.0,0.5779417571252785,0.6066861576723348,0.869453057760477,0.8514307429854822
2411,31028,1.0,0.16575488595664017,0.35305833300608735,0.22982628140712336,0.3212685085221566,0.3932028541071063,1.0,0.23562097651233505,0.26321697133353705,0.0,0.633955733858192,0.6970263302319494,0.7606458862803938,1.0
2412,31058,0.6453138971959967,0.3704006447004357,0.6834491482719806,0.24802546894480748,0.4406854762646202,0.3110594447621834,1.0,0.1922072370556549,0.26432615351024535,1.0,0.5896655741995274,0.5955456742964285,0.8429462157448122,0.8275164340507248
2413,31021,1.0,0.21778961746994177,0.45745246172137827,0.23264063737635132,0.38376091770843146,0.2879543820236383,1.0,0.4025838984982866,0.45670223984387026,0.0,0.5796787032679389,0.5985818236319584,0.0,0.9257153714927411
2414,31030,1.0,0.22077305039684544,0.5828769054600584,0.23688522109909604,0.36526009285949823,0.3542187459855982,1.0,0.3560749017298349,0.4079990064363982,1.0,0.6148501544906859,0.5997966164814739,0.832611560697172,1.0
2415,31038,1.0,0.6180548646615734,0.5992714535156618,0.24955604109740126,0.40470747879467994,0.5685217878494553,1.0,0.3811322625070497,0.4318424742302348,0.0,0.639166365235734,0.7179325177662962,0.7606458862803938,0.6789471770362071
2416,31041,1.0,0.7134130378779511,0.6758158176443988,0.24827601366507912,0.39960049696859123,0.5580455912682173,1.0,0.5448450559790303,0.5534182051211123,1.0,0.6352582881773576,0.7003045998238043,0.0,0.5807482395941909
2417,31099,1.0,0.23111827315009145,0.5660383747757567,0.23391284487165687,0.3625314547965125,0.32809632585795756,1.0,0.47769160108766784,0.5117804075537336,1.0,0.6044290987860426,0.6070418893821626,0.8429462157448122,1.0
2418,31100,1.0,0.3819587915657576,0.300188532020952,0.24764051922866026,0.39704982588393234,0.6381679739301612,1.0,0.5508743850691771,0.5389145985088319,0.0,0.6365610495469631,0.7142400491414264,0.7390115964200016,1.0
2419,31002,1.0,0.4875993990364384,0.46690680200272383,0.24943484937194926,0.4042257031808245,0.5084117893200981,1.0,0.41403367194700125,0.4629301741362456,1.0,0.6287451024806507,0.652544215887063,0.0,0.8822616494359928
2420,32029,0.07432032520132129,0.5604382229552549,0.5181490228932447,0.18221100171405846,0.5683620745321177,0.18163386576956397,1.0,0.25185100152008777,0.3266662907265988,0.0,0.9470255237289111,0.685639664270208,0.7606458862803938,0.668732778856004
2421,32028,0.0,0.12218739055231125,0.2328033721056162,0.20239741615920115,0.410184694118377,0.26184218048526464,1.0,0.2890755372401026,0.38882040751483193,0.0,0.6851932639866192,0.15461389583514962,0.7947952132712555,0.9257153714927411
2422,32027,0.0,,0.0,0.184485116319259,0.696288020091699,0.09822392564475857,1.0,0.15067103382001723,0.19440236584865533,0.0,0.8267476454741567,0.5900298452130667,0.7125442614903211,1.0
2423,32026,0.10228210616528689,0.15578162686953156,0.25406511069539867,0.19336973568503313,0.6528246970325671,0.10967787142658714,1.0,0.12499196515228195,0.19703612096114276,1.0,0.7920103790244652,0.44305961882116845,0.7125442614903211,0.725114210224383
2424,32025,0.0,0.28167641580476765,0.4355609835024832,0.21132395317428443,0.5551774169988672,0.15133209529413372,1.0,0.4201794599370058,0.32848263188782423,1.0,0.9522361551064538,0.6042849296383737,0.0,0.5969119385149223
2425,32024,0.08880303621677364,0.43659603165344046,0.5478302590818,0.21674139169287743,0.550585081115127,0.14335995767109355,1.0,0.34619870233233574,0.3426529470359617,1.0,0.9609204717188768,0.6465515956166867,0.7390115964200016,0.49624921290672896
2426,32008,0.0,0.25734676672421064,0.3985118677122405,0.20862193387185235,0.5462444285457904,0.15840879931350416,1.0,0.42028764265759944,0.36092483422354293,1.0,0.895788200650925,0.5460555598949101,0.7606458862803938,0.6046625485289482
2427,32031,0.2916684363221723,0.23727679287138093,0.40793615455963306,0.1929376326241542,0.4571021384896633,0.21464234059443021,1.0,0.27574906935864263,0.46994369266289127,0.0,0.7442467411813591,0.22854200772805458,0.7606458862803938,0.7532318055434659
2428,32022,0.27281124752689173,0.35452974097605633,0.5205123933107532,0.1836696067882807,0.5895779221081756,0.1674606705554358,1.0,0.19124953140581158,0.2933709798016866,0.0,0.9144593881949363,0.6674949398166121,0.0,0.6101596542308203
2429,32018,0.0,0.1942863923100325,0.3492050581584243,0.20491889789027773,0.47399094883224546,0.21112411763128702,1.0,0.3176989984782851,0.3266548222869514,0.0,0.7954840642593461,0.3740145176735311,0.7789425991309047,0.7914566825269261
2430,32052,0.2876092971283846,0.31598732835634646,0.4755861980646561,0.219030533699064,0.539451715877274,0.14404449161763844,1.0,0.32831059255515416,0.36345691678353564,0.0,0.9626574178615372,0.6196908672655488,0.7390115964200016,0.7645232988719857
2431,32016,0.0,0.3168261277870339,0.4642905362206865,0.21123040942131233,0.5771828366638542,0.13901092451802954,1.0,0.2828090051659695,0.278383589942386,0.0,0.9470255237289111,0.63767064512398,0.0,0.6220797127932347
2432,32054,0.08880303621677364,0.25074210958707877,0.3638425535640407,0.21987993617712498,0.5698153770527741,0.14174994266107,1.0,0.2650747708478898,0.28199185874493715,1.0,0.9400781532591498,0.6703032704937067,0.7125442614903211,0.673718331962919
2433,32006,0.0,0.3116118389734011,0.42264634525502465,0.1959402653514889,0.5602804109854109,0.14670652312128318,1.0,0.31127903838125426,0.35977907685625454,1.0,0.9522361551064538,0.6782658934398667,0.7390115964200016,0.8079770209287339
2434,32013,0.0,0.36660336890980394,0.3492050581584243,0.1987624958302202,0.5352657874540869,0.15394573942729295,1.0,0.469720406510892,0.3043543103119656,1.0,0.9821971820020987,0.7070770456903024,0.0,0.6319793675308782
2435,32007,0.07425148231235333,0.22439956274141187,0.36036836098369357,0.19584794181698817,0.7109027373134287,0.13383660939366804,1.0,0.2017361657108857,0.2652515204956657,1.0,0.7338254784262757,0.49657193510249825,0.7125442614903211,0.6220797127932347
2436,32034,0.0,0.37373131227735,0.5685432994971402,0.20843835136337352,0.44548699763795485,0.2173638425538067,1.0,0.6655527242380087,0.3469327350284114,0.0,0.7299174013678995,0.3990687509175952,0.7947952132712555,0.6319793675308782
2437,32053,0.0,0.23729738293520578,0.41449206276517053,0.21490245762731097,0.5745992952507022,0.1360764202414042,1.0,0.2918555481240782,0.283954482452183,0.0,0.9518019703333989,0.6567469761381308,0.7125442614903211,0.725114210224383
2438,32055,0.29363174928590924,0.35735800437357607,0.5660383747757567,0.20252772507069994,0.503901716882838,0.18644879573063933,1.0,0.635711037162511,0.6699250591557468,0.0,0.7720364301108484,0.43557933530897663,0.7789425991309047,0.45812180756724274
2439,32003,0.2614115765947605,0.11396699383117638,0.2869270738870932,0.19688116107575515,0.4366333651777252,0.2463845319040241,1.0,0.22466676362512117,0.32180095318669044,0.0,0.869300858990161,0.3388335970023709,0.7947952132712555,0.8514307429854822
2440,32039,0.0,0.5082318220979946,0.614754057039226,0.19041825249768018,0.5643677284231186,0.160932593011895,1.0,0.2423697176569658,0.44124841736705844,1.0,0.920104204345533,0.5931169092732179,0.7390115964200016,0.550994428291997
2441,32038,0.22256247753488698,0.3254088384243298,0.4616080288730713,0.22426651611654214,0.5645128250729523,0.15109076998908888,1.0,0.31907455207436464,0.31663660112006253,1.0,0.8983933092892558,0.5672813161628997,0.7390115964200016,0.45344698261410754
2442,32015,0.29363174928590924,0.07246261124539072,0.18984297314940843,0.20144559024703412,0.47652800458104316,0.20999718291951774,1.0,0.3292282916522469,0.3922271752942099,0.0,0.8302215377594779,0.3643616213787606,0.7947952132712555,0.7645232988719857
2443,32017,0.0,0.6940341035268014,0.7214407337315742,0.20612954420660212,0.5575557607619703,0.14790988267417404,1.0,0.26728361395829703,0.31765702095176385,1.0,0.926183205269185,0.6783179454890657,0.7390115964200016,0.22603538401672774
2444,32020,0.02085067119514147,0.499147239784846,0.6695160341285998,0.197645917190458,0.5082191266199978,0.1747186339430895,1.0,0.5987331284115502,0.3921184659145096,0.0,0.8884064383576675,0.4521429408379187,0.7789425991309047,0.414440789422829
2445,32023,0.0,0.3504461982081071,0.4406477225796021,0.20444020451805034,0.4331712681864808,0.23849523876208534,1.0,0.4002247884485193,0.3649389002586846,0.0,0.7399044793499276,0.40988921607364887,0.7947952132712555,0.7028614859709643
2446,32058,0.29363174928590924,0.186067004740763,0.29376514838640144,0.20020568928445448,0.4358341655924802,0.25093917527307164,1.0,0.2879744702699012,0.30515160298524435,0.0,0.8462874096147186,0.3964122553148689,0.0,0.8079770209287339
2447,32036,0.0,0.5588179748180796,0.5173493709414074,0.21051026949509877,0.565035446694391,0.14682412069866557,1.0,0.34273411088179506,0.307146104674041,1.0,0.9248806509500203,0.6120085905076005,0.0,0.47670979978473804
2448,32057,0.0,0.31155080380331457,0.4642905362206865,0.2076886922739395,0.5636807551592141,0.14482509354496087,1.0,0.2738059763894125,0.30476079874142636,0.0,0.9483282850985175,0.671658706878362,0.0,0.5576947390236193
2449,32030,0.29363174928590924,0.2151906718671449,0.3367255473426092,0.19888944948151777,0.45877425399622973,0.2251366104066057,1.0,0.27184621227436456,0.3758240419140041,0.0,0.7863655628738682,0.467226951565717,0.7947952132712555,0.7645232988719857
2450,32032,0.0,0.6432948956461484,0.4486178983668503,0.20160218502997151,0.538853726102533,0.1560430752173967,1.0,0.3452217720719408,0.33949335127915725,1.0,0.9630916026345926,0.7217906514114905,0.0,0.59943370345566
2451,32056,0.0,0.5353393555775822,0.6963555542533466,0.20224918389091406,0.5338124849334307,0.1608452878955966,1.0,0.3760707478954287,0.37553732530511763,1.0,0.9500652312411784,0.7053707306777106,0.7390115964200016,0.20959335768648024
2452,32035,0.0,0.09329262457585655,0.22032386128980105,0.21667912190904015,0.5624847756097321,0.1385641280969494,1.0,0.3138492424720821,0.3110934935355688,1.0,0.9218411504881943,0.4128493193556415,0.7125442614903211,0.7028614859709643
2453,32005,0.0,0.7636743901480096,0.5824435576956839,0.19970347256311805,0.536461767003569,0.15478519560702142,1.0,0.4112725349424883,0.31713518214126,1.0,0.9752496044818966,0.7054739409183033,0.0,0.4126395694576821
2454,32010,0.0,0.6659357249863708,0.7019827197932555,0.19428944796804382,0.5268610602792196,0.16188183084224828,1.0,0.5102056814165903,0.38124062610934817,1.0,0.8623534885203987,0.5430785066918363,0.7390115964200016,0.22937478084393315
2455,32001,0.29363174928590924,0.2059797684029623,0.32257744486569473,0.20456884325053915,0.4427022464142988,0.23158926427811832,1.0,0.41591849953472637,0.3369175987046731,0.0,0.7802865619502162,0.3138629550154896,0.7947952132712555,0.7430174073632629
2456,32011,0.0,0.16664187753593987,0.3322162123140422,0.19972017790894114,0.40699353543416794,0.2771677337578389,1.0,0.2452923838549541,0.36064906470249913,0.0,0.8076422731570905,0.2471323863387052,0.0,0.7171720540196672
2457,32002,0.0,0.15809800735908947,0.24396667493088547,0.21074927757931794,0.4549947330335957,0.20449722108441248,1.0,0.46197954741711766,0.33821758122055834,0.0,0.9478941003254626,0.5539780567266314,0.7789425991309047,0.7914566825269261
2458,32040,0.0,0.2283609524186119,0.4338096480802939,0.18877082971759196,0.5382228659992989,0.1747808969477176,1.0,0.27619634977199015,0.8303479734617705,1.0,0.8866694922150062,0.5620112875613583,0.7606458862803938,0.6789471770362071
2459,32041,0.0,0.10294679783570726,0.22032386128980105,0.19786119350024023,0.7377481883370138,0.1477583204797066,1.0,0.2358876481276504,0.3056758651054877,1.0,0.8523664105383706,0.5776725393462476,0.7125442614903211,1.0
2460,32037,0.0,0.36362546175398763,0.45885583827355875,0.20364538481686922,0.5595509398966974,0.1430496557603087,1.0,0.3204354363687506,0.28752999256669876,0.0,0.9491966546446278,0.6804456416492055,0.0,0.6046625485289482
2461,32021,0.3478176420855702,0.1146868113438448,0.2869270738870932,0.18138655217188615,0.48118608112176964,0.22472773323367967,1.0,0.36935692115927876,0.28212536730390025,0.0,0.6739036316854257,0.12567925714733205,0.7606458862803938,0.8822616494359928
2462,32047,0.0,0.23547794769948022,0.3960187319622951,0.1994835040693187,0.42079942557433647,0.26685453763054134,1.0,0.26212292567204043,0.32365513100900256,0.0,0.8471559862112688,0.3391329275154995,0.0,0.6354934549794589
2463,32045,0.29363174928590924,0.24774581820608296,0.41659021807376007,0.19925145126588328,0.4378525875593844,0.24750956672693425,1.0,0.2702097968946058,0.3018527205041167,0.0,0.797221010402007,0.42883934990590755,0.7947952132712555,0.673718331962919
2464,32051,0.0,0.3158670958886824,0.49803178562628414,0.203656738257055,0.6054776023685506,0.11993677023188964,1.0,0.2063680180265155,0.24202386290518607,1.0,0.9339991523354974,0.6456549174668544,0.7125442614903211,0.5462305300007282
2465,32050,0.0,0.20580384469927795,0.3492050581584243,0.20442482676559937,0.5538555957921836,0.14853937563376762,1.0,0.2904185322958568,0.3164640433283,0.0,0.9491966546446278,0.6913870217862024,0.0,0.6963643413004936
2466,32049,0.0,0.325065598743012,0.5409921845824918,0.1864262150488022,0.4529859385630076,0.2068421832427556,1.0,0.22248583481297468,0.30817627384333324,0.0,0.6244030476996592,0.20669140989510268,0.7606458862803938,0.5431683198140091
2467,32048,0.29363174928590924,0.3743063235961483,0.5613746369583712,0.20020390932981835,0.45479352322309174,0.23080538884047108,1.0,0.267811599311511,0.32703002336978193,0.0,0.7507599268780665,0.3097826909530062,0.7947952132712555,0.47917358795091514
2468,32019,0.0,0.3966472516942434,0.505470164171604,0.2047126753098002,0.45874138366773665,0.22105981496877702,1.0,0.37785096486615544,0.29808009354442033,0.0,0.7590100587174342,0.3490061729030663,0.7947952132712555,0.538733063501105
2469,32033,0.0,0.19026806092915793,0.311973264080358,0.20508367436760933,0.4160716205370787,0.24676613672432635,1.0,0.3518613511011114,0.43180136631496135,0.0,0.7151540838318244,0.3245831819059308,0.7947952132712555,0.7336923924214751
2470,32012,0.29363174928590924,0.12645767693840593,0.25406511069539867,0.20577683492131416,0.5341299089048203,0.1652442266196561,1.0,0.3578890748343785,0.4181961375150399,1.0,0.7872341394704188,0.5390040330308739,0.7789425991309047,0.725114210224383
2471,32046,0.0,0.15419065869597637,0.3062446592022165,0.197335994599671,0.4862369497871881,0.19452304018144062,1.0,0.40529022585943963,0.5961490074915363,0.0,0.8918801235925489,0.3950797353061893,0.7789425991309047,0.6844442827380792
2472,32044,0.29363174928590924,0.5344636597375293,0.48249865191464314,0.20365265949187228,0.4837135093742514,0.2054575498215434,1.0,0.3139972027613436,0.3784265903807955,0.0,0.7207988999824215,0.3846703577672245,0.7789425991309047,0.668732778856004
2473,32004,0.2614115765947605,0.2121005733158841,0.3672064354830018,0.19677465401634764,0.41511370896613886,0.2723655611672231,1.0,0.2249546824196771,0.34941513959814585,0.0,0.8567086723698021,0.3783984473799333,0.0,0.8275164340507248
2474,32043,0.0,0.10944489767410273,0.22032386128980105,0.19524220528824932,0.48836759807543284,0.18808120593343647,1.0,0.44498296826670214,0.450628892427376,0.0,0.7924445637975202,0.3289599629650601,0.7789425991309047,0.8275164340507248
2475,32042,0.1443527715165505,0.3729287410773904,0.5685432994971402,0.18319756527260778,0.532901059026845,0.19756668597436233,1.0,0.37390396475346455,0.40979362011875353,1.0,0.8523664105383706,0.4810668762546018,0.7606458862803938,0.47194590149346927
2476,32014,0.0,0.24920433765771843,0.41235151762577327,0.19122300191802355,0.6023561721808729,0.14501134845070518,1.0,0.16638798592799553,0.3003560679821309,1.0,0.8397742239180113,0.5971719360022069,0.7125442614903211,0.6902386703647267
2477,32009,0.20781745610683353,0.21702408853543706,0.36036836098369357,0.18063948603231517,0.5033502127724512,0.22068081147164165,1.0,0.6372563111213289,0.3129731117892838,1.0,0.8397742239180113,0.405651950632401,0.7606458862803938,0.8079770209287339
