CVEGEO,dist_min_km,gen_min_km
1001,45.984147954130776,5.71799471816342
1008,21.45487886072529,40.17946398508473
1011,23.755262473272047,20.013099061323175
1009,14.160841623571395,42.60056702993045
1007,4.58309807622031,44.81011408432603
1006,13.802491490787023,26.630860784787338
1004,15.07765885454507,54.83871677500594
1005,34.51237983074202,17.89590671045215
1010,45.17213729822064,27.59391825606426
1003,52.35612033950667,42.01320711798743
1002,31.201092865157335,38.88248666438606
2007,262.636428054039,228.27260935250078
2003,73.5159978783151,443.97863820390245
2004,20.97160459152635,484.9395070005901
2001,134.661092760494,369.05178161318037
2006,271.64052394457536,185.68311173803
2005,21.164368443238942,478.4646563183692
2002,165.94109206440186,355.96024467565695
3001,206.39894367068976,281.29852420371105
3008,18.72635273873507,45.16027650906768
3003,148.95733842983574,153.22768798801303
3002,94.37350973371474,242.7706217780314
3009,173.60308225247667,225.57894558151213
4008,32.96787603575843,119.5215472878379
4005,51.10173537970622,99.68501539360717
4003,79.57919602886959,37.0874274781801
4012,28.37611672039969,161.6136802727008
4001,69.5740800864665,81.99231974641222
4010,180.57286779617095,228.12583531212417
4006,101.78860049982757,160.37818449507216
4011,92.57764791622745,130.4251758976513
4004,78.51124821781428,147.70208834102607
4013,72.55924745366326,81.10958249438599
4002,34.37451240222522,156.41223513439206
4009,139.1395454200811,141.17243076936919
4007,69.43690778079072,44.82239122426693
5010,11.134489601920905,105.86137901809442
5036,45.65926001263063,65.6570888656872
5018,22.860479674525468,104.11102219471512
5029,32.98875867207609,116.84296653031066
5007,88.59682179067151,170.65522430102664
5032,35.74395688156923,35.729667170809094
5006,32.18403169165061,123.15809412203753
5003,53.074605921200714,23.84714303898678
5012,77.75883528137713,66.69348428896059
5009,64.88852769130555,89.6353206712106
5005,53.50015291035952,113.59801589311505
5004,37.10106689203035,35.49298790088708
5016,55.26549031530688,108.28254423947132
5035,39.86907825305642,47.53754246997423
5014,34.100737655939106,56.49454878103723
5008,46.29743824275709,60.55549708254116
5019,54.40666195843468,25.18422795525697
5038,71.04057793258264,59.22654861107568
5037,44.76132447522426,44.7361661048855
5001,29.618361437117525,79.83765798403792
5017,3.4072968068570906,25.659630029787518
5002,105.20433695982545,149.46712512934528
5026,47.18619104339852,47.2125359561386
5021,48.804789959362715,91.9708255172054
5013,106.05303143042418,106.04437980063403
5024,91.2614673143981,135.81472025116622
5020,98.06591413981386,97.63837275229702
5023,173.69934818211814,173.70526136321723
5022,88.3359642896883,28.024290604549783
5015,47.347733285620976,47.352252545587106
5011,56.33367345859515,103.74879589235753
5034,135.26050213586396,134.40261254265002
5033,44.48924466398029,95.44492995625104
5031,82.42475340111254,82.4330563763331
5030,47.94176862178954,57.4625011171574
5028,9.532892444995694,9.505285666246914
5027,58.91934366882544,75.03103756339358
5025,66.51998417236831,42.64680696284219
6009,144.30534234079678,64.84480425637018
6005,16.76175569820993,102.83038021263283
6010,14.109620171112383,76.2283552393647
6008,34.4826605268806,58.53475469020823
6002,17.562359754405083,99.55421018910455
6007,60.13280993149301,30.77379780205354
6006,31.086907483826067,98.27872171237473
6003,17.11886525989343,86.1670361738652
6001,38.25842973570431,65.6557631469247
6004,20.11580643453282,69.48590315617724
7106,42.918432502052944,74.75336327827605
7090,51.18268267151422,10.76205414637693
7022,31.537803384536538,49.796268281626844
7073,51.50234625815321,6.558458945719351
7042,63.29120050822431,6.810523119098067
7036,56.84715944510043,50.89279963374738
7121,57.14506945754775,9.38454525643848
7119,25.131040634932678,39.78142350561792
7124,4.669540129995124,64.84400597091756
7123,34.71713072821099,39.588378559974046
7067,49.14896269119436,7.885093644130777
7091,57.74769945816647,1.4307089684117635
7114,177.88928550169123,236.91018218260584
7069,69.10093037885936,76.20298246990734
7081,44.47195628720091,43.28880394353686
7080,45.26155718458743,42.47984491734607
7065,49.66035946852982,129.70840497832248
7077,55.74495444359651,90.57509514239649
7086,20.525117027774915,19.490741494609022
7010,61.14065786180908,54.34504359372589
7011,60.97028569367092,57.6242694634287
7024,33.763058093675994,99.35053906325648
7028,20.02605180594055,49.28016589589764
7122,33.409994406831196,49.572302755700896
7001,14.532510467305942,24.87846698540357
7002,25.46228040361852,41.2817713153659
7003,10.809803514073186,21.39761239230758
7004,36.19774974283148,135.07692373093315
7005,50.718350782077785,22.673777140246106
7006,68.7820225800253,64.1635844158238
7007,31.61463464766059,83.49746810893892
7029,26.916649400119702,6.321576798796066
7012,18.026160172277766,22.947884819942207
7013,36.9766594195896,16.60114921308286
7014,34.429106891325546,37.77965513086292
7015,16.058805001194983,21.235817501312084
7016,49.022381103118015,98.02925297781779
7019,65.0794824966202,114.37760983868712
7020,73.80191682902965,85.48225424092979
7021,37.23955933131679,23.955866411390247
7033,36.40324820673358,28.19114227907812
7053,47.95720295113651,45.67796219862247
7025,52.152418028558266,15.098479573590497
7026,24.59418148778739,55.89238003501063
7027,28.58311156867571,24.05201417974764
7030,65.67243393968532,67.91078663245366
7031,24.765434332375644,105.48582997617274
7055,11.452795045171554,11.772683622511018
7023,10.157638840763765,46.200652266020754
7034,83.88594231615426,80.49105312026346
7075,46.2599939896176,93.22938368879339
7076,49.139678733423914,43.77382750718812
7038,23.236418582264385,78.76745730027763
7039,56.33591153389801,34.112288306676525
7040,25.854468287843215,13.50426683485971
7041,83.14605878275957,138.34982299619114
7043,59.234603360382245,21.126292012557464
7044,28.195593829734126,25.077819354968256
7045,52.718380271431606,24.571570310565985
7046,42.983750693400516,49.534456528917715
7048,36.68338477860266,53.39213687457934
7052,68.30581187612965,154.71143855023305
7056,17.123995236575478,57.147613837239575
7054,25.313423517004093,5.125894564960186
7072,58.35641033252606,16.699733497692698
7111,13.767962194149483,37.832529255748156
7110,13.225931923762904,46.43601295423336
7051,29.38167857011796,43.62504895326476
7050,31.737845993578464,115.35159739557253
7049,25.497845729441373,33.94249574746008
7096,43.82633077508342,58.16264329146132
7097,61.38539584234037,12.051286258731652
7099,98.8712926283074,115.76512040967907
7058,29.509467946222117,66.47597734123721
7060,45.46453467185424,17.12369863399545
7070,48.80785471496245,41.50949222384703
7063,18.3258858626894,5.161325943293194
7057,38.79285116506993,28.650790986886285
7101,6.065775347046587,2.4568803605113803
7102,5.402654348011035,6.228744690527966
7103,30.7027111513427,19.653983031111043
7104,75.58308465857122,107.05239605537075
7079,16.69893692275868,12.653151590306773
7120,30.600914733969468,37.37824478441438
7107,35.86425040103999,56.607349081605314
7108,10.370957948046748,50.25855887830167
7109,40.18697974372345,73.71875221839584
7085,27.8491033191906,11.404415559132932
7088,49.87394636471978,36.596142090123266
7093,20.55264974613508,67.46504074661478
7098,21.466100422636558,57.5323552225873
7100,48.451817641547116,79.55424390977295
7105,14.86174193665828,22.785506229578115
7112,31.31427518974668,74.95842118693714
7087,29.74011158892275,30.84915884358552
7113,21.18029247153572,43.16967975072935
7115,119.3435553087538,178.93705832219385
7117,43.20694175437237,51.63348913156936
7118,49.406457603294996,24.898758418211287
7047,46.47514822810303,23.127754417488372
7092,21.782992443841117,41.109209625694476
7018,40.06799846641036,18.39594292568631
7059,84.18158060235884,188.83596465273087
7061,33.056167641934394,38.78650407565505
7064,22.476075525641626,89.23153393580856
7066,40.206823863190884,62.29670031508807
7071,15.16451749387903,7.199639748408276
7078,4.075056077070583,58.819666798948326
7032,16.788132578957164,16.738796659632232
7125,39.77483322328377,41.002172874974086
7035,18.03455770718537,18.885002348334353
7062,34.52531082115116,45.64218772652041
7037,20.788226357230318,15.405309831767577
7068,53.98490930659821,36.84701313425289
7074,19.08458830216386,60.56244378415888
7082,30.788487631221457,74.78489027369224
7083,71.14493966979342,101.3524349331752
7084,60.85938845017163,15.402822613875754
7089,5.426385016173152,6.081715205624062
7008,52.74833387738581,61.40910943241292
7009,70.90947465628476,26.567235769359343
7017,59.759418576068015,70.74442851419911
7116,161.91152823151722,219.65219622465173
7094,19.63235803200881,70.38061613450131
8037,30.315759392514575,15.125466924072539
8021,22.230059978304737,6.151396090486695
8019,39.038776823695095,39.71146101489613
8001,134.7465099239626,98.7941713763368
8006,115.15319846320175,118.34059102520386
8052,165.6104249929865,161.759892887798
8020,88.55001900534076,109.04001812185216
8041,47.70529467017357,111.36925420105516
8055,48.96807157669526,25.544299220336537
8032,76.4845740949237,53.83352368204971
8017,81.07685197839966,82.41654173967238
8043,83.26960176899435,129.09131816561472
8016,28.04874069799826,53.1846590913185
8023,205.94713694015562,171.59733038999886
8059,104.68623381426389,89.89754790336166
8015,149.01195137235715,148.23484907510752
8049,76.9449003266934,125.89572568412996
8036,52.83432412927499,52.05840953242929
8060,92.30862074021674,89.65916863600219
8007,53.93881084750373,141.78324248974764
8008,61.9945450530493,109.29680621252324
8051,6.40659002651143,75.5922748886534
8067,78.59320961753856,39.41212075805667
8062,6.028876619330597,23.996107477345273
8061,92.89628775388898,80.89542637321497
8029,72.670780257282,96.31288806931204
8003,37.989259723909306,38.8225117790779
8014,56.51204578820107,57.00505255887427
8018,89.36492226434332,86.38559983049213
8054,51.52307749162907,53.84676242178864
8058,49.82714300685282,6.470743814311284
8002,67.54890627618585,66.17153780579801
8065,98.94597132596395,110.2131465835412
8063,57.17147513105595,91.69470749583874
8022,78.28040569752478,72.57822733724481
8066,48.07280935761048,70.20474805634537
8004,24.39645842989905,20.687448749666242
8009,76.56146781639795,146.84050226905796
8010,183.09949365366992,154.4621995692089
8011,84.97134411175026,105.64335110024193
8012,108.7983749702168,125.85412926363202
8013,219.69247896418315,176.13605952821214
8053,62.19399744638511,54.21190210513933
8057,102.23309273358399,97.24100106456562
8044,74.22952487120764,75.05106980379513
8031,67.10204805854774,134.97267904399502
8056,90.25674058622218,93.93880378078781
8045,41.23318171758316,19.45145118310363
8046,69.94474848460308,79.52590434615763
8047,51.60919928969203,30.905082355450773
8025,133.01585625302891,158.6380998382287
8048,122.53548399229888,123.91147853882904
8024,41.769616834997585,36.610339392454556
8064,81.28785381317654,103.24611251544466
8050,178.20390136987925,149.0400711618295
8026,57.792347890358236,54.02326296730965
8027,39.49263034326331,156.58325085253549
8028,115.02063935758153,98.3000455196857
8030,90.80883575560324,113.2607872874314
8033,103.83472840015092,83.27075329123159
8034,174.03927241352588,190.85047881071287
8035,212.57047897576854,116.83942053864479
8038,61.20252723791264,58.72398918496564
8039,23.98243600505366,24.554826920591136
8040,124.04196917311924,121.52544974506061
8042,174.47278196827304,182.7766858870615
8005,109.10639844225946,99.15463278546565
9005,5.8935932232298525,2.3367607070568455
9007,11.556769683412071,4.94660465822388
9015,2.4330096334259674,2.7401556194079437
9017,8.203096853045936,7.413004556219832
9013,2.2215928562075264,11.837959931968816
9003,4.855670414377391,1.0805530628906728
9008,9.597313076583976,5.9382574807194075
9009,14.06994431096065,20.68302767972098
9010,3.417368760575765,3.388818176208844
9014,2.965659300462176,2.1157506310380523
9011,11.250509741725763,6.172416314962534
9006,8.616351731663471,4.9372448349125175
9002,4.674914197261861,1.12404969674487
9012,12.139357376071622,11.931695626089939
9004,6.66284791902892,5.332831334822134
9016,0.0331954525641398,0.0331954525641398
10009,13.461218512363336,100.37410482482824
10017,66.24643145821514,104.08228889041305
10036,90.90527492079532,88.30002740124789
10021,100.28234392930204,72.14711039243556
10034,78.1014667888102,32.15220455632638
10024,121.65682292453518,87.52024862893614
10012,29.08970161683353,17.220972183843404
10039,98.06767415055572,44.24205147269794
10018,84.81132981099749,58.81698210845452
10011,98.05380158682811,85.90915178137102
10005,18.758116704492895,48.11037464243957
10010,114.27362866492308,115.27297479953616
10030,100.87169741676637,86.9312535362125
10029,92.18949624927659,79.75763750523673
10023,93.0041744282388,77.7464582501694
10033,27.227491671555324,92.97872493698314
10016,24.717997230471646,52.446771471059684
10003,111.12520228452027,63.780214530064676
10004,94.7724665393997,92.24489152320692
10006,84.47460856701979,90.82004137537602
10025,39.067223450330054,127.76378811658246
10008,71.02113583154278,44.03217452994601
10027,110.03282830181723,125.02675064358837
10001,60.38504881494841,56.968790286261104
10035,54.535151994464535,57.49524876474844
10014,85.48480912676168,81.98029210087569
10022,30.367600638573883,51.0108779686417
10038,3.4585172010020955,73.5263837425581
10037,98.31025547690426,5.694204431780395
10019,135.93116670311332,64.56705598169795
10028,86.97003177267567,63.543360972339116
10026,111.99987895365574,95.83928324703497
10015,74.01927278309063,63.91246131719843
10031,102.41785989020386,102.52920215525373
10007,25.863925679076235,19.606902925827736
10020,58.53448676488253,31.063190167026335
10032,107.9613993966901,28.177752431342554
10013,101.48013150871589,88.92672124285917
10002,107.28399627262927,19.123826730150192
11044,10.739542695161294,21.436219138409854
11017,32.22425555700449,22.542372688959283
11037,44.17673807278939,16.221163552612833
11010,51.763555871758896,38.36808903938375
11031,14.68341410185465,24.939533491357164
11015,35.9812751536089,7.432729822492231
11034,46.085257807971885,76.48184904443316
11036,12.719263091380913,22.926698544773632
11030,49.84096153472223,59.51362350849875
11026,23.150506679555832,33.32105688939205
11009,23.69513564650638,4.740678247097769
11016,9.799040291241562,39.043200301302214
11024,20.742692137727655,17.45756183232095
11029,32.35072783586819,64.15696463345036
11011,23.838564516465976,27.775525949776828
11027,18.02734470968832,6.261301885201884
11025,12.752240515447472,33.660212175048
11003,31.94562167802383,23.669206048212423
11004,39.64764555332069,32.19259921725162
11005,39.07224608039524,18.184950868269436
11043,65.92375647902416,91.48290634225683
11022,33.57159087322906,54.90170841425082
11014,1.705439596230764,41.06614354674566
11045,43.890748157545005,100.08965991087973
11001,9.088384786781416,35.680811203009156
11033,51.26615148455868,80.70106476492958
11006,23.407361343977083,94.69378591544407
11002,21.869558717225157,34.69714100844214
11012,1.6147136945513338,47.44698403386705
11013,58.22657906104881,62.87037012394824
11007,23.968356298139675,10.777553893121809
11019,38.8422118042141,49.75813974179414
11035,3.871617882159448,22.114021452899745
11018,24.301843557800932,28.20720566823169
11008,23.348679009255058,43.45300183539248
11041,29.98323859821652,19.02795006986276
11028,3.58563701936809,31.325415655995435
11040,55.89747989490705,63.41002962786451
11042,28.237461275790505,23.154568684710434
11039,17.420102406766468,37.60225868865428
11032,57.81957028553269,49.953682796553686
11023,29.12853547764366,22.294719197639544
11038,43.04613785527678,47.048402828033545
11046,36.01495662609598,28.90869142031899
11021,40.33039033382275,22.32559849648062
11020,27.61707109075332,5.469535938537656
12021,15.784891250581271,99.47291710972951
12060,58.29143436742781,17.452430266033627
12063,71.44581449951716,44.90589496714152
12082,66.14005433324768,76.23126137995908
12024,93.89110744321792,63.94363087451944
12058,39.17640286297541,55.82145695709668
12010,86.94797876166464,30.271053822723452
12011,46.22770792377125,125.33451297816521
12012,77.4584237216561,47.3452952697775
12004,60.00947459913602,85.0463985190597
12068,37.85002261378486,30.135976728165062
12043,49.34701102863081,82.49276408719847
12007,11.749891779927951,82.78364765321007
12057,83.86940187421648,156.49399079298476
12066,91.32582148226466,60.86152571288874
12056,58.63446726172838,49.306577773643376
12001,15.020838206167646,76.85610591460784
12075,13.932425607374272,64.16644025090726
12055,65.54256255150861,32.59907429672824
12006,33.49268823876757,85.59702030379515
12037,56.81931439939764,39.241485846649894
12085,32.32912450783752,127.59720573726527
12027,34.510253178984655,101.04727358280735
12015,62.0696211568951,40.39260090084588
12074,48.223420227817506,37.85284461549508
12014,38.63855707096966,138.5800446801334
12018,55.987448185584675,92.09005932979734
12072,82.73365028390735,36.90169536400349
12009,66.36110112838408,63.82692637779169
12081,45.949356423721625,68.8940949106008
12084,48.44768485622916,64.14758254020087
12071,29.33807294760537,122.82132267902254
12070,77.63230585841276,88.68216734031073
12083,64.29080663201019,59.00640258875794
12079,83.60348436760094,18.42970378893925
12076,80.20080503329257,32.7598742292623
12065,70.14959837959361,82.35107557689855
12073,57.45023294421348,72.42681302700974
12064,19.85644746402289,90.77662459019162
12019,58.406657692835466,64.65054184029194
12005,78.37476829200793,74.22351609781049
12030,76.91309686130488,79.27742550310269
12069,78.46609262926883,66.36281313398891
12036,14.665433284618627,98.16341511640748
12080,30.236212433034982,104.09740744795872
12078,44.799547432104966,86.30021309111461
12077,35.8130045780062,96.12293535690785
12023,26.386850600861173,124.81754066349292
12048,95.93733888261777,107.5707190969295
12053,43.656482483566954,71.00098440115869
12054,36.38885023520222,126.89757973802388
12047,50.13938386552206,35.74127564686685
12049,59.751565300268105,13.10168653805645
12050,6.6341598911521515,111.49593022240741
12051,81.03022919021085,10.744245019723826
12045,86.56558232289007,67.53838002171126
12046,7.455444355366965,119.7397759717753
12040,26.02280782845422,71.35729255585763
12013,16.843039353531033,102.23870337750267
12062,30.890834647220373,107.89959203940268
12041,61.79347951838383,55.95409575923963
12042,27.80980222570106,51.19516862501669
12044,69.73772473056185,23.172344208464505
12038,83.64164951711649,71.35728418868152
12039,47.79725927416034,43.993479097336426
12002,71.47043654248458,44.363391424666204
12003,48.394637167016725,139.34001461699546
12034,49.69354725217865,60.42692420369926
12035,33.191487321254854,64.76298480756174
12031,23.044047320118043,60.9995045966377
12032,7.8903535192778875,98.27695743672642
12033,80.60678966559186,79.4190243116505
12028,68.37264664963703,13.994750816511173
12029,53.18415515005332,56.55539783017751
12008,61.08052730621742,71.68252460316134
12025,58.759061752987215,79.33967999624693
12026,31.454244103343573,76.89629948041032
12059,23.726489271622015,78.91902600135923
12061,43.89786637562179,30.13160699231986
12052,41.26913498441159,73.54138908094609
12067,18.533049359759577,100.97279173181708
12016,68.67046374019883,26.612748540530422
12017,25.632288127898956,74.68101109355668
12020,87.41058481343545,49.34802588829903
12022,40.30201422767995,105.10778954860398
13031,52.77742557621887,49.67579945595203
13005,18.044120192630306,21.0909244350012
13075,15.213889989156701,24.304712325745225
13028,4.448955224381853,37.20798204184235
13045,12.70983533445031,15.348962967762073
13021,43.50734293320356,43.46200604591251
13001,24.587649850932284,33.439265676815104
13002,38.95130283221809,56.38767211185311
13049,60.841676443900376,21.624765562398238
13003,23.911162271291204,30.297736336038295
13030,31.72478240200524,45.69340730418682
13023,11.425724145232383,27.66097213591578
13004,31.705129945060023,48.2517154975753
13027,59.390566462823635,73.32133725480078
13022,27.677903539016114,10.876007984429737
13020,55.434485850018106,20.517424006357164
13074,11.767609802315235,5.715901186497719
13070,12.88741092202442,9.520572742115618
13018,55.84270429883306,22.78927694551928
13029,50.58143746026045,31.22829711476812
13071,65.36764370208668,37.29384789559604
13076,3.6169617058836807,11.104217522376105
13046,22.454677912174855,20.65831495747276
13065,14.370144364349816,13.722749087643491
13061,47.60893249297022,38.587787909272485
13047,35.41406421578232,62.32038626725766
13078,33.12448329495053,57.66154625491799
13063,15.825251540161307,19.89901291514635
13017,26.754054647644836,30.72687826175833
13083,33.552016229180474,18.728712820251005
13072,40.76290725789883,31.297824490846725
13067,13.032097862392389,13.320687044183469
13026,17.32287153407673,42.033267476673196
13062,44.53922714366179,22.767689633371106
13044,39.563538673283006,36.06922002006764
13016,29.846214947486466,48.33561924550389
13015,41.30086161999678,30.608101230621635
13014,29.117668501375274,41.49013237894149
13068,41.74806426595865,31.000940685607535
13084,49.91867589857734,64.81545059141715
13081,41.36048835953597,19.73528836093143
13043,59.71762663129484,47.72757449485815
13066,20.48071618810924,20.11502671451205
13013,3.747007205498579,10.38069757635519
13025,19.958717364702757,60.528176221172025
13048,23.48524684061618,5.510813591212519
13038,11.532448325865227,15.61063141612574
13052,29.560579426638334,21.571439402393295
13037,34.753769917989686,5.314614937186005
13036,27.263402557068236,18.166341761545294
13053,53.132858939033554,61.15137684849796
13012,8.11248592359854,27.518831310483186
13011,12.878912660387158,50.39371581277161
13010,7.093366530079252,5.132012139318035
13009,24.022439322265626,21.466697711613687
13008,44.4826632569112,45.423034614275295
13007,31.940339155481908,40.319414420738696
13006,28.69659065492617,40.77458649599903
13054,16.14998579265888,35.56315220393343
13055,28.33538151061426,29.880085415127283
13080,24.354755376236174,53.5130278816758
13079,44.483377115523744,26.107611017869957
13035,33.357877054521325,45.02141048472965
13073,27.203975813289034,28.908831084400582
13034,37.67635186692458,33.62904130079082
13019,11.090607408860116,29.187042486563275
13077,36.86013453177547,40.11090000751618
13051,25.40747698955257,2.9980667846640303
13082,22.280891954645533,16.13158294551875
13064,16.56779697332901,19.94750433213499
13024,13.893839920402463,25.34226271771534
13041,2.51032055745228,20.33152904277732
13060,47.45508920354739,61.534616610534535
13059,56.32845615724837,40.14410610724218
13032,12.268678578870635,29.10103552914683
13058,38.077114653568096,54.30653516358718
13057,36.881443251554025,26.94140490082514
13050,7.734408012627206,29.638755934040258
13056,39.11183651592756,35.888305276452584
13042,48.33321266373676,30.283101984383627
13040,57.9236187781684,36.55947914502624
13069,3.294989290509874,27.825815157654088
13039,15.679689356025673,10.039730517616663
13033,55.407511415526336,27.62311849031545
14018,34.326502210294464,11.105301034814532
14097,18.56129028773081,10.556608146212579
14114,47.653836692080155,31.243372903480434
14113,51.28928204864695,70.76716562724569
14112,17.914198089507927,68.62783806343326
14111,40.8652272910807,40.74003963348387
14110,99.11480451692695,69.05218606435547
14109,19.188412112317234,33.56014144312207
14124,28.281729002534092,32.37571123329191
14065,38.14651354131937,125.30713494048803
14116,42.447032183465154,37.336921683526796
14117,27.5180072821933,41.99925420282024
14118,26.63315203300849,24.87464219460907
14119,49.71562185188809,15.148225974793307
14014,46.69011660724048,31.726434930970324
14015,82.04220853303646,44.69121853178332
14017,90.15915622913495,54.40761072309178
14043,122.3280777339473,23.595348674930957
14106,57.618363498387914,67.1167371743584
14107,28.633965795804528,24.66975801718353
14108,38.52833657051415,88.5929059952711
14115,89.69056353475405,55.10092140321997
14075,36.379510172640856,40.65366900370738
14077,63.525215764345184,46.921269948826684
14078,52.997511573083976,67.08668993740939
14074,30.666636443675998,52.27837791964818
14076,93.36374723461547,32.14199552997523
14069,26.092282725262674,66.0659370597612
14123,8.357447680047141,49.187056476473664
14122,29.97923245294928,90.47943884600025
14121,52.85832989005801,73.35882472539252
14120,26.328548024129514,15.072129666819603
14002,36.806349053104015,23.94493525556418
14003,64.5587376589964,20.074700397530513
14005,48.29857211397928,13.231175688824512
14055,49.51053834776042,19.880232477112713
14086,77.60166053885285,50.6542933123648
14098,4.224148621121562,4.288649923502048
14025,50.3165152229051,31.17299826650901
14027,64.37042003535234,34.778038726666246
14028,72.61001228875372,38.63049425710723
14101,11.049545813574788,15.607009775160956
14022,92.81506100119316,5.9906205467565785
14039,6.379607965553677,3.8593839250960285
14044,27.809670125109232,26.244913212214772
14051,24.110425882380838,28.704604518195513
14070,11.879405307682163,15.719071733578073
14125,38.111701052381136,54.18208984719791
14071,50.6859731669732,40.464320146174906
14068,106.33420855541021,36.72567068139692
14067,12.565707918301728,48.71171137685612
14066,13.105321964776506,43.69712170728893
14064,14.215681649592957,60.124201041084596
14063,17.81234518581986,29.27469981314178
14062,50.71225135311083,41.17344586174235
14061,113.80669806610642,53.405175755367694
14060,15.117186108284415,46.328831451183135
14059,11.817835041200382,56.76962257613449
14058,20.813279942776852,22.059727303619624
14057,9.507579661070622,44.24288734184306
14056,54.40839498713971,90.5247880105154
14054,76.27266417312931,68.81718559640841
14053,50.576543758826396,46.455465734453455
14052,94.83763665940572,67.86646058727497
14050,35.153004880639195,3.901148280627324
14031,93.10671055536758,42.994677365310174
14049,65.01628272280657,112.5221804720297
14048,46.367212993242745,33.974206651417255
14047,27.642467437446143,21.9511949891513
14046,41.98989902597176,62.44603702741695
14045,32.17544666377184,21.36708336380142
14042,95.85593296046055,71.28087056578755
14041,36.0085613411008,5.743665022039799
14040,42.09929823431858,31.619802248209538
14038,42.0763725172328,53.320041934049314
14037,78.27765191211799,58.22426537917602
14036,50.67037610182837,32.346173371180285
14035,66.93854256958079,35.539221235424954
14034,82.28151399634386,75.12274000993776
14033,55.11775888265267,19.25291902684767
14004,62.55567115369337,36.92202593555865
14019,105.97643543239174,26.205129680675988
14001,27.561425098672974,21.164900887540743
14006,70.37940280855616,43.92808821151225
14007,56.28162777251562,18.32197529448256
14008,53.24450667466129,53.2348969127051
14009,40.0271125719669,21.293683485879146
14072,17.243424897400732,39.60817728215544
14080,10.52653202587198,52.18626415299606
14081,35.12329616124285,19.132015525901245
14082,61.33028762412859,49.352820912504654
14083,37.53952897126017,25.607092892823566
14084,51.97221737813622,16.047847874256494
14085,37.20907590373408,70.61439588496161
14087,56.442375765502284,119.19448623050923
14088,83.23502586713701,61.76417961064081
14089,58.6805188613328,25.70712325695653
14094,72.23992314292745,27.325251705255766
14095,53.488843547152825,21.216764788517875
14096,15.108632098268528,41.53342458345071
14032,83.07921788580643,51.673202498435806
14030,30.44480076213745,25.42673089173499
14029,47.526206120057296,2.6452708379420695
14026,22.298895967431168,38.74249867005372
14024,58.132825720681566,42.62939488757249
14023,56.30320365789962,63.51605117984254
14021,86.94733648898485,22.115545089743776
14020,47.58001358335641,60.68889335248749
14016,46.9747195201375,22.618882647797477
14011,78.19006850570376,57.64382676683106
14013,26.11144923010291,30.89741611130948
14010,65.23744995263772,33.501840481060135
14012,56.922080312586196,28.845210606490117
14073,51.36763112703009,65.35612368206687
14079,43.725776994174375,46.92596961695865
14093,30.50538034101454,33.830803748645
14099,39.90638496821946,74.63703028103676
14100,85.5211712485941,56.56577281975114
14102,70.36977258781833,72.2197900290368
14103,29.052077761914294,94.3563598337015
14104,74.81314571164675,52.62050658521534
14105,4.404112509866928,41.56624144360502
14090,99.12519495465784,73.19348231579117
14091,33.007666358299865,49.79170718672046
14092,36.23961406537234,20.986337866676614
15116,19.345773979900212,62.3360030395509
15072,13.30069840250517,11.508103702245716
15003,28.311553426468993,33.19617721705267
15007,37.0756832919233,29.238785550832425
15094,24.123707505203388,32.17704441355338
15032,44.01735600701227,49.574945382010945
15081,12.88595539111023,11.471874854980586
15071,38.47549127093385,23.379382289006056
15070,20.45576165344737,6.234460823498553
15026,33.093795197252206,32.3764834788773
15061,27.213027643503878,29.88553363466923
15057,10.247372411172265,7.068957988024463
15120,10.066715514059563,16.674480575134222
15110,28.660997950322226,44.63758377169874
15030,17.90766633746768,13.185558334543838
15044,12.50947175995074,12.284480954259239
15093,30.90803608208859,26.047167489312137
15108,9.943168192648665,5.693591292469087
15111,40.462956740165076,45.677708509196925
15016,27.641926261613097,35.04392830327633
15112,28.15637197716141,19.332435417223387
15113,30.678046450133927,10.112453111791883
15123,27.324596740029843,78.80340359075683
15074,7.033800142280569,22.63100989601636
15125,7.848583802815621,6.459214040030844
15053,8.008145367714219,9.036798791177004
15055,5.940827979025408,8.115162556212086
15073,11.570600688463855,8.996155894950238
15015,34.1558607424279,33.793479629092296
15014,15.387263071079092,29.96032997253965
15056,31.407599355720436,35.82384170435873
15054,4.08419349810629,6.4252501692660005
15076,9.284473041504038,1.4306830497610108
15060,16.907423411108226,7.413947043104646
15083,24.65860243813673,12.099589407523842
15024,5.1855319683816985,6.686712708769501
15059,13.266534111812573,11.314642930907628
15009,41.9411607915768,24.995196145947542
15067,19.897327141007867,20.541180221526332
15031,23.472619268446405,12.327542001588105
15092,19.08803277659451,17.29841152074762
15066,27.576191488869952,66.81903392209722
15098,17.957256676020357,6.98411960992132
15025,28.964129820766647,6.446888169756262
15077,13.41533851407302,43.02315677425145
15078,32.685705140218204,62.607659848804865
15096,11.1865984242345,19.181789157895107
15104,1.9381688145599212,1.7247428921832069
15107,51.25918003328185,4.479682061838469
15100,13.324684390444988,8.46541219708963
15082,8.536608033185626,57.55367543776046
15058,15.553066667717998,11.446704342274884
15064,5.801794846182876,5.618398676138286
15109,8.97569040017036,2.023808027290277
15023,4.40478176202116,5.329009794957502
15040,44.049367317128315,5.305584395436374
15039,35.764389037852766,9.57299644981898
15005,22.914371047669793,17.717019079777568
15086,23.829433762489288,37.666832291122276
15042,18.559047155006148,34.593022836622566
15049,22.877823631938256,13.417900066503273
15052,42.75392159055689,13.870662451959344
15103,39.77121770513493,17.196377148964512
15050,27.936149388001727,22.723894239085087
15101,22.394303113966284,4.093100270117079
15090,18.069128138279947,14.488736278556123
15062,18.914477123305968,10.791620841592868
15105,24.763388755516793,68.24286638742403
15068,26.99024152206636,31.537635968917773
15080,26.34068319589657,34.485534042706895
15106,2.9960511942396804,4.854805590191235
15118,18.259844948634242,12.167131496928288
15036,14.831872848566185,27.914378083299887
15013,7.217246222008778,7.737182533111326
15124,19.843396289889938,20.34886109827899
15117,41.76820273830728,18.052406514464444
15046,19.840213131986477,15.399629566944927
15115,22.66057112407372,20.14932543890008
15045,26.592000001041903,34.31130469021603
15006,17.083339068704106,3.568591891198196
15012,15.382519287276226,3.563289030655037
15034,28.141626561600603,39.41812440645085
15041,39.75755282259378,59.348493876658
15017,33.88457022662261,20.479808750285834
15102,29.11907559622211,44.53041282310173
15089,27.49085933761713,16.282179854293723
15029,29.264076286484265,11.329911449192444
15087,20.55570993639986,24.580601005532717
15069,21.670524688919475,16.857935581766892
15084,10.080046340206199,27.32678663330538
15119,49.72050015946136,12.248403977623587
15008,26.996647364702067,63.80896246207835
15011,12.345648011831969,8.36239765877512
15121,4.049835562449173,10.031274148924359
15075,19.212678903879688,22.6771527829003
15018,8.932584301804937,15.476085048013626
15019,17.89496101600932,3.332126863397278
15020,4.951701442884567,2.1748057422103235
15022,26.32685060219905,8.425632302018114
15047,31.264441342470917,33.60106135713136
15001,14.906901587841668,33.18825416114962
15048,12.1885501969553,33.57766130500819
15028,18.679123358547795,13.843033054657182
15063,35.549683856154005,20.25021155962926
15051,17.84819414368766,10.616100931103134
15085,3.6909132135202647,16.588841742040948
15088,31.287424057089265,2.8206236285469415
15027,9.126769961863586,6.719838948191401
15122,16.877699001734587,3.116233934073661
15099,28.565555306123393,18.746759681523542
15004,31.014496313951913,20.867200326899727
15043,24.253775423786433,11.354361715016251
15035,2.3041332726167925,9.813532859623576
15065,31.27291350989272,29.156590869666037
15079,17.703166301469544,25.405373545859273
15010,5.726832363016331,15.240851847954154
15037,8.056482091742973,6.465582856663273
15038,22.97991658953873,14.971607897141054
15091,5.702761798406363,5.364516941335714
15033,4.460648786608069,2.9723595649464225
15097,21.845775226488495,32.012795466291315
15114,29.136627040638473,33.82416179272598
15095,10.260877920268744,9.712334410291897
15021,36.6976456214254,20.465418139186898
15002,14.666079303655263,10.148435575130009
16045,28.127015284097816,43.732494557180964
16093,7.73353659115871,8.076069135573098
16092,69.7447366153585,96.8536528136961
16088,12.55791831457647,18.683065575893824
16085,51.36292754355113,46.132579323047
16084,60.39159055254814,42.39740748967408
16074,20.084557298499266,45.74896200308641
16055,23.764556279088,51.66502343124688
16061,31.861374105411162,32.37901621329553
16073,19.32840760532951,29.21200919551849
16104,45.505847958114536,33.033005020585996
16089,55.59899246390766,122.26017946615022
16103,38.067553762658825,24.614392195867854
16102,3.0977004748189247,49.165177898920064
16071,36.9706705623528,40.76033211524177
16064,12.232004857720584,55.98847961302088
16063,54.265254278136766,18.748649347184962
16062,49.437137337306204,15.177083805946218
16060,49.756677877225044,11.886868550716937
16059,37.914099839789124,17.887795860580916
16058,12.812926115462751,55.86007717069053
16057,64.16028235844426,52.85938302773551
16056,30.154722383401303,23.15722541969529
16079,18.68460310652282,18.485649132891567
16078,24.946282072542598,8.865026262723255
16018,22.97608346373802,16.52480320752005
16019,42.27044701384406,61.4691246588456
16020,31.252595561681453,4.5261604656428
16021,32.359923471777265,49.435691348763505
16022,18.170202775592273,33.23970762905302
16067,53.89284282149661,29.302355345015364
16072,36.0275166596433,35.27158213236122
16086,56.411805352875575,3.162857479582328
16087,22.42949422140403,23.767505063207064
16047,56.74492094640509,57.248704028587355
16046,52.70329202636659,65.73915980794692
16012,31.003178491038938,92.35377877511071
16065,24.029886660773336,36.338448188523145
16066,4.868208569334822,32.796071628767905
16068,39.84853699020083,79.68075525724227
16069,54.70292166604527,6.698721183041125
16070,53.08163022674886,23.953912869059085
16083,29.75324091988275,68.69330102158777
16002,55.24197349366189,105.6751698264587
16094,62.85682223025236,35.19572527425727
16095,58.72156275572061,70.34624751731857
16100,10.693248035995445,34.20881125029546
16105,45.47373104510533,1.0130954916084578
16101,39.14202305367558,61.12612530430615
16111,17.613024105841234,31.988171041143335
16034,53.66233435390315,56.59893672205536
16017,19.48944323908436,19.125607619890697
16016,28.660922588783738,16.26855326188188
16015,90.12898785579729,132.27152297067693
16014,56.78766652737102,114.61021007304034
16053,9.657542501978627,39.41876173038864
16052,22.10507408767908,54.61795574755404
16051,8.29112955618139,54.871079736923136
16050,32.37996019979921,32.43666938634515
16049,36.64361335943887,57.65230784692934
16042,59.1711876099818,15.330108236818074
16041,35.91606107963038,36.252058918087656
16038,56.36918658545152,88.23825499984636
16037,37.14201592979835,30.144597784943667
16036,32.735164660363544,21.767387413551507
16035,49.25820935191051,47.05787613924312
16023,60.35032778508346,25.544505882157555
16025,41.66687446992808,33.78299413756634
16040,27.42835694969907,25.787381356126495
16039,16.63604512484869,42.60753478783748
16026,62.974658361284426,133.08821178760996
16027,26.90347580718386,31.230145676400806
16028,67.08616876119096,24.235022098321718
16029,85.49568005597445,53.80010214551107
16030,71.40693284771655,16.643977277983428
16054,40.171262304137926,38.82480948592189
16033,31.513013558905538,32.44842167791681
16076,27.673837655922853,38.79066285804549
16075,40.97837183898179,67.43082627805292
16080,22.39252888954961,22.731660081419946
16081,40.532017175978716,73.18150122079771
16082,35.41772974583406,26.735130203171853
16099,59.62439883686114,81.65782322640935
16003,25.815089040954263,11.36219376062765
16090,24.74168063719681,35.891117222531264
16091,58.77258506413436,53.826434863947846
16048,21.858113068882183,47.48994983538895
16001,28.00475911697368,47.11856811872205
16024,34.147032722844415,24.55918961898937
16009,42.96925065528829,6.421289611228195
16008,109.40286920343391,141.1790602264484
16007,31.032445876544994,31.462804901868243
16006,16.917790086662322,81.50361796862968
16005,25.18822059126361,25.699544568515783
16004,40.03803782919015,34.280227526357415
16011,38.67094997959642,12.626876087876004
16010,44.32361969601765,39.93116255172247
16110,39.08890024159278,33.22055475528241
16109,58.09554153729853,17.602750642556288
16108,68.65862745060494,28.476382360853677
16107,38.80343581479458,5.254797291095849
16106,65.34880935338595,11.296722396759392
16013,78.09056087568108,75.09080208193988
16044,44.13745381271395,13.007211261830186
16043,60.408873924882734,38.545684207455295
16077,25.55696157179653,118.03493227741437
16032,14.764397928630201,24.042079265447605
16031,39.416862181469426,38.65226157503755
16098,44.6936329700763,45.15351931626214
16097,69.66295280121128,42.93930892838984
16096,59.67662813175145,70.55045186185501
16113,21.71867534651473,48.12850472078499
16112,44.90373002478776,45.44181283958967
17008,23.824088006267477,6.239228610484549
17003,18.079369173034898,56.981901953258955
17036,22.881689792912834,48.04582153773601
17029,11.80169522968597,21.04252271654519
17018,33.51183087515615,8.879203444080977
17014,45.70702562733862,17.815400405182256
17019,15.350809640262476,41.30964819525889
17006,1.1004258185881388,28.25446893383485
17001,52.10765584415669,26.680009391768756
17025,35.166611323856884,34.43304169597369
17002,14.192825137041304,38.94193582884778
17026,14.966752287373097,32.82673622549416
17023,24.451598549669907,29.622007687430894
17004,11.742736524128839,26.716197790755732
17010,3.8924155493451873,49.464286263078584
17017,46.622382414568804,25.942774678597154
17015,43.6520847226114,16.15020254758828
17022,25.631974355949414,46.04834444257999
17009,25.7724720376272,27.628472159324254
17011,23.42415374559155,13.543894699064042
17012,38.37216491067794,21.1451361168192
17024,20.568880285460292,14.573767050910634
17030,10.891764475868598,39.64286330266077
17013,2.1755645500663783,45.46275273790864
17034,38.75192962467995,10.200668939538597
17020,24.106163765258785,26.239894305155843
17031,31.80885754154521,13.492225498221108
17021,50.192172670320794,21.761604109427104
17027,20.300244945252224,33.10610533727328
17016,19.47690916784598,47.29362422344651
17032,13.152295030352917,49.687108715633315
17033,6.983872109961901,45.7539903375989
17035,34.26633505821631,10.483064747399299
17007,34.997289292882954,18.4370352393378
17005,52.59902504369773,23.74103106689853
17028,30.226920312772126,1.891505178388443
18009,70.28430803495134,19.840190654613963
18003,24.39225608841938,57.92931284906997
18015,58.02268181548973,93.81358119801429
18014,34.438536605177156,64.12875546574647
18007,16.489592730586196,64.68200531340807
18005,35.482471390385705,94.51480833894023
18017,11.673559481331194,76.6102114686867
18013,29.880472585528207,86.5578870045432
18012,62.50160840768542,125.1541157554624
18011,51.85834980491876,54.163626005334606
18010,44.06957949098028,73.12902442173808
18002,9.872236579524943,77.38289930825171
18001,12.013062552715475,79.25392774182198
18018,58.15881126845875,93.80733416867473
18019,63.60679450516134,17.708260947648686
18004,44.75725274495986,86.4134451447528
18006,18.319085475638946,51.25911485676594
18020,10.830900096644076,69.26845554000515
18008,14.139746861362942,95.79952546114268
18016,22.5105604763324,103.04787226117743
19035,80.02520490819501,65.44454951021866
19036,28.92189595006241,62.63361765862644
19002,51.67711621646287,70.5632466458373
19013,127.70155795741954,92.62524553554528
19014,23.088079715362735,45.76241177528178
19032,60.817357940020685,111.68329608811283
19001,18.552945153488174,23.986385244939786
19031,16.65855053807695,15.753377355105245
19015,121.0648289455123,76.22817893009828
19043,27.122595204745714,42.86182996910837
19048,15.516576359880437,16.794803609839754
19047,26.501824649058822,27.508398047298755
19040,57.46144821208001,103.00446458052876
19037,42.66517000354446,62.0941200926613
19027,82.60420815681813,66.8467426234123
19020,135.18186813913152,64.35524699409763
19005,94.16850016862661,121.73220411506247
19019,3.4624942509757983,3.9293859406512777
19041,24.056839326270893,7.984824366948267
19008,15.390204447395945,88.96591543575668
19026,7.21496625237581,8.123158807610649
19051,8.686157726398735,80.2168448840471
19007,67.64664869075193,45.95325624621072
19050,32.971794320757304,101.14573370558912
19049,30.557592585691125,30.513564390733215
19034,29.477948360578456,17.039931407272594
19045,38.565860575087555,46.477703915378164
19038,43.09632581077794,39.15822429536658
19033,55.470160612451906,4.60335640474946
19010,12.658602613233011,19.391809138481133
19023,78.88467574725718,79.82892318130736
19009,38.363915221168945,28.10420001687631
19029,40.948654976003255,11.426920577717896
19030,30.951666473897266,35.64569222673476
19006,6.824219430469064,6.141808730292941
19028,39.356534629685505,32.389879246742645
19025,20.923861104974783,17.119393575723517
19046,3.6409392828299154,1.7146552777494317
19021,4.8207787239971385,11.599576813012703
19003,100.1293090669579,86.98046340572141
19042,63.647494924179284,47.91282994119238
19018,31.885383952731633,12.13165988327265
19017,32.17496787855043,33.77963307544078
19016,43.042059330472526,27.65637016305698
19011,63.08599094314575,50.352576175356006
19044,8.674127516632604,90.3277771511501
19004,48.1073136677532,47.95073211870958
19022,83.47553637478451,50.42011125050578
19024,51.91062659661219,49.70518716355621
19039,2.290016508125408,1.080553633606236
19012,24.724869501634423,24.79943411384965
20155,53.59178132908424,58.39623636113165
20481,18.845967008903845,110.80858803362534
20378,38.906257778013305,36.511281696360506
20334,31.50131772893231,115.77124118293065
20437,70.68189846270703,66.69680611342486
20441,8.350280003226835,22.553257066073527
20446,14.11908755505902,115.27756382563715
20447,27.71191041088605,137.30431974833132
20469,20.619895595550936,124.24469094529344
20440,53.442552479879595,55.93886716027824
20513,34.37267427771816,35.597808001238676
20278,31.894262539757644,21.73361457675281
20457,61.7541945595418,72.24926157900993
20482,8.631989104501022,166.42271485817625
20329,60.373520960183534,59.466470601014805
20330,51.60459314905579,13.971082929866133
20170,86.57900609027212,76.75806593363029
20230,39.60842450179124,113.35902531623042
20184,7.886630428313773,46.961887420960544
20214,64.05068441425755,46.959436651851405
20220,71.9980019173734,44.155825897948624
20262,30.264639714030146,27.16101895297162
20266,124.84423829093603,51.26572403359539
20265,68.77335612732,48.907811035296376
20318,39.53803745220149,63.75184049051767
20327,87.19034892019064,53.69675156409926
20556,13.994119180944926,59.93104707826091
20005,20.85904079515118,19.105829716632257
20517,70.32766572701023,66.11698852939912
20565,16.494181245975447,13.970790980283411
20503,51.470218507986324,47.947783219520836
20500,47.29990671264469,89.59085681657034
20059,70.36453116632686,69.57000639736965
20177,64.81073193162683,44.70907899112084
20364,6.265554894024557,96.81931626883873
20057,67.52209987744268,59.24826753016004
20544,26.705232074626153,27.433206312402813
20410,87.5765680390838,89.58440242859271
20435,79.07747573255388,74.88148792912065
20417,26.023529979802166,49.455978010663486
20439,83.12282124470633,17.93121731326342
20251,69.02524786043708,83.32309245485891
20467,32.86983946162121,145.46984700681182
20559,38.036283248476515,37.49207238156424
20169,27.436442718369605,22.966813643116424
20118,31.55523380898924,27.858025824674385
20568,11.780414442451,85.11369987983366
20460,79.9115807170683,87.54790597430622
20044,10.834352152068387,68.4955008091604
20507,32.952532883058154,146.97123368582845
20515,47.082322866196506,48.62550229395008
20516,37.96714882033401,80.56928632663991
20051,27.96550000374256,24.70353483881465
20041,29.38642234737319,5.254696388941392
20042,60.10148003181124,58.3962985661881
20071,99.06631399135223,22.896897625088542
20223,67.0095739829042,64.27396301398294
20190,75.23832336503553,94.7010594350376
20097,56.432894691806716,53.158693911853405
20098,51.23533090597442,16.294702388926314
20101,56.38252570770974,53.8445527729814
20104,45.08324807600834,43.13243764523474
20413,124.59157967499445,32.678054796367825
20120,53.24645862550385,49.85243545533776
20121,29.456824235262932,65.75734594479407
20015,64.48393102640736,62.09708960428341
20125,91.53799982057421,93.89484839806626
20124,16.763804397956722,22.506413527454374
20020,8.903763404510162,128.75890548209486
20153,33.36213462195869,66.50719509703518
20141,62.41574666856087,46.5507290032286
20147,42.819177739047376,72.88031086916415
20150,38.42185517498888,40.17263571721095
20164,34.04708408350115,118.18771235201748
20204,85.5200186549414,87.95485479621983
20035,33.94399383359788,32.257657371115485
20202,18.95953819858898,83.04801887947067
20566,61.390557016994435,77.29748421772206
20217,48.45400844422856,48.13765484903195
20016,36.64014865535544,103.07484608285571
20229,34.425896569224776,77.83633158509365
20232,24.402772481861355,18.719958260674016
20235,75.06952591011556,72.6766680491071
20236,97.62513124017536,36.30406802543371
20525,72.9159861758224,52.97075834547174
20526,20.288837001533523,81.48246517033486
20052,61.90853119058912,64.04450108034388
20290,36.65726566282976,116.95732969068881
20043,10.763625201650157,14.980989366225671
20079,34.984505111885944,42.233402195361265
20207,71.15941607373328,72.67172540771564
20356,28.19180301684113,23.981754855827134
20340,34.477579415815036,67.013773592572
20218,54.14967950654645,75.44551371753
20386,33.305822954260286,105.06854051893096
20179,39.76977346314257,42.042528014557924
20524,13.89075462044956,86.25560572063338
20264,40.40237995031747,57.47689160643566
20333,70.38267017993972,66.62602416281884
20198,54.869941338958874,55.309318558501516
20365,25.293293317360114,22.1950115344907
20002,33.236717080382604,41.375733036277204
20006,49.96939772765975,63.3924614271152
20008,78.43352745357714,80.42580502734948
20009,41.08540616527212,55.876856030815404
20010,26.70615757358518,26.46719142813686
20414,20.15603844336832,159.95220379495433
20291,54.276222443557124,56.48835318123533
20298,46.94975850177855,42.73700273708693
20385,8.694029483261655,6.195949203067634
20023,12.93098619378884,10.860340410887485
20306,91.25241946820283,31.774124554520135
20310,12.07107093181687,10.895793857457658
20309,41.76311131189097,9.181021369186261
20324,106.49843056573627,13.077233801181164
20337,62.46354866470126,58.30882018642506
20351,63.38339122443962,73.85158907775161
20562,37.816750043870385,79.44478128431507
20426,34.047523969541224,33.266250268543075
20427,36.45157510681218,36.60901637959712
20021,27.688459327301047,53.38595807066701
20175,55.427177480262365,57.12574285524809
20466,44.28437628756735,119.63632519435006
20468,50.17778740089935,74.73496863539572
20470,49.51216353624258,51.87859351604104
20479,33.686654776144984,81.22111749356283
20498,55.32431647046338,111.90766203085212
20133,26.54364644981819,103.34988901244793
20134,42.028831798840194,0.9273981533705342
20138,49.176752197125985,45.497072673793504
20149,51.74445615038883,64.4661533379953
20161,47.47275121936975,48.88070485925917
20159,34.709214037396556,71.15535956998355
20047,17.85895055145251,56.23014408203923
20094,40.13519237658724,40.70811226793002
20031,74.24735646551733,70.12690215930346
20279,91.00227117027983,39.053118978452154
20401,57.252026092821524,45.52087826698665
20367,23.34718284303112,144.0900039161574
20359,35.297727723780454,35.51517868145601
20511,38.37697094660281,38.54282657577303
20096,36.278781449729706,75.44190878246603
20504,20.29597106438107,20.329453510902418
20537,45.36031865474597,109.82179984219499
20543,27.357248577534218,120.88763247829999
20548,47.052527147917665,27.741063440056106
20076,39.98602356922804,130.4040856258103
20463,56.13129964072142,57.774124540032396
20436,56.0015841861684,45.45048053994855
20523,28.704366805641364,72.4147710909487
20054,48.64550666024468,64.32736389736394
20168,21.75123406877213,149.78434668480958
20185,27.403574798435635,136.42178409248456
20246,55.79239380307743,51.95045357979395
20277,39.85174936580055,71.2175827350699
20542,57.82463402273761,55.29833323812649
20357,81.83698971400624,84.32132582697152
20489,40.66493782660573,130.00895532416237
20490,25.039657044858767,13.59042376823951
20502,89.31950233640924,85.47740276439201
20163,29.066481097986223,8.996927438278554
20166,18.90522689637244,46.976767233253206
20237,13.522033144136246,98.10319106693423
20506,53.997800459831986,49.919030473956305
20508,9.757689370918431,11.681459410544365
20205,67.45856282507467,101.83054087706707
20271,44.37525988328923,42.02191872599012
20545,43.02169771334328,4.901920020659178
20546,21.6111521886414,17.425121492147817
20547,9.286026227142305,64.96484674927746
20186,51.99873994940958,107.5871117610332
20227,10.163038954598925,11.002290369203344
20261,27.017722521666172,103.65000378734622
20552,24.476255050432805,51.331069437865814
20550,20.13725797251914,16.022013617221525
20253,106.31504698088493,32.85464709046507
20254,83.15837268331624,43.05596563840959
20272,11.636767994741014,109.90583892898256
20273,36.227998127308304,34.586099443851346
20275,84.2899672381334,86.58359053395206
20551,45.06582393532181,41.03400537195691
20553,10.709142172606649,6.833792881458306
20493,35.828065632397134,77.04250169921474
20554,76.01124529083987,72.36473068745138
20555,19.5840935397521,17.106143331371225
20018,37.84988259138289,42.04993190246748
20036,42.323523954382374,44.33182078160802
20338,14.136138369981675,15.974688353870821
20344,47.91108244338066,54.555889272239995
20366,64.07380582455073,43.117647517433305
20377,42.710135055246724,109.0567403273309
20451,46.7268384421414,53.82546571741137
20404,35.49965343693344,65.74773193252786
20407,87.39101278853862,36.91524602784108
20558,63.155113812104375,41.66483901099827
20561,51.12928365301374,47.963939167519634
20056,25.32345971156715,137.85910825941804
20563,57.769326985521,69.83638239251499
20497,6.438101478759651,93.38913996895495
20549,23.83494053090609,103.00228924381945
20564,61.75448498207634,61.21686282928914
20099,65.10286774963234,87.2776354344865
20491,54.082986230104645,73.50621809398649
20379,27.172264191320078,106.55375550212518
20494,28.00284573216667,26.95960941512418
20499,22.46349604605793,90.48393941471029
20058,42.1102343656991,13.046858317823919
20569,49.5789396577025,50.18145564292876
20570,48.28681561560175,46.16290667911939
20567,64.66597627281187,91.18032690419548
20423,30.389880535511164,91.05905459327245
20528,43.81071344803883,121.60794631421085
20112,42.31428991599901,39.28324972565448
20510,45.74525295924963,87.29581284869096
20129,21.219460713517503,55.69857221021851
20371,42.91990656239513,86.5608805958721
20424,102.18931138420962,44.546040058826
20406,16.6664868140789,20.911499792473375
20422,26.009116935962624,60.35188011156501
20450,50.46294054863692,98.02613788337132
20075,60.934692994081864,41.78033913627697
20501,49.77662886912314,102.91520949845277
20505,33.98553451724808,15.701410298568726
20459,46.27291396699132,68.59484292506954
20477,22.999752970258164,90.74457162469106
20484,47.81915009090632,105.19020099291772
20485,40.361776120051026,140.56664869549812
20492,56.40026948600143,69.06110711105754
20495,117.91693974686473,44.2176556620796
20514,73.76297203750686,70.46750254980799
20534,51.485289968186116,77.99733346191455
20117,66.00505803924956,34.37918860970969
20512,104.99672140549988,53.856570986996644
20518,39.04888586952564,75.47949709972293
20206,44.6513249506375,10.444404059135122
20521,24.709616046019406,65.20927011251244
20001,45.09809593092955,45.64713748654399
20256,21.338811641759573,52.225446179085864
20003,84.39488286300387,80.27870256072244
20263,66.01832224842418,51.060083927654674
20004,21.269860048505304,65.19951034122819
20007,36.329906428020536,33.83297385360687
20267,30.28683980753248,29.55928244224454
20011,56.236990194015455,98.03453084251521
20027,46.967313706137254,18.496478696020393
20030,4.31953784281162,11.516699854296787
20519,13.577336048092581,9.414823325931247
20034,40.157142300470774,112.97695558418305
20013,22.442575159220986,19.89999274160786
20017,58.40512348946175,55.863441257000986
20049,42.335543786593554,39.85475669548478
20520,24.095356108103623,108.6891904624681
20019,59.51094216962035,29.075482048543353
20022,38.91509779582813,76.90790296661518
20024,48.62742283663656,18.209869376276664
20025,88.4643222305359,52.34369434692384
20026,40.004209380959395,90.01555501160908
20029,23.435558749816977,7.452641678459718
20032,39.57408491145607,113.84043382982456
20033,13.191810058859655,14.780574872181939
20050,47.05590732708176,90.61111685093736
20536,30.695939713867208,85.87021116503682
20037,13.971746855406144,134.27361420145914
20040,37.515490851551256,9.278493799308638
20045,20.244282462181236,22.16615281333494
20053,15.182596244757661,17.38590122650955
20046,57.745228523145855,59.356425516122904
20172,36.61349142940851,88.54901515045502
20048,29.696270537612403,27.558864967004492
20522,45.47955171487978,41.574570489615795
20456,8.269744071444974,82.81970288214326
20060,65.77844107673361,61.93657602799839
20061,72.48625284922332,71.98170959281643
20062,38.76610164074377,36.40202838793318
20063,15.616208506997285,16.953876184820658
20065,39.46926553916792,121.48120607206154
20069,52.41499061402045,49.87522886911886
20070,12.08758980185367,151.91552067057776
20072,46.70995774680945,44.31120699198468
20074,98.88872743422215,69.29589283611905
20078,13.022863109668162,9.738486689898782
20077,17.11077851080299,18.797730992745443
20081,30.920321448510926,114.43330137184488
20092,16.16306167923455,15.275757371836942
20080,59.89270022054304,62.22183160788691
20084,12.244614296671879,14.054241649196088
20082,29.672334158076875,134.40692950815466
20086,48.59465746876151,85.75105690580179
20083,11.432112500642077,9.290986772528598
20087,4.1354837598171,0.08829996881705628
20089,12.286812261541625,80.87116247332366
20090,14.965569360939533,150.79454586233376
20091,6.666951031155762,5.384469338998058
20095,82.2572041930915,53.08331933705522
20100,66.02074513846685,62.652028479051424
20199,53.404729227497256,100.92401649776744
20102,22.35918056080288,23.170031560980217
20233,36.5588807483721,32.7438787315856
20103,30.7701505280586,28.346599137569992
20105,24.682859589143657,98.24579495351327
20107,7.843346994657341,5.843625664472032
20108,49.168171118533586,47.77168937319317
20109,43.83306508151143,9.666580453193044
20110,41.024718566033776,91.20158162131871
20111,22.358622653155063,153.07108619284128
20527,67.74572116293804,37.37013069647428
20116,43.4841895853868,15.330380762795137
20114,55.779704243151905,52.219343805078076
20115,16.720643435277232,14.354839863884568
20119,51.380634807623764,79.68954086960127
20014,7.847532522221579,7.6038267512384525
20123,34.64746486954311,32.38038251714683
20122,87.72406413490958,90.08596629453422
20126,93.86571011734358,65.36702622959214
20127,43.215840804177105,94.48698260165462
20128,64.49102596800462,61.467618571924234
20529,23.263135911734437,106.3706383660435
20131,55.98500974373101,52.09122284079714
20130,31.23333797547644,17.597544734387977
20152,60.84641920907108,96.15849793424033
20132,38.17215478801446,35.80196266207014
20135,17.935545230299546,17.615187289662824
20136,48.82508744210821,28.626497813764058
20137,63.3382156838097,72.68183371888536
20139,56.43733317325559,27.12867272244221
20142,24.969679075505958,11.79285777340668
20140,39.66312511616596,73.92732773521907
20160,8.97209543831632,91.51022460740438
20143,54.35957855507816,36.15921359043043
20144,48.225287009071444,66.44995525224134
20145,14.735395346309444,10.667791610877124
20531,21.685014860063028,22.03580807902616
20146,87.2507021342486,72.59235562487072
20148,117.92458005426124,52.575663581087035
20151,24.317410244275294,56.42874996592183
20157,4.351731440137161,4.834728565949133
20248,25.568646396257627,37.3796095188783
20158,30.93087688004563,92.99147586670107
20162,45.56177295719146,43.216444793187755
20176,33.67737598133014,49.74354047822849
20165,27.024076621606707,97.01698715076036
20167,85.75171401038017,60.791313345595924
20530,26.223578898569986,24.06198731553712
20187,40.53785557573539,14.884408319368823
20171,33.26968155474907,16.922719456866012
20188,23.337179676975776,141.91306060650945
20173,47.958455717847045,47.096026209846066
20174,11.451366393233007,8.984360821702682
20191,30.54834430818325,28.62537300635149
20196,39.198785576694576,38.49582523045969
20178,16.920511650194918,19.21225212919547
20197,24.057177471142627,20.242313483194625
20180,21.188486838325087,132.16236285605711
20215,39.0864657719264,73.80302365235615
20181,28.09397371830671,61.95446674812948
20480,39.675510506913334,108.34617224973398
20182,53.50418316469555,23.50002936732391
20183,60.76325518854072,91.81970871536335
20189,85.1080042964905,81.66352744166156
20192,29.470547429994387,27.12034876221559
20193,27.257107947032928,29.56100025818048
20194,63.180886417391726,58.97997270402059
20195,47.994875126940585,74.77787982534694
20210,33.251508250875055,106.36970661531328
20200,89.49805112822733,87.01511222463252
20201,51.18008116738003,48.37767889664452
20203,60.683745714449614,58.453836435691784
20208,35.52795498003787,120.84830955338242
20209,103.01663709887478,61.142422642423014
20284,38.50767910587938,35.877196447628144
20219,25.167784902181502,22.304570840960825
20216,58.73674410965227,55.65991119778512
20221,19.462923587988683,70.34948080081834
20222,60.60542169143046,58.36231403948041
20541,55.49787140621467,53.010418629045994
20224,36.5387414166225,70.48459036681736
20225,20.788008803046022,143.31921650171546
20226,55.58255758506257,51.405921653802835
20228,22.096314897693144,12.017432528591218
20231,73.94171252451558,76.2124344113179
20239,30.800154476725144,99.24744414058571
20234,33.172222858667624,7.508320965180171
20240,22.816234060304915,121.85716901622628
20241,54.56058068726731,52.02199520464055
20242,49.665711643755856,97.9793702027111
20243,23.9598027288877,21.562378222071136
20244,38.08512475431878,5.36024164768508
20249,29.327798840123556,2.5579093588253357
20245,30.284164006925508,111.13714886487753
20269,34.54078008579421,95.24370476390153
20247,40.3241484401273,38.05218828297936
20250,43.26498746024206,69.66342224664113
20255,60.193560946352584,69.54683699393807
20252,48.75071538547435,82.75532929615714
20257,62.66709677632005,59.14256166594918
20258,41.966184233212076,84.24845277393024
20259,58.92871265457515,93.56677928230677
20260,38.02257299216252,39.26216645458565
20268,54.83498980967403,52.33105491210659
20276,54.032467374585416,23.884159741769814
20281,44.42879278593462,69.65253176579841
20274,54.59288967454477,53.57362190067847
20532,19.03422197066369,113.05317981652695
20280,60.019455134467705,57.22408565534934
20533,76.27081564635105,56.7948815558181
20368,34.96196428293926,32.749644214846604
20282,58.441035954666944,60.141933800656936
20283,32.356056454317056,42.58004416858943
20535,53.797246283695294,57.11428823502686
20286,44.882473292334325,122.77429574966563
20285,12.484967517147313,155.5800855835804
20288,48.04557686359372,45.60834552415371
20289,62.57633121581399,70.6698783794536
20292,22.04789757306812,20.324037287799904
20380,20.864363474222465,17.39142038978108
20294,29.43804345668148,31.240904125936986
20295,31.688357246887104,29.157479917400146
20538,81.9067479869637,69.58792441960922
20296,52.039535599365735,51.669090599805415
20297,49.50931043024561,80.13741656449581
20304,52.244569294704164,64.93943572019198
20299,53.35552004780762,49.42615245235101
20300,35.355848285335725,140.84602870254918
20308,25.9604451627239,35.05995242186231
20301,38.75738458427381,36.250241542713475
20311,58.296653486433584,49.57738805710181
20302,22.010725167995684,146.4323350808706
20303,49.09657711698572,45.33558093300156
20305,11.695987337330505,12.601224682979502
20321,15.233225311983603,64.033965499138
20332,33.43837963066624,80.04764763202934
20307,96.17402295550117,83.66832520175463
20312,14.53175112167411,155.78983302829377
20313,54.346184572584264,41.30189009309223
20314,21.777675164252734,90.6745715563446
20331,41.991173480235595,77.22756964132053
20315,37.95720856313563,35.49603506985041
20316,87.24763737493987,83.68064579047767
20317,25.675268634196843,96.67681727519805
20360,28.217264422915967,25.706812408019843
20319,110.8110679931375,63.35233405790179
20320,41.766520695863235,88.49538022847275
20322,25.4150192061467,8.922049200707288
20323,89.54896690031941,90.11336329326693
20325,81.11638648456659,76.97040305367734
20326,60.795959561453984,30.75239343389993
20328,53.21154697500234,50.746861422113255
20335,51.32230703563087,49.48485824645939
20336,61.67967801435478,49.49952824254444
20339,19.69049020847647,82.91286832400347
20341,14.62408402367285,75.03910182966625
20342,12.698623558806071,10.175115224106873
20343,16.861032236279943,13.289408346238378
20345,22.93940611836156,145.88599158390534
20346,19.875066417095606,92.94112450242001
20347,93.16432752192786,53.36773742578303
20539,13.994618600147088,15.114956128594693
20211,117.00087823767136,53.25624240851903
20212,66.52958186636201,81.02547678203598
20213,13.779743242008422,105.11256322833358
20348,39.14507857524108,114.15536347661745
20349,17.7732513121131,15.021048539234224
20540,1.9851636373138228,72.56322226615838
20350,6.399290135491078,3.8590285298976403
20352,23.02836105188841,103.1624397416521
20353,61.2115992171892,70.39092379249055
20354,20.416609417035552,11.280210046745038
20355,46.30715285495266,16.31765767272985
20358,41.4891845647087,38.98485384679236
20362,69.32232447435094,63.81248333434915
20361,98.44314359383962,72.5945607663175
20363,20.181826876447364,18.345241237098413
20373,35.582126106347026,52.5043604576468
20369,23.026591504889602,20.511216455025835
20370,37.51213735495913,93.08806682104948
20381,40.18644072589817,115.67000424597816
20372,28.07946336856909,101.53245548167257
20374,27.670714400047448,4.798791462235985
20293,8.277600091764425,10.642572722435046
20382,51.83344403033999,80.66180466330319
20375,5.7624831326212345,3.5560765248477817
20376,51.33639714951426,102.51530292553196
20383,32.781348599523916,96.29496335947152
20408,36.55578295256705,98.82540439199717
20384,66.76902800614262,69.12860762193417
20387,35.18507498488328,32.642190239013715
20411,15.50842972926707,11.962675425288444
20388,23.78823097714911,21.531940971013054
20106,11.527273670636173,62.04075246054314
20055,35.97185205394928,116.08156385898943
20390,3.9553200290269626,2.1261793649798206
20391,72.20920633310257,50.81629386044998
20418,38.20901606422535,40.60634966294414
20392,23.53725866546225,108.56342493786912
20393,40.87671625689355,38.48578405838705
20394,92.71783068306928,88.66531591898045
20395,52.86890112250074,56.19045550808027
20396,33.63702185169369,4.385719199247306
20397,34.52847651725973,104.79385870303294
20398,49.454359792441196,46.95267607799023
20399,7.4168082831955875,7.225574816826593
20400,17.18004077944721,67.51659511008046
20402,29.109648396150703,141.56480145105226
20154,90.04103959629398,62.10994532392256
20156,69.20916424838536,66.19930468961495
20403,13.31962676252401,10.884837116051818
20419,35.420523988110304,34.5274747644593
20405,10.935764427905255,84.37661570420804
20409,11.122984049700092,7.370939018446417
20412,31.679386868444812,33.88957629508209
20415,31.202228937717326,145.1754618929467
20287,16.4367421068458,57.50239704285868
20416,48.43173934686472,32.46506850083
20420,52.20325435326889,50.00339288648289
20421,22.341093742429656,23.97722290608725
20425,66.57026464776172,36.37808049155695
20428,103.67466381013317,80.88978131301226
20432,67.4824292286868,64.54301697309813
20429,45.876119651331926,65.12469464670181
20430,58.84940736652476,72.12973705839761
20431,56.4653707083719,19.98151947303643
20270,46.46600833300264,42.522662350324204
20433,14.14441112025801,85.61765415332472
20442,49.0215146255953,45.88668253953623
20438,54.90584984997872,25.908955639879828
20434,28.609610780675432,11.771757515776544
20444,53.108240990117935,81.37380315582352
20443,34.75288210268358,31.48035023866749
20445,47.255979174903196,82.99829465511935
20448,45.92982940086808,82.73679407738481
20449,69.55432915244643,66.46791156579239
20452,32.64607201060797,30.1455445093127
20453,82.02761067546763,84.59066767308023
20454,84.69825903646365,80.6719425992216
20455,24.714290692292614,98.10688934840229
20458,58.58358094090087,53.175227506470016
20461,48.167704175055526,113.11291854725208
20462,10.532135058551848,74.57863939179056
20464,26.724213662414332,48.38772944588011
20465,64.087012204574,66.26155442072496
20471,61.20311296853865,58.70768530900831
20472,16.703154119085767,19.12138247777344
20473,43.359655008726065,39.869491446650564
20474,27.16100115248011,140.5537109315633
20475,42.647245095043736,38.92211798049426
20476,22.747470391832547,70.27612546610418
20389,31.87734302001258,29.34049236146914
20478,52.19703324457687,54.288135475081454
20012,90.0868755782243,18.259332014304306
20028,54.77309976302254,52.273943814720994
20039,7.72301539513832,82.69869370447186
20064,73.10114506853648,75.59887323337637
20066,46.383655739947365,26.133324397682593
20067,1.4807063101980849,3.757789058008107
20068,36.46728998578149,34.00900762634405
20073,5.418004161814952,125.10063120881678
20085,77.4690300034558,29.037671458926255
20088,25.010627667217506,116.69614358935439
20483,25.825783446083655,27.000197387555378
20486,11.93223903171317,66.06147097608196
20093,10.46870460262622,77.0384776352064
20113,57.52792877185812,44.8100661931812
20487,37.193571898064626,38.307790652962254
20488,23.087989149379716,50.88341255064516
20496,39.84151778914721,37.06833109911956
20509,83.39239257354886,16.568500887170742
20557,21.068734082071238,1.732669768314379
20560,36.04812095450951,31.913447316863
20038,60.116281469220766,56.35388476361948
20238,48.16852323270222,45.67361783502979
21053,10.16421627172406,45.420622887104415
21211,36.043582204067725,30.48615056230377
21206,12.638241712873937,52.23161709081698
21152,51.26542825890064,49.29419164955375
21027,50.604019735080975,43.6382382795781
21026,28.055217381030047,14.208307421942589
21015,26.584195728458827,15.968073326581692
21014,19.115113644753833,28.71551225983007
21010,29.030532019584207,32.3903006800564
21149,53.64272151809449,59.61271384929511
21004,51.53175983807555,46.297917843521226
21005,14.642277501435247,57.46804140083123
21006,26.7335386526064,35.450413249465015
21008,26.270381949738,62.56042694960308
21146,15.72511193583137,47.62331174985998
21145,3.732013896210095,27.600211316611748
21003,50.81802735240257,96.79471025770376
21117,39.87170321018385,40.62752919748376
21165,18.392585327911327,55.16307100744335
21163,25.597723782310357,24.756871375815553
21113,62.7319534670982,101.4282608475053
21009,47.90748292976584,88.24044421225155
21039,27.05846556302781,30.011894609084443
21040,34.582418674175216,18.4848164236104
21041,11.301925951250475,10.94957633875303
21016,13.656536637374428,46.849652906576985
21087,43.125478864487214,61.19965288439192
21167,22.88980921265007,34.82953747767785
21166,39.10043301258386,41.46876721486627
21018,34.71494911757987,70.37539230842981
21054,27.294988179513943,30.7093996334074
21127,43.04323506254862,89.86724836959671
21129,50.32287419693697,25.172182581437653
21130,64.64221587649472,68.6964702260249
21213,25.685176598970372,41.662784719689384
21124,57.08674816143239,38.61851759263468
21169,10.073721217016676,65.3128834079785
21172,26.609762853107846,34.99488728888256
21179,54.61533719119321,64.44251847798434
21202,18.47001345980309,15.944394968166137
21203,20.209398896036756,58.18343821943271
21042,31.24123957820782,64.55669888899
21043,15.401881735300327,2.934617350714442
21217,13.85104919970577,28.838943338170406
21101,15.98552927201652,9.027613531478538
21100,45.15941986877162,64.82478935690162
21099,55.51828532523387,76.14216536237087
21098,11.123596414642385,53.29448799875398
21096,55.280465454562474,55.57318462907367
21094,55.858887848354264,51.53577285456761
21093,40.20467608689541,47.677803652069876
21092,21.24319468454245,73.6620933400068
21012,70.52157318162415,72.72015976312001
21013,47.74211337847537,34.382279628040116
21007,36.90259908685036,50.81806744804687
21011,78.90189343621029,93.52503350109615
21022,24.718457681940126,48.02259839876387
21025,20.061941019749195,14.21696237565416
21037,24.17360288501911,80.81428488534115
21035,33.233607501333196,13.285209054437694
21033,10.323397505668385,53.42948161954703
21032,54.3299113770101,79.39248995739881
21031,24.526299503798924,50.846663828448904
21029,3.867932432399537,10.03936072353173
21045,68.21377397840016,81.72741473507395
21046,56.03629300122563,65.93812736447329
21002,19.550238958486094,32.53954788569676
21212,39.778132259203915,37.492541205644365
21199,25.133911982783864,22.57551054143186
21205,33.35673425306643,62.567395565594865
21201,43.273523860634114,43.31411541245713
21197,36.84894191841888,51.58945962142773
21195,37.52968689643832,45.4045741547589
21186,24.374241836869192,19.93892296350583
21185,27.94672752959461,51.147903731575816
21184,22.45239834572793,34.5249595202342
21158,18.305080030346804,22.744584601228084
21104,39.85265560343814,41.19385052763475
21123,16.92548913967918,28.790686146923807
21128,48.85768266279708,48.79903708919663
21126,26.089717372323,19.745556922323626
21161,41.24451803957822,67.94384630132423
21079,21.235233521246435,46.55537720533205
21194,29.39649673389383,56.26489608691425
21190,33.940765161350576,83.62626378315214
21189,29.06426114842236,46.136326064755686
21188,31.91040669887867,38.97929197081157
21187,53.426998116223686,68.48889206941983
21177,32.88220374893311,73.4087939156576
21156,53.27789725786888,53.414165623548406
21155,63.14218297360912,108.55417994470467
21154,36.73832355015255,53.310040104044795
21153,33.260605124316804,29.52972565773846
21118,42.93885102262005,40.80233523867421
21119,22.062083868976764,8.838522681642061
21120,45.70975701881719,45.44530159207271
21125,25.58052546545322,14.838725845402159
21105,49.476566881503885,53.564208547897614
21175,35.040382235578285,25.242906721194323
21085,42.31529614334323,63.599984151825986
21164,44.00573663589005,34.677963591282065
21198,68.18013905997782,96.81837391658955
21133,45.161813514748225,44.002972750386306
21174,11.072351347489258,24.729684642284145
21176,28.33370091029389,57.93940792493616
21178,47.515899198690065,62.67738020470784
21134,25.131099296649744,16.95133916490712
21135,25.00352689679522,74.78129171862669
21208,14.38731692554115,49.53320566485707
21207,27.909462475664753,19.20012865914418
21180,33.937609873284984,24.048539615288536
21137,62.18549544837705,63.30839530208561
21001,33.47949599731543,29.080195318642968
21138,37.95255881192113,22.46075060649629
21139,53.86822782013775,98.35843131000071
21196,34.241628054202025,87.41058312602108
21140,19.519854218573457,15.185436959833307
21116,27.721661922436997,37.66923749115675
21141,39.139046474918345,103.06552705264075
21170,53.013188276303396,40.47208206380288
21052,14.935524896060569,44.81723954540103
21168,16.023306586349225,61.78584850890274
21143,31.88875498837047,15.912222658663337
21142,62.990361426613575,63.62543867257806
21023,68.2152462707869,78.10960372781838
21115,50.69386214572768,60.693878230472976
21114,23.966096586377738,3.964600174591698
21108,63.62489734829659,60.84827218702917
21112,34.11569835596876,89.27778791459062
21147,23.801647420243842,71.14910358107747
21204,16.048411843016307,14.275911760433898
21097,35.60323384411813,35.650719136136395
21148,31.037149648832045,19.81031133349559
21200,28.346289503612834,22.76508403271205
21151,33.86307465755456,39.08656505575305
21159,36.94355182361121,33.50802497424172
21050,30.20781953936596,39.86792592989013
21144,41.049277612004744,46.9484141599847
21051,26.48830996631495,69.58060831920149
21055,21.569022318164937,87.26899059794421
21056,69.39959106358782,102.23172368195529
21057,44.14259958802842,55.097745933302704
21058,34.63253817682629,44.43157313788905
21059,53.63467196234795,88.38811420601392
21063,66.89021714393688,85.90758135038743
21064,55.22914259424276,61.026347914997245
21065,55.36597084823938,56.542706869083915
21066,48.234914330382715,108.60293889346366
21067,46.9022660129802,47.94396681445631
21070,17.740210058017563,40.88208793818523
21071,35.97728703741796,56.908671473572895
21076,10.094321766555737,22.704828030476065
21038,38.38616893575855,41.66266324162351
21078,19.959258937968567,21.142564180461978
21047,49.560041448655724,85.88870180552549
21048,29.000890774168663,10.968703205510192
21049,28.464909874744038,46.29136367942857
21080,9.861685010749644,10.409451608770778
21132,17.733836743115628,5.712829045928473
21216,9.843348028048629,4.306898199706171
21072,0.5937565487606711,13.061573000230014
21068,11.202610789791763,23.697103442990194
21171,25.122290334725026,43.358483301350056
21062,45.37970080114902,49.14298671904122
21061,13.713944923588231,42.419498814695295
21060,23.52221672208604,10.13799694480208
21181,13.098438804797201,10.055152182062285
21044,48.10287815291432,45.7905116035687
21036,18.275799169794514,20.110117082481285
21191,67.95481858422065,102.81231642951641
21215,19.971754137382643,24.76457235884869
21192,9.78623984734652,9.152641614036293
21193,27.71381517894389,29.224733753452213
21173,19.13526669062516,20.105112228607556
21073,34.514446475076724,68.25087019341197
21121,46.84755497758504,32.0459551183216
21083,30.451220128645655,39.76713772595672
21081,72.18275020524625,84.33661613928079
21075,11.750767341058976,17.13701311077731
21074,23.03919127101257,6.975104780538798
21111,45.769242026337494,69.19507282511144
21089,19.568919618281374,33.14498120125684
21210,13.107999507207149,17.291947102779382
21136,8.9142880395806,12.216855505192974
21077,9.152860280881741,16.493902652337574
21088,10.59104486797661,6.376171898520239
21131,20.164587295584735,36.479682924554716
21110,49.94187258863719,73.65123761939817
21183,30.527842332384576,42.966393934299965
21020,24.234588506935857,39.79676509851756
21028,15.63426750114983,23.5075506671885
21109,50.99731463889244,66.27073345349201
21030,12.344047439192263,21.531693569572994
21034,10.799867148218178,14.725195205921773
21090,15.802406130919623,13.088783161164143
21091,40.93648829035108,53.725980232643316
21095,24.672984217523478,33.61357354711616
21102,28.098254712709792,17.88414287390575
21103,56.84141675418813,61.345733806240816
21106,32.726962390535896,16.10266940070056
21107,5.0153139347776055,18.09819822956386
21214,40.1594299470279,26.62573960425166
21019,41.855638619926374,29.65258352153948
21017,21.20162633150846,24.7925157883621
21024,65.94054998007823,95.45019771387301
21086,39.152889706529955,60.15197596422434
21084,7.21375257149862,12.055594306043643
21150,30.119411736957723,30.548844290111163
21082,15.721639211842527,72.12423268111854
21160,25.87742814523701,54.30023768793618
21157,46.94663417280696,75.46356070901068
21162,19.715086002715353,26.79078794055713
21209,55.27479912772335,49.93897093587967
21122,28.713680666342476,12.032622567243934
21182,30.155349063615876,38.71143792760195
21021,31.16174978664621,63.97620330868268
21069,31.004140923986157,43.58218778669846
22006,54.95243779925593,33.72849620697438
22011,74.55679610953176,33.36650825022325
22012,63.95669919077662,5.877881623846332
22001,30.40311721748412,25.952548861103022
22005,64.20349789128963,33.12869470126789
22004,37.86848276734745,56.25466773612558
22017,70.37955588134518,18.838109017140287
22003,30.374274046341654,89.64296765653128
22013,21.40746648445896,76.54732784637305
22007,58.91197875695135,31.72906211322008
22015,19.926840430742068,81.6041269163718
22018,39.76012285892927,54.13535423214843
22002,3.6103359842412095,84.86842024838275
22008,62.7309858959522,21.280689827683315
22016,50.0922586433287,2.5028049995826627
22014,56.82193082410219,31.747629431404803
22009,40.40925581031787,58.119426775192515
22010,46.960888462489535,42.37733808337137
23007,54.861099215752155,50.91833857584607
23009,71.33266047324256,23.634289292985592
23010,191.67012536793447,176.64342108375172
23008,33.68348003596852,41.183673978597874
23002,113.54123286852167,86.36603313612135
23006,131.57242833774382,133.30967077099228
23003,28.564074540758707,43.677233527658125
23011,32.27354530309709,69.09065257668748
23005,15.343903984951762,66.30387307312496
23001,27.15576236834836,62.78585863360071
23004,241.8604056803774,215.7014985242229
24016,38.303098457652986,36.58498899815828
24032,18.801678233482715,44.28272189080301
24051,61.00706580777967,63.43553902526531
24029,36.27457196959803,22.576469223186567
24033,109.8305520818747,104.91097798112877
24027,56.10733097245781,105.2169435531025
24025,95.37804698540036,107.935552359681
24015,68.945724368095,65.32064104966598
24059,14.716780184353059,6.497573077301125
24013,91.1882636828867,16.864117014446954
24002,106.46064413379007,67.99312319340609
24003,83.92833611452438,31.949859959351397
24004,35.13649943344622,31.744131002040415
24028,15.05934458865343,22.617597792092248
24050,26.139724604128464,21.24673198844074
24057,49.06549629472141,9.361022931077194
24049,88.44993787171936,117.80659212576037
24006,38.51671514616427,35.26206547549928
24018,73.17762761070504,35.7334533930499
24037,40.46889285630155,2.3386906991723295
24038,46.57696194823018,17.512852910433526
24020,17.626634615229964,21.772034845178514
24001,43.52132302506233,53.690725475897466
24045,86.13948005502121,91.41276395456536
24026,70.30248100425746,40.896939971010966
24044,37.72375283765067,52.20272651874509
24039,59.31365112924651,32.22425390626735
24048,11.392345469560157,4.840946037769562
24055,23.984511293880754,21.657416521323025
24054,68.03423791666266,28.616987088797178
24053,57.241572412559265,20.19308550008889
24052,77.3229677326061,73.88781237963475
24019,53.05442430587035,77.22120955443043
24014,66.10710253384569,30.650450677144274
24017,90.1994907043631,98.21568326072602
24008,76.69058527973392,73.23516978632564
24056,57.908886585673095,62.19414476338694
24034,51.6618742370845,36.962956774513664
24010,119.92994221036007,91.78628249936757
24046,34.47546468442782,39.76311006618371
24047,50.307560245547535,50.946045322559165
24024,74.20589518138742,87.83859458473452
24023,76.0770464373958,68.74310366686987
24022,67.18610159753797,75.44787344431505
24009,18.85015416737676,15.182516402499756
24036,92.39264779703016,40.05587924655636
24007,13.652971399953275,28.35580367308706
24043,28.44216631450247,56.297839743861125
24042,58.240914697892634,39.88006941106819
24012,78.78948955584347,38.55400506266044
24035,16.667572359131412,19.131226064765443
24041,76.1812397748332,32.10291876403966
24021,21.978618649213804,32.567351114791336
24058,97.62063678311102,69.2130139691328
24005,94.54334621750918,72.56723640825932
24030,49.89429109174902,44.85895351297083
24040,57.50547378371015,10.855626063302022
24011,58.884117988179966,69.37630275860359
24031,55.046073142551926,62.36236220651298
25016,140.45388329813179,75.49494630475574
25015,96.34719895844746,52.29435018783051
25019,43.8694389506374,47.83409360216948
25020,174.27076142434424,14.709178344403405
25002,81.41343277476436,81.23965482936077
25018,31.006923980740527,36.486063144521836
25010,170.23232578783328,17.631840774822518
25009,41.10023225938095,73.26474420858867
25013,74.61660888867057,59.45627844836156
25011,138.4132931502617,50.528426554844124
25001,214.9983770821443,26.16469009558296
25007,119.53365926420653,45.23545837739974
25008,99.56815683525512,97.80207381537659
25012,143.77893209600055,22.896061928442446
25006,21.97291127832235,16.704535371593465
25005,72.61709514866213,66.74280448103846
25014,76.44715308324687,36.91996202702561
25004,119.80717743584755,15.970245036013088
25017,139.06890411430274,19.14455140748245
25003,92.94043729617373,63.35203061270361
26037,130.49645527300387,73.80443927898749
26036,25.03596691863359,22.598934818532882
26021,99.47103753470464,68.75600847850608
26054,132.18308835374143,84.57129928713995
26068,154.86118466482586,72.17915504120876
26046,48.41851507664207,56.69917654787114
26045,62.925032626227846,64.30358537691195
26041,158.98027677876402,83.80088000588549
26033,203.36116552997646,81.61773459981362
26034,108.17239755624588,25.060044938506923
26014,139.93085423600425,10.982129858044893
26026,155.09239992464748,124.68012821120693
26016,40.388644288469884,42.728091366426796
26044,127.95598723776726,55.11703929334418
26047,85.25298140324632,58.42233301002765
26043,75.68340772997297,73.37378176839121
26071,136.3796744108076,128.1951434438163
26029,33.344121480195234,28.024133553109117
26069,77.01789600856766,6.271945972605131
26025,21.717191809320283,13.753461935057762
26039,137.06319690708685,35.617394586362664
26055,254.64046210127444,282.85338529309604
26030,133.65875614327865,38.33280836844467
26035,51.38481060146522,49.07181381704464
26022,49.9260994339189,49.42863970008826
26050,102.87597228252794,37.02233265381214
26013,97.60212657736015,39.73544483974118
26012,73.53776567322568,63.59646128546879
26032,179.5035637970283,81.07184509000079
26053,105.87795297448797,23.909034924441606
26048,141.35692637443353,188.8340146035776
26057,183.90738393474305,69.11914063843548
26065,50.93098313779592,49.703936244176674
26066,152.6659379388949,44.33929501984603
26070,132.6900731621128,202.19682627658577
26072,82.81178433919222,75.71245244330792
26058,10.954440875750048,12.088389200564334
26017,38.60329288032351,102.67723117256159
26009,137.05480149040883,72.66645384157917
26020,89.8388959479362,69.0236845329564
26015,204.5800286453458,88.26256063587961
26059,92.67923275454868,90.26986608253806
26060,89.38987792889061,87.77928514189274
26001,119.51248617948244,10.53805570730884
26042,171.27154507913784,106.46414139837232
26067,176.10211540572774,98.75002997250111
26018,98.39890490600095,88.31106636242717
26023,137.23058665311672,51.97836365503068
26007,51.016007411905775,50.603774695226036
26028,195.04589542409508,82.66820704378479
26005,109.6930881299285,56.865358726052264
26003,143.77736463416596,74.66661537510501
26004,55.62260562291587,104.17074364017412
26008,199.9613378036977,105.21480214178095
26027,146.93825186190097,43.46083948793674
26031,218.1854592175505,128.95471525332792
26006,91.61547279743895,77.21009810293556
26064,49.4437573525178,51.50312741429514
26062,109.11795334797975,92.8736322766657
26052,116.67633187214003,71.19153960728649
26051,109.9848707241932,52.6663966128383
26010,223.86095407594013,126.3606468673652
26011,111.93197126568438,73.39047917403774
26019,100.17507448051462,68.05957548921141
26061,150.81795571724882,80.66570431523652
26024,192.35685847903994,77.12450743593583
26049,132.80879576991765,96.8522417065736
26063,189.4348251955186,67.35701883995415
26040,169.49350314181072,127.44325800265274
26038,162.22868673602034,42.72650940023349
26056,122.40741683365282,43.970221634816156
26002,196.3840600606083,39.824249300013
27006,15.436153241852708,37.06008077063806
27005,31.840037761391795,19.48811296643946
27008,42.42624042561963,83.13010727637118
27004,7.3476941412318055,57.571211477327516
27010,26.73977655544187,25.426474274367923
27003,53.7539090694849,65.59864470995231
27015,30.267642835168083,43.181866032717984
27014,44.81351380741519,3.3926931611948206
27007,18.561941728611792,105.2499078548582
27011,58.49541761306338,71.59500011234854
27013,20.59544647935275,36.74348986779117
27017,49.24268045806596,145.77326808601163
27002,37.386541235396045,53.63919493540411
27001,23.74469194852039,107.10358581917912
27009,21.244998859311092,61.98162129619895
27016,40.65536362698085,42.052764624275504
27012,16.304261703856096,88.64205840204845
28009,19.29235682616561,7.623491989446005
28003,36.18288512951163,23.268108739734657
28022,28.86831727790854,28.843112396111998
28021,84.38608674981263,57.018707396967635
28013,19.29086877919967,53.50592190031425
28041,3.044020098499589,66.89641127944968
28014,81.71186498644306,140.0871049184512
28040,39.60732366857501,4.732016227793792
28010,123.41255017098212,108.3209612762113
28015,117.82667383961812,37.14528679025079
28039,87.27014643874354,124.86474315067616
28020,58.02872628885848,28.063133801705032
28027,118.56129950627562,148.73352131477466
28005,124.54147033331128,73.73094966481882
28007,135.17344614097328,59.43370777759275
28038,12.43302006780866,8.854445445417552
28026,42.914624183921546,77.9044347443179
28037,112.51651383861,144.62316169726228
28019,17.5930237700453,122.78677873183281
28028,91.10535379337325,62.73254179245522
28025,113.58467075508631,80.97977059684072
28002,86.05059650165902,60.07476601099929
28001,101.00592895395737,118.38452454595901
28004,83.38307437741106,61.450202179771125
28029,62.461459055343084,99.78895675980843
28031,55.39053503189126,108.91390020761881
28035,117.57448266148236,86.80383501213556
28034,84.89751110189752,52.23283457809072
28006,50.54830815750021,93.35588933741654
28033,55.887316837925255,23.86422265903467
28043,35.58771830885041,105.29853646235279
28032,87.82577426150107,30.431092656733032
28023,118.39809627261985,79.47526351795649
28017,37.239621107890166,85.34230495617558
28042,78.0551349652872,34.67536367105663
28008,48.02279978166865,114.06756866088448
28016,56.503744342041905,8.228621131654284
28018,87.8330111644027,92.15450980070632
28011,37.714830763593035,110.73822326195973
28024,91.4592297964758,104.74863181184361
28036,107.53634711358863,78.83236706501329
28030,45.78404777911458,64.49332177027307
28012,75.52169676465675,78.13799299386133
29013,26.770994315731162,25.45060193657551
29051,4.545329904377115,9.845082830235322
29059,3.3136733984565,11.576807869732965
29011,20.104354685641724,12.798953952769212
29060,5.846892652436045,5.932058035412942
29009,11.077364135036262,10.19354390326566
29030,32.70901752800278,25.40979896122474
29021,36.59108514045815,34.32263081070486
29058,3.3047946658441183,13.612127437138403
29046,32.72871039963632,30.16494813672354
29035,20.03218858239139,15.710828874279349
29025,12.025211787573863,15.545538299281313
29052,15.2234095778152,15.726566455235796
29031,22.06245697823415,12.162492852412319
29032,5.744929796508083,12.654533292633785
29024,4.771041804083719,9.357962953493805
29042,5.181264116661939,15.972227115734215
29053,2.7237928685346517,10.435478017759044
29034,28.240236175319627,23.178987033360535
29006,43.58873233900994,40.11584438788463
29044,3.664213889311775,14.76275432935618
29049,4.509485824969517,10.509390484380535
29040,11.73771540111595,8.16731044807289
29026,7.591013878038045,7.265099993805186
29055,18.59051496242473,13.065300408921132
29022,6.822814351715239,11.48134049821524
29001,5.34355161212365,5.521337853047152
29037,29.872513864499332,31.202965011168875
29054,2.6733867998685787,12.48120311332349
29036,1.943275554520648,5.2290851010701065
29010,6.7531304812895545,8.087343430246024
29033,1.5241801179153458,3.576892215856283
29023,10.265317527285042,8.515048339591418
29050,12.824150398844871,14.113737342976345
29041,6.417832234351717,15.783316286342528
29057,8.762066764348791,10.721033043016751
29048,3.993299571295252,4.380991379791712
29020,31.213765295709653,33.059164469157956
29017,7.982179125171747,14.323149635967255
29056,7.283981659956192,11.869832055637731
29002,4.13954496787582,4.010556504764435
29007,54.13589013904512,51.99826620719001
29004,43.00354384340151,38.896447822384516
29012,23.092425147438437,24.950221291285736
29029,3.388577338309856,8.053563118548755
29028,12.537355157261768,13.766423074307898
29008,44.66722223159056,42.78815597449555
29047,31.96532787496091,22.68009103833981
29039,20.300756272400367,14.180445446487889
29005,13.769993625407798,4.16973969571051
29045,34.60827383976805,32.747844939317865
29016,29.913606080101275,31.27781072169198
29019,12.370992362053036,7.680980824025049
29014,20.97576956048498,20.505255725306423
29015,13.226353908894032,15.356236572985965
29018,6.0110749297365125,7.340155518648821
29038,13.243499746927228,8.917846408695821
29043,9.749671001273269,1.692413731344213
29027,8.70994077819876,13.334511434346423
29003,24.988834382453167,14.97486743956009
30051,13.728589701035322,37.85454508134918
30056,14.29374216013475,32.49907714494909
30055,10.061386546115429,46.50964870065339
30054,14.706239948821647,78.22814446170159
30053,45.619909312236416,60.945925445528836
30183,15.0645048005071,36.822258784374924
30182,6.680394132016822,9.116654825855587
30181,45.13678945783778,44.629375696829705
30110,24.439108523735882,51.757828645737774
30111,21.604822087200468,33.45235266346856
30180,61.43965849800098,60.27779004979879
30178,15.344986165833872,86.59167778971103
30175,42.696104881657966,36.07417318766834
30201,28.035197469024602,57.93956542392226
30208,9.806041176188437,90.38619076069081
30207,6.8889168228746485,45.88857338717362
30204,20.421341463171206,46.40140970556338
30202,45.61290657443146,50.55544028371123
30200,48.970210190676795,53.05939912428331
30186,48.17502460609751,56.68133007195879
30197,8.077101798331089,25.01017233112843
30196,46.77604135746525,69.3294149268432
30137,35.90208781953695,59.909629318508856
30184,34.961104856763924,52.78756468017154
30105,19.584470371470875,19.411409039963555
30043,45.16883993431983,47.13372320394558
30042,10.306994226017204,33.69455120558529
30019,31.435001056860866,47.50329376520821
30163,24.708111657095184,25.514545271305963
30115,59.09165484260549,77.66765141704074
30114,31.0893240936092,52.865454327553735
30113,44.405359464992735,74.21300858484783
30010,24.85757304457688,9.61017125620339
30097,3.389758007003591,85.50406124230852
30087,7.975532179201276,2.130114092545914
30149,31.54423984886122,38.98568575295792
30150,81.3789799548511,84.62192138101825
30148,37.21111245379532,25.521971759849468
30147,48.52494415143206,64.55064446491349
30064,6.542091067373561,23.05950549205508
30074,54.30856218499073,75.90981475896088
30168,41.856004553368585,66.836164300222
30166,6.329613324135306,6.285936929326047
30165,46.73968448127726,53.35892351726089
30164,9.290816202560077,17.48167374476204
30126,36.006058504070346,24.598238936220405
30050,6.528765893910755,21.499033436300312
30046,13.85353515902305,22.739575721616074
30004,23.26100479739805,23.2955471006699
30128,34.56613532567635,22.592141963749
30145,8.62493534151635,25.47305467265851
30146,31.501363603534,39.08816608227742
30098,44.90692627788361,70.18286034169776
30107,24.669792261547176,1.4961675710671152
30116,5.388313985181007,34.5717522460559
30131,30.661479275610912,40.11399725456021
30136,4.137107763573267,12.20287683659119
30138,57.84778647693228,79.07360392058524
30140,47.84228894825685,70.70700951812438
30156,19.63166456954551,6.814180262310337
30157,51.93947918816917,45.97368250708639
30158,56.21681347905073,55.236613305655325
30159,25.280906244612662,43.95995947214861
30160,74.611629355364,50.5312944389425
30161,47.80435906085933,53.335639729624575
30162,24.868795615131845,29.97077081801856
30078,41.74011929870606,78.62719049189343
30167,56.53628992593294,72.59022906150126
30169,18.454103973127136,88.00655334573258
30185,49.103295693442114,73.12521286508225
30190,9.981399370625539,70.13199673988592
30003,17.196167972537797,46.11580588793405
30194,27.662980009042432,7.2550655353783995
30199,27.292201776565136,10.600486833197008
30206,35.4897688049314,21.89598984359706
30011,39.225084065711904,48.700340736841206
30012,14.664450413239132,92.08078936045273
30015,14.025842630964176,98.12414688733466
30016,25.87412651079579,18.833309218839894
30017,32.27136298214768,31.591571499347378
30117,37.23194273814913,66.04170753514919
30044,57.91412403990884,65.736353230615
30047,46.624966162795985,55.98705510315619
30049,41.94396079813855,34.93208903536044
30052,40.08023317590561,70.4537175714537
30099,64.58980210872367,80.3561868402283
30100,23.967777387200194,12.079153011049097
30198,40.5829936792644,44.993454428584094
30139,7.871670881860242,91.130110379603
30041,41.49530269807937,71.69234089797209
30058,40.880980842474955,81.77050996976988
30135,50.876231876895936,74.10131787985127
30176,13.193353830033887,63.41441834000394
30120,23.942954517589722,9.761978298730211
30020,40.55720214238858,60.49403712605944
30021,57.95223414336021,63.879115896607125
30022,57.95328154283481,67.00623203813085
30023,18.50307398418544,24.166852862855208
30024,23.186594505400315,27.35077034549955
30025,24.375833503165268,31.943361490528666
30026,0.5628132507367553,8.188941034646318
30027,42.30721110297958,65.9221727972736
30028,4.79507789538872,4.626041742450315
30029,44.41250151636975,54.296150778543655
30030,53.74461587678967,73.29280088930453
30033,55.9721567900209,14.908788074330184
30034,66.45321503163295,66.47566093632373
30065,20.31323749336668,19.81315624500192
30066,5.841660493987956,28.31413221923618
30067,13.60095653662294,27.063854705600313
30068,56.74700474049317,69.61476039920375
30070,51.94293127901632,36.768448534940276
30072,32.908435149258295,31.946436897704093
30073,34.88634888890246,61.591622305667904
30075,37.7445339080631,56.94594163817465
30112,11.105965609994081,11.08066459456686
30109,23.881845448708674,40.45235381941242
30141,36.47710695189604,81.3742511734425
30142,34.828808844283145,66.97498339409195
30143,28.84843017315344,93.80509302230121
30144,25.649769308819234,50.64430396346868
30151,96.61246323256304,59.17400988318587
30152,39.15087671312445,45.66639259365016
30153,66.67626918916902,72.31449106050297
30154,74.75646895038523,83.46014308995608
30155,37.212212661418334,64.5507569777913
30187,14.888988960630853,21.88616616024521
30188,26.210771553541726,33.150347651810186
30189,74.33675704160734,20.3022080463206
30191,41.55950336013854,35.07754441647977
30192,16.386788480179494,31.0090574739199
30195,41.40083805470632,56.058489313335535
30210,75.20324933438536,9.270607398920314
30211,47.41168791804149,62.84392260755781
30212,49.04841279220376,104.75522945329803
30048,35.48109348248035,3.8310991111099395
30059,23.87647514928358,11.326742528183033
30209,47.44741642948992,41.692135254985686
30173,20.755324672948554,50.21145182107334
30205,41.95392020168579,54.1720823298783
30203,7.618800059285164,12.878118026148512
30031,53.49605380506614,52.00208089959012
30079,17.33170548008508,27.06247195402561
30069,49.87806279970749,45.85558736797421
30101,62.500993330287095,72.09008855564316
30103,11.833575774221744,24.399595395993465
30104,38.28561005252863,36.23243976831299
30106,16.205003385928052,18.81169658082283
30102,32.6942730409335,49.81800938990325
30108,38.076830802159535,42.26522272583125
30193,11.108142072407391,3.9072979722581027
30177,13.709542743036945,14.786964568046857
30179,35.37199572636329,39.78845561972529
30174,36.87948136999212,58.32262950105667
30172,21.190006474093845,35.02880534707131
30171,30.313964016209052,53.930624227323
30170,52.634136664314944,47.56411060032774
30134,39.79384295171983,38.146676441670984
30001,10.61934189500962,15.942745445962434
30133,10.854658169699263,21.88213244196669
30132,15.904119703599306,9.148304866293259
30122,36.13670597694996,20.154717190326622
30130,35.55303338706201,100.14114998885951
30129,17.86400131492129,42.07970313768317
30125,62.0154137631158,50.48968497328119
30124,31.58275919223885,47.89381098934064
30127,57.13221048082966,66.8513852514351
30123,10.390378293179952,46.69258384205866
30002,13.272508900264212,13.232765336911816
30005,21.546354608300092,74.61848835014386
30121,50.03554573025183,68.710229310828
30119,14.05843697714746,53.70248916335331
30006,56.44058663983683,67.91883421223486
30118,56.44588109715551,77.17786179668822
30096,18.139312823771057,18.096262878278736
30095,4.342580025958395,22.811739381864548
30094,4.447080916276533,81.61882635722984
30093,3.8605637215677846,9.557434713310071
30007,50.08126263370344,38.307624034649606
30008,43.804395928569555,53.52344888943284
30009,17.980724391221496,16.8383566480986
30071,35.35357154397074,43.24940198081071
30092,10.608104473620314,18.964022812006824
30091,59.00707178136922,51.016177434846966
30090,22.7126075658485,17.131132612629322
30089,21.21071106653541,22.32772896215278
30088,24.759959048936643,25.405097184038834
30086,19.405132293198417,17.259364003703418
30018,65.39867924256487,77.1632270471294
30035,58.45432959577655,86.65948633547005
30036,9.443015463517956,17.40788693988587
30037,15.918523391653796,33.07158760885272
30085,52.58417570933742,75.897645915201
30084,15.339494320479384,79.55519161445972
30083,61.511504599027866,79.76544318596169
30082,32.746040903401024,22.069674120171943
30081,62.95996839674214,75.74941013743235
30038,2.988238999119765,9.385763746046893
30039,40.22193029572819,23.551559907228384
30040,17.0232081666192,44.85101460096701
30032,55.12168184082184,63.11055091497497
30080,46.36482066876644,54.10973144383079
30077,18.891585423785127,101.83876897415982
30076,39.119980096727566,41.019160124662285
30063,52.41017208239902,84.0608229462777
30062,51.07455230807161,59.94316666401571
30061,44.027165512606494,59.62959403857035
30013,77.35222718439023,69.20029146041277
30014,50.20938259051047,73.64768978663079
30060,80.9838514340311,73.52451571913487
30045,18.396163652391348,64.2693129507925
30057,12.51764014403157,14.920470610279516
31054,8.421566869347815,39.44444051859926
31051,18.007363732041235,32.31004233469977
31046,59.40072114394609,56.28727894759869
31045,45.525119283739144,37.89910194821049
31014,15.08941168185462,17.614450161933284
31029,61.18538552922964,89.92126764778565
31006,66.29507307994388,74.92283914533901
31093,18.04710217854502,32.25232308832098
31092,34.36143562843519,35.79101325282198
31061,95.74803021120086,73.07995902976232
31008,37.314411172278355,36.14524220071467
31011,64.65787528163317,62.138713540700806
31081,28.21239941840245,30.346420873603936
31017,41.99920948381895,44.48996781267216
31091,30.29963283634278,32.72559590004211
31096,73.61274983608449,56.67037984069923
31018,56.12716558322773,51.526152731444036
31059,68.34929862785623,79.7389213774362
31040,37.60564971463423,72.21475628783233
31085,28.261356048842806,26.394056973951606
31052,3.0809499503026156,47.95002889001014
31048,57.79635034489189,51.166439121668006
31047,71.99707371125041,68.25383526595564
31036,48.039047137027744,52.48571498051304
31104,61.535327063661626,64.10288190189259
31101,18.39592627927503,10.778990444117811
31102,12.717973655452543,10.811162005577266
31071,53.11579612163491,73.04352704387814
31069,63.7464225702377,80.45752173320002
31067,31.266424218195088,33.977005531663934
31050,1.6272213678612568,6.868643217469391
31065,89.40204209351602,89.12195190076274
31084,42.497859651045246,87.57246288187729
31079,121.47788597517872,116.71169089457914
31064,39.47330327524118,52.45043285291895
31001,36.9714953735619,30.124789594902463
31049,69.58166353027552,70.66306135013377
31032,39.45375711163079,39.89096227790812
31024,67.54413178366526,65.44365792479685
31022,55.68177949240861,57.64691564022545
31094,97.91547613063847,97.37681903423314
31106,25.20631797522172,70.14972360150271
31105,18.04923550759892,28.32631093318914
31103,37.92421240149484,59.727640128583595
31097,58.912351636992824,61.04834997436952
31095,17.149969819113117,22.94125985816311
31090,26.452050618430945,23.55745158565929
31088,22.904636187952725,65.56954509832349
31087,38.757567478474705,37.05173496457071
31086,29.28425078112149,72.05908333116048
31083,21.711749095125402,59.26743690950998
31082,11.483984967959238,54.212930081210054
31080,59.05799092160344,58.061966757286314
31055,52.508161627578055,44.46972173623865
31078,22.126493852098346,60.76997225683384
31077,45.94374268084103,76.79667826435144
31074,24.39971913279275,41.46829393109925
31073,86.16541158366653,88.59529716176536
31072,13.475680494175977,58.2294427309193
31070,59.67784549716682,59.82368192617358
31068,19.02200722667733,62.40388259790651
31063,29.86311008979432,24.520033198781267
31060,46.455079587490374,48.60189935604597
31053,60.257354423979415,52.439648743814296
31044,41.21320682103556,37.24502313669365
31066,80.21480949584667,72.6802651523414
31043,24.636934396797272,27.19645444850135
31020,15.975022488595545,28.910913569513536
31039,24.000211023677014,39.93933813186547
31037,48.83563515479627,62.84354924011951
31035,29.298996947334793,54.71117502240652
31034,34.19841736714764,47.47859893184951
31033,73.12381169792502,66.93731555768869
31031,45.76150092008568,79.51214269407677
31027,32.75414085033437,78.70625743382361
31026,16.681217835100167,50.069819494323276
31089,69.74519916250432,63.73126698954016
31025,67.52498330042582,62.989419560708996
31098,119.34601907442425,121.59178257149401
31042,49.898167158163105,75.05904648462983
31062,50.844144763453876,44.38341222657383
31075,79.61320620188246,77.38484000549897
31023,34.46994867718665,26.892623455218846
31016,99.30683857510125,101.75167420698688
31015,41.80651250427881,42.05894864579058
31013,12.633972822621699,24.021319348078947
31056,93.55850665686259,87.57948263791951
31057,74.01369650475698,73.78023243052728
31012,53.23490056850921,54.62766235245838
31010,79.83607599428105,86.1098432815033
31009,22.167708429476775,68.15606351344384
31007,15.273474891480685,45.077401419804126
31005,16.75501671461657,53.12555082279401
31004,12.417972506044988,36.81522848351098
31003,85.32606257737287,81.20088979268624
31076,40.26360590722762,37.59523349231952
31019,41.72174356373897,39.13005709351778
31028,72.29188789615054,95.19693780247013
31058,92.36374876341414,94.54260304440147
31021,27.89153169499827,28.247669708097618
31030,36.4444813897417,38.468059756897375
31038,31.562199145830085,33.082112084101034
31041,12.070682732671255,15.129746830420006
31099,18.006588873397554,19.840128356899605
31100,11.638595308815685,16.63546783384232
31002,26.10478673969626,27.148012793643932
32029,65.95089661754622,64.1027455079807
32028,53.402719746839644,43.41182905590295
32027,116.69401344428535,145.91339001232384
32026,134.8106641784627,143.55161018857012
32025,25.19175109332232,63.37916126448565
32024,38.5641762052905,58.00333615096251
32008,25.175957712384182,51.728665725085136
32031,57.59889502088732,25.959064314116283
32022,92.86361521747348,78.9056858793118
32018,45.37794872353724,64.10733998483889
32052,42.71359639259945,50.91346834508121
32016,55.337094125680636,86.62539327947472
32054,61.192248376307234,84.70126721430732
32006,47.06809140088622,52.1017340759317
32013,18.87035812024151,73.6837014646041
32007,87.53293418012159,94.00011235540514
32034,5.668309809551041,56.46974417068475
32053,52.565982054690956,83.67248944136902
32055,6.875437085748276,6.875437085748276
32003,76.9077257005454,66.08129386301867
32039,69.58533063713494,31.165481765555423
32038,45.02361835459885,68.24726796474275
32015,42.49050135925429,42.49050135925429
32017,60.43102298754154,67.81382109640666
32020,8.67861617981777,42.51960342410612
32023,28.27405837355834,50.44220702912753
32058,53.73772509660166,73.31819437321991
32036,39.33585959288839,72.41165987167308
32057,58.23718979520699,73.4971287663275
32030,58.88800359152793,47.10942245932461
32032,38.78026519909149,59.161723720000204
32056,32.49420851346731,47.19437634907275
32035,46.38417960227975,70.64997494771522
32005,26.525285584135926,68.03514413487247
32010,14.855295080680271,45.53233705687881
32001,25.821437988989047,60.12286623084513
32011,68.44444098987253,51.81821842599444
32002,19.74672125306748,59.63587353120851
32040,57.45294251922684,1.9346783943460675
32041,72.18299650970522,73.07882950709974
32037,44.6757306953817,81.82989986652406
32021,33.771756755633355,84.6308895131507
32047,62.22427806856004,65.32027622391406
32045,59.436911839835375,74.84222790949146
32051,85.27585146153783,108.59675730020633
32050,52.996880803650924,68.32083528163137
32049,77.8608483693831,71.94776997485474
32048,60.25044941394117,63.95719532344036
32019,32.163402975782866,76.62346934188578
32033,37.3345654702405,33.09073440117433
32012,36.067642585982355,36.067642585982355
32046,27.4588563970721,11.400344949792172
32044,46.34510603512306,46.34510603512306
32004,76.78276148949351,55.598547581787784
32043,21.808941079260435,29.361392174261475
32042,32.90130259562673,38.034610659911515
32014,106.81947690792975,75.54392638405814
32009,6.807876365039297,69.82603856850508
