CVEGEO,long,lat
01001,-102.29663736296173,21.810928017374298
01008,-102.5255933697684,22.158742878771758
01011,-102.2290133957783,22.033066798646875
01009,-102.1921221677327,22.23697022282921
01007,-102.34070594775181,22.267534635918985
01006,-102.30249165146022,22.104502975372405
01004,-102.29703319476545,22.3606231855262
01005,-102.45259958754964,21.935561108818984
01010,-102.03615000029144,21.921858340142414
01003,-102.70320689335462,21.903583589233346
01002,-102.0455169371087,22.12660613053725
02007,-114.89159560948343,30.684799253788384
02003,-116.2909252470137,32.43475991782422
02004,-116.84737185553966,32.41211167157461
02001,-116.06049732662714,31.516852129454126
02006,-114.51703116973044,29.38445087366204
02005,-116.88924786319907,32.25171419561983
02002,-115.3296515653581,32.169217797997646
03001,-111.80739410936349,25.53061647328652
03008,-109.74157505854343,23.270122521302817
03003,-110.62156273051352,24.16776919646118
03002,-113.22574724422198,27.289153663451618
03009,-111.45691384841548,25.961648185680417
04008,-90.23298392129735,19.969621846708677
04005,-90.13539704556449,20.12443604899732
04003,-91.48348825329109,18.524000829267358
04012,-90.64055367895156,19.600216557910706
04001,-90.26991825228998,20.414299524585243
04010,-89.66156829133246,18.402826412294463
04006,-89.60963875431679,19.474068754368954
04011,-90.7165588893487,18.09903588210896
04004,-90.49361404079174,19.114437383433934
04013,-89.96892954385872,20.239616843360377
04002,-90.26604429416552,19.61641341233104
04009,-90.47434465900994,18.55059551666674
04007,-91.97386685172185,18.273597171766735
05010,-101.52826449388,26.947693388014077
05036,-102.92495964354266,25.221864838101713
05018,-101.19438564104043,26.89685229157841
05029,-101.75648564158352,26.93982807963555
05007,-102.29897411136126,26.6990994397442
05032,-101.38975046298735,28.063951495305588
05006,-101.38691680858815,26.58623419227126
05003,-100.91599453799172,28.278343506234005
05012,-100.39378438627588,28.097401976787697
05009,-103.1808486530511,26.320141430044863
05005,-100.79924218810805,26.852448275310852
05004,-100.6423615834433,25.341353530074556
05016,-101.91371086172383,27.15054270782223
05035,-103.24891059842699,25.17007110433765
05014,-100.95125573370652,29.002697375513094
05008,-101.2795811347775,27.306060664099025
05019,-101.08334281733414,28.32774261283281
05038,-101.39500302122904,28.811969315886156
05037,-100.78029997203672,28.097387955099997
05001,-101.24577404710729,27.122390148388074
05017,-103.21505496312211,25.559820670553112
05002,-102.01001805166501,29.43259736505387
05026,-101.02147370461202,27.421417803644893
05021,-101.76541712666499,27.22772681343572
05013,-100.05049496651276,27.839316516822468
05024,-102.11465954686042,25.50386752269511
05020,-101.90045777023622,28.403013197411966
05023,-102.89288017196424,27.965614049476223
05022,-100.620480423425,28.49643384097012
05015,-100.69337021488984,27.65654163848081
05011,-101.55103159808431,25.521686402897732
05034,-103.6100997587341,27.481763132214017
05033,-102.71798858002505,26.08403794697611
05031,-101.9688706498412,27.840124692139185
05030,-101.12510045849186,25.02914346852057
05028,-101.14299231709967,27.922866961678913
05027,-101.28205696994988,25.91374329953168
05025,-100.61446147362659,28.77981541708511
06009,-105.04454243011045,18.862900087037797
06005,-103.59545599829596,19.326784127025345
06010,-103.84841332945571,19.306666997340603
06008,-104.03104814612074,19.37208359926218
06002,-103.63247793735971,19.116225093419807
06007,-104.29491058151527,19.15050623693652
06006,-103.68133652479489,18.967611966473235
06003,-103.76648879833306,19.39651025728159
06001,-103.99659539195419,19.008561798708577
06004,-103.9121990128323,19.187290087986927
07106,-92.6078908406229,16.317310264966775
07090,-93.11230829549353,17.220111148686648
07022,-92.61179574362804,17.021268221919396
07073,-92.99826063188813,17.19137542748106
07042,-92.97862308168702,17.298530058918644
07036,-92.21839530074706,15.51299476240612
07121,-92.93322719132874,17.217692849839562
07119,-92.72154266837514,16.94936164659662
07124,-93.63238724500023,17.214791767137786
07123,-92.88267986850771,16.498905947664202
07067,-93.05689404100877,17.189183592773155
07091,-93.00344031042363,17.253970273225875
07114,-90.5625033348184,16.281833852900885
07069,-93.19245033687302,15.669518798878881
07081,-92.62500903368502,17.138920531806868
07080,-92.3572382127354,15.532371131378365
07065,-91.81264976356874,17.444073142984866
07077,-92.18652268818875,17.436798129867686
07086,-93.13632608872247,16.585543330904382
07010,-92.16128677572053,15.491753321978342
07011,-92.24241095604744,15.619582620378527
07024,-92.21696452468596,16.61153098283406
07028,-92.72593802258116,16.55397059572987
07122,-92.98654259103176,16.337430332743864
07001,-92.68167934760777,15.414137859862922
07002,-92.8146508208225,16.551602360646605
07003,-92.77407109918084,15.231344836114454
07004,-91.86256716291403,16.6618822516461
07005,-92.85733221864663,17.385591452126615
07006,-92.09715739583987,15.556834401724359
07007,-92.39542117009977,16.515287337288836
07029,-93.11151381745383,16.99533070689684
07012,-93.31906859535171,16.866604344945667
07013,-92.9587841075332,17.014120415792437
07014,-92.74128634056312,17.031745878310034
07015,-92.16412855556018,15.08623922609235
07016,-91.9975978987227,17.77986874221549
07019,-92.17896813394069,16.296881411524783
07020,-92.77123691813738,15.960892852889987
07021,-93.25285426493689,17.09417204282432
07033,-93.27618056384738,17.294071201239888
07053,-92.1857578850159,15.37276437063976
07025,-93.13153143287258,17.326795007337903
07026,-92.57042914934861,16.95015484486651
07027,-92.97604316792047,16.60663283761448
07030,-92.39125624263849,15.799084237341685
07031,-92.03512486217222,17.109293034011262
07055,-92.20159380839856,14.821661886877887
07023,-92.68016305001247,16.8193635309698
07034,-92.08776095566472,15.762649402235336
07075,-92.36472084000515,16.365305444162406
07076,-92.61075619150498,17.319823276214017
07038,-92.3996279092257,16.69427516417789
07039,-92.69492093010821,17.243164869714686
07040,-92.54685316570857,15.096981276534166
07041,-91.79578900940665,16.204700121624576
07043,-93.09901668195933,17.42139535629933
07044,-92.8969890526949,16.817948421186255
07045,-92.97558519804821,17.46687028570273
07046,-93.67206987906705,16.5227333968475
07048,-93.1933291859108,17.69944468784048
07052,-91.7402771384143,16.385600449227063
07056,-92.56309488860275,16.874807828429503
07054,-92.49776688895508,14.88060292862412
07072,-92.86173199137664,17.218027270431506
07111,-92.78197491150307,16.721913617564805
07110,-92.72377525876817,16.622468025253617
07051,-92.89171074669386,15.460919497013402
07050,-91.75106873308162,17.606633699615266
07049,-92.77667139504595,16.924381375447034
07096,-92.48582222220418,17.37918685231518
07097,-93.69057989092505,15.99691999543111
07099,-91.89939440568283,16.0244410433037
07058,-92.61004442734736,16.438198221462695
07060,-93.17387009822957,17.220794996881562
07070,-92.26391962932573,15.432544489555132
07063,-93.08379749195112,16.895230983264696
07057,-92.33145825086673,15.313823999825443
07101,-93.13727882707693,16.739444352603847
07102,-92.19867232316884,14.894104360333213
07103,-92.41155841279954,15.140439495688359
07104,-92.24643403747135,16.124081028488245
07079,-93.20967209497685,16.913130869256292
07120,-92.61466482472748,15.549189613543938
07107,-93.23024796043106,16.077344883656245
07108,-93.37550058642987,16.34619302186227
07109,-92.32584290337674,17.185556857725746
07085,-92.98866844785304,16.925966617322764
07088,-93.25158140694022,17.488853952496996
07093,-92.47199981970407,16.833186175481945
07098,-92.65995725700412,16.515153114842896
07100,-92.26961939141994,17.300787364510313
07105,-92.1025440455412,15.059950882127664
07112,-92.39166189922858,16.930157646477955
07087,-92.22715202118876,14.639366499853333
07113,-92.69017001846181,16.921828602903876
07115,-91.24858921942084,16.19919180244062
07117,-92.66438438736357,15.671675652041293
07118,-92.80308377457736,17.15401207242563
07047,-92.87430247170815,17.089511781621095
07092,-93.39545634598831,17.17295176697203
07018,-93.12607226900927,17.120572522478664
07059,-91.3374930605367,16.702091615234302
07061,-93.49093960350429,16.826292335975868
07064,-92.27478062513178,16.780995717318238
07066,-92.46405942678285,17.06010112132215
07071,-92.61956044366941,15.165420621038768
07078,-92.58994004773561,16.678294852147648
07032,-92.55816241589132,15.364430551666473
07125,-92.46510707626413,15.56762413746718
07035,-92.21319309702697,14.750007519355346
07062,-93.39956341479508,17.432412865393896
07037,-92.42376728076673,15.009402173711377
07068,-93.19913461008029,17.530574049747077
07074,-93.22937439745706,17.864220750685323
07082,-92.34828357442024,17.037263631860295
07083,-92.37593982390173,16.10642547629448
07084,-93.00478451952698,17.386989896103387
07089,-92.30488199132509,14.933670075971424
07008,-92.68063053204338,15.758277110474259
07009,-93.93735415616268,16.248881744521977
07017,-93.8674654117867,16.712960378577783
07116,-90.7434174173661,16.246347999773324
07094,-92.50880626062953,16.561100704194377
08037,-106.56410369023456,31.449660147247368
08021,-105.4918497683924,28.119486958923684
08019,-106.23251701166646,29.000548259901393
08001,-106.38068241572213,30.4492319261898
08006,-107.29163303843683,28.857992003462815
08052,-104.52528675056266,29.364215053339354
08020,-108.51635610997297,27.455951883973054
08041,-107.97328536183684,27.83629883789361
08055,-105.74781526418201,28.205044413301444
08032,-105.69702725468214,27.12903921521284
08017,-106.94868401734237,28.723465108387817
08043,-107.72062266357277,28.82409588952246
08016,-105.0448552277586,27.89764845832653
08023,-107.64463052528873,30.160744033292588
08059,-105.94599949393012,26.885167703879695
08015,-105.20777415252769,29.757033876079653
08049,-106.68424483694889,27.42458022413095
08036,-104.39069340669415,27.08210419727001
08060,-105.78272674482159,26.803778365727712
08007,-106.54293274726199,26.75305811293519
08008,-107.69328671531484,26.945445784481052
08051,-108.20479407177,28.153625920458236
08067,-105.80831828690769,27.487049960511474
08062,-105.34302035077444,28.00108478677294
08061,-106.19307664887162,27.77861312884261
08029,-107.03392720604062,26.16797612286354
08003,-105.30548351312318,27.09494401022381
08014,-105.06995330472877,26.633935143756172
08018,-106.8969207176487,28.21162961798165
08054,-106.61703584751785,28.806290359028583
08058,-105.36224649901047,27.582123151260635
08002,-105.58855956619047,29.07328146329826
08065,-107.97640175424416,27.226296628634866
08063,-108.08481782773625,28.71477000800698
08022,-106.46113731679156,27.99996741302576
08066,-108.50654605025314,27.86163598628846
08004,-105.8235332753011,28.58222293567349
08009,-107.58010729459843,27.80783542247788
08010,-107.1213908437184,30.058133894509226
08011,-104.42364722553425,28.03369305083814
08012,-107.0632408876825,27.810141305031667
08013,-108.20228340227247,30.19391456822396
08053,-105.92587403754615,31.238157782596456
08057,-106.7351769299361,27.89249430552747
08044,-105.52290863214309,26.72505303845579
08031,-107.55804364089057,28.385093097833444
08056,-106.31467692441346,27.268894135233996
08045,-105.5014541660874,28.350618947362687
08046,-107.72812100891854,26.571530629275266
08047,-108.73724411578331,28.15274257710453
08025,-107.7373057335803,29.33655849482019
08048,-107.14037474674984,29.295255335322103
08024,-106.34954157734259,28.321196428459746
08064,-106.29742844303897,27.045097574673115
08050,-107.72905152076655,30.532844164751197
08026,-106.56941287567992,28.2987804452947
08027,-107.24775517140124,27.150437360320627
08028,-105.64050019897923,30.827265048391485
08030,-108.27404657832133,27.39094712912576
08033,-106.06792832334108,27.06931390623811
08034,-107.72353080000175,29.722088559240593
08035,-108.45021435733327,30.849347718108973
08038,-105.05449548405306,28.541006051154266
08039,-105.01096669186423,26.92621695467477
08040,-108.32931373659831,29.326928592447164
08042,-103.8246255325396,28.928893037888145
08005,-107.51984523464087,31.331969411567407
09005,-99.11585652479698,19.504062259103634
09007,-99.05679129479505,19.34916340640167
09015,-99.14904806427633,19.43137049607828
09017,-99.09309811969418,19.4304925226362
09013,-99.09035592430607,19.245142157504716
09003,-99.15036866007637,19.32666434477626
09008,-99.26840518473121,19.268973607996916
09009,-99.04931038455383,19.141770559634267
09010,-99.24681199611916,19.33617265134293
09014,-99.16112696318645,19.380639495376897
09011,-99.00281395864363,19.276995479469413
09006,-99.09432211777855,19.396908972317696
09002,-99.182099241413,19.485325669595877
09012,-99.20621299505879,19.19833518131862
09004,-99.3109226681638,19.324318596324723
09016,-99.20457583990448,19.428065760996585
10009,-106.067214874451,25.996311526508638
10017,-105.67668388568048,26.48186864162189
10036,-103.62547490306643,26.34495960786529
10021,-104.082315591102,24.78598304001138
10034,-106.7119848029155,24.946753127333192
10024,-104.56161465477841,25.19529959283614
10012,-103.6858255546767,25.47764115657539
10039,-105.03802201748805,24.846690923207756
10018,-105.21584143106696,25.549020006725733
10011,-104.995527969758,25.726222129362807
10005,-104.84369216993464,23.970478701984486
10010,-104.81707459128208,26.090334136051727
10030,-104.39823605594714,25.621894862066107
10029,-104.30647690181092,25.376098327048663
10023,-105.31558473406182,23.412738820316843
10033,-104.14962205551768,23.436879292556217
10016,-104.21110566216376,23.813856441779926
10003,-104.78373262750345,25.03397162253639
10004,-103.70027859164537,24.694801573160014
10006,-103.21206985749525,24.761509132333327
10025,-105.67243810374843,26.18411068776952
10008,-104.07326901470226,24.412670496975498
10027,-102.71802773643567,24.647522115073798
10001,-104.93587712289919,24.51111188791123
10035,-106.06161607178032,25.45024006209458
10014,-104.55067913201655,23.002110242544966
10022,-104.02193879142574,24.00355144093259
10038,-103.95104561959971,23.73333617029021
10037,-106.58973482549831,25.2567585981046
10019,-105.93641937767843,24.70144504139789
10028,-104.47039214561121,24.807349360364263
10026,-105.7424419799482,24.230368404927233
10015,-104.07767693356494,25.247094224728468
10031,-103.41376965264398,24.497756501090446
10007,-103.49062299640751,25.727973132328962
10020,-104.35403281509568,24.494853598863223
10032,-105.69041258663076,24.984152945876353
10013,-104.13131953375184,26.145994236987526
10002,-106.45109856855915,25.07271799446494
11044,-100.99226159182045,20.541629251137696
11017,-101.36831253150051,20.69981028967915
11037,-101.437775378564,20.963112087516745
11010,-100.383589855476,20.216997662049867
11031,-101.78851131000312,20.91912083149855
11015,-101.2373207154434,21.018451032254617
11034,-100.07189389320037,21.15067444491231
11036,-100.99035622992135,20.158230274027407
11030,-101.23369067000888,21.5031967464703
11026,-101.59512025335104,20.82578646763843
11009,-100.79111458172096,20.741269297920837
11016,-101.49899569243179,20.367362314787915
11024,-101.3612505283806,20.549924317548832
11029,-100.84640561264055,21.4421625212441
11011,-100.93826724754598,20.42884422664426
11027,-101.16508792041864,20.62510693223943
11025,-101.92855469414091,20.927512414973286
11003,-100.73771930227174,20.92524734094314
11004,-100.57351202946882,20.42183821549378
11005,-100.62172770375027,20.57550868482631
11043,-100.2146020740725,21.365953905129313
11022,-101.47298869221746,21.579567104374
11014,-100.93476914934205,21.147013557777974
11045,-99.97851340074529,21.35675632373367
11001,-101.53600369506998,20.53322778930446
11033,-100.47624152798625,21.399365028326805
11006,-99.80443642770645,21.26519603708245
11002,-100.75195906846048,20.052463817459724
11012,-101.66800128491414,20.61522304337981
11013,-100.35962621247563,21.141600294916664
11007,-100.78785687529175,20.53756242395426
11019,-100.50787438408821,20.19710522996419
11035,-100.99407573696125,20.67410119220955
11018,-101.05208056790866,20.358793954886774
11008,-101.87977563164888,20.712944126747345
11041,-101.15260779479622,20.11968930454508
11028,-100.91512286165823,20.207558411251313
11040,-100.1559982913365,21.03228790501269
11042,-101.27055272112787,20.378325090286896
11039,-100.74148855466193,20.296732807280513
11032,-100.3885837139623,21.002318505290525
11023,-101.81583690047957,20.40161482729222
11038,-100.52889766019261,20.004476524971636
11046,-101.22551793789816,20.18314791664519
11021,-101.24468106798469,20.084312544485265
11020,-101.62239432400615,21.124745952320144
12021,-100.05895971776282,17.14252425347351
12060,-99.67175281639918,18.648838779490074
12063,-98.78614369337511,17.23001185358236
12082,-99.2413375638366,16.723641636700805
12024,-98.67125492048919,17.738288838117512
12058,-99.91406690375395,18.35825889753928
12010,-98.90303743313218,17.51433498935737
12011,-100.34205958496689,17.332819842477168
12012,-99.11670228705651,16.98306048516803
12004,-98.36609980700034,17.37589661919479
12068,-101.8549683920672,18.0166228159269
12043,-98.442779323225,17.138098323972557
12007,-100.19877843340747,18.252616305766892
12057,-100.74439277133877,17.40591390729231
12066,-98.6155371827832,17.56217131178921
12056,-99.29487903068643,16.98045249708536
12001,-99.71435555271782,16.956978376641892
12075,-99.60976704182585,17.801489175409582
12055,-99.59743242847081,18.520038063275724
12006,-99.98088951818218,18.091228501020627
12037,-99.765584088079,18.46344712522472
12085,-98.53800691469495,16.42750084409484
12027,-100.61790838306949,18.659813297453436
12015,-99.42072560624271,18.461567148709506
12074,-99.18510083680498,17.749581859987554
12014,-100.42714291177285,17.09644141031805
12018,-98.93059420844898,16.60801961426126
12072,-98.82951545664649,17.324543435316528
12009,-98.58267845744815,17.270236626596677
12081,-98.63737641171548,17.048230860985825
12084,-98.74421197998285,16.993831650318786
12071,-98.15726138495495,16.869424586681145
12070,-98.50929038698925,17.904507649331837
12083,-98.97381058421375,16.908113894088174
12079,-98.99593240344687,17.442632021557095
12076,-98.97602582587074,17.17481405423297
12065,-98.40918755673923,17.571649500167606
12073,-101.21821854412876,18.344924127222733
12064,-100.43501842956823,18.42801943080634
12019,-99.0520348105083,17.98214037842884
12005,-98.51056164210733,17.642232801393845
12030,-99.13421219028785,16.69292931801707
12069,-98.54148123002496,17.42980696304667
12036,-98.49327695244754,16.801735959622476
12080,-98.67763559867312,16.59398804738282
12078,-98.42143112808972,17.097827984954105
12077,-98.74483954099472,16.640443219942576
12023,-98.51044822067982,16.474363276493442
12048,-101.16032797274832,17.620022863411645
12053,-99.4336501463736,16.82104148665105
12054,-100.31823723604842,17.839807597075964
12047,-99.86921131009642,18.544661491844128
12049,-99.60782223742588,18.704229568890828
12050,-100.61146444590266,18.34562174573648
12051,-99.1852092182095,17.3128204088827
12045,-98.7838858227624,17.896558025333345
12046,-98.35280873752929,16.661562228569792
12040,-99.79578601357724,17.6319330031733
12013,-98.57150456673605,16.683190556561616
12062,-98.27711289009335,16.93905758552692
12041,-98.69545415478767,17.181215369107054
12042,-99.35756381048436,17.832496618308078
12044,-99.37059015537311,17.336838934061287
12038,-101.43427630500825,17.819999091529372
12039,-99.47291728586575,17.142130716997276
12002,-98.95136509401608,17.752270786826436
12003,-100.60772583572627,17.91901283463871
12034,-99.25341404622034,18.229771078123136
12035,-99.58211203787184,18.22680493220921
12031,-100.1041669840671,18.44112335062753
12032,-100.02692760028718,17.733798647360285
12033,-98.54708403208404,17.81216073951319
12028,-99.1123518764324,17.52368876213163
12029,-99.6974395520011,17.390831074762435
12008,-99.0699509799203,18.144372711108193
12025,-98.9637053055224,16.718536362483057
12026,-99.81469347925692,18.124761359341356
12059,-99.46938591432237,18.10099617917881
12061,-99.36745980473519,17.59934757891607
12052,-98.75045202689955,16.8773013311522
12067,-100.45332269692543,18.280282557358976
12016,-101.64943362169939,18.283023541124837
12017,-99.7136559099367,18.13229317676942
12020,-98.70189265254041,17.432619503302156
12022,-100.92989825362736,18.08179176656263
13031,-99.14721090569195,20.96995430930062
13005,-99.07802057002363,20.119823363472428
13075,-98.92334055294823,19.954953300191914
13028,-98.45170863289862,21.127231775237636
13045,-98.6219571601713,20.173742433421893
13021,-98.60026489878405,19.659293933943925
13001,-98.4403405156311,20.20642046007208
13002,-98.19839647381403,20.159846366832877
13049,-98.98882535512877,21.234484821798894
13003,-98.88968382707387,20.314543643191577
13030,-99.20131553107528,20.53251189289852
13023,-99.08027721359457,20.235276139576673
13004,-98.36936814119213,20.361563438975196
13027,-98.06407936197239,20.51415545131613
13022,-98.6439270198053,20.032141344874926
13020,-98.88032705275648,20.741405304979285
13074,-99.23097374782547,20.09620471935928
13070,-99.21907304261683,20.131549094889547
13018,-98.9496638002794,21.128434377822476
13029,-99.68072658669217,20.38381394522596
13071,-98.97238162904043,20.86658970262055
13076,-99.37673474924087,20.064126156263665
13046,-98.58166760132943,21.260330635515164
13065,-99.15181870583153,20.11440387861391
13061,-98.49477775235175,19.815536709463466
13047,-99.31540498063478,20.999759874402535
13078,-98.28808214650846,20.857853853658103
13063,-99.36349336065106,19.902663777237645
13017,-99.4716397567574,20.263682692294264
13083,-98.67233085702368,19.92313112797291
13072,-98.58692446130446,19.83519618216673
13067,-99.29327329762548,20.178866673236566
13026,-98.48912737170684,20.997492252910785
13062,-98.83293562721896,21.061427005180683
13044,-99.67267622208395,20.232985410147826
13016,-98.28166076179942,19.984305374653545
13015,-99.06018793894104,20.59916547263073
13014,-98.54848327585661,20.906052616829612
13068,-98.54417782367541,20.77878214423057
13084,-99.36571896692026,20.75287561018977
13081,-98.58671848967502,20.650744172590134
13043,-99.175404980321,20.78647022827379
13066,-98.80335686228376,19.912819426855126
13013,-99.23136870199079,19.973442421879145
13025,-98.24713648765055,21.038252941031146
13048,-98.78223761811466,20.1020896689151
13038,-98.75355261506434,20.223038716263595
13052,-98.94002795358665,20.09557168416619
13037,-98.80964530548749,20.565443365008626
13036,-98.60527777056305,20.523790105763013
13053,-98.19104497139107,20.46851304057815
13012,-98.67648040969618,20.3548367251889
13011,-98.36354525713112,21.02730682347679
13010,-99.22136720441732,20.054742564618067
13009,-98.88256790437568,20.217143035255916
13008,-98.44699358146048,19.722901628539113
13007,-98.32706719368548,19.741619256931003
13006,-99.40539604946439,20.407090429419014
13054,-99.04785341015946,20.30474557351643
13055,-98.9828456981073,20.412367460782555
13080,-98.38350963051474,20.916246595659793
13079,-98.63957128606177,20.7949007661372
13035,-98.34291508328077,20.25781096064579
13073,-98.64817495386636,21.031831608911627
13034,-98.72330196888696,20.962150928505032
13019,-99.25512333028391,20.324316325204617
13077,-98.35093217394437,20.123598130658664
13051,-98.7201748368903,20.05867171750884
13082,-98.85529174211949,19.99260587048963
13064,-99.39869666744765,20.19421725480832
13024,-98.54311807522389,20.225903935630704
13041,-99.18071852386615,20.223850303140555
13060,-98.21082541797558,20.3433549989474
13059,-99.63242406344129,20.539260086318393
13032,-98.52756492480074,21.14847551572382
13058,-99.3758231317032,20.542336544477813
13057,-98.49545333919163,19.987600157637765
13050,-99.17814717687385,20.314329793583237
13056,-98.39276913879556,20.035647960755085
13042,-98.77640837560492,20.8643851814002
13040,-99.0705042947328,21.070959645208937
13069,-98.96117650467886,19.852523632375927
13039,-98.65882433921688,20.14035231992642
13033,-98.83574016671723,20.83157802862586
14018,-102.52329119381008,20.36382401254689
14097,-103.41701022593826,20.4782343459206
14114,-103.70884810986168,20.389642738112165
14113,-103.73889772806643,19.709908391661827
14112,-102.97260908283886,19.835170899033685
14111,-102.65094758910341,21.04651188151131
14110,-104.25570933412133,19.99286624493998
14109,-101.99717484911291,21.154674718865916
14124,-103.0488282239783,20.63604442645729
14065,-103.38185317591048,19.146547388163622
14116,-102.59358466715963,21.66771246903243
14117,-102.70121999841324,21.159819309252104
14118,-102.93365217487201,21.13793317322589
14119,-103.56760438145027,20.233909172780358
14014,-103.47046034340757,19.996436161237728
14015,-104.31214750095312,19.74346344426947
14017,-104.43481374611613,20.050254292659083
14043,-104.86315106994277,19.51463055734574
14106,-104.0331515834653,19.681218900201984
14107,-103.24202757399502,20.146894931335186
14108,-103.45725565364972,19.479026876050753
14115,-103.68665338523915,22.028777450691063
14075,-104.23204070599334,20.824685660283535
14077,-103.90512770727507,20.449917492797123
14078,-102.37963371630998,20.99259120955371
14074,-102.16346704842901,20.997658078699835
14076,-103.784637385642,21.595265108464723
14069,-102.86823282282658,19.804535131519852
14123,-102.92499242583588,20.460887581369214
14122,-103.758328368055,19.515569863384403
14121,-103.3457720675972,19.621602493007426
14120,-103.49423601542371,20.794463432674743
14002,-103.6084534802326,20.425184365677136
14003,-103.93535307328963,20.711463302377798
14005,-103.71724313189877,20.849986597418027
14055,-104.03076091308095,20.908248970453737
14086,-103.76546261057877,19.948235612248194
14098,-103.34784194652127,20.591481223161544
14025,-103.28719237161121,22.091706120295026
14027,-104.31104404751709,19.43562876328586
14028,-104.50984753907129,20.192993346900256
14101,-103.2143359326664,20.620049707549317
14022,-104.61500634475611,19.277345574809544
14039,-103.33573637497427,20.676231145635043
14044,-103.20736836667676,20.39164162414228
14051,-103.1352000402113,20.481712800781025
14070,-103.24543994868931,20.539021009883086
14125,-102.5063961671697,20.764604271140296
14071,-103.50013964561546,21.04787578402778
14068,-104.72283364280123,19.807187215334967
14067,-105.149203939656,20.697790840166554
14066,-102.89470099117317,20.27022121565158
14064,-101.71510826488324,21.810826767721952
14063,-102.72404206850182,20.397438333431843
14062,-104.45290903104488,20.508909598244998
14061,-103.9944186513643,22.222437653567408
14060,-102.75352554033192,21.263849927460633
14059,-103.07252538310242,19.894236108477788
14058,-104.81405100683047,20.57894271907978
14057,-103.10782851476955,20.02150839680339
14056,-102.83864764432349,19.52919179558626
14054,-104.10030957312838,19.840790367534552
14053,-101.87964821349628,21.4940092860307
14052,-104.03664827541847,20.05423929451945
14050,-103.41717258488988,20.314508305246534
14031,-103.66493944906706,21.73188199307489
14049,-102.88108392938966,19.32951599472774
14048,-102.11985680594779,20.63546455504046
14047,-102.68566598569306,20.280127694540358
14046,-102.48933123637313,21.19166291857366
14045,-103.22780306496009,20.898557678211915
14042,-103.91620399554671,22.583696564725393
14041,-103.2339765517331,22.318546738127104
14040,-104.07539868323326,21.057461059484925
14038,-104.42155539980811,20.678902929722707
14037,-104.19511592628912,19.801052728389152
14036,-104.12375915448969,20.743603659927007
14035,-102.19147139764489,21.555701832224287
14034,-104.08161322108445,19.912412039858413
14033,-102.16778182439162,20.447888619926307
14004,-103.62257477054791,19.99994340778512
14019,-103.92280254737148,21.876338162377728
14001,-102.90915017479131,20.77004948552808
14006,-104.08053441091539,20.54166073432463
14007,-104.00676957553667,20.80909971173581
14008,-102.30060991678843,20.766434203201754
14009,-103.67900536932329,20.754969355796817
14072,-102.02344963008683,20.970118624040744
14080,-104.82611429272374,20.852449788145513
14081,-103.18127238064301,22.193303382728647
14082,-103.59463517413865,19.861759010366804
14083,-103.68218480357866,20.60741709881527
14084,-104.95347150871552,20.29944094763189
14085,-103.17927893315702,19.68747171383187
14087,-103.19252235928069,19.225294911708477
14088,-104.02417406314997,20.259220647118386
14089,-103.57525361988112,20.09242911577433
14094,-103.78095312411449,21.112457436542105
14095,-103.83237938790872,20.67925526084128
14096,-103.07106392151691,20.11961894806594
14032,-103.88017613139772,20.082280907952832
14030,-103.18790258890137,20.25985722128365
14029,-103.02870818480771,20.952399036476496
14026,-103.2364193452625,19.982412171970488
14024,-103.82445044682576,20.39035004889452
14023,-103.51032818632301,19.710770677692917
14021,-104.47015219825713,19.602945721880282
14020,-105.40662946086096,20.342387781851475
14016,-102.34291930627091,20.488817849245375
14011,-104.27391602852937,20.318072394708608
14013,-102.53960612852063,20.547562912655955
14010,-103.73164492597179,20.172949331426473
14012,-104.5506651533015,20.336730992541888
14073,-102.29434417391182,21.26969270427391
14079,-103.41717663954914,19.85645364307191
14093,-102.72083432607997,20.814839050925507
14099,-103.9305585547257,19.55288688177984
14100,-105.16487395749088,19.979520606599213
14102,-103.9501710971887,19.847895667945625
14103,-103.53508064471512,19.432098587164887
14104,-103.47856548016318,21.958907074737834
14105,-102.74870994701607,20.54872489828826
14090,-104.16552050489013,20.14688508686387
14091,-102.55446922517088,21.48035425820725
14092,-103.34713767715695,20.108709248078423
15116,-100.25611097422959,19.060814041115087
15072,-99.56706654051746,19.138874951216252
15003,-99.8333387473396,20.115673387520804
15007,-99.98868830923638,19.250983691104924
15094,-98.84127627969782,19.00993750966154
15032,-100.18483545865487,19.316439088310215
15081,-98.98650028107917,19.7058334045813
15071,-99.83167053742407,20.22407480030246
15070,-98.94662298034105,19.36075320192769
15026,-99.5509313144266,19.825752335946927
15061,-98.71708153510143,19.812311314291012
15057,-99.29261100672127,19.471257287637158
15120,-99.07183753206502,19.809113434809195
15110,-100.12189553313873,19.17778380787478
15030,-98.89668805264438,19.55627553811263
15044,-99.08892205116489,19.73871642122327
15093,-98.76569295160327,19.56941145126554
15108,-99.11964113693213,19.679303594917744
15111,-100.13755584981553,19.387240092820253
15016,-98.72128868894696,19.763054191128308
15112,-99.47838575710469,19.721059218352895
15113,-99.6872820846741,18.973084406685782
15123,-100.40647465756372,18.940815608139086
15074,-99.98251493839668,19.653221862144527
15125,-99.05835096994784,19.681821818526963
15053,-99.1335401214966,19.709647589514105
15055,-99.583122479273,19.21108366847672
15073,-99.55127591325049,19.168874266486302
15015,-98.71705708636205,19.03110524568534
15014,-99.84580841762684,19.809849841341702
15056,-99.64175008660551,19.743469494045737
15054,-99.58825569165974,19.247388658791586
15076,-99.54224455040898,19.268951341299488
15060,-99.39174200590104,19.624970039295004
15083,-98.88376967459085,19.188929789411223
15024,-99.16332668429686,19.70637662178754
15059,-99.07441412373437,19.72991256950232
15009,-98.71655574292124,19.124884286872813
15067,-99.52993022832555,19.450238440840828
15031,-98.94723727012108,19.416072274430693
15092,-98.8706615812237,19.686314897017827
15066,-100.32029977256262,19.107343904939054
15098,-99.50642132481134,19.12964113782143
15025,-98.8316785571268,19.25359427386455
15077,-100.0368638211721,18.980051990800927
15078,-100.29822530186509,19.178335316659837
15096,-99.14957745168752,19.904645737232507
15104,-99.1701386579927,19.542742366986694
15107,-99.63755162014225,18.78090090719515
15100,-98.93140317873316,19.596913199108744
15082,-100.21303127996245,18.87377574074168
15058,-99.02269185603912,19.422575725557767
15064,-100.07914475016578,19.7951431131767
15109,-99.14528073180524,19.626206531215917
15023,-99.22219763126014,19.7899814763804
15040,-99.69083327213501,18.85069375351529
15039,-98.7790476565652,19.34279897026534
15005,-99.82943212104558,19.405344937343322
15086,-99.99713508766429,19.080979978608816
15042,-99.80702253548655,19.589592973310133
15049,-99.51447374025763,19.06756412208602
15052,-99.48563467626225,18.8819152352467
15103,-98.73196208865484,19.20889944583896
15050,-98.90407480540391,19.093591079047712
15101,-99.43215602116408,19.16229732443825
15090,-99.63027836648432,19.081347352036524
15062,-99.40627479033125,19.25951232057777
15105,-100.25707520939477,18.54447990419403
15068,-98.8096767256853,19.0217532875401
15080,-99.98915683378587,18.734577969447773
15106,-99.66698870124425,19.29626040973225
15118,-99.7983322150889,19.21482881283684
15036,-99.02800008888693,19.952409294750865
15013,-99.27403626654751,19.564804321888193
15124,-100.14560030536911,19.61712574489309
15117,-99.8128031932,18.715817411797136
15046,-99.39042921565712,19.506044259558735
15115,-99.46759091053015,19.43694814906109
15045,-99.59656149433977,20.019099832447747
15006,-99.49186517908323,19.15877692660015
15012,-99.4999673792175,19.175542684939703
15034,-98.73664201149995,18.968019134852653
15041,-100.27784194321069,19.257423492401404
15017,-98.81634825350103,19.124288072616682
15102,-99.71803375780863,19.896342745714772
15089,-98.87014298608334,19.151634282213273
15029,-98.87756539686951,19.406291702540358
15087,-99.60231039692908,19.485727485311305
15069,-98.85785199154834,19.55987895314422
15084,-98.88106109330926,19.819117718941676
15119,-99.55408155419569,18.800114603993762
15008,-100.26679373442185,18.70298963450397
15011,-98.96212456959817,19.54542839905173
15121,-99.22752628586754,19.652041538028463
15075,-98.832187265979,19.719768083100448
15018,-99.64325006827848,19.16553160924502
15019,-99.4605431369655,19.209823175040437
15020,-99.10238786239039,19.626287022204767
15022,-98.85888730430652,19.226026683781548
15047,-99.64160982670289,19.5860816374514
15001,-99.8715223904012,19.97293863959153
15048,-99.82359896274991,19.71718907061716
15028,-98.88386502231985,19.573026228956444
15063,-99.39640853856002,19.009231258807706
15051,-99.47485455878362,19.34508056554346
15085,-100.03699143976637,19.921261700380676
15088,-99.56921246494657,18.967017028187655
15027,-99.55010110437851,19.206489613078308
15122,-98.9483093341317,19.27640360278867
15099,-98.8276841235215,19.471673612675648
15004,-99.86678766963541,18.832956070081643
15043,-99.3592628845775,19.16524235026014
15035,-99.25502044913912,19.822629620272686
15065,-98.738384999955,19.656016519318168
15079,-99.5138665927151,20.051802273885897
15010,-99.14789123128266,19.984505866616104
15037,-99.33935471109916,19.383126678256822
15038,-99.4403683148194,19.554240321111042
15091,-99.16817708783695,19.762204392662436
15033,-99.04320410651772,19.57278070448409
15097,-99.94073096459027,18.940004178006706
15114,-99.992126359376,19.44274733754616
15095,-99.30618563201021,19.7252100944081
15021,-99.79935849588426,18.945532391461338
15002,-98.9198544629356,19.63377068358346
16045,-102.7534005267948,19.977494755478745
16093,-100.20657463012928,19.77988375757697
16092,-100.79536698441954,19.057179477825834
16088,-101.1574956028934,19.81648263932636
16085,-102.24867450230876,19.872596029554487
16084,-102.45363696392374,19.89024382856224
16074,-102.87921877065453,20.111945628125408
16055,-102.12379652797836,18.97109574333906
16061,-100.33275754028944,19.577176297348412
16073,-101.53865728361824,19.69517247942373
16104,-102.5863925319551,19.99375858924275
16089,-102.85829494305453,19.068195024781485
16103,-102.66619162053702,20.143058835682062
16102,-102.10563665638695,19.44363415621931
16071,-101.52802415617512,20.115707181472192
16064,-102.21228257244536,19.06205675543331
16063,-101.78164301920091,20.001741783018236
16062,-102.52572881605475,20.145154344353543
16060,-101.95974498779147,20.25067321687081
16059,-101.86367349232408,19.159112741643664
16058,-102.19571993518402,19.40823367029693
16057,-101.21592471585696,19.093485557034477
16056,-101.87954283650579,19.645173838785396
16079,-101.68807449058367,19.38121094021174
16078,-101.03887758855512,20.039248122976847
16018,-101.22139491742115,19.916276586414178
16019,-102.69995320046021,19.759081090160823
16020,-101.11181562528064,19.980589584773547
16021,-102.22796207945413,19.69241540531634
16022,-101.01329975970265,19.668911110143647
16067,-101.89559831060136,20.10383503588347
16072,-100.84676349768085,19.72647399248347
16086,-102.34177499181182,20.2592419096402
16087,-101.89509725252286,19.329306667295405
16047,-100.51868113240903,19.433334214828225
16046,-100.46017130350782,19.292818804978804
16012,-102.58385969836773,19.203872805305203
16065,-102.07104359314347,19.65412357852886
16066,-101.59900711092199,19.494493619094236
16068,-102.45260130718486,19.495286168809525
16069,-102.07230292581997,20.30557978926205
16070,-101.99200535961293,19.910715827163187
16083,-102.34700585388796,19.33114094525623
16002,-102.76107491264568,18.77770553276833
16094,-102.06086886660573,20.00591556072996
16095,-102.5936896798458,19.646394384903758
16100,-101.54951855621582,19.60994728088404
16105,-102.4698177113949,20.26621883494165
16101,-100.91400384081058,19.431617551434208
16111,-101.9090359586514,19.428523614448032
16034,-100.67788914714279,19.612600419971326
16017,-100.20758036731868,19.959304768379102
16016,-101.62724184271225,19.79529086643779
16015,-103.08595820076495,18.67965023112322
16014,-103.61537172214133,18.74280635503233
16053,-101.27909842866757,19.666590500805658
16052,-102.37537822072498,18.088391129506693
16051,-102.96782526804827,20.044820359478148
16050,-100.42894439850315,19.889435576292893
16049,-101.17021000758422,19.34246536373638
16042,-102.4057107597775,20.15135938177221
16041,-100.46799163003507,19.71679713561136
16038,-101.10505569249052,18.653868151450997
16037,-101.49646986724389,19.89194767359534
16036,-101.27775857514659,19.996127299086044
16035,-101.92115249850022,18.84195635823392
16023,-102.44669796887334,20.044023311800693
16025,-102.10115917138543,19.8133496171494
16040,-100.94214993430693,19.766019052916942
16039,-101.45705334648636,19.521539165428358
16026,-103.40892916426674,18.763893587963135
16027,-101.3621831003564,19.896947270259165
16028,-102.0780213040089,20.12888997831933
16029,-101.61622359528148,18.6892412340059
16030,-102.2434090573449,20.15555478166573
16054,-101.4429873408085,19.989828082324074
16033,-102.0071289524437,19.15881414137269
16076,-102.76628878399615,20.055137457154707
16075,-102.39533110433942,19.65283744339795
16080,-100.3423237188002,19.746173829722718
16081,-100.4068593595774,19.191200904792446
16082,-101.4520076733983,19.25483248812042
16099,-100.61793932282147,19.221798908280157
16003,-101.02174972909162,19.87353385669364
16090,-101.8506445077646,19.51388496377956
16091,-102.50040982642396,19.78672988096721
16048,-101.411186699339,19.57799593620793
16001,-101.33999411225138,19.46582787653633
16024,-101.9897305062979,19.73461584783617
16009,-101.7066638249966,19.156309433004033
16008,-103.23567482926818,18.37403553188824
16007,-100.39541832254073,19.661978840572218
16006,-102.42331372078029,18.938170284205828
16005,-100.29851909727714,19.62922616026066
16004,-101.72775411996224,20.13890303928885
16011,-102.58978681085799,20.23754008662378
16010,-102.27067336153576,18.36406726187614
16110,-100.76927790338472,19.870711443017992
16109,-102.01153813619287,20.18248112624294
16108,-102.26406194460809,20.03297871557346
16107,-101.82785845303246,19.824134301677535
16106,-102.21950548789611,20.29926467839493
16013,-101.0363061216789,18.968824931586372
16044,-101.70438383983188,19.926828096046165
16043,-102.31599349449708,19.93493840619464
16077,-100.76286973883387,18.56725620005685
16032,-101.72520548083172,19.619785043080153
16031,-100.28933366120667,20.147339086463816
16098,-100.48786976881169,19.568328904528567
16097,-101.4221082172704,18.932073208499876
16096,-102.51002356081877,18.55025226729081
16113,-101.56692409630114,20.25691414684056
16112,-100.33794087440914,19.43822237512826
17008,-99.18088991831497,18.813723106874523
17003,-98.75210641766262,18.525236237886634
17036,-98.69259656055704,18.87608967235935
17029,-99.05234568419753,18.872232540104186
17018,-99.27223491660153,18.842528585316792
17014,-99.36540958998471,18.68591139271749
17019,-98.89424482016847,18.57477254042008
17006,-98.96179684281425,18.82705696892543
17001,-99.38667721128827,18.58999776079386
17025,-99.07472141834393,18.499129661945837
17002,-98.89449347572489,18.93504691872288
17026,-98.97502542609352,18.954024627852412
17023,-98.99023261653021,19.0387027296873
17004,-98.97896251478987,18.716215171012525
17010,-98.76470362808912,18.68540265306525
17017,-99.29575416563884,18.55101038147089
17015,-99.36947029174299,18.825304167179524
17022,-98.71196869866425,18.912651927113895
17009,-99.23661999191727,19.05758833075858
17011,-99.16644317632762,18.88515559538865
17012,-99.22252579420737,18.58454372485438
17024,-99.10823828525582,18.704949668036164
17030,-98.85680472834224,18.852694752354207
17013,-98.80940660351384,18.663754419361958
17034,-99.31182470279906,18.734933937250347
17020,-99.10525311469608,18.98439436943319
17031,-99.20270637608125,18.65565135975669
17021,-99.41238629881707,18.69273287857084
17027,-98.9180240510888,19.000432867731273
17016,-98.78095324985031,18.881569254553185
17032,-98.7537905803485,18.806873422589998
17033,-98.79048643128027,18.759238636960553
17035,-99.24684241983354,18.683350702274957
17007,-99.26301882359529,18.93887607368521
17005,-99.44576929903424,18.73182730503137
17028,-99.23526583257659,18.761895587128155
18009,-104.65709963841405,22.129067180393555
18003,-104.40144196694175,20.84846803997864
18015,-105.32278360737162,21.854098136846613
18014,-104.59032405287455,21.356481840539054
18007,-104.39931182759797,21.184070133591934
18005,-105.24420843799835,22.788535387396514
18017,-104.84060448858897,21.625312954165615
18013,-104.74878821052947,21.161071245506157
18012,-105.48692995133123,21.567341522770462
18011,-104.96255251218261,21.99110204081007
18010,-105.21453151952103,22.117705202162252
18002,-104.57633455118507,21.041109192748813
18001,-105.25894816563219,22.46483418185303
18018,-105.37441419102326,21.96155505044707
18019,-104.15088359081919,21.54281219528934
18004,-105.05712695444981,21.13178040692466
18006,-104.3069470089608,21.033424916283764
18020,-105.26877011107352,20.847797253332242
18008,-104.95399911481286,21.393734074926986
18016,-105.51964281764215,22.337072863603222
19035,-99.4935080736945,26.04892624759549
19036,-100.16039999386916,23.417912751340655
19002,-99.70307484606549,26.298707652547176
19013,-98.97240144241724,25.48015451428881
19014,-100.30625846654043,23.86010448548635
19032,-100.41820779939306,27.050836864284808
19001,-100.40593432191932,25.94053908743884
19031,-100.12139819225368,25.614082558986702
19015,-99.03086564966767,25.964086725341385
19043,-100.12772459649838,25.065819291624933
19048,-100.48385527208788,25.57460606178891
19047,-100.45318201179373,25.999397928861274
19040,-99.60154613566006,26.583037977088985
19037,-100.78626841822808,26.28557917482434
19027,-99.41423197736111,25.916074671193737
19020,-98.84841035192154,25.80331046080257
19005,-100.02534655868202,27.34214935049487
19019,-100.37474962219028,25.644593219953766
19041,-99.97712675931632,25.736764370137276
19008,-100.5617843421267,26.571706661446438
19026,-100.20559080899858,25.67275621097677
19051,-100.34806141710905,26.469700183009
19007,-99.88650100382456,24.22511372196765
19050,-99.88475472276846,26.648101532606034
19049,-100.23731483286701,25.384892946670234
19034,-99.9646103628287,25.874513679715665
19045,-100.27037726065949,26.161047856430063
19038,-99.80837261647439,25.126301253733228
19033,-99.52921167536864,24.851766473808752
19010,-100.35687647139939,25.900766825949148
19023,-99.44595932121402,26.212644048135154
19009,-99.91417747666503,25.524586276535857
19029,-99.67808816885659,24.883786745133353
19030,-99.8487077139691,24.638413619924254
19006,-100.18737248753143,25.792537924683145
19028,-99.99750001738751,26.03316376736614
19025,-100.13481169610148,25.911387867892792
19046,-100.27068457489489,25.73607203994684
19021,-100.35556693826882,25.821862368399408
19003,-99.273472327203,26.09150167711457
19042,-99.58765909282387,25.653305843512868
19018,-100.65976879898831,25.809006279110434
19017,-100.39227918961656,24.760504917917892
19016,-99.80497201407289,25.849247691271525
19011,-99.70536559023246,26.07231359580108
19044,-100.14928020089746,26.575097854810252
19004,-100.0295103570964,25.301429916160625
19022,-99.41300877571959,25.27586976443062
19024,-99.74016563274466,23.90102513048139
19039,-100.31094373869769,25.64463609851659
19012,-100.18542747239917,25.977454128603906
20155,-96.9560282751992,16.591932353750927
20481,-97.75978281737655,17.006468446560838
20378,-96.90533239460015,16.78999486190926
20334,-97.53738671429566,16.07755474074747
20437,-96.05366936220773,17.114282474196823
20441,-95.02633297550942,16.363460838649782
20446,-97.80327158952491,17.035113563488864
20447,-97.97373501266881,16.77871666816215
20469,-98.01876721732829,17.19416443020156
20440,-95.61525901162236,16.62292323506427
20513,-95.21865994366824,16.85408041803882
20278,-96.43906064365525,18.252512437053706
20457,-96.16645079863729,17.527489543753948
20482,-98.1214195887453,16.29232033704037
20329,-97.27479656833904,16.99570392493988
20330,-96.62866460081385,17.99027462665485
20170,-96.33495980849608,16.401568966361612
20230,-98.12382598517831,17.631896724568193
20184,-96.09253102540647,18.028556284253632
20214,-96.62624233596134,17.662723533045288
20220,-96.76247829507989,17.739661827430446
20262,-96.45640326912027,17.200150828599472
20266,-96.096216429788,15.945173613092237
20265,-94.40985002464919,16.652528217283344
20318,-97.06963915319218,15.94957178985578
20327,-94.21528902479663,16.28079704038457
20556,-97.50146189377779,17.777174281619033
20005,-94.95644579640623,16.661977178803927
20517,-96.07777698293098,16.932549018540715
20565,-96.76656561839883,16.9496811269936
20503,-96.25156758676358,17.21685669699921
20500,-97.53113094539047,16.850473950531576
20059,-96.64606816030525,16.348382055531
20177,-96.96901496518736,17.74116533443089
20364,-97.29618361310895,16.177337730890095
20057,-94.99096241258549,17.155601286699948
20544,-96.67068803788364,17.32775412291545
20410,-95.86505088764063,16.233360655583976
20435,-95.98910990403711,16.951304371980164
20417,-96.13156852873455,17.8498497105441
20439,-96.68184261465032,15.772669581591957
20251,-98.42138171899505,17.646891484385318
20467,-97.78524597360372,16.202023235800077
20559,-96.33475965837752,17.79730833476917
20169,-96.64248264990373,18.257626772419545
20118,-96.50005507612777,16.896724355651113
20568,-97.83488094053835,17.882508709929883
20460,-95.91606778753945,17.37642933320605
20044,-95.89103684369684,18.000829617069414
20507,-98.36464271219256,16.32882517214041
20515,-95.39158882927288,16.22167360703286
20516,-97.27721956289717,16.57572370827726
20051,-96.55748248085992,16.890164254249918
20041,-96.79997110658154,18.144582319428984
20042,-96.33934586325876,17.49463411921175
20071,-96.42787897711426,15.91937226766732
20223,-96.1821430932066,17.410510845475105
20190,-95.49676854468296,17.318342674963603
20097,-96.22329219450175,17.27677047348749
20098,-96.59951299263238,17.94475686344843
20101,-96.86062185585277,16.601050076552823
20104,-97.04503123407868,16.834054649686347
20413,-96.22319309432609,15.796106044459904
20120,-96.24323416597045,17.24527794287302
20121,-97.31414853613228,17.584421341973563
20015,-96.6358052051129,16.51404985791992
20125,-95.96222599268259,16.414681033212098
20124,-95.14616947866479,16.357891584612
20020,-98.01048603780774,17.061458421284453
20153,-97.04525258182365,16.050622389519454
20141,-94.47041065196929,16.232708362347914
20147,-97.33402219942883,17.363327342109567
20150,-96.92811592267155,17.37210910536805
20164,-98.09156832035966,17.689140846230064
20204,-95.91790162549417,16.511415554965467
20035,-96.49910688225424,17.314676901343397
20202,-97.1169609711037,16.209284643316614
20566,-97.38215841669864,16.78047668320253
20217,-97.17101542623251,17.116403252597134
20016,-98.21717116190551,17.216018371465058
20229,-97.1864595042391,16.526866946698675
20232,-96.36251403952382,18.034233312906704
20235,-96.47892371706979,16.45326353196949
20236,-96.40398792635334,16.040575549435697
20525,-94.33233186980696,16.464494312481584
20526,-97.18830956127357,16.080744557311043
20052,-95.65530431058387,16.347769408614518
20290,-98.13260877717735,17.77629358390377
20043,-94.93108609495543,16.381600900869913
20079,-95.21970701606601,16.1933494626235
20207,-95.4207650488965,17.13202593630795
20356,-96.46539064878557,17.011513574805182
20340,-97.70628701932834,18.08848319701324
20218,-97.4300124326837,17.0774115234066
20386,-97.48477402023948,16.46934590493209
20179,-96.80747230839467,17.439180014506757
20524,-97.70071799346039,17.634455079935254
20264,-97.19821383760784,17.626802943916612
20333,-96.229206203269,16.66283970622187
20198,-95.11216017492728,17.054067090576705
20365,-96.4984538502323,17.180507506220966
20002,-96.53955831604324,18.452150206754
20006,-97.16777818038845,17.448016521603602
20008,-95.7661901935156,16.226117536489305
20009,-96.16679416561824,17.714638334830294
20010,-95.04302988404254,16.78827461080543
20414,-97.9263846142841,16.20861759186713
20291,-96.79000707347133,16.1702599149482
20298,-96.29488730621532,16.968795806143625
20385,-96.74641125916249,17.01753483750372
20023,-96.80141978940507,17.00695866434241
20306,-96.47168398485017,16.01581781165386
20310,-96.82268319055633,17.051744739074312
20309,-96.55144660285981,18.15914037565346
20324,-96.41289261676313,15.789059727361375
20337,-96.13497563536538,17.021739776169557
20351,-96.72651353616014,16.40190061006377
20562,-97.39500715911502,17.37852921849512
20426,-97.03342267915801,17.04843849501676
20427,-95.07196945299488,16.884618068312136
20021,-96.66187234299647,18.579869038549088
20175,-96.76855889772035,17.588902369844167
20466,-97.69831744221005,16.538181471286087
20468,-95.9825866841339,17.655735727891745
20470,-95.52611093994956,16.773689011508274
20479,-97.38694451447208,17.428352860726317
20498,-95.49062377233149,17.49926607854241
20133,-97.6919750665785,17.07693217281433
20134,-96.53509410535572,18.069642853080122
20138,-96.26463921375564,17.18085930517743
20149,-96.9058417726306,16.514158397754596
20161,-97.03577165159267,17.39054408422189
20159,-96.9696362713392,16.20444575191658
20047,-97.48178260635656,17.806604329044934
20094,-97.06315286455275,17.233958304864238
20031,-96.02215195686472,17.03726177315876
20279,-96.45842037101944,16.080166294037486
20401,-96.92217701173398,15.86191835915919
20367,-97.83912421362155,16.339708345438634
20359,-96.6221384948074,17.396219376409007
20511,-97.06674624491754,17.17379321013918
20096,-97.29610098418001,17.484684063312315
20504,-96.64657407455158,17.261072115497452
20537,-98.14391527549574,17.56074382640356
20543,-97.53493496568728,16.309650014187753
20548,-97.30108125491928,18.00688084610601
20076,-97.86336339806883,16.647646379646684
20463,-97.04696764192933,17.486253383520225
20436,-97.05048703039728,17.72236695571203
20523,-97.3482128479777,17.53296534119406
20054,-97.22490731424192,17.39043665074746
20168,-98.25631585052902,16.37783766680421
20185,-98.16341451825933,16.64171752633361
20246,-96.1969602517993,17.152971417322746
20277,-97.05817242764128,16.513208982339037
20542,-96.76929900225564,16.571304152248832
20357,-95.8837987008611,16.604250294114028
20489,-97.67742603511876,16.34168929380597
20490,-96.97874099361935,18.215123562251456
20502,-95.88492340448474,17.19424318163957
20163,-96.9290253120693,18.153795525256488
20166,-96.12364372590545,17.91467961648675
20237,-97.90379061764156,17.737503854578694
20506,-96.21034950693607,17.07121417716609
20508,-95.17368703679264,16.629977209073616
20205,-95.7912996910296,17.493293322733418
20271,-96.9478569765005,16.75754833470474
20545,-97.11220691284538,18.107374733574915
20546,-96.51728665707978,17.055669721793166
20547,-97.53849856656869,17.748639331130345
20186,-98.2707109819614,17.86540369760146
20227,-96.80355491947437,17.129041672615426
20261,-98.01943390655867,17.886718674192487
20552,-97.47553414955026,17.87201042554356
20550,-96.54869545919752,17.007715698266754
20253,-96.3387781081838,15.971726737541537
20254,-96.52521991701778,16.121308986094522
20272,-97.40048731731554,16.238654080667636
20273,-97.01206796407592,16.928565240811206
20275,-95.78021452488791,16.97566915095309
20551,-96.35933974374613,16.873581649966273
20553,-96.61637856162771,17.09413015459964
20493,-97.31486848357356,17.46769859706503
20554,-96.02111976867654,17.245021603136294
20555,-96.79235435185554,16.92951197433185
20018,-97.44279614432725,17.99029893723153
20036,-95.38938667540556,16.838766533754576
20338,-96.79316818081173,17.19515327835791
20344,-96.8712466429895,16.08850744511662
20366,-96.71876660975374,16.070953695987765
20377,-97.68135219148951,16.728210590159353
20451,-97.13618567897996,17.64968463538838
20404,-97.26064175280403,17.56576115387789
20407,-94.38858986893418,16.94691494354269
20558,-96.98822757956489,17.765043454668138
20561,-96.44798802988062,16.70864517565735
20056,-98.23679639172197,16.542121145994926
20563,-96.7978119218031,16.442352611182084
20497,-97.23788247496257,16.208561560219998
20549,-97.85848884017638,17.58223651506628
20564,-97.2964329391344,17.077312610513832
20099,-98.3864216893263,17.659362749527517
20491,-97.30913896301215,16.721131657930624
20379,-97.71830902789527,17.154893341131576
20494,-96.97125179179002,17.02712838646087
20499,-97.57442862242736,17.469819147494228
20058,-96.91094103832145,18.029362253560983
20569,-97.14139157212324,17.274886525391178
20570,-97.03468644858634,16.780242845710397
20567,-98.39695394687095,17.776169592944527
20423,-97.50135521925759,17.407710341506665
20528,-97.9502489892915,17.42283085100086
20112,-96.50736062654008,16.766331856913755
20510,-97.52394023705395,16.909083227053973
20129,-97.38361152181304,17.725418549676466
20371,-97.53434493275881,17.061847064359338
20424,-96.34926291882256,16.099119070273957
20406,-96.74619533032747,18.293066658780813
20422,-97.33240575674404,17.64628419530361
20450,-97.52083739131406,16.631555957738772
20075,-94.4458029835955,16.392523737802613
20501,-98.22059139970345,17.614356708592503
20505,-94.73155001529447,16.579603067911137
20459,-97.71937990336454,18.199852944471886
20477,-97.26633942819295,16.439542072181492
20484,-98.23469649310346,17.734065394901734
20485,-98.46604216529002,16.332966244071276
20492,-97.35342428816845,17.21022038961592
20495,-96.21860292348053,16.00452331138107
20514,-96.07089973852224,17.332219337991095
20534,-96.83351006475323,16.37277149119137
20117,-96.75480881119451,15.943843884269558
20512,-96.31440739041224,16.175971809739096
20518,-97.34050876596913,17.401795581726287
20206,-97.03923187928172,18.0443343779796
20521,-97.35338109594784,17.607263676786495
20001,-96.63383096112632,17.490148273855805
20256,-97.429506752938,17.805049099734756
20003,-95.92690348667385,17.033827860702914
20263,-96.68013334343813,16.166623363364966
20004,-97.65270128686764,17.92949306250546
20007,-96.72575005622211,16.762887840065027
20267,-96.57438022818651,17.32747007920406
20011,-98.25384791403204,17.545731790894035
20027,-96.74873513621073,17.992467525390516
20030,-95.03952929690777,16.467169378197923
20519,-96.5908862703598,17.072017881753787
20034,-98.16428987819191,17.754447287726506
20013,-96.7663635607235,16.893781891939135
20017,-96.85145025340552,16.579797710644172
20049,-96.71496586838329,16.708591647724376
20520,-97.98595538248902,17.681344954429925
20019,-96.85391388103044,17.867687718997
20022,-97.8016664143419,18.138034119732488
20024,-96.85730117866514,17.966127370273774
20025,-94.20463877289997,16.273893375047297
20026,-97.56232063420333,16.98683094404191
20029,-96.86926632562756,18.19464450535375
20032,-98.12916110759889,17.9298776268358
20033,-96.80207198323642,17.17716236740605
20050,-97.55387677340865,17.240456203606765
20536,-97.43559267336049,17.430344319131358
20037,-98.00991621832381,16.922328654264327
20040,-96.78392224960179,18.07265951303227
20045,-96.81522872923452,17.247150739000634
20053,-95.25266435399098,16.510835654118516
20046,-97.24205479414614,17.26115371246314
20172,-97.50054434806788,17.350005963866888
20048,-96.90874514152219,16.89634249645561
20522,-96.2913389129174,17.125219664538438
20456,-97.73443945971124,17.73109932978153
20060,-96.10404385060873,17.165384669650877
20061,-96.63096926990056,16.37315749039392
20062,-96.42624414898444,17.30173126606893
20063,-96.82934437767177,17.181177130061872
20065,-98.01434836482937,17.50415747313114
20069,-96.7938784679416,16.62350088911234
20070,-97.96606238541473,16.403677968643972
20072,-96.66506197083876,16.672079308020944
20074,-96.27024819343906,16.309179280007992
20078,-96.63614374498441,17.002408605182886
20077,-96.8190603684597,17.209939443572647
20081,-97.99340657073752,17.589168701081455
20092,-96.86490843001879,17.0587740454564
20080,-96.81378987037358,16.51378570932156
20084,-96.7182536146211,17.20125827032718
20082,-97.80466945828778,16.44970425324598
20086,-97.51573357444765,17.198267031940173
20083,-96.68558624889152,16.991969016875426
20087,-96.6794532869006,17.080693452982224
20089,-97.68873416170882,17.698527719242126
20090,-97.9175008249403,16.34478099880512
20091,-96.66728543761005,17.12745989599639
20095,-96.52494694377263,16.211691018994273
20100,-96.13238116756654,17.29030993378188
20199,-98.2902425503986,17.764346510372107
20102,-96.90296882806298,17.184198695164852
20233,-96.45349536421098,16.879294791105085
20103,-96.69253325157548,16.813934872028838
20105,-97.74396157293536,17.51847939843488
20107,-96.69181141009989,17.02410985579161
20108,-97.14295683805028,16.92059050342129
20109,-97.16450467343144,18.146148576915323
20110,-97.57365124887292,17.153156507507873
20111,-98.04782184915467,16.5406966590682
20527,-96.87525647842519,17.793676752462407
20116,-96.6755149366646,18.050075988674088
20114,-96.21060300933023,17.220407665211145
20115,-96.6956079863471,16.941139972703184
20119,-97.45257490974126,17.223978771530238
20014,-95.08932817320503,16.6233859183104
20123,-96.91717393006552,16.844414861616464
20122,-95.92802515771496,16.4255022721038
20126,-96.38300081512868,16.307316666631657
20127,-97.58107474287353,17.282375728523224
20128,-96.17494256177137,17.351435600362084
20529,-98.00589823705398,17.772412207681008
20131,-96.30205754905954,16.78091587821691
20130,-94.74047649781544,16.337563769062466
20152,-98.2633210321004,17.476364943148234
20132,-96.66416863202686,16.749905149264276
20135,-96.8852276705925,17.09289549781452
20136,-96.50708890797071,17.820288049003608
20137,-97.36766981533512,16.858081932777278
20139,-96.74519524045057,17.905568484449407
20142,-96.93617701880186,18.1952334472887
20140,-97.31435084885163,17.4170079512501
20160,-97.86886437315214,17.80672537942885
20143,-94.51306970070469,16.352689788122138
20144,-97.27506974154363,17.34649040987166
20145,-96.59580818136673,17.026343294765876
20531,-96.91192684343515,17.14686620355767
20146,-96.38012072401027,16.373422904812124
20148,-96.20194274353214,16.093355856959292
20151,-97.5435243985268,17.89041056804661
20157,-96.75742415303252,17.095366014787558
20248,-95.04560096008376,16.209295803569567
20158,-97.36595108093344,16.50327087816255
20162,-96.5713859099239,16.704052384467055
20176,-97.26240451915592,17.720607568627923
20165,-97.97217057210447,17.954417214382165
20167,-96.49328340620572,16.280580409682237
20530,-96.63768340547598,16.866571334867448
20187,-96.72865827949286,18.058336582087215
20171,-96.66803669716313,18.1608428366782
20188,-97.91066300486582,16.49514941171899
20173,-96.48836158413744,17.4641106549438
20174,-96.71619628227334,16.987316377092224
20191,-96.50733251873021,17.279219775953976
20196,-96.53931566259527,17.400904815615444
20178,-96.75914743411593,17.237986316566726
20197,-96.54151818120204,16.95390462445595
20180,-98.34378557432244,16.514871896105902
20215,-97.29178129500225,17.448295790611464
20181,-97.64327105932385,18.000005172394058
20480,-97.70128786151903,17.33506430211527
20182,-96.5924092276581,17.87300551472152
20183,-98.3222158832703,17.590708978424605
20189,-95.95654868632306,17.3289876785319
20192,-96.67164791733796,16.82825632555181
20193,-96.7792401314849,17.329442367622754
20194,-96.16134168873154,16.891774505216034
20195,-97.3896451052317,17.277780039057845
20210,-97.75488257259718,17.426138665982272
20200,-95.89102918869965,16.874657425845935
20201,-96.30172026608557,17.32400941641099
20203,-96.54576993261469,16.568428649094553
20208,-97.85587446072235,17.337692839409133
20209,-96.31317112256345,16.246685486268678
20284,-96.56435370335085,16.77563225329508
20219,-96.59773287581083,16.89453531605319
20216,-96.21850221025706,17.318611214515837
20221,-97.41575057213619,17.587255859087836
20222,-96.27994596422101,17.441985214039253
20541,-96.29400261652684,17.384138882912335
20224,-97.26897563243406,17.523427745970892
20225,-97.87785164446825,16.411229001672922
20226,-96.23847731346947,16.891019563310156
20228,-96.91726965971394,18.216345854947388
20231,-95.68976366242953,16.93780824518875
20239,-97.60894894468147,17.396293281431888
20234,-96.91588452872207,18.112341462809297
20240,-97.85577300851217,17.217356100778563
20241,-96.85417491243334,16.616376551337336
20242,-98.24502634038454,17.361690291961086
20243,-96.69191462727628,16.87574478057347
20244,-97.03089665691252,18.107394379089882
20249,-96.86894607444405,18.141182294264397
20245,-98.07094569582344,17.816544422919183
20269,-97.61586434738464,17.0785488392221
20247,-96.42087508391361,17.318043655608427
20250,-97.26290269188803,17.42258592147684
20255,-97.37110038230333,17.003949814733883
20252,-97.49477571950841,17.14498996932098
20257,-96.15075543972819,17.245888811103598
20258,-97.47351704140182,17.30661244596753
20259,-98.33212089370552,17.6828877934108
20260,-96.70426428170249,17.433896144783525
20268,-96.73659872986394,16.596188267536032
20276,-96.79767435398769,17.919868064886217
20281,-97.29104441201217,17.37886155569283
20274,-97.21635102855777,16.98105528497352
20532,-97.78216090593605,17.114420264617404
20280,-96.23183028544993,17.367390792683615
20533,-96.58043295794505,16.24182866091189
20368,-96.61268170742193,16.79146778196864
20282,-95.54781551087532,16.231931525871072
20283,-97.31487322201095,17.824185412801956
20535,-97.0382154038734,16.652422604591397
20286,-98.01069282183363,17.442255243353195
20285,-98.10826708512647,16.440459465066297
20288,-96.35340035518468,17.34811129548359
20289,-96.74464889835724,16.430953870393132
20292,-96.89022352806292,16.982045694798945
20380,-96.58382336610605,16.952502954518096
20294,-96.8735890009744,17.3097465894737
20295,-96.80659777504974,16.818008121491296
20538,-96.53878572263221,16.360241137686273
20296,-96.52161205299608,17.52170496684357
20297,-97.47127784135901,17.007541316099765
20304,-97.10981989560021,17.52116825511315
20299,-96.21715397260712,17.125085272740694
20300,-98.0836630421532,16.677486940345236
20308,-95.14751578507011,16.2428573439746
20301,-96.7340241669282,16.741262744114085
20311,-97.02657148725945,17.686760415690774
20302,-97.9694557177834,16.518805522100678
20303,-96.26205051799768,17.163441582539583
20305,-95.1665378930236,16.46362021660553
20321,-97.57685607175873,17.810498690433725
20332,-97.35742825380589,17.45524330134013
20307,-95.782357440245,15.974162230774551
20312,-98.04209517645968,16.469499191896936
20313,-97.0714896455792,17.759250776774003
20314,-97.10906355434521,16.31916201475194
20331,-97.39129690880178,17.337346374838834
20315,-96.70424591033661,16.748307519247813
20316,-96.25358469071845,16.44215614778441
20317,-97.64380257623527,17.450087045600363
20360,-96.7319225532821,16.836398241437987
20319,-96.20957131414436,16.218783052994358
20320,-97.55182890313752,17.103914031626918
20322,-96.91127964335125,18.18336170206598
20323,-95.84078075940297,16.971771009192373
20325,-96.03444090711224,16.76726531756703
20326,-96.6408928487447,17.81951776031276
20328,-96.533960652855,16.643907291012212
20335,-96.38066497686783,17.423125352674557
20336,-96.47946295541666,17.633383791005397
20339,-97.50640469630608,17.50787197413281
20341,-97.48084460130538,17.57722365363849
20342,-96.75473821062822,16.982000624967302
20343,-96.6033089836407,16.984680403702015
20345,-98.14953574681878,16.52593177913273
20346,-97.67437870479766,17.519954135826204
20347,-96.42337531454606,16.205079420823747
20539,-96.8262935889407,17.160665315477797
20211,-96.20879708053482,16.106853978714497
20212,-96.0477195601057,17.489924685317774
20213,-97.3548263306983,16.342082854768567
20348,-98.09362864594146,17.345233154203342
20349,-96.63341726611283,16.951770271014734
20540,-97.58022291247927,17.690293132531714
20350,-96.67970025995523,17.04530227630324
20352,-97.99813480628859,17.835361515700328
20353,-96.73027790082102,16.334267602804992
20354,-96.88846507352142,18.224742818540243
20355,-96.80114895388289,17.98977348316121
20358,-96.86155253767724,16.743081625302214
20362,-96.64820693723921,16.294913902048748
20361,-96.24173869045083,16.329605541551107
20363,-96.5770786092123,17.213796642688138
20373,-97.55662532655478,18.020747589129172
20369,-96.73207042728728,16.883347832038414
20370,-97.55141112781081,17.334688564240633
20381,-98.16436901951981,17.82143435877685
20372,-97.67264562194863,17.00782135630581
20374,-96.88304007677357,18.157499093731097
20293,-96.73373856019904,17.163658362552297
20382,-97.46235031941978,16.918128705694585
20375,-96.68508677200846,17.04859121552726
20376,-98.21532766536649,17.570548471323605
20383,-97.56794086024664,17.376700488627247
20408,-97.60511354963849,17.343683553293822
20384,-96.6781327769726,16.337307630465506
20387,-96.79317452847157,16.78171587205399
20411,-96.6127707230748,16.992833016373126
20388,-96.85462540910845,16.921741286413184
20106,-97.49558964966256,17.742886318698552
20055,-98.12364656955751,17.827522717031815
20390,-96.69110444517088,17.064972904652155
20391,-96.62065271306709,16.180820123446406
20418,-95.47422741266497,16.51581301902872
20392,-97.73213794998026,16.94319276453622
20393,-96.66865516540594,16.724678449346417
20394,-95.84651066484135,17.079175200687725
20395,-97.08019867453949,17.624706724489386
20396,-96.81725582199773,18.10335035322234
20397,-97.69138495390068,17.231386279430293
20398,-96.89207675161397,16.677456132502815
20399,-96.78643950061124,17.08820055311394
20400,-97.64994742067765,17.86961651532266
20402,-98.31269805821711,16.428924488455085
20154,-96.45373628093334,16.289387094608593
20156,-96.13699514257598,17.373843551636224
20403,-96.71019514424967,16.970620288563865
20419,-96.54172771482894,17.362735333927606
20405,-97.63800587971141,17.593833531686553
20409,-96.63429045404598,17.02923844355869
20412,-95.3519414309294,16.736667404222338
20415,-97.99831484759228,16.61488163862449
20287,-97.44600256661123,17.75368363344806
20416,-97.15840798278593,17.850413652026635
20420,-97.0409212819534,16.737568663027307
20421,-95.27546173471073,16.424691674062366
20425,-96.78377253799995,17.80729118368164
20428,-96.05189663410603,16.304546055376854
20432,-96.15809194204614,17.378994354898992
20429,-97.02991764446787,16.5609320130812
20430,-97.39525648032743,17.13751767728866
20431,-97.09895010047669,17.953558930520902
20270,-97.14617379685856,17.75443673560285
20433,-97.18101783759504,16.16477698572457
20442,-96.29628791235103,17.27107141663894
20438,-96.73711514967508,17.92137086645698
20434,-96.97158231110473,18.174200874162253
20444,-97.4603017494187,16.882211833516127
20443,-96.41135163833984,17.20117805899743
20445,-97.49999380893475,17.107438476919526
20448,-97.35909623690895,16.642762556399475
20449,-96.37039804049964,16.55904149108492
20452,-96.72731056085055,16.796189890025307
20453,-95.6121325597922,15.977563186342769
20454,-95.92168740877499,17.096261823736317
20455,-97.97431758887578,17.919501625490305
20458,-96.3946307853857,17.615921869811416
20461,-98.10137705519416,17.430836872767316
20462,-97.68910352595887,17.803451104773764
20464,-97.44829637787092,17.881090570877237
20465,-95.58206134070228,16.927707189737422
20471,-96.2506391753451,17.414523554612355
20472,-95.26113507283067,16.623111354864182
20473,-96.32593757537613,17.200417060829746
20474,-98.26081602324125,16.485364377641336
20475,-96.42274206513407,16.829778647579552
20476,-97.71955785397161,17.981735405862718
20389,-96.75893492225636,16.805818641566667
20478,-96.91202674417755,17.52328857104187
20012,-96.52776268097026,15.89776325548475
20028,-96.73138520179117,16.59657935166252
20039,-97.79984213714607,17.85514462623236
20064,-95.7941520828775,16.66869002930603
20066,-94.58806296758073,16.519816879064013
20067,-96.72411298309699,17.102102928707634
20068,-96.7033905234737,16.761791724208727
20073,-97.89360728908417,16.998311185947728
20085,-96.62081210831604,15.97617440844334
20088,-97.79207313751805,16.84743391064274
20483,-96.91038478316514,17.231314449538306
20486,-97.46374840756701,17.66620037147301
20093,-97.52933054817666,17.589464390577273
20113,-96.7961776580032,16.036003905953248
20487,-96.9985749335524,17.2894178981263
20488,-97.39732970703433,17.7920729120703
20496,-96.39379088946623,17.272377866447005
20509,-96.63440643865381,15.833544797764748
20557,-94.82311358311914,16.487369380870092
20560,-96.38018996052648,17.05789100707009
20038,-96.16017661719975,17.181164491748607
20238,-96.72606087863515,16.656052099880526
21053,-98.13473622849321,19.82101885109959
21211,-97.56856487272412,19.747258064457085
21206,-98.0524755198021,18.580081455000453
21152,-97.7460852313341,19.12065716237583
21027,-97.48683435106204,18.142684183854513
21026,-98.4762116044124,19.106438666756635
21015,-98.05498934189276,19.0483173746616
21014,-97.80067420469715,20.05581126576906
21010,-97.12560386659538,18.421563890505926
21149,-97.42485870098344,18.55545503345368
21004,-97.76497589270882,19.026108099519845
21005,-98.67908220713821,18.759386577263523
21006,-97.86767554382541,20.026947581824043
21008,-98.13361541508739,20.061160498807773
21146,-98.07913105914699,18.6158977038239
21145,-96.82879542358108,18.379580563363408
21003,-98.10639516285889,18.15893029953828
21117,-97.81651821873706,19.247938418566946
21165,-98.63293289608303,18.73975192788916
21163,-98.00359388553167,19.14522103987655
21113,-98.27074378428931,18.113972180890734
21009,-98.19110991762352,18.23129066688536
21039,-97.79212010821718,19.913567159175713
21040,-98.04509583216903,18.96164453445428
21041,-98.25608870310192,19.116708569256783
21016,-97.93023513774975,19.772284881245174
21087,-98.91565460325667,18.307194207351138
21167,-97.85303576123178,19.949487354705724
21166,-98.43126726307503,18.721769743496246
21018,-97.69007407512348,18.375569926878963
21054,-97.43655000791543,19.735555995243683
21127,-97.92167923613509,18.198496308986723
21129,-97.29005940346514,18.2288679709846
21130,-97.55188335341343,19.04706602134158
21213,-97.79828786501328,20.29909396382593
21124,-97.38396154536301,18.31812756254738
21169,-97.93733172131711,18.496745908088855
21172,-97.78572636391839,19.818208033314843
21179,-97.35211297233664,19.13360907131313
21202,-97.65360579403837,19.93888292024884
21203,-97.77792381045165,18.695803060285012
21042,-98.18898178469192,18.44566363022021
21043,-97.50057419303039,20.027980381409762
21217,-96.97866144996205,18.377109435866547
21101,-97.58897931387685,19.963070445095912
21100,-98.10285354550754,20.245269918862103
21099,-97.42811835396627,18.733154674240247
21098,-97.86979778887998,18.668612303275243
21096,-97.69199975276295,19.151120306507387
21094,-97.67612800315356,19.46915152236781
21093,-97.29371503095649,19.281101226172606
21092,-97.7398711245842,18.532088115722825
21012,-97.51741571304855,19.102596365543317
21013,-97.30036134293746,18.356341531264803
21007,-98.28280344490479,18.575653223848175
21011,-98.54709828199188,18.010691676683763
21022,-98.60776453199847,18.823077658201086
21025,-97.40877373136408,20.083986771494697
21037,-97.81294687653413,18.401322365539652
21035,-97.11722598128111,18.245590934928025
21033,-98.71819757323367,18.745816131778703
21032,-98.78852420473628,18.19049020628352
21031,-98.16491536643814,18.571163130855222
21029,-97.60629398278927,20.07348885812967
21045,-97.42970257844486,18.977339212360796
21046,-97.40363261690335,18.639637792115433
21002,-97.22979690825065,20.109150427725798
21212,-97.68268012841864,19.71429503309588
21199,-97.35991268110263,19.722532762278743
21205,-97.67824386164976,18.76754696359347
21201,-98.33695528725038,18.658097524347582
21197,-97.90261919189517,20.326614807684606
21195,-97.1820574031365,18.53034636863705
21186,-97.49934059913029,19.84213781815449
21185,-98.53618958428612,18.68996183681147
21184,-97.83827185879949,20.12982105012695
21158,-97.4015975264911,20.1892002892215
21104,-97.8332938143417,19.190613331669034
21123,-97.7867528025017,20.111518946253298
21128,-97.72856372886731,19.254671707476323
21126,-98.39374418478492,19.03491858090465
21161,-97.54300832884053,18.553893528705807
21079,-97.859624942318,18.766926529469625
21194,-97.68723672452191,20.508347650891775
21190,-97.8480392853917,18.291536908696628
21189,-97.82119263607477,18.82844822197525
21188,-98.61219822316971,18.922464674999816
21187,-98.04886470684545,20.399823915555896
21177,-97.628863587021,18.655706838003855
21156,-97.44507649644096,18.461284942213577
21155,-98.3143281178951,18.052900776739914
21154,-97.73121296150923,18.859299886357043
21153,-97.96822079440555,18.887001718330964
21118,-97.82389503792628,18.96243235397147
21119,-98.28974502421826,19.024138337654755
21120,-97.27367968037969,18.497006465729626
21125,-98.34561180930531,19.010487358136427
21105,-97.67381237482812,19.55551618399279
21175,-98.47913806597879,19.000182816042564
21085,-98.44700281925289,18.50191316594513
21164,-97.87615644870844,19.011926108494993
21198,-98.60057344878129,18.095631053836687
21133,-98.35523359345095,18.65771981158648
21174,-97.35856826447828,19.863802750683206
21176,-98.54198339717867,18.614299244296756
21178,-97.99619061176456,20.37773970694893
21134,-98.50281480734886,19.346647787748324
21135,-97.76987806781607,18.01191660131566
21208,-97.99900408178164,19.96491683181965
21207,-97.58126537943981,19.854366695846224
21180,-98.58531417839271,19.36228007283124
21137,-97.49752511375102,19.223109701059872
21001,-97.93981907256963,19.103298445613415
21138,-98.56692369053802,19.079422707457315
21139,-98.13892795899227,18.141932528645388
21196,-97.94650761218925,18.278247794901617
21140,-98.34312311533772,19.072960811804673
21116,-97.11337839774207,19.25373264271668
21141,-98.04402952714965,18.040666756462283
21170,-97.4632677303587,19.47960511795516
21052,-98.05934147240019,18.648793055380438
21168,-98.6539929732079,18.64631455859853
21143,-98.5613307517753,19.244583287503456
21142,-97.61390976386518,19.153942614507567
21023,-97.3039821545195,18.93378558023139
21115,-97.63446326951353,18.948154986371048
21114,-98.1761511363598,19.007614184644773
21108,-97.58342927167867,19.32649569568898
21112,-97.91587237895575,18.069116609255715
21147,-98.04926439616233,18.40329447691526
21204,-97.4424695886675,19.919617009452548
21097,-97.8916990108314,18.9077221100597
21148,-98.38531100338153,18.974829795680648
21200,-97.64677605997825,19.847948865395786
21151,-97.86521341114734,18.88751325224815
21159,-98.25059037760093,18.729461707138817
21050,-97.07007899381,19.204721150556246
21144,-97.77232593869508,18.92651428848296
21051,-98.62590192464735,18.510364473676894
21055,-97.87923145064792,17.960244890427276
21056,-98.47000228228961,18.139553152772876
21057,-98.23887007386077,20.260156623369962
21058,-97.21355665272678,19.25826915363189
21059,-98.27957959898167,18.232928283467707
21063,-97.36461794096273,18.859029252234468
21064,-97.81315449720393,20.710531800950267
21065,-97.66750511550313,19.020715742272163
21066,-98.15113995424748,18.048377506260632
21067,-97.38012682236676,19.316412610536194
21070,-98.06783741875832,18.68378473752091
21071,-98.05172791612574,20.16620831121583
21076,-97.31016065924373,20.03060305716106
21038,-97.8263678065668,18.92018407254576
21078,-97.71329286226859,19.943745391516096
21047,-98.60061211460157,18.276493227790414
21048,-98.51333543827816,19.195599382548163
21049,-97.96597557778527,20.08875155672124
21080,-97.62732732578458,20.01468383749971
21132,-98.42850547196016,19.26895352323436
21216,-97.56684419837254,20.03336556247001
21072,-97.61946393625895,20.10152704458179
21068,-97.73117506881337,20.116761201091766
21171,-97.86667209140592,18.80630936586876
21062,-98.37625501838865,18.615588224384826
21061,-96.9266941993502,18.506778262277667
21060,-98.44113278531213,19.13216241483943
21181,-98.3428346155124,19.15649404740063
21044,-97.5732519119072,19.59665717035346
21036,-96.96593516031479,18.28234725087529
21191,-98.39755183299833,17.975075264430657
21215,-97.76051650627885,19.976537452642443
21192,-97.53057520161755,20.103812421161987
21193,-98.04172801657461,18.816193578224933
21173,-97.44935611659935,19.85436791778388
21073,-98.73039330163711,18.377048377199113
21121,-98.33585522056728,18.767411572352835
21083,-97.85840931077894,19.624040921146218
21081,-98.71231114692266,18.034440607624948
21075,-97.40112223257391,19.92182700208643
21074,-98.44877154365807,19.16711747892777
21111,-97.8768187901689,20.554903826666866
21089,-97.77797142164529,20.206397144715673
21210,-97.69260165650417,20.00414735467894
21136,-98.30643781808962,19.17266088105127
21077,-97.68415324313075,20.04314922269335
21088,-97.52647372050845,20.0786732107111
21131,-98.03047957493956,18.744801367056425
21110,-97.5355692763079,18.83500320416146
21183,-97.90980183439882,20.16730622237671
21020,-97.90906710282631,18.806010915710793
21028,-97.7529396659032,20.03082486384275
21109,-98.13735900481477,20.293267417975827
21030,-97.73104338313865,20.05514961354886
21034,-98.29173798105651,19.135231880258086
21090,-98.34545322948732,19.119323637835265
21091,-97.99657851228986,20.22369470094782
21095,-98.10248197181471,18.74182049661748
21102,-98.44710920808672,19.061198786090632
21103,-97.33753023398799,18.627516011311776
21106,-98.31913037099629,18.931663056646205
21107,-97.67181079171412,20.112424265460504
21214,-97.22246538853177,18.32743511818796
21019,-98.45228467608145,18.899067103307132
21017,-97.44089844219468,19.811675262974333
21024,-98.39350084755837,18.184680702819964
21086,-97.87593982013648,20.456144458196206
21084,-97.64143722721695,20.040637573122073
21150,-98.15695748569036,18.75717342141479
21082,-97.83348671039647,18.481654983139947
21160,-98.838732823435,18.450455667612026
21157,-98.30394372423659,18.353187490086643
21162,-97.78432040280165,20.008454487141538
21209,-97.52189198891217,18.277414623409495
21122,-98.52593278552332,19.231515600631177
21182,-97.88531339827914,18.857007328539364
21021,-98.54170882476404,18.547041169101693
21069,-98.51716651402089,18.769283467826224
22006,-100.441066877055,20.485438909834613
22011,-100.27860954131202,20.720225070896362
22012,-100.17241758625819,20.471954874756406
22001,-100.09862475543278,20.174907372190155
22005,-100.10056277138764,20.758263930900117
22004,-99.65701823228588,20.791381492881843
22017,-99.95255609822402,20.551169803754124
22003,-99.63559650737527,21.409235220987874
22013,-99.8299422264767,21.09766516436452
22007,-99.86668071857784,20.649279388026418
22015,-99.52075341091452,20.982662021824222
22018,-99.93443213945896,20.91795854615344
22002,-99.59268020237377,21.141738532677763
22008,-100.3142046471831,20.403841280272346
22016,-100.00037216086731,20.368908410730263
22014,-100.45270228072403,20.72880215921681
22009,-99.33158276265779,21.374569402931396
22010,-99.1918176620991,21.257682330796815
23007,-87.38279526546974,21.058416258528588
23009,-87.66536094833143,20.303627757533302
23010,-88.53123807235094,18.975599215561786
23008,-87.39987011806771,20.582051436913535
23002,-88.05592221495301,19.66971506965611
23006,-88.81574186753905,19.635976923209434
23003,-86.98631155504044,21.366084212809003
23011,-87.12995532239269,20.93758775736305
23005,-86.94092558227302,21.07821775141289
23001,-86.90888344088023,20.44577811295522
23004,-88.46692976025781,18.508610419932985
24016,-98.51420999255792,22.20422294190355
24032,-100.55422469557539,21.767973260349443
24051,-100.67340021385017,22.640759938887463
24029,-98.61949600073386,21.39978327144656
24033,-101.68110345662681,23.349615838231706
24027,-99.89557588208352,21.57614187319489
24025,-101.62913335486527,22.798112791505464
24015,-101.12136899348812,23.21913426804893
24059,-100.82527990748784,22.100872043904033
24013,-99.06315312538794,22.107389023062893
24002,-99.61949670145013,22.099922376375638
24003,-99.1119517921021,21.72362051751128
24004,-100.6378205669223,22.269602631543712
24028,-100.97593618060453,22.289286763796557
24050,-100.98152750925013,21.851758417784975
24057,-98.83734709794676,21.32932925777433
24049,-101.91630466515848,22.9324138250923
24006,-101.05650692164343,23.64549421620448
24018,-98.98317656064542,21.52600310919389
24037,-98.78471235906606,21.24130360091188
24038,-98.74573414044242,21.417648279480666
24020,-100.58726060545328,23.51335892608839
24001,-101.25330282732368,22.450529374478098
24045,-101.09511441449486,22.92513176993126
24026,-98.84152754432829,21.62920625960304
24044,-100.91405052232965,24.11051880528453
24039,-98.77065213606208,21.554575924812983
24048,-100.75686270563072,23.664916103259984
24055,-100.6767123890394,22.00817002332843
24054,-99.02539774244407,21.385883593475967
24053,-98.8692054291887,21.426176981191915
24052,-100.19733740587287,22.289228743447918
24019,-99.6094889358723,21.61493002110457
24014,-98.90581912171814,21.514986188503975
24017,-100.30370567084324,22.86652574507698
24008,-100.2773286333675,22.444780166865037
24056,-100.80437940173655,22.659927332003967
24034,-98.59784695639274,21.799790259379968
24010,-99.71752389683937,22.43914157538639
24046,-101.27314468562341,21.9686156784558
24047,-100.71756118112982,23.21267562361377
24024,-100.03451151845344,21.961924689084935
24023,-99.61680100364381,21.824091978848486
24022,-101.17106562761057,22.733346811908103
24009,-100.77798005705696,22.192321679099273
24036,-99.35608997950996,21.93314667247676
24007,-100.67373828044236,23.930350470121486
24043,-100.49741234758912,21.664234077378158
24042,-98.66471631004727,21.607285138220004
24012,-98.95969517085679,21.631657862675176
24035,-100.85512317614165,22.271628422651784
24041,-98.82609423126875,21.722789478583653
24021,-101.15668444313803,22.25903975889982
24058,-99.36598344232014,22.490100488441495
24005,-99.6759850463637,21.99052033987529
24030,-100.45776099361825,22.169508445757018
24040,-98.73532189659345,22.09361606800937
24011,-100.21158719321097,22.015809992715692
24031,-99.4060183185418,21.588550168630633
25016,-106.37017563491952,23.954482517138718
25015,-108.07603971153836,25.41845098630365
25019,-107.40467230718049,24.354338784900904
25020,-108.85549065670293,25.68970055102129
25002,-108.14173266817708,25.146036841222237
25018,-107.76481038522424,24.72318673477385
25010,-108.67836774861347,26.261955879804844
25009,-105.68585916943893,22.723995170960247
25013,-107.77957677302786,25.35991689342978
25011,-108.54911941605533,25.518071445286708
25001,-109.1622249231057,25.935271587925882
25007,-108.27703179820479,26.680302143396283
25008,-106.84213950436006,24.043376193736435
25012,-106.3060196700566,23.46829891326501
25006,-107.25293326636543,24.681221196890363
25005,-106.79942561999147,24.481479852518255
25014,-105.80534257644265,23.05620189101373
25004,-105.99177846424907,23.41416493970577
25017,-108.10882618333807,25.969094194670134
25003,-107.3959550634834,25.59085062547406
26037,-110.20963341007794,28.96006702926352
26036,-111.02143038600478,30.73137806611022
26021,-110.38268486821497,28.724307424856377
26054,-109.75868608958436,28.609530281099627
26068,-109.97057521777899,29.086802369827755
26046,-111.6553354491763,30.761595414087676
26045,-110.82046860293535,30.029225853676436
26041,-109.47976089006656,30.487178194753838
26033,-109.40333673054106,26.648634567700476
26034,-110.2451630500821,29.930305511149378
26014,-110.11979674008153,29.624615284901413
26026,-109.68856246663528,27.01512647477012
26016,-111.21139871019743,30.170219349307548
26044,-109.49209805904647,28.457293762576654
26047,-112.0941237150555,29.95169028014577
26043,-111.00243290916465,31.19882955318914
26071,-109.85143383653403,27.106397454043663
26029,-110.62595941386213,28.142751155450977
26069,-108.96523822319155,28.41982996483938
26025,-110.66876300685904,28.00845268973765
26039,-109.95719805190004,31.22949363736394
26055,-114.3512079857689,32.01666929890439
26030,-111.47320021144283,29.024022749511346
26035,-110.74577193918395,30.84733652441871
26022,-110.63056906114561,30.411532866758446
26050,-110.54496909844332,29.753527298882556
26013,-110.27326149827485,30.06100553900764
26012,-110.15911248846804,27.743840497563586
26032,-109.38140182206884,29.975503999594977
26053,-110.32935153606371,29.87642800352871
26048,-113.29315317858716,31.529387086252406
26057,-109.67113457805172,29.26579299922425
26065,-111.40281856756458,30.921329706523416
26066,-110.32918861719088,29.342164112264836
26070,-112.90827720338713,31.71998518593682
26072,-110.33911159127365,27.35984824313244
26058,-111.05897516462731,30.451634908942818
26017,-112.5395484675855,30.82487814817879
26009,-109.38561473788849,28.892991667175412
26020,-111.07227387283116,29.71957894690463
26015,-109.00647621186971,30.617816023356728
26059,-110.54880815818566,31.192025700822303
26060,-111.45404185874217,31.281757485391697
26001,-110.22236062379247,29.796212648705588
26042,-109.40272328382486,27.078097187250066
26067,-109.3344358427962,30.23442344178684
26018,-109.88676290360813,27.792803407837454
26023,-109.80993528026768,30.0673985338018
26007,-111.54489426109481,30.816010796335892
26028,-109.31237474382078,29.761134132683466
26005,-109.05043012085578,28.872808111028334
26003,-108.87695711574634,27.05105422538907
26004,-111.92486342065662,31.175892384955237
26008,-109.08767845408487,29.845336654090616
26027,-109.64790005405,30.84851281797459
26031,-108.9153343818788,30.123131654593788
26006,-110.18930078648732,30.410889346620984
26064,-111.58156327745914,30.31205789241229
26062,-109.88651850426017,28.391623042987373
26052,-108.9940905735947,29.00999897482487
26051,-109.31841879253034,28.03260129762208
26010,-108.81974309826526,30.310314858301293
26011,-109.97908030137404,30.669703185293457
26019,-110.23530956778622,30.98845531977474
26061,-109.6116805987914,28.78977030986502
26024,-109.3768005086549,29.615402922146988
26049,-109.36486336124932,27.578981629767142
26063,-109.52792396371035,29.47222577144012
26040,-108.85199973983612,29.63526925508316
26038,-109.72378106969231,29.72855150575413
26056,-110.79862963126843,29.463012213163207
26002,-109.1974332616077,31.104418547360158
27006,-93.22066306796647,18.0765751369992
27005,-93.33669143662546,18.286926299241856
27008,-93.69981283173813,17.826387980576147
27004,-92.86020461772112,18.00910095980933
27010,-93.08387035165445,18.213302707851163
27003,-92.58655266074418,18.36174954142929
27015,-92.7325974139723,17.52822962743699
27014,-93.20084978902175,18.381242807842064
27007,-91.67577683731814,17.70512114390497
27011,-92.14341545266625,18.07907244218194
27013,-92.9486172466591,18.18786236364666
27017,-91.29355327917084,17.42637388205504
27002,-93.64680383149638,18.17024482458472
27001,-91.31172797214414,17.80484697070742
27009,-92.78702769902877,17.76359173518373
27016,-92.95236926561739,17.62330414666192
27012,-92.45859424869822,17.845037167156455
28009,-97.8282923527282,22.279481909609572
28003,-98.08254410778625,22.542080585989115
28022,-97.53247329706437,25.611887917138656
28021,-98.8331844012531,22.5718447325425
28013,-99.08669935038111,23.88547298795161
28041,-99.16664322300677,23.69701560374427
28014,-99.48264429988288,26.904048184520658
28040,-97.84478904926462,25.700677503766226
28010,-98.44011899064286,24.628567405782977
28015,-98.64122727862875,26.136364898797147
28039,-99.77625435153035,22.939889848263018
28020,-99.5644201084924,24.587925915668027
28027,-99.67379105512077,27.475805201892687
28005,-98.8464497885358,24.928574511044815
28007,-98.85906587763282,26.18364515915913
28038,-97.90125470359351,22.278612572150095
28026,-99.77390637814885,23.619117409510878
28037,-98.03710243074217,23.783513907927986
28019,-98.85736120561798,23.27202036209784
28028,-99.20403380632854,22.507532760930754
28025,-99.06735506959629,26.238619634888497
28002,-98.03559549704605,23.002173200470594
28001,-98.26828397886325,24.1339845399607
28004,-99.07976833808637,22.56230351628898
28029,-99.33584744464521,22.829795480368315
28031,-99.56528550510129,23.27177214286093
28035,-97.95807000513939,24.891128373372627
28034,-98.9758098401251,24.475844542950266
28006,-99.87267097703678,23.32679372266222
28033,-98.03783924739085,25.74440482382751
28043,-98.93150800484882,23.00570605515621
28032,-98.37335308011218,25.810231877454733
28023,-98.4400302748248,25.22375571655676
28017,-99.41265071317717,23.478421950068732
28042,-99.36002487366547,24.560586492494277
28008,-98.61641571459884,23.539407178009316
28016,-99.38051059983383,24.19553460096365
28018,-98.52026637695398,24.26227744229478
28011,-99.17850779869849,23.00669403274833
28024,-99.25685869065909,26.41509809272653
28036,-98.76966175319276,24.631951665189664
28030,-98.84611377162514,24.02260348163512
28012,-98.55447930788219,22.78642546610438
29013,-97.93569533041763,19.332636611651935
29051,-98.26413548499907,19.24814516912328
29059,-98.2045843876853,19.211232381117053
29011,-98.23346871249427,19.50607743290014
29060,-98.20657498788945,19.262445682353558
29009,-98.09139641337983,19.3493379319762
29030,-97.93446055349625,19.48399139254334
29021,-98.55402057392145,19.49982295257004
29058,-98.21640722789667,19.19341959206562
29046,-97.92593864223213,19.563847904182992
29035,-98.01613891412244,19.3888392670353
29025,-98.14055850616472,19.15622485073593
29052,-98.04548109044212,19.323449931027948
29031,-98.07634548300054,19.482241217504704
29032,-98.28743618918242,19.233889336359606
29024,-98.28414590328333,19.352114772808598
29042,-98.24103796816276,19.170556601658642
29053,-98.25388209327349,19.23467349462226
29034,-98.1772773422257,19.620052584321712
29006,-98.58935721403301,19.56095972253887
29044,-98.26037634423466,19.19384513114918
29049,-98.29849509006078,19.286178443852933
29040,-98.2395599898955,19.430195216252354
29026,-98.13055996188767,19.352939189623743
29055,-98.25555185338874,19.49124853569116
29022,-98.17049488921397,19.216866643510567
29001,-98.18242321180237,19.36201592023977
29037,-97.92673160450929,19.211679215161837
29054,-98.26104079369225,19.21721809954222
29036,-98.2485342647182,19.336099598063253
29010,-98.13085299680299,19.290884959592407
29033,-98.23668377655045,19.30933647035942
29023,-98.3319546770951,19.233311813520984
29050,-98.08347994044753,19.257779752972404
29041,-98.19642958804005,19.172500212645684
29057,-98.31344025016816,19.245922857642604
29048,-98.1914160886945,19.278045008673725
29020,-98.45260518086663,19.53288957446159
29017,-98.16431737217191,19.19174522465571
29056,-98.33321499636025,19.297008126547087
29002,-98.19467564601833,19.351488834170627
29007,-97.6743173736437,19.335703584222856
29004,-97.79300917488179,19.411737827398237
29012,-98.43684325098535,19.444455493825778
29029,-98.2282946099389,19.247106017089138
29028,-98.11614939527479,19.22281637164195
29008,-97.76456302577593,19.331273245601473
29047,-97.99077707801268,19.533287575798578
29039,-98.02914617193159,19.416168389374025
29005,-98.12708187067157,19.423517683198998
29045,-98.40939289634316,19.594986749792696
29016,-97.9113471325388,19.257581725798747
29019,-98.37921402063128,19.281955486034295
29014,-98.34225858829828,19.4882025598736
29015,-98.38329508277442,19.35610993522979
29018,-98.1333816657206,19.319956856322055
29038,-98.08521984906365,19.3807156754983
29043,-98.17773963069341,19.40170858867896
29027,-98.19221078205464,19.14990551892061
29003,-98.18311484341856,19.54490040546664
30051,-97.66567657760072,20.338418643546657
30056,-98.46717497975166,21.25379837622097
30055,-98.33701335335802,21.19658145135852
30054,-95.80713033328747,18.213419830892313
30053,-96.65951378644557,18.776299771204076
30183,-97.1744237997381,20.02356661097588
30182,-96.98302884072872,19.541108983995098
30181,-96.16951160730265,18.754980636256125
30110,-96.9767659873508,18.591659727323172
30111,-94.28573630233181,17.98267221308885
30180,-98.1853352020947,20.61155130475083
30178,-95.62297641721112,18.533696628658806
30175,-97.5301944760396,20.660399075568783
30201,-96.92557673877413,18.64944662878676
30208,-95.71865172049557,18.326782527068687
30207,-96.16848876668585,18.302764169337138
30204,-94.16075540189937,18.084867127953434
30202,-98.30311287263801,20.73432327483973
30200,-96.73381999191605,19.06716470140901
30186,-96.99683897787136,19.021852350854967
30197,-96.77340836434354,19.848164821812915
30196,-96.79963250771966,18.826470701424533
30137,-97.04343135442062,18.673976571816326
30184,-97.1048598687686,18.609405395771752
30105,-96.16190395825527,18.988274910378532
30043,-96.68553508401807,19.139166241821385
30042,-96.70517315061208,19.933514921111474
30019,-97.10033377949661,18.561752860943233
30163,-96.93920309771457,19.81450998919247
30115,-97.1989900006315,18.825353202974487
30114,-96.79324392750068,20.107016185993977
30113,-96.95705142138041,18.794884928157824
30010,-97.12732377483745,19.776271636205824
30097,-95.50057294140747,18.656612946025422
30087,-96.8883263967119,19.543854663589826
30149,-94.90078889913471,18.23697298809308
30150,-97.63772220265457,21.51527977174823
30148,-96.45317004485948,19.04891251138888
30147,-97.18623754074574,18.706893186894263
30064,-97.58506069568824,20.22280524909641
30074,-97.13309481717472,18.817304422181213
30168,-97.0443365873585,18.736799712708123
30166,-96.77329724607331,19.668610590611717
30165,-96.85320402987445,19.044974644825487
30164,-96.94156098303908,19.373800439493873
30126,-96.45004214145719,19.246364233291423
30050,-97.5502912524106,20.214627081505242
30046,-96.96713256041686,19.33144594840118
30004,-96.52849796603329,19.546275371688473
30128,-97.27888871594423,19.5284345344774
30145,-94.83463944253774,18.00248662045534
30146,-96.92230832371048,19.17320453627696
30098,-97.04617791807568,18.76720445149
30107,-97.14989616126284,19.703861998422884
30116,-94.89164663045315,17.903214830854207
30131,-97.43846460579432,20.53004569005375
30136,-96.98481898444626,19.599587589911078
30138,-97.15091270486779,18.84449551089145
30140,-97.0930138765157,18.77225733591632
30156,-97.0841809175731,19.711563749894342
30157,-97.66907851690489,20.731939908775242
30158,-97.02527600482286,20.385573622295194
30159,-97.05241479189253,18.529871828989712
30160,-97.71020395227964,20.971144364243997
30161,-98.38160161421995,21.568847033721482
30162,-96.84098516036833,19.260293608028558
30078,-98.02099018551078,21.23859167899209
30167,-97.86304819747565,21.148659128147802
30169,-95.70208111624565,18.11411834670949
30185,-97.07732507786652,18.794395793151068
30190,-95.8801365541431,18.18789913946013
30003,-95.03260470709422,18.03667669710861
30194,-97.202924900977,19.651946219118525
30199,-94.63866868757522,17.95047509846182
30206,-94.39135450077866,18.06277078681459
30011,-95.85031430966939,18.80009413836454
30012,-95.68971696700207,18.432954859531034
30015,-95.39231307636733,18.60205727987597
30016,-96.30894030610855,19.310169253624995
30017,-96.67003353319461,19.338231339043254
30117,-96.70319498708619,18.712030382894497
30044,-96.93845029913197,18.932365006066636
30047,-97.08945926459671,19.05332001213511
30049,-96.36618439755108,18.862685884890556
30052,-96.82090680371451,18.76755520818268
30099,-97.26565668299342,18.83652295191419
30100,-96.33944319977189,19.104862311660487
30198,-98.34405763840056,20.495440067884523
30139,-95.52136561860117,18.56196974753216
30041,-96.92151287555802,18.77540995009265
30058,-98.04061503570234,21.00324922850489
30135,-97.09559319510485,18.802927026336327
30176,-95.94648067402541,18.196053785970456
30120,-94.67361772320537,17.98879387804368
30020,-97.10792019532424,18.679109601230536
30021,-96.79653669628372,18.92792666519634
30022,-97.07788749174829,18.94432289789256
30023,-97.11575579774527,19.90812378035595
30024,-96.82478796518787,19.28845625912527
30025,-97.18309314080825,19.402392741760377
30026,-96.94293310715472,19.586783409618892
30027,-98.17862603357,20.819238962725226
30028,-96.12096346297436,19.11745255665945
30029,-97.17825791050247,19.113269327289657
30030,-97.16338820793513,18.79042703721076
30033,-97.28547531464103,20.7144464542952
30034,-97.76922361164905,21.187368196443703
30065,-96.73141450021248,19.439994693649137
30066,-97.496815081909,20.27593155109755
30067,-97.69907240519687,20.20527850264524
30068,-96.99006376714503,18.902152053897645
30070,-94.6248362367215,17.56094579848438
30072,-98.46759268256743,20.517708421093722
30073,-95.15481637796296,18.19710909987709
30075,-95.96349826711051,18.665456014550777
30112,-96.84098035845405,19.633274274434836
30109,-96.88543009078961,19.962583245501225
30141,-95.22218566777995,18.46726453219983
30142,-95.16201708485895,17.7659742781177
30143,-95.39982782601861,18.399316274370886
30144,-94.94589211172071,17.724702049567277
30151,-97.49645366634948,21.323987557726436
30152,-97.77841199264256,21.93617581243306
30153,-97.77893537958208,21.262964369787092
30154,-97.75594370946547,21.42695302271865
30155,-98.1712558515834,21.388966712866132
30187,-96.92139857054539,19.72352533325361
30188,-96.897055551677,19.22618906459902
30189,-97.4117796972149,20.93479122058209
30191,-96.38752448211063,19.437637220583667
30192,-96.63425510353797,19.976840448629662
30195,-97.16357232229804,18.632672224967113
30210,-94.36135475417106,17.280827190845734
30211,-96.91520998469223,20.217285494611993
30212,-95.66493580175253,17.625098214456347
30048,-94.56807376872216,18.016240009379317
30059,-94.70117385077172,18.059829742023336
30209,-94.78692914335971,18.367895309077163
30173,-96.77618929170595,18.57970494427334
30205,-98.41891313673138,21.74926527821424
30203,-97.55856664781747,20.133932924664492
30031,-96.58191618254732,18.816619114774745
30079,-97.09226182934675,19.365565152374575
30069,-97.10958372641113,20.446370777681768
30101,-97.18384419869632,18.93297012232337
30103,-97.65260768088308,20.208005456010653
30104,-94.81605235773999,18.289333532895725
30106,-96.88143921563734,19.72403224497028
30102,-97.05102556276773,20.133545059288814
30108,-94.38868835485282,17.711376436403647
30193,-96.22122174492263,19.18624557573743
30177,-97.00462704638645,19.702006207392532
30179,-96.78127770479345,19.18328384233374
30174,-96.28644497004409,18.549831569346598
30172,-94.79704117724455,17.785485544933774
30171,-97.03205051869843,18.618993961062714
30170,-98.30877926133874,20.624211115162908
30134,-96.56566480628001,19.301324085455278
30001,-97.04418792715742,19.564851089708153
30133,-97.92480252989637,22.158059997273885
30132,-97.09477468247661,19.622280838412763
30122,-94.67750652743294,18.20258840843845
30130,-95.645159726922,17.766999964865633
30129,-98.37571544356935,21.29477965972845
30125,-96.66300566470345,18.942693278771085
30124,-97.28631985863646,20.41089697554454
30127,-97.19234172832641,18.989701277394463
30123,-98.25636839519426,22.113982747828217
30002,-96.8401692956398,19.691702592452685
30005,-95.8039657763251,18.5540578537238
30121,-97.8476016128663,21.721255219111534
30119,-96.03425237354193,18.16746170808474
30006,-97.27641584625289,18.716143953935255
30118,-97.10480068366739,18.855859091255393
30096,-96.85383160375959,19.74402069834403
30095,-96.66163187671408,19.818941849133846
30094,-95.36584490881614,17.981534790325835
30093,-96.91647466534695,19.61118451702008
30007,-96.56901304311413,19.010878223220004
30008,-97.13567104548854,19.097724853319583
30009,-96.58288644983567,19.717982598297638
30071,-96.93976736991704,19.13679928540436
30092,-97.05832886156998,19.447814259185687
30091,-94.90440781163882,17.418446389529716
30090,-96.25322358434998,18.999681195083657
30089,-94.71506809679036,17.870413122694867
30088,-96.75579123451729,19.339525333376383
30086,-97.29188495166005,19.76471480749932
30018,-97.3242366679638,18.78888744503752
30035,-97.88874829304376,21.342770489410018
30036,-96.94979010911861,19.676203221503588
30037,-97.70579219036496,20.269115788573316
30085,-97.02900605566384,18.850563132733104
30084,-95.88690075393659,18.473892576228256
30083,-98.00997312692576,20.723050146940455
30082,-94.39512202448728,17.98607367733573
30081,-97.16657956319686,18.889883806480675
30038,-96.93053904819787,19.447543959325838
30039,-94.39736114271383,18.132555853547338
30040,-97.53740517797691,20.42745210219452
30032,-95.02574753483114,18.434767344692116
30080,-96.93082529959595,19.037398000898087
30077,-95.55839078461763,18.08214541406133
30076,-98.42647239617813,20.78128172192112
30063,-97.97833632701953,21.38621559249511
30062,-97.03951869502345,19.000604163149667
30061,-93.95722941616003,17.535833332305348
30013,-97.68537978859999,21.313167958554633
30014,-96.87616659499561,18.8597490777559
30060,-97.66897696021509,21.37645043909206
30045,-95.9723290608075,18.302064740739173
30057,-96.77458575472251,19.754399424512712
31054,-89.32379746604862,21.051039911211028
31051,-89.45419033062484,21.13242561259322
31046,-89.38334671673066,20.502609177897813
31045,-89.89895825077292,20.641550554362055
31014,-88.34805208323391,20.624016008730997
31029,-88.73536434864995,21.331776854691828
31006,-88.64961883302904,21.221763753035834
31093,-89.37603114610765,20.97873983481415
31092,-88.32314802149591,20.391670507598715
31061,-88.08456538960644,21.547056219369665
31008,-88.12444685503262,21.014116911704733
31011,-90.29962443702084,20.88942329151043
31081,-88.39580862859168,20.493029857382297
31017,-88.5692780673574,20.496556602646645
31091,-88.50839176123945,20.726622985985287
31096,-87.84793763384435,21.257106225601508
31018,-89.486078591161,20.498539356816295
31059,-89.67572608827393,21.6597370359039
31040,-88.9868000867735,20.91567484199071
31085,-88.0644600980675,20.898587482642967
31052,-89.27801068871007,21.14382310099352
31048,-90.06972054449855,20.621938993899384
31047,-89.36898210386765,20.38396329339961
31036,-89.25206137186619,20.681037537459595
31104,-88.76970905383479,20.480640380673844
31101,-89.7646054358844,20.853154186783254
31102,-88.10838881892468,20.638369938198384
31071,-88.88920877148986,20.80483498209588
31069,-88.98802383760759,20.60745288979322
31067,-89.37085051911693,20.84099933955099
31050,-89.63992025409372,20.980515599236966
31065,-88.31458341351158,21.493758682880394
31084,-88.87353035660534,21.167030720067874
31079,-89.30074098906898,19.932225558107557
31064,-89.21018141778318,20.764113202971753
31001,-89.65037830179993,20.655192667968784
31049,-89.18590216340048,20.49115743245607
31032,-88.35707286788823,21.021201646798524
31024,-89.28072866289585,20.471466865311022
31022,-88.52658908398809,20.273859184846838
31094,-89.08694342537316,20.24682027186882
31106,-89.12038446054818,21.288174604044524
31105,-89.44381445781828,21.057256864243875
31103,-89.12382045845004,20.80519785492761
31097,-88.74680318538954,20.88622879361341
31095,-89.4645390446214,20.963467865696998
31090,-89.53563550489547,20.766114108634852
31088,-89.0660969362106,21.065639947824174
31087,-90.05808882487545,20.95619273793153
31086,-89.00247043150469,21.06802235091771
31083,-89.2774304498663,21.312985121243283
31082,-89.25570116222214,21.217480500324825
31080,-89.27297980178932,20.570787551665873
31055,-89.84670619528833,20.55127324232211
31078,-89.10192222192457,21.0061570164711
31077,-88.84828482540242,21.02193105884519
31074,-89.28562412574406,20.894676367064267
31073,-88.9046813708167,20.247774078748535
31072,-89.15124505020572,21.10418984539609
31070,-88.37183120205835,21.209654224406016
31068,-89.19865391009208,21.270393795047863
31063,-89.91774837464494,20.84075076468159
31060,-88.63582970881542,20.84269053841332
31053,-89.73824820230955,20.453290999796476
31044,-90.05087745335962,20.85176245754331
31066,-89.7264713199927,20.26829682260716
31043,-88.43750627299987,20.599625302610434
31020,-89.52673763329,21.15072690302927
31039,-89.473486130672,21.237688755336166
31037,-89.1315028165604,20.6958033381684
31035,-89.15921850788433,20.876015031823524
31034,-89.24553384118269,20.807528247647326
31033,-90.21681137410438,20.565338181877298
31031,-88.83978603302315,21.084214395079183
31027,-89.02505117836832,21.291361030106266
31026,-89.34247979884867,21.25592577705742
31089,-89.5612856196339,20.360384855637754
31025,-89.44464864481697,20.40215393693087
31098,-89.04677998333611,19.938031911988123
31042,-88.98353356612981,20.759821339198307
31062,-89.61901044764497,20.528768536196004
31075,-89.22146846815596,20.37731004173209
31023,-89.84872281450038,20.729996624979027
31016,-89.01827522593068,20.193711303715112
31015,-89.3452736103253,20.719145419876
31013,-89.51376504018792,21.082110534375534
31056,-89.52253265973472,20.147163481775696
31057,-88.30879663839254,21.3537756545664
31012,-88.58077688776874,21.03070682318316
31010,-89.04934363275244,20.425327180571394
31009,-89.07319769452187,21.165736214785284
31007,-89.2512832707798,20.980252844617283
31005,-89.17563383489495,21.000508953839795
31004,-89.39940119506821,21.134452760325498
31003,-89.34837389812881,20.262059258269048
31076,-89.45733469218773,20.661689770703166
31019,-87.82448271553432,20.760246906567996
31028,-88.6685146470237,21.433520332804832
31058,-88.82791236125988,20.077483654573168
31021,-88.18154633682566,20.437087828868304
31030,-88.53359577514672,20.83546744845409
31038,-89.98307089386043,21.072428963589417
31041,-89.53854484036943,20.91945314636423
31099,-88.36235277615276,20.780059923794447
31100,-89.77988136244082,21.062953875730877
31002,-89.44743869939485,20.8244826100856
32029,-103.48836914727318,24.11737028505963
32028,-103.33374647960945,21.194546245361316
32027,-101.99993843125613,24.915358134978487
32026,-101.92278732533994,24.35192003372046
32025,-102.22554915743571,22.434295396641488
32024,-101.95879682551184,22.284578809169
32008,-102.39018548459345,22.44872474309065
32031,-103.46186875701942,22.375052654515745
32022,-103.30317301611059,24.29426217491825
32018,-102.92785613801564,21.77207938782404
32052,-101.89234696215445,22.129657573240934
32016,-102.1199755882812,22.690153097216253
32054,-101.71431019129328,22.407354863165384
32006,-102.73260640457022,23.57732407567712
32013,-102.78784056587341,23.01549930897698
32007,-101.24127008878972,24.45322739500456
32034,-102.85950194987915,21.417400272673667
32053,-101.95372450347406,22.551862350502876
32055,-102.8514996771891,22.298261711433856
32003,-103.44657504906166,21.78651028238766
32039,-103.03185295250827,23.782957193071166
32038,-101.5287900357353,22.269012572452855
32015,-103.0500819024295,21.9990507513394
32017,-102.40761228938068,22.780200207928548
32020,-102.99196467714967,22.725479293764764
32023,-103.12414878201929,21.376753275398965
32058,-103.34399033249146,21.52260464541131
32036,-102.21643387615812,22.568371618817235
32057,-102.3119946142785,22.755625287584518
32030,-103.2480852207984,21.939029506573338
32032,-102.67287308758974,22.852459034347252
32056,-102.67805909443204,22.735733071977652
32035,-101.91554334517625,22.396695642147478
32005,-102.74681288111678,22.95689149936625
32010,-102.99592964833809,23.236823040636803
32001,-103.07379344891667,21.4723462744286
32011,-103.50319100772292,21.216919443180505
32002,-102.69186767040806,21.46699129788958
32040,-103.23992532472009,23.56319445452211
32041,-100.90470115880719,24.44965359932029
32037,-102.47569933109732,22.991320023735753
32021,-103.9533182392619,23.175205102792553
32047,-103.45323700148536,21.363710474344142
32045,-103.35671739060011,21.624459289996206
32051,-102.17635845524079,23.60483195018917
32050,-102.4826335386177,22.84804869211191
32049,-103.75280981165258,22.77899216217418
32048,-103.22717663111443,21.78478725289357
32019,-102.99828398382952,21.62367824041237
32033,-103.16430100453573,21.19862693546533
32012,-102.55917761211568,22.477946253786797
32046,-103.13683224598574,22.44410751158596
32044,-102.93310373809348,21.934339303252294
32004,-103.58179143376638,21.495628862634316
32043,-103.19397120966163,22.631294336562267
32042,-103.61477084330748,23.640157349229654
32014,-102.81159570503324,24.137447793111242
32009,-103.91038211680011,23.418066788979974
