CVEGEO,long,lat
01001,-102.29670502338381,21.81089170356771
01008,-102.52558157439397,22.158717919809913
01011,-102.22902056014937,22.033061853756674
01009,-102.19212405449325,22.23695456759592
01007,-102.3407038556685,22.267520562806453
01006,-102.30250653309865,22.104504647388612
01004,-102.29702933591616,22.360615191462156
01005,-102.45264430244056,21.93555390458473
01010,-102.03617541991004,21.92184955247513
01003,-102.7032199714777,21.90352983295484
01002,-102.04546863032392,22.1265766490724
02007,-114.88814676135762,30.683073541189064
02003,-116.29098183725031,32.434877458916574
02004,-116.8472915123288,32.412129587968714
02001,-116.0585774650994,31.515331737172524
02006,-114.50764616536388,29.3836487529184
02005,-116.88916731116176,32.25172145896603
02002,-115.32937954842303,32.16907905970276
03001,-111.80548407173906,25.528895564740946
03008,-109.74180392970383,23.269926835853855
03003,-110.61919776014481,24.167117503514426
03002,-113.22355465478437,27.28995443238494
03009,-111.45638481337869,25.96112995603105
04008,-90.23286724858359,19.969620191712718
04005,-90.13528673096187,20.124468261595023
04003,-91.48381169592523,18.52394194344795
04012,-90.64055806370888,19.600190467028177
04001,-90.26981368676033,20.414264331285462
04010,-89.66166408392476,18.401937409896526
04006,-89.60908174414146,19.473440480402573
04011,-90.71650009210786,18.09902210056993
04004,-90.49377919842028,19.114300842965147
04013,-89.96889082667911,20.23960956300159
04002,-90.26581383034132,19.61625012716128
04009,-90.47445087131575,18.550532941293497
04007,-91.97373076197036,18.273401756622818
05010,-101.5283079405097,26.947689983023665
05036,-102.9248064643472,25.22176574359484
05018,-101.19435694372541,26.89688282760802
05029,-101.75647789797502,26.93982274002927
05007,-102.29857575101084,26.699116429771045
05032,-101.38966627019046,28.06393360477987
05006,-101.38674600458944,26.586199575153355
05003,-100.91602532838314,28.278339127581884
05012,-100.39375901864526,28.097268597062897
05009,-103.18094628424149,26.319784487303288
05005,-100.79931734430053,26.85240856117456
05004,-100.64230266121719,25.341399553386044
05016,-101.91368472287249,27.15053964252209
05035,-103.24852773807963,25.169738103310003
05014,-100.95123605112822,29.00269081158849
05008,-101.27943258413421,27.306061681593278
05019,-101.08340887947365,28.327779873285447
05038,-101.39448280368909,28.811977229255813
05037,-100.7803110366802,28.097330141372503
05001,-101.24572649972771,27.122418837698902
05017,-103.2150441848384,25.559779545076143
05002,-102.01007092169903,29.433134826916078
05026,-101.0211923460571,27.421522362187623
05021,-101.76521342752014,27.227630517178056
05013,-100.05048247462318,27.839295224347005
05024,-102.11430843807199,25.503471090780724
05020,-101.89923381695868,28.402642375736917
05023,-102.89240304477428,27.964135537827673
05022,-100.62050830177625,28.49643306811969
05015,-100.69331351239278,27.656576736052166
05011,-101.55092745444225,25.521579073946597
05034,-103.6095640257753,27.480233992589515
05033,-102.71821736512139,26.08391395092078
05031,-101.96745648124951,27.839463296614387
05030,-101.12501617950349,25.028886893287133
05028,-101.14294297977247,27.922725805345824
05027,-101.28155006783696,25.913688304676576
05025,-100.61440714451616,28.77979346426533
06009,-105.04709306416842,18.889957481416552
06005,-103.59544508530398,19.326749669130376
06010,-103.84841630677019,19.306688749333084
06008,-104.03108142311939,19.372068361484615
06002,-103.63242044687706,19.116175749225466
06007,-104.29477233426145,19.151080175679976
06006,-103.68132124941576,18.967590784761818
06003,-103.76650748684602,19.39650862042691
06001,-103.99660383958583,19.00852275515457
06004,-103.91217175362675,19.18728203728763
07106,-92.60790673573773,16.31728130475596
07090,-93.11230488814316,17.220102443761505
07022,-92.61180066270086,17.021258980255602
07073,-92.99826016527084,17.19137048956004
07042,-92.97862269532271,17.29853274831463
07036,-92.2183958538215,15.512987240378546
07121,-92.93322718286838,17.21768493789089
07119,-92.72154262653542,16.94935993030932
07124,-93.63244861211686,17.214780732728364
07123,-92.88264689696847,16.498866442722118
07067,-93.05688752396753,17.189166451418767
07091,-93.00343989826737,17.253970581239162
07114,-90.56251670846898,16.281662465757712
07069,-93.19235700685236,15.669471034448858
07081,-92.62501007990173,17.138941362619512
07080,-92.35724464768143,15.532333518294806
07065,-91.81209715411639,17.443956472582375
07077,-92.18634803598901,17.436759598736476
07086,-93.13632956441873,16.58552851789844
07010,-92.16128749524549,15.491748354098876
07011,-92.2424107272738,15.619575857743714
07024,-92.21698324713681,16.61151738943304
07028,-92.7259396027861,16.553969058658712
07122,-92.98652512159227,16.337416390023833
07001,-92.68169269261584,15.414123523039871
07002,-92.81463394520426,16.551563538045063
07003,-92.77407189831489,15.231299656605245
07004,-91.862456709254,16.66187674311686
07005,-92.85731377691543,17.38556512379916
07006,-92.09717262337499,15.556805334115548
07007,-92.39542038149222,16.515282625602367
07029,-93.1115119611287,16.99532639493274
07012,-93.31903972162742,16.866550435704458
07013,-92.95875431396802,17.014106399045527
07014,-92.7412952469619,17.03174064421886
07015,-92.16413333946167,15.086213178070546
07016,-91.99764378598704,17.77983835858054
07019,-92.17889129029844,16.29673240979474
07020,-92.77136366334186,15.960837338810439
07021,-93.25285733790203,17.09415260214153
07033,-93.27617421269615,17.294068783422397
07053,-92.18576557306072,15.372741961969062
07025,-93.13152800441149,17.326790780969752
07026,-92.57044323017509,16.950149867972183
07027,-92.97598724824446,16.6064079330215
07030,-92.3912698132753,15.799071972935812
07031,-92.03519255613378,17.109338769955283
07055,-92.20159431528992,14.82166019914687
07023,-92.68014953208305,16.8193750514861
07034,-92.08775146003819,15.76261988204621
07075,-92.36471865324582,16.365289211419576
07076,-92.61071952614694,17.319790437168223
07038,-92.39961170843864,16.69427176045038
07039,-92.69490465235485,17.243152988380974
07040,-92.5469316138446,15.096919983309851
07041,-91.79574980622812,16.2047559900222
07043,-93.0990229400453,17.42138686941228
07044,-92.89699601246527,16.817931703190897
07045,-92.97557325481908,17.466857216039404
07046,-93.6722007720147,16.52260037744416
07048,-93.19334305079333,17.69942889887095
07052,-91.7399872285977,16.38563645787524
07056,-92.56309591859718,16.87480934703038
07054,-92.49774068814767,14.880587051525183
07072,-92.86173224866339,17.218010044369166
07111,-92.78197495962657,16.72191062531497
07110,-92.72375800658234,16.622466875895782
07051,-92.89178055111759,15.460845296625553
07050,-91.75104845320224,17.606614012833873
07049,-92.77666153190015,16.924374579418828
07096,-92.48579410143468,17.37910103187283
07097,-93.69039787111313,15.99687839466608
07099,-91.8994957230525,16.024450462385662
07058,-92.61004804309363,16.438195652096315
07060,-93.17387166324541,17.220793415464545
07070,-92.2639190982532,15.432544818702585
07063,-93.08379267235892,16.895224354277584
07057,-92.33144454666763,15.313799796519643
07101,-93.13728495359402,16.739431252176693
07102,-92.19868913385102,14.89407773888137
07103,-92.41156904493775,15.140418540890824
07104,-92.2464417162513,16.12402742113908
07079,-93.20965760959041,16.913104947320964
07120,-92.61466612358883,15.549180015960566
07107,-93.23029609970544,16.077341758675583
07108,-93.37560653902202,16.346206937938142
07109,-92.32586353812175,17.185558951012275
07085,-92.98865793992701,16.92596616579033
07088,-93.25157959776601,17.48884905900729
07093,-92.47199446582263,16.833171904254428
07098,-92.65996431206639,16.51515096273151
07100,-92.2695982373047,17.300790956926352
07105,-92.10254626856216,15.059944289217162
07112,-92.3916614747246,16.930144310046412
07087,-92.22715867872533,14.639349731269432
07113,-92.69016723326689,16.921824702402997
07115,-91.24858760495209,16.19915975406696
07117,-92.66440088622859,15.671670926113748
07118,-92.80308400726247,17.154008224087693
07047,-92.87429471697197,17.08951224561881
07092,-93.39545825097039,17.17290952980168
07018,-93.1260611212056,17.120565726712147
07059,-91.33662545374871,16.70191799047497
07061,-93.49062667197077,16.825986775308895
07064,-92.27473541022464,16.78099116114559
07066,-92.46405726593306,17.06008886867616
07071,-92.6196223922182,15.165371011414434
07078,-92.5899180740174,16.678292056136957
07032,-92.55818616618978,15.364406996487006
07125,-92.46511061035162,15.567608808294633
07035,-92.21319647104671,14.750002633151132
07062,-93.3995544574575,17.432387327452474
07037,-92.42377918054397,15.00940190727893
07068,-93.19912034897614,17.530564943538966
07074,-93.2293697613646,17.864211075261235
07082,-92.34828331804545,17.03726216157553
07083,-92.37590072297927,16.10635736109821
07084,-93.00477692181909,17.386976585634248
07089,-92.30496614529507,14.933388661950127
07008,-92.68060292443842,15.758247567569716
07009,-93.93736795482009,16.248849083802988
07017,-93.86762708002544,16.712718930990363
07116,-90.74347192217981,16.246286966610462
07094,-92.50881276493959,16.561088776510882
08037,-106.56411004305373,31.44961690436893
08021,-105.49190160247406,28.11948179571945
08019,-106.23200108323344,28.999536575716725
08001,-106.38015699262121,30.44902816736303
08006,-107.2916126653551,28.857958668612966
08052,-104.52441026880643,29.36331819938484
08020,-108.5163850760618,27.4557224567256
08041,-107.97328236661146,27.836241370167944
08055,-105.7479936120346,28.204938184719765
08032,-105.6970487526575,27.12901533529531
08017,-106.94849481292515,28.723259904269664
08043,-107.7206488144764,28.82408145579299
08016,-105.04487874138587,27.89767282747352
08023,-107.64466614111144,30.160724812333914
08059,-105.94602166565605,26.885178717846706
08015,-105.20713528392848,29.756639803480457
08049,-106.6842635378453,27.42454562339789
08036,-104.39082343606024,27.081992517159595
08060,-105.78274140530908,26.803774394507002
08007,-106.54276728449084,26.75285365856657
08008,-107.69342422898944,26.94540955044296
08051,-108.20470328886178,28.15366289055451
08067,-105.8083130074621,27.48710220779665
08062,-105.34343057289827,28.00110853285752
08061,-106.19322698849244,27.778538694210855
08029,-107.03343198476124,26.167903900584292
08003,-105.3055606495208,27.094786173595317
08014,-105.06996042567545,26.63397221601488
08018,-106.89689644536111,28.211689108212955
08054,-106.6167555497573,28.80606341720477
08058,-105.36221095469774,27.58207798497842
08002,-105.5882775967212,29.073294383811803
08065,-107.97657040828769,27.226143210152802
08063,-108.08537165980614,28.71465474483458
08022,-106.46111883524281,27.99991192476133
08066,-108.50648879669102,27.861784394022425
08004,-105.82352257068271,28.582220078912012
08009,-107.58008122167392,27.807827628978995
08010,-107.12095674807205,30.05770734914434
08011,-104.42450149647988,28.033426806510175
08012,-107.06309148104748,27.810052494731337
08013,-108.20243381784837,30.193810773920546
08053,-105.92584125529815,31.238149955776503
08057,-106.73513407570299,27.892469478522745
08044,-105.52289313286526,26.725036739665267
08031,-107.55808758722095,28.385067190257615
08056,-106.31471568306202,27.268915093481983
08045,-105.5014259086661,28.350615783441413
08046,-107.72816529092664,26.571538636108016
08047,-108.7372609815417,28.152797428405066
08025,-107.73727318624645,29.336549561507997
08048,-107.14067408216411,29.295382618781613
08024,-106.34951374714593,28.321184488805528
08064,-106.29735708869335,27.045087398621682
08050,-107.72909225702547,30.53278110317616
08026,-106.56939557110813,28.298772900051233
08027,-107.24742048576064,27.150129306991584
08028,-105.63943217540265,30.827315035895534
08030,-108.27418979142949,27.390803592688716
08033,-106.06793668118185,27.06927787396383
08034,-107.72340785863788,29.72206332774846
08035,-108.45018009866365,30.849190440552267
08038,-105.05452505414945,28.541058245368088
08039,-105.01081284834277,26.926178921449907
08040,-108.32937857829606,29.326551541336617
08042,-103.82453253879147,28.928867510287652
08005,-107.51988496111395,31.3320690355343
09005,-99.11584744545755,19.504052814374447
09007,-99.05679017686563,19.349163483528237
09015,-99.14904916910977,19.43136846022707
09017,-99.09309859097422,19.43049257542592
09013,-99.09035883171528,19.24513860572913
09003,-99.15036859042945,19.326664301698536
09008,-99.26841457989019,19.268966004721893
09009,-99.04931670506026,19.141764045359793
09010,-99.24682980114208,19.336165221441675
09014,-99.16112731850559,19.380638987528105
09011,-99.00280960873107,19.276989223601383
09006,-99.09432378728756,19.396909925132242
09002,-99.18209797987619,19.485325177053127
09012,-99.20621987080109,19.19831405973337
09004,-99.31093558516488,19.324307392011136
09016,-99.20457909093139,19.42806320306667
10009,-106.06696399047087,25.996241759347882
10017,-105.67615862580374,26.48206068506292
10036,-103.62520499197251,26.344751944577247
10021,-104.0822276688063,24.78593747699677
10034,-106.71075291759762,24.946011255215925
10024,-104.56157580659848,25.19526550757546
10012,-103.68570319969893,25.47755021363158
10039,-105.03807944446,24.84663123997595
10018,-105.21541425808398,25.548859241396617
10011,-104.99506661754069,25.726066926841703
10005,-104.84383466564921,23.97045234652579
10010,-104.81689404479425,26.090119792116152
10030,-104.39826006540329,25.621860522297073
10029,-104.30647943216454,25.37611480314264
10023,-105.31514522537752,23.412509512694267
10033,-104.14980412710698,23.436764110336966
10016,-104.2110557760699,23.81381972404259
10003,-104.78361034468777,25.033932573475855
10004,-103.70043851586358,24.694187915157535
10006,-103.21172881042911,24.761301228134652
10025,-105.67228621071133,26.184010830090397
10008,-104.073185451358,24.412560639604976
10027,-102.71803718360097,24.6474211096972
10001,-104.93593066282844,24.511199818162346
10035,-106.06141680589262,25.450321177828926
10014,-104.55083064203656,23.001423390299877
10022,-104.02190040951369,24.003526401109617
10038,-103.95109149438709,23.73332510314524
10037,-106.58972235401629,25.25684704460356
10019,-105.93645372580255,24.701459470671224
10028,-104.47044695990367,24.807297310983127
10026,-105.74255115682627,24.230070068984148
10015,-104.07777531694954,25.247008623377212
10031,-103.41382296756976,24.49770893893937
10007,-103.49063719394594,25.727955146159264
10020,-104.35402252808743,24.49480953089691
10032,-105.69070844564109,24.984433678630047
10013,-104.13099576406466,26.145581038937546
10002,-106.45110536242264,25.07277115528158
11044,-100.99226232396457,20.54163452735506
11017,-101.36836363668078,20.699773200756425
11037,-101.43776377634178,20.963071742846797
11010,-100.38359517705516,20.21698435523907
11031,-101.78850588359104,20.919096453426555
11015,-101.23730184324522,21.01838258533347
11034,-100.07188601471599,21.150662480279067
11036,-100.99035919208248,20.158227443266778
11030,-101.23384810739746,21.50303652263357
11026,-101.5951349620501,20.825773785284756
11009,-100.79110782077278,20.741288640711996
11016,-101.49899845041402,20.367362913665502
11024,-101.36125458491576,20.54992359631149
11029,-100.84639458673679,21.44214811249036
11011,-100.938260008111,20.428836863258866
11027,-101.1651040253203,20.625029094784775
11025,-101.92862757878717,20.92746426376848
11003,-100.73776290653603,20.925251223946837
11004,-100.57351166262565,20.421824767917034
11005,-100.62174694797929,20.57549771147607
11043,-100.21465942171332,21.365832611330525
11022,-101.47296944876132,21.57948833375958
11014,-100.93482964545676,21.146968392702536
11045,-99.97853682106691,21.35672444103883
11001,-101.53597479019527,20.53312089172257
11033,-100.47638740582916,21.3992209602102
11006,-99.80444550124841,21.26518099433911
11002,-100.7519936290924,20.05245816442961
11012,-101.66799260493521,20.61521404190283
11013,-100.35962037423157,21.14160471343895
11007,-100.78786260116989,20.537507882508674
11019,-100.50783314566094,20.19703867689872
11035,-100.9940525834303,20.674080693136997
11018,-101.0520749001359,20.358781211040654
11008,-101.87976834882605,20.712925842895793
11041,-101.15260458660755,20.119681858460975
11028,-100.91513670778953,20.207503395897703
11040,-100.1559926106754,21.03227532270533
11042,-101.27055774285914,20.37831334337516
11039,-100.74149774964663,20.296708093415763
11032,-100.3885746359639,21.002309911936376
11023,-101.81582483884274,20.401571277355238
11038,-100.52889528195196,20.004470020774036
11046,-101.22555085646563,20.183160900743186
11021,-101.24468160753267,20.084305763826723
11020,-101.62241810968303,21.124698314688406
12021,-100.05894630309966,17.142421947821198
12060,-99.6717407970253,18.648844576237526
12063,-98.78617609475066,17.229972765908833
12082,-99.24134162980842,16.72361696211707
12024,-98.67127530999859,17.738268700326593
12058,-99.91404073595272,18.35821683751763
12010,-98.90302791451629,17.514255949564404
12011,-100.34207827556847,17.33271629787109
12012,-99.11666281865179,16.98295638669796
12004,-98.3660432175913,17.37582577746953
12068,-101.85477644256011,18.01662464218045
12043,-98.44281120529794,17.137968488483317
12007,-100.19877489518896,18.252562454741682
12057,-100.74438108359277,17.405807108464924
12066,-98.61550254234483,17.562141282158034
12056,-99.29482369363414,16.980406623201088
12001,-99.71434727690352,16.95685556480047
12075,-99.60970921124081,17.801435514287327
12055,-99.59744884435118,18.520011855998536
12006,-99.98088637337781,18.091189322946995
12037,-99.76558301503506,18.463433947881565
12085,-98.53801976647338,16.427476833359908
12027,-100.6178909533362,18.6597136308758
12015,-99.42072192995002,18.461555672165503
12074,-99.18511718773398,17.74956301582694
12014,-100.42709974946044,17.09644566025114
12018,-98.93058821956525,16.608018885313285
12072,-98.82957293593688,17.324476194008604
12009,-98.58268482833172,17.270222360402034
12081,-98.63736857921839,17.048226292522045
12084,-98.74420502305105,16.99382342787623
12071,-98.15729390656276,16.869345778781394
12070,-98.50927810148664,17.904494824685557
12083,-98.97381271614672,16.908095652665946
12079,-98.99592963289587,17.442623375328765
12076,-98.9760427023069,17.1747746685217
12065,-98.4091723653657,17.5716460765023
12073,-101.21819975486643,18.34489377138287
12064,-100.4350032162087,18.4279782130506
12019,-99.05208738739651,17.982121340019617
12005,-98.51055978508688,17.64222482221708
12030,-99.13420795003252,16.692907968935764
12069,-98.54148986695755,17.429791808767977
12036,-98.49326338048336,16.8016989040647
12080,-98.67762883282884,16.5939864436747
12078,-98.42139254391518,17.097782098293358
12077,-98.74485089974795,16.64040537470763
12023,-98.51044576057886,16.474369552451474
12048,-101.16031381678648,17.61993544060378
12053,-99.43362085377743,16.820967909431037
12054,-100.3182473705606,17.83954692496091
12047,-99.86923005034016,18.54465005435955
12049,-99.6078019509833,18.70423612358941
12050,-100.61146548195268,18.345618849586508
12051,-99.18520327781552,17.31277133461685
12045,-98.78385763069754,17.896514690550376
12046,-98.35280829771722,16.66154156427129
12040,-99.79579171156384,17.63191014853167
12013,-98.57149674775843,16.683147118344927
12062,-98.27720680143328,16.938976727026784
12041,-98.69548358220248,17.181170190088306
12042,-99.35752613665751,17.832466910647874
12044,-99.37059076032497,17.336774358042828
12038,-101.43438680704783,17.819901900396747
12039,-99.47291634138155,17.14212718075506
12002,-98.95133885014397,17.752244251532954
12003,-100.60786578332579,17.918742259759505
12034,-99.25345724590076,18.229591506443896
12035,-99.58219607174829,18.226691967236448
12031,-100.10417042601759,18.441114929160516
12032,-100.0269838793894,17.73358951703379
12033,-98.54708586010209,17.812113594899156
12028,-99.11228865510701,17.52365092308693
12029,-99.69747635841179,17.390814092071476
12008,-99.06995954752296,18.144371999293227
12025,-98.96370775383939,16.718536179189854
12026,-99.81473056444074,18.12464968637618
12059,-99.46941026394937,18.100923169397714
12061,-99.36744652575146,17.599321544551067
12052,-98.75045001070818,16.877252853702174
12067,-100.45331891353499,18.28029114612719
12016,-101.6492950417424,18.282836170121936
12017,-99.71369480704882,18.13219824289684
12020,-98.70186676337887,17.432597107161282
12022,-100.93006893168443,18.081568372035054
13031,-99.14716800154164,20.969912725758146
13005,-99.07803095894543,20.119812353358437
13075,-98.92333609183513,19.95494015067602
13028,-98.45171325181383,21.12723488144378
13045,-98.62194790796127,20.173736309415723
13021,-98.60026927270569,19.65928898146002
13001,-98.44034271051828,20.20638443070078
13002,-98.19839543082492,20.159834240106722
13049,-98.98882950466657,21.234479549731482
13003,-98.88970592378375,20.31452585304115
13030,-99.2012969186686,20.532455980826708
13023,-99.08027645220017,20.23527338507946
13004,-98.36937498537408,20.361561614050302
13027,-98.06409727041903,20.5141121078357
13022,-98.64393209483919,20.032131751509183
13020,-98.880336138786,20.741402307453697
13074,-99.23097782959775,20.09620607989791
13070,-99.21907554643477,20.131549118552503
13018,-98.94967702557912,21.12842992697177
13029,-99.68074571908646,20.383818903148168
13071,-98.97240391600788,20.866529760281008
13076,-99.37670651696737,20.064115692275365
13046,-98.58169560471063,21.260283018788517
13065,-99.15181888995792,20.114400333241257
13061,-98.49481397982282,19.815528518663683
13047,-99.31540788515142,20.999725292136223
13078,-98.28808483457956,20.857840606808743
13063,-99.36347754160988,19.902649708732536
13017,-99.4716550685129,20.263679458061425
13083,-98.67231000699508,19.923128204544273
13072,-98.58693452663864,19.83519302635406
13067,-99.2932682896572,20.178858417747545
13026,-98.4891332173281,20.997487540436914
13062,-98.83294314397551,21.061412012102267
13044,-99.67266287063087,20.232990348302724
13016,-98.28168566314086,19.98428206536398
13015,-99.06017466231242,20.599112150230074
13014,-98.54849480380568,20.906060546399292
13068,-98.54421051067341,20.77877446647104
13084,-99.36574419486548,20.752831490416355
13081,-98.58673520973711,20.65074785902198
13043,-99.17541353273666,20.78645361287228
13066,-98.80335665302198,19.912817260456446
13013,-99.23137800760657,19.97343060300286
13025,-98.24714846127729,21.03823482305039
13048,-98.78225261862752,20.102083741061406
13038,-98.75355527100444,20.2230335368532
13052,-98.94005772235212,20.095567004975784
13037,-98.80964635018914,20.565402871265306
13036,-98.6052928833653,20.523774797872527
13053,-98.19109373721913,20.468497789023516
13012,-98.67648140975089,20.354832777088856
13011,-98.36354760974001,21.027296877084297
13010,-99.2213696447225,20.054744139738823
13009,-98.88256632020345,20.217137482123118
13008,-98.44703018015844,19.7228703512591
13007,-98.32709026029714,19.74160968236124
13006,-99.4053982768925,20.407083241488095
13054,-99.04782804435568,20.304731348134837
13055,-98.98285675094891,20.41235973176568
13080,-98.38350745114462,20.916240059561847
13079,-98.63959523667593,20.794893766224757
13035,-98.34291078743827,20.25780568190667
13073,-98.64815928604341,21.031810163747313
13034,-98.72327609739342,20.962070520327664
13019,-99.25513649946082,20.324299974949284
13077,-98.35094949724491,20.123595879394646
13051,-98.72018424227925,20.05866200912306
13082,-98.85528749463957,19.99260096408682
13064,-99.39869401619106,20.194207421297886
13024,-98.54311618089675,20.225880082194713
13041,-99.18072646496861,20.223843406268234
13060,-98.21084081494567,20.343356107741364
13059,-99.63246484636159,20.539273921712258
13032,-98.52756564444738,21.148473423087765
13058,-99.37581583667578,20.54234090199133
13057,-98.4954304167859,19.98758163305547
13050,-99.17814907376787,20.31432232013259
13056,-98.39276574304203,20.035647477307744
13042,-98.7763758948686,20.864353005364194
13040,-99.0704847941536,21.07094465530601
13069,-98.9611772214532,19.852521571226674
13039,-98.65881754214094,20.140347850901804
13033,-98.83573718454693,20.83157302150679
14018,-102.52330354192432,20.363827715201925
14097,-103.41699322995117,20.478236209462107
14114,-103.7088398853377,20.3896038318125
14113,-103.73885960688037,19.709900149467604
14112,-102.97263092046802,19.835055739092475
14111,-102.65094393588151,21.046509794527342
14110,-104.25572820358023,19.9928403685309
14109,-101.99717437089355,21.154681268389464
14124,-103.04879129548625,20.636022928122685
14065,-103.38187748041452,19.146472697943782
14116,-102.59357108491461,21.667714318027446
14117,-102.7012475203862,21.159817360199725
14118,-102.93362289801614,21.13791934688428
14119,-103.56758646748287,20.233896928422574
14014,-103.47046130669123,19.99642507705462
14015,-104.31209615139882,19.743424146119583
14017,-104.4348686203941,20.050219964534907
14043,-104.86305439515111,19.514602790172457
14106,-104.03315923779478,19.681213915330094
14107,-103.24199710289228,20.14689097302614
14108,-103.45723389709474,19.47895401776116
14115,-103.68662832945077,22.02876384809795
14075,-104.2320466181952,20.824679526732396
14077,-103.90519080438794,20.449887102081128
14078,-102.3796421230838,20.99258942988701
14074,-102.16346772346,20.997628067120313
14076,-103.78458640329514,21.595207536882196
14069,-102.86825756328656,19.804474981901606
14123,-102.92499966778196,20.460900314267324
14122,-103.75834019659145,19.5155672963309
14121,-103.34572070297985,19.621578161457794
14120,-103.49423565412712,20.79440136116244
14002,-103.60843854801004,20.425173573610532
14003,-103.93538615401427,20.71145610896373
14005,-103.71724882769524,20.849979241950695
14055,-104.03073617847711,20.908262385727266
14086,-103.76547066683776,19.948200242417254
14098,-103.34784934472668,20.59148685158785
14025,-103.28716091960459,22.091688251952814
14027,-104.3111042722688,19.435630240675046
14028,-104.50986560654866,20.19300042967974
14101,-103.21432557059934,20.620040152504263
14022,-104.61501367341683,19.277353355016675
14039,-103.33574208524398,20.67622671882881
14044,-103.20737030887051,20.39163783174248
14051,-103.13519566402336,20.48170327764401
14070,-103.24543196229378,20.539023303731156
14125,-102.50639853396375,20.764591391066414
14071,-103.5001195051429,21.047878342116167
14068,-104.7228440664138,19.807163713108324
14067,-105.1492906330168,20.697699322628075
14066,-102.89465613914912,20.270204038026428
14064,-101.71503866316286,21.810754571310145
14063,-102.72405698865377,20.397437527287167
14062,-104.45281665701917,20.508890954211935
14061,-103.99464424350548,22.222383500792564
14060,-102.75353119697037,21.26384280510666
14059,-103.07251697045878,19.89422716292218
14058,-104.81402551712523,20.578911806639315
14057,-103.10782795380958,20.021506032457328
14056,-102.83862053456096,19.529193194995806
14054,-104.10031536930866,19.840785668920955
14053,-101.87963210737198,21.493829950115728
14052,-104.03664694194397,20.05422797708352
14050,-103.41716449042237,20.314496767537825
14031,-103.66490297425203,21.731853153236496
14049,-102.88112194732697,19.329534795070234
14048,-102.11985846026235,20.63544998967448
14047,-102.68566582617193,20.28011881835608
14046,-102.48930981613026,21.191642083624004
14045,-103.22778499004336,20.898493678591894
14042,-103.91622987296827,22.58360167240387
14041,-103.23394667372175,22.31854447486848
14040,-104.07537897708795,21.057458526976852
14038,-104.4214332248957,20.67882649764584
14037,-104.19508507180292,19.801037378016183
14036,-104.12376979170114,20.743579417422023
14035,-102.19154464698403,21.55567593877039
14034,-104.08161986932525,19.912415409308995
14033,-102.16780997568371,20.447886089553943
14004,-103.62257962613045,19.999935314407974
14019,-103.92283162605462,21.87637246956306
14001,-102.9091572135156,20.77004232071132
14006,-104.08052153431757,20.541652709064937
14007,-104.00675641668022,20.809088056824518
14008,-102.30066264640233,20.766412932316637
14009,-103.67900282887908,20.754966734458318
14072,-102.02346317107282,20.97010700439988
14080,-104.82612801593689,20.852440221162418
14081,-103.18126031896097,22.193301870534
14082,-103.59463783632864,19.861749530960555
14083,-103.68216440904212,20.607401736341615
14084,-104.95339043006135,20.299370023924144
14085,-103.17922562357565,19.68738994697182
14087,-103.19241776178663,19.225091729488295
14088,-104.02412099049648,20.259188687578483
14089,-103.57525683940167,20.092425221264342
14094,-103.78102688814153,21.11230316495302
14095,-103.83239527758055,20.67924083876375
14096,-103.07107468186267,20.119619019802094
14032,-103.8801961313814,20.082266213668706
14030,-103.18790706006014,20.259867953566065
14029,-103.028707346536,20.95236367715592
14026,-103.23641872614876,19.982399713164448
14024,-103.8244582839042,20.39031651008322
14023,-103.51032793687979,19.710764715219284
14021,-104.47016772978445,19.602913621892792
14020,-105.40658858637752,20.342382033862393
14016,-102.34291925725825,20.488788088729937
14011,-104.27392038614221,20.31805948003045
14013,-102.53961628083776,20.54754684579987
14010,-103.73161773137542,20.172937192653613
14012,-104.55070583404955,20.336692570545107
14073,-102.29432353741883,21.26966526034814
14079,-103.41720553140783,19.85645329778341
14093,-102.72082690987337,20.814764190155717
14099,-103.93057391314038,19.55288619131413
14100,-105.16485509030862,19.979520509575966
14102,-103.95019323827108,19.847866867563177
14103,-103.53506287944722,19.43208870163207
14104,-103.47859137352775,21.958867113073776
14105,-102.74870365622647,20.548717851967805
14090,-104.16549661932542,20.14683648014336
14091,-102.55446974215967,21.480298732581034
14092,-103.34713158145745,20.108708980001175
15116,-100.25611426757655,19.060807944512085
15072,-99.56706571220096,19.13887539279567
15003,-99.83331215103061,20.11566251121516
15007,-99.9886885535213,19.250978854135578
15094,-98.84127796763393,19.00993336614031
15032,-100.18481046840523,19.31644657567652
15081,-98.98651222795124,19.70581868879856
15071,-99.83164577037896,20.2240755648238
15070,-98.94662399436378,19.360753524632077
15026,-99.55092650350979,19.825748111254732
15061,-98.71708336804771,19.81230757800012
15057,-99.29261693613957,19.471257519485004
15120,-99.0718290792615,19.80910941678554
15110,-100.12188003940356,19.17777571426831
15030,-98.8966878522797,19.55627509419827
15044,-99.08891714202423,19.73870652338081
15093,-98.76567513624784,19.569409555987413
15108,-99.11964382862084,19.679301955091287
15111,-100.13754887412817,19.38723409845462
15016,-98.72126232577749,19.76304647805688
15112,-99.47841899069397,19.721034811489055
15113,-99.68726205257447,18.973063507189906
15123,-100.40648958422581,18.940809958646348
15074,-99.9825048901793,19.65320500309661
15125,-99.05835109869182,19.68182097255032
15053,-99.13354065823242,19.709647629537667
15055,-99.58312303398837,19.211084203382892
15073,-99.55127694972778,19.16887472752647
15015,-98.71706873131151,19.03110413324377
15014,-99.84578368860916,19.809848332691775
15056,-99.64171838653058,19.743448208675883
15054,-99.58825459069978,19.247388614873017
15076,-99.54224257641793,19.268949781488544
15060,-99.39175139670593,19.624972646004096
15083,-98.88377272014307,19.188928144602134
15024,-99.16333048923289,19.70636974615692
15059,-99.07441293595816,19.72991165918903
15009,-98.71655842405029,19.124883885142456
15067,-99.52994924866593,19.450235343351867
15031,-98.94723436737735,19.416069257903573
15092,-98.87065424499232,19.686312334785896
15066,-100.32030338606388,19.1073447905313
15098,-99.50641968441622,19.12963974925727
15025,-98.83170681519823,19.25360236771701
15077,-100.03687228959059,18.980049200761627
15078,-100.29821943084387,19.178336453082476
15096,-99.1495761183104,19.904642498107314
15104,-99.1701373391041,19.54274484753964
15107,-99.63754471893154,18.78089865983602
15100,-98.93140217842829,19.596914062017582
15082,-100.21308891263138,18.87378969826309
15058,-99.02268275383983,19.422567608756797
15064,-100.07914420060044,19.79514208232609
15109,-99.14529063896188,19.62620130102576
15023,-99.2221965316367,19.789981820040328
15040,-99.69083478888363,18.850689080259286
15039,-98.7790476972181,19.34281062681865
15005,-99.82942856812362,19.405307703950676
15086,-99.99717478471212,19.080998797396585
15042,-99.80699752230474,19.58957190954382
15049,-99.51447453793,19.06755853439549
15052,-99.48562673495005,18.881884732478568
15103,-98.73197064751432,19.208904604009426
15050,-98.90406691834428,19.093586006583845
15101,-99.4321490792436,19.162291205939884
15090,-99.63027489117258,19.08135202750859
15062,-99.40626979964794,19.259512052545585
15105,-100.25709787820578,18.544462663146046
15068,-98.8096783868213,19.02174248166222
15080,-99.98915116802564,18.73454194427972
15106,-99.667031031361,19.296194519671587
15118,-99.79834355846225,19.214796235780636
15036,-99.02800757264406,19.952392968869432
15013,-99.27403931355369,19.564803970604725
15124,-100.14559393007417,19.61709750826963
15117,-99.81283229088989,18.715794907083858
15046,-99.39043148256977,19.50604131173011
15115,-99.46760022258717,19.4369482664962
15045,-99.596532613615,20.019049485387573
15006,-99.49186491968607,19.15877750601525
15012,-99.4999674122671,19.175542758722436
15034,-98.73664596804274,18.9680202143195
15041,-100.27783784918753,19.257417251484174
15017,-98.816349329638,19.124284478676778
15102,-99.71804311873238,19.89632305695315
15089,-98.87014331071325,19.15163367334277
15029,-98.87756529478632,19.40629279907061
15087,-99.60232796166684,19.485724703153142
15069,-98.85785185030443,19.559878937562065
15084,-98.88106867257027,19.81910703050432
15119,-99.55406064102228,18.80008630887524
15008,-100.2667923050668,18.703016638101126
15011,-98.96212794006098,19.5454267040002
15121,-99.22752800692746,19.65203583237606
15075,-98.83218184459304,19.71976279105806
15018,-99.64325991675706,19.16553145185213
15019,-99.46054310087848,19.209821898553066
15020,-99.10238927186465,19.626284265452135
15022,-98.85888652388074,19.226026229553646
15047,-99.64160753505146,19.586071132422237
15001,-99.87149381760027,19.972940404607144
15048,-99.82355450502197,19.717199694170798
15028,-98.88386424502912,19.573024364222483
15063,-99.39641111179962,19.0092055044317
15051,-99.47486366100144,19.345067293735323
15085,-100.03696609029396,19.921245441434433
15088,-99.56920832048205,18.96700103581193
15027,-99.55010334429122,19.206489610675696
15122,-98.94830928510524,19.27639794719295
15099,-98.82767231063944,19.47169171321614
15004,-99.86677834823266,18.832936878046983
15043,-99.35926112529249,19.16524556791295
15035,-99.25503972128574,19.82262622791619
15065,-98.7383813064913,19.65601447799874
15079,-99.5138594386511,20.05179771187617
15010,-99.14789697411625,19.984503766050725
15037,-99.33936433401361,19.383122288380754
15038,-99.44037524685959,19.554246915564125
15091,-99.16817836114198,19.762202163127206
15033,-99.04320785196177,19.572768242507397
15097,-99.94074052211019,18.939999201505604
15114,-99.99210760013351,19.44272616435752
15095,-99.30618630077393,19.725213306934272
15021,-99.79934788274805,18.945502296993194
15002,-98.9198561876709,19.63377094181432
16045,-102.75338882091003,19.977494777425136
16093,-100.20657699939447,19.779873465090546
16092,-100.79522292968225,19.057081766106002
16088,-101.1574948718741,19.816480402931695
16085,-102.2487184088904,19.872589832594517
16084,-102.45364345676168,19.890227550525424
16074,-102.87921546327533,20.111945644555416
16055,-102.12379779719775,18.971055134384546
16061,-100.33274721420098,19.577176983219083
16073,-101.53865764796397,19.695174772916815
16104,-102.58639760866822,19.99374147546905
16089,-102.85829638247337,19.068175952656652
16103,-102.66620576865112,20.143059177166325
16102,-102.10558317003013,19.443549627344403
16071,-101.5280733800509,20.115677888761926
16064,-102.21234511960577,19.06196815660537
16063,-101.78164476534047,20.001740192881773
16062,-102.52573524175912,20.145148660863615
16060,-101.95974050902119,20.25066095496337
16059,-101.86366414918474,19.15907992221292
16058,-102.19572144616001,19.40822374316539
16057,-101.21592440444387,19.093452321052467
16056,-101.87955824819399,19.64515794296058
16079,-101.68806542947974,19.381210836851317
16078,-101.03886703981527,20.03924337589156
16018,-101.22139720939441,19.91627457092143
16019,-102.69997378394788,19.759043576819547
16020,-101.11180346415105,19.980578038401642
16021,-102.2279593713474,19.69239030895183
16022,-101.01329104938098,19.668885934841335
16067,-101.89561948136563,20.10380873693818
16072,-100.846741538752,19.726436739477464
16086,-102.34176840426758,20.259238894308094
16087,-101.89509972810087,19.329307387249504
16047,-100.51868112419342,19.43331563703282
16046,-100.46017890640182,19.29281935437033
16012,-102.58388406599714,19.203814052312808
16065,-102.07103145768663,19.65412109536985
16066,-101.5989849614021,19.49450667164984
16068,-102.45260759718198,19.495282983068257
16069,-102.07230444015356,20.305571243910077
16070,-101.99200037959245,19.910714344653492
16083,-102.34700011024994,19.331101178846982
16002,-102.76112887271435,18.777572844383638
16094,-102.06086303240251,20.00591339022251
16095,-102.5937313123693,19.64634630948921
16100,-101.54951717065828,19.609953529409132
16105,-102.46982590159038,20.266208507945063
16101,-100.91394771726021,19.431536258366876
16111,-101.90902377060785,19.428516863692483
16034,-100.67794878725243,19.612519099524842
16017,-100.20756405814443,19.95928437601654
16016,-101.6272567353681,19.795278230333956
16015,-103.08583744263625,18.679384072669443
16014,-103.61539425631041,18.742780266403727
16053,-101.2790488258913,19.66655009832449
16052,-102.37537852769258,18.08844267694212
16051,-102.96781871778886,20.044810465192647
16050,-100.42894990419099,19.889442030673678
16049,-101.17021545664666,19.34242634697621
16042,-102.40570941173344,20.15134902578367
16041,-100.46798756917093,19.716786228353122
16038,-101.10509830630025,18.65387903721306
16037,-101.49646522145845,19.891944827798184
16036,-101.27775938931383,19.99612856894561
16035,-101.92122081886934,18.841912680671054
16023,-102.44669547223748,20.04401560344104
16025,-102.10116493956127,19.813344691135637
16040,-100.94213607019353,19.7660012486338
16039,-101.45705049698286,19.521535799992137
16026,-103.40887840568989,18.763795491568953
16027,-101.36218884765164,19.896939182603315
16028,-102.07800415667226,20.128878760415272
16029,-101.61622012917488,18.689193110063645
16030,-102.24341290633797,20.155554049727904
16054,-101.44299813788948,19.98983564186573
16033,-102.00712703472227,19.158786848431966
16076,-102.76628946456889,20.05514220994252
16075,-102.395375267232,19.652820288797546
16080,-100.34231828296602,19.74616685700407
16081,-100.40689069783683,19.191158962806522
16082,-101.45200729903969,19.254790966463545
16099,-100.61789640829694,19.221713824624473
16003,-101.02175777546775,19.87352004791451
16090,-101.85064884385375,19.513875688729318
16091,-102.50038329877664,19.786716763739356
16048,-101.41118713796736,19.577990258063192
16001,-101.34000430735084,19.465822861831846
16024,-101.98973100517628,19.734616999377057
16009,-101.70666164085134,19.156241464744316
16008,-103.23523533374468,18.37406215424167
16007,-100.39541986788457,19.661978012161363
16006,-102.42337237315279,18.93804074349503
16005,-100.29851803896966,19.629224699336646
16004,-101.72776673777373,20.138890773579117
16011,-102.58979276271306,20.23754226042044
16010,-102.27098528442738,18.36412662224628
16110,-100.76926842973855,19.870717647840323
16109,-102.0115326697063,20.18247404622392
16108,-102.26405750117385,20.032983473812976
16107,-101.82784231472658,19.824123489367455
16106,-102.21950184988839,20.299265340356357
16013,-101.03632307533924,18.96878535409962
16044,-101.70439329738883,19.926847753167838
16043,-102.31598951317372,19.93493508962186
16077,-100.76276734397551,18.567117062699904
16032,-101.72520055326297,19.61977320796457
16031,-100.28934216135445,20.14730700828428
16098,-100.48787119908927,19.568327352024454
16097,-101.42202222056702,18.931985762302926
16096,-102.5101736747194,18.55022992984371
16113,-101.56694350450702,20.25690455191109
16112,-100.33796846209302,19.438209772606555
17008,-99.18088554099992,18.81371377035636
17003,-98.75210291370476,18.525225768138352
17036,-98.69260047467371,18.876087183003058
17029,-99.05235978435358,18.872227283089828
17018,-99.27223645452717,18.842523891105056
17014,-99.36541160502253,18.685899342395654
17019,-98.8942493952696,18.574755726352304
17006,-98.96179096490678,18.827051531251144
17001,-99.38667087052278,18.589991163309115
17025,-99.07469312346777,18.499101027767374
17002,-98.894498849557,18.935043982938122
17026,-98.97502689558252,18.954022905925946
17023,-98.99023237705309,19.038702378029345
17004,-98.97896648185768,18.716200371984133
17010,-98.76469012505265,18.685388305130058
17017,-99.29573911766367,18.550969389606365
17015,-99.36946553491607,18.825292001543655
17022,-98.71198735216392,18.912634160912482
17009,-99.23661487114553,19.0575881829083
17011,-99.16644094107002,18.885153779016218
17012,-99.22252274361858,18.58454116024248
17024,-99.10821561190266,18.704923260113564
17030,-98.85680867955637,18.85267834480526
17013,-98.80939440622022,18.663747494176135
17034,-99.31182538523663,18.734930016202853
17020,-99.10525262386601,18.984384269993846
17031,-99.2027088142214,18.655650071923922
17021,-99.41238988292982,18.692728076657037
17027,-98.91802522757747,19.000431670659566
17016,-98.7809592049967,18.881560980204906
17032,-98.75379408024645,18.806871652579932
17033,-98.7904851256221,18.759238634723516
17035,-99.24684336336354,18.68334785678517
17007,-99.26302410359406,18.938866112794546
17005,-99.44577695972227,18.731814758922336
17028,-99.23526558201368,18.761890373583036
18009,-104.65684334133363,22.128629565865232
18003,-104.401356551612,20.848427523406436
18015,-105.32257669337504,21.854133975259032
18014,-104.59031543943215,21.356421291656
18007,-104.39931599699601,21.184047764928835
18005,-105.24418959324257,22.788506714479595
18017,-104.8406053428495,21.625279617121876
18013,-104.74878408150798,21.161033155001068
18012,-105.4868796445911,21.568240000579937
18011,-104.96262784512973,21.991093947443506
18010,-105.21453038036816,22.117719840342147
18002,-104.57634839947208,21.041102928109474
18001,-105.25890585407672,22.464859962916147
18018,-105.37433819128753,21.961557157046496
18019,-104.15069496580853,21.542604480978827
18004,-105.05718780268191,21.131724899419574
18006,-104.30696571837233,21.033379185827275
18020,-105.26884600974495,20.847810915909832
18008,-104.95400013307541,21.39374719646401
18016,-105.5195898677664,22.337051737746922
19035,-99.49350674616362,26.04893017297245
19036,-100.16042910447675,23.41789986467279
19002,-99.70313247642426,26.298749991448595
19013,-98.97215474492872,25.480161947362493
19014,-100.3060782541666,23.859590829950605
19032,-100.41806654216356,27.050765287744255
19001,-100.4059369736594,25.94053674964293
19031,-100.12141621990544,25.614076219568606
19015,-99.03086604193193,25.96409572270594
19043,-100.12762071814251,25.0657859920259
19048,-100.48378896264843,25.574603402125618
19047,-100.45317782837664,25.999381613566253
19040,-99.6014912796308,26.582961010672694
19037,-100.78614694805155,26.285445555957864
19027,-99.41422462426448,25.916064068237667
19020,-98.84851085960454,25.803330533668586
19005,-100.02507910212037,27.341947275154233
19019,-100.37474404373856,25.64459198839509
19041,-99.97709451346621,25.736785562589933
19008,-100.56177893257437,26.5716884357575
19026,-100.20559479414432,25.67275672170869
19051,-100.3480201619101,26.469657924178332
19007,-99.88656584111754,24.225062108497273
19050,-99.8847380984188,26.64800625930056
19049,-100.23731199201829,25.384911122496433
19034,-99.9646498826281,25.874495980672034
19045,-100.27038109232227,26.161036755295527
19038,-99.80826665553577,25.126332577398134
19033,-99.52938541631059,24.851787315485847
19010,-100.35687710055512,25.90076130379877
19023,-99.4459722356669,26.21263580269027
19009,-99.91418595036689,25.52457156827912
19029,-99.6780884571305,24.883786040186127
19030,-99.84859978636658,24.63830949550069
19006,-100.18736363350894,25.792532807718835
19028,-99.99749410616467,26.033145804021004
19025,-100.13482474374239,25.91138516725068
19046,-100.27068179665642,25.73607312960079
19021,-100.35555316226413,25.82186608938715
19003,-99.27345969062858,26.091446800418197
19042,-99.58767451346013,25.65323736823435
19018,-100.65976662568127,25.80900885292617
19017,-100.39199429394579,24.760304349610614
19016,-99.80496776629313,25.84923710962854
19011,-99.70533406278743,26.072307123438524
19044,-100.14912359216471,26.574953283238056
19004,-100.02951941996675,25.30143132089176
19022,-99.41290898222587,25.275924089333476
19024,-99.74017466048103,23.9010552267849
19039,-100.31088232837374,25.6446017524145
19012,-100.18543184658694,25.977451380940956
20155,-96.95603288501525,16.59192408188542
20481,-97.75978636068459,17.006461367951616
20378,-96.90532274815658,16.789999609048582
20334,-97.53732312854235,16.077540917732296
20437,-96.0536792379215,17.114284566543244
20441,-95.02633221788246,16.363458672594092
20446,-97.80327197398177,17.035105544474806
20447,-97.97372500524838,16.778699910079037
20469,-98.01875904415336,17.194117908952702
20440,-95.61525314546152,16.62291904144971
20513,-95.21863115100392,16.854033137267184
20278,-96.43904185240677,18.25250024177589
20457,-96.16646929197344,17.52747052066653
20482,-98.12138823498329,16.29229585562079
20329,-97.27479770117627,16.995695752630926
20330,-96.62867557717638,17.990277179844334
20170,-96.33495882984032,16.401561122146347
20230,-98.12382227665533,17.63188780671903
20184,-96.0923976491617,18.02849864585381
20214,-96.62622828705844,17.662697683419754
20220,-96.76248766733985,17.739656857216097
20262,-96.45639733476898,17.20012171097285
20266,-96.09621788968485,15.945133582626788
20265,-94.40977281219725,16.652682353481975
20318,-97.06964714780267,15.94957519200985
20327,-94.21531415510854,16.28076035841331
20556,-97.50146135689553,17.777173887249813
20005,-94.95654053849752,16.661894793368607
20517,-96.07776873591325,16.93254814113512
20565,-96.7665459900303,16.949682906537785
20503,-96.25156715108349,17.216855999786233
20500,-97.5311180194079,16.85046512705377
20059,-96.64609188325103,16.348361261940237
20177,-96.96900342843264,17.741056228891196
20364,-97.29625879495167,16.177223276445705
20057,-94.99078558974102,17.155449932903576
20544,-96.67070013871353,17.327747969773128
20410,-95.865048529499,16.233259567792466
20435,-95.9891105877446,16.951297099689263
20417,-96.13153158260103,17.84985037861567
20439,-96.68179315981808,15.772670069549784
20251,-98.4213774799766,17.646888133485458
20467,-97.78529918760536,16.201898146489384
20559,-96.33476195941539,17.797272645989025
20169,-96.64248128231355,18.257624967233998
20118,-96.50005628541028,16.89672213953102
20568,-97.83487843811902,17.882506442965145
20460,-95.91604524480174,17.37642583496527
20044,-95.89101876925136,18.00076045886691
20507,-98.3646460906969,16.32881226132727
20515,-95.3916483818597,16.221481700125732
20516,-97.27723581591789,16.575716580665635
20051,-96.55747928428478,16.89015975820392
20041,-96.7999775213422,18.14457296576708
20042,-96.33947205644427,17.494567291206696
20071,-96.42787658633263,15.919369869222503
20223,-96.18214277730854,17.41051023713101
20190,-95.49712609338519,17.318292704953766
20097,-96.2232904493466,17.2767691849647
20098,-96.5995326235902,17.944759293885447
20101,-96.86062079367859,16.60104991117251
20104,-97.04502449453408,16.8340567230115
20413,-96.2231947601818,15.796091769966397
20120,-96.24323398461915,17.245277533582804
20121,-97.31417577205538,17.584413236209112
20015,-96.63579923758824,16.51404649021328
20125,-95.96246557503343,16.414138693044727
20124,-95.14617175624862,16.357871642830407
20020,-98.01046884673674,17.06145967656767
20153,-97.04523367623246,16.050617145845262
20141,-94.47018010865227,16.232749678153237
20147,-97.33402266724397,17.363325984064186
20150,-96.92811564901528,17.372097784712636
20164,-98.09156753511094,17.689137910658832
20204,-95.9178968652375,16.511414885719446
20035,-96.4991069574697,17.31467672061073
20202,-97.11695666576743,16.20927646011245
20566,-97.3822631064524,16.780473169219622
20217,-97.17100959095035,17.11638199425435
20016,-98.21714848434894,17.21599446757295
20229,-97.1864610252382,16.526861839390698
20232,-96.36250721085997,18.034215111132124
20235,-96.47891962139472,16.453240152634915
20236,-96.40399138854058,16.040563630585346
20525,-94.3323500820241,16.464466349298743
20526,-97.18830608351479,16.080727273009124
20052,-95.65531469849455,16.34763707343668
20290,-98.13260774858543,17.776293096784528
20043,-94.93112875151975,16.38150226251607
20079,-95.21971504220198,16.19334624058513
20207,-95.42084837271987,17.13196012574236
20356,-96.46539185688638,17.011511356269796
20340,-97.70629884743953,18.088489191159503
20218,-97.43001216871782,17.077406180642786
20386,-97.48478614557985,16.469312882730076
20179,-96.80747250489947,17.439177338616403
20524,-97.70071923524817,17.63445417750283
20264,-97.19821489055641,17.626800666984163
20333,-96.22919083795279,16.662847950338715
20198,-95.11215126274635,17.05402268270889
20365,-96.49845474378137,17.180490436166444
20002,-96.53954669635844,18.452130552213585
20006,-97.16779287335073,17.44794394971728
20008,-95.76619213908533,16.226058960001655
20009,-96.16681535151885,17.714631868596513
20010,-95.04306794610297,16.7882671162887
20414,-97.92638703695339,16.20857629208434
20291,-96.79002590617074,16.17022559650372
20298,-96.29490561380402,16.968788440631513
20385,-96.74640882870405,17.017532269132374
20023,-96.80141381978777,17.006955724043806
20306,-96.47168008659905,16.015814136221575
20310,-96.8226850162066,17.051746175093076
20309,-96.55143996117238,18.15913577610743
20324,-96.41291550793105,15.789028550195818
20337,-96.13496912225689,17.02173232633149
20351,-96.72652313450827,16.401896506760796
20562,-97.39500979372401,17.378529967138885
20426,-97.03344444075147,17.048428407749558
20427,-95.07200081281535,16.88461155293526
20021,-96.66188036140764,18.579856767146335
20175,-96.76855917185213,17.588889810534997
20466,-97.69830483569667,16.53818553624041
20468,-95.9825722094836,17.65569352633385
20470,-95.52614487238633,16.773614448266684
20479,-97.38694355020945,17.428351112749706
20498,-95.49092079242533,17.499205335165097
20133,-97.69197680122743,17.07692790699692
20134,-96.53509946297041,18.069644332175695
20138,-96.26463856688738,17.180863124802926
20149,-96.90583979015842,16.51415623937312
20161,-97.03580281099794,17.3905083186273
20159,-96.96963069238957,16.204390254018826
20047,-97.48178266228372,17.806603808183908
20094,-97.06314306064135,17.233958188864822
20031,-96.02215125497145,17.03725667081275
20279,-96.45841745264222,16.080163017942112
20401,-96.92217693305652,15.861904292841873
20367,-97.83912497869129,16.339704916103994
20359,-96.62213745727261,17.396219582009294
20511,-97.06673273314668,17.173790240704275
20096,-97.29609796772883,17.484684169043803
20504,-96.64657790107228,17.261062944168476
20537,-98.14389949753108,17.560664922722513
20543,-97.53493285284917,16.309646383159265
20548,-97.3011118791206,18.00682857576869
20076,-97.86337300001173,16.647630645683954
20463,-97.04698242472976,17.486248206117196
20436,-97.0504929702335,17.722365785293466
20523,-97.34821327275347,17.532960044849876
20054,-97.22490716036998,17.390435269654873
20168,-98.25631670896563,16.377838199467664
20185,-98.16340789135305,16.641699333549802
20246,-96.19695873202387,17.15297070248303
20277,-97.05803646610829,16.513030237350133
20542,-96.76929915507965,16.571303975748712
20357,-95.8837882525877,16.60424119183931
20489,-97.67744324456872,16.341656440373423
20490,-96.97874133141974,18.21512364007604
20502,-95.88492916620507,17.19423650226407
20163,-96.92902777405706,18.153795519088174
20166,-96.1236271155456,17.91466333253966
20237,-97.90378236383789,17.737514137481725
20506,-96.21035023946084,17.071210738615086
20508,-95.17368208213969,16.62995828803923
20205,-95.79128896690536,17.493258642064106
20271,-96.9478567338465,16.757548583192943
20545,-97.11223707195846,18.10737291223191
20546,-96.51728877947038,17.055664084250463
20547,-97.5384968644777,17.748635712265934
20186,-98.27070727457104,17.865402890724244
20227,-96.80355750832308,17.129039096140204
20261,-98.01939875750573,17.886704869814558
20552,-97.47552687676198,17.872007819758235
20550,-96.5486951360711,17.007712226606415
20253,-96.33877499087751,15.971719255832442
20254,-96.52522893193155,16.121301748501036
20272,-97.40049308563313,16.23864097174346
20273,-97.01207584206063,16.928561587029034
20275,-95.78021626681718,16.97564849500125
20551,-96.35913664461584,16.873584834057535
20553,-96.61638844587478,17.09412682423184
20493,-97.31486979672046,17.46769795904999
20554,-96.02112159381652,17.24501563342043
20555,-96.7923532906042,16.92951244563636
20018,-97.44281407159002,17.99027792757573
20036,-95.38940376863752,16.83874904797994
20338,-96.79316782853581,17.195153048710687
20344,-96.87126490190475,16.088455223561244
20366,-96.71876811722674,16.07094617401712
20377,-97.68136889881794,16.728173131889946
20451,-97.13618799056256,17.649671690222707
20404,-97.26064717546848,17.56575768624695
20407,-94.3886110970653,16.946970514047194
20558,-96.98822453445902,17.765038359372685
20561,-96.4479860803755,16.708640489648218
20056,-98.23679719082155,16.542121162660617
20563,-96.79781443255096,16.442351890436193
20497,-97.23788177353364,16.20856074306198
20549,-97.85852003583084,17.58220184680161
20564,-97.29643297562026,17.077307742063905
20099,-98.3864201800126,17.65936098982325
20491,-97.30912935473216,16.721131857138282
20379,-97.7183074617345,17.154890416744315
20494,-96.97124860614912,17.027127094789513
20499,-97.5744250270616,17.469815903043944
20058,-96.91094527176043,18.029356412569275
20569,-97.14139585072664,17.274880796257527
20570,-97.03479791582383,16.78024529168497
20567,-98.39696916069656,17.77615400842385
20423,-97.50135138532016,17.407706664725094
20528,-97.95025212722761,17.422827603559686
20112,-96.50734783763723,16.766310599205717
20510,-97.5239400976558,16.90908168786869
20129,-97.38361404603106,17.725416382951884
20371,-97.53434502664766,17.061844745175737
20424,-96.34925453195898,16.099108408426773
20406,-96.74621456069399,18.293058965759393
20422,-97.33240388468846,17.64628282433423
20450,-97.52084059732589,16.631553048896553
20075,-94.44580178568155,16.392518561611773
20501,-98.22059113660163,17.614356521033603
20505,-94.73156393531441,16.579594832886173
20459,-97.71936354295109,18.1998365823409
20477,-97.2663403558054,16.439542075556123
20484,-98.23470089698473,17.734022977116975
20485,-98.46604393812365,16.332963734206405
20492,-97.35343092514454,17.210179433090794
20495,-96.2185949973992,16.004523645586346
20514,-96.07090019908004,17.332222057339386
20534,-96.8335069188279,16.37276712577909
20117,-96.75481659711069,15.943840156842299
20512,-96.31440563000918,16.17597110299249
20518,-97.34050822148167,17.40179570572345
20206,-97.03923763926053,18.044332966371083
20521,-97.35338033575084,17.607262086380256
20001,-96.63381989793481,17.490136462274638
20256,-97.42950685528493,17.80504822165579
20003,-95.92690027204718,17.033824472918337
20263,-96.68012869738025,16.166609785174348
20004,-97.65269914651614,17.929497925132214
20007,-96.72574978034713,16.762887793652396
20267,-96.57437994626845,17.32746965154234
20011,-98.25384648404875,17.545727959585978
20027,-96.74873561407435,17.992466370319416
20030,-95.03954233378127,16.467164560839315
20519,-96.59089002064984,17.07201755927261
20034,-98.16428621474813,17.754449035354302
20013,-96.76636339385696,16.8937815727141
20017,-96.85144265343341,16.57979789387304
20049,-96.7149658403568,16.708591613304375
20520,-97.9859558795041,17.68134419660095
20019,-96.85391372523014,17.867692153947516
20022,-97.80167201342476,18.138027942837304
20024,-96.85729995629893,17.96612523157215
20025,-94.2046404887071,16.273890455984333
20026,-97.56231660417275,16.986825844875813
20029,-96.86926732333782,18.194641728675588
20032,-98.12915845664575,17.92987352235334
20033,-96.80207254973972,17.17716224918532
20050,-97.55388282561327,17.240454160790097
20536,-97.43559337702658,17.430337485057798
20037,-98.00990783186604,16.922327955696723
20040,-96.78392338986659,18.07265712203842
20045,-96.81522931513317,17.247148859023532
20053,-95.25265612278524,16.510835570775985
20046,-97.24209139399638,17.261109348284066
20172,-97.50054433397095,17.35000540713267
20048,-96.90874540585617,16.896341969852664
20522,-96.29134130069446,17.125220548376152
20456,-97.73444253669662,17.731098014146784
20060,-96.10404609145559,17.165378576201196
20061,-96.63096926098159,16.37315408695828
20062,-96.42624422721669,17.301731244831885
20063,-96.82934435653027,17.1811771593752
20065,-98.01434814905818,17.504155060600173
20069,-96.79387621463421,16.623498537841304
20070,-97.96606239982994,16.40367445972945
20072,-96.66505844324472,16.672075323356093
20074,-96.27024176977625,16.309177190978115
20078,-96.63614484346218,17.00240849421257
20077,-96.81906040213617,17.20993829778137
20081,-97.9934037211029,17.58916244969888
20092,-96.86491464033027,17.058772951645256
20080,-96.8137847110013,16.51378506648499
20084,-96.71825703261919,17.201259130957474
20082,-97.80466412292812,16.449692494914814
20086,-97.51573430471804,17.198265644077892
20083,-96.68558496438835,16.991968393871115
20087,-96.67945353521917,17.080693505281406
20089,-97.6887394579997,17.698527697804405
20090,-97.91750037372026,16.3447805600284
20091,-96.66728683138807,17.12745483581391
20095,-96.52495028825996,16.211689025382707
20100,-96.13238137978408,17.290309944798384
20199,-98.29024230070556,17.76433507865737
20102,-96.90297346228769,17.18420248766112
20233,-96.45349559369667,16.879291585526712
20103,-96.69253232851598,16.81393391601253
20105,-97.74396017672427,17.518473513609116
20107,-96.69181067205317,17.024109947892775
20108,-97.14296305844461,16.920581143781664
20109,-97.16450277250605,18.146146792300996
20110,-97.57365207860582,17.15315457297429
20111,-98.04782606509244,16.540696953066313
20527,-96.87525499882588,17.79367617727398
20116,-96.67551679562668,18.05007051685729
20114,-96.21060480534857,17.22040594513888
20115,-96.69561156778201,16.94113846891952
20119,-97.4525744600288,17.22396571825002
20014,-95.08933045807618,16.623363864820423
20123,-96.91716826454102,16.844416247026675
20122,-95.92802214678086,16.425505465841134
20126,-96.38299144273674,16.307304148492953
20127,-97.58107622763401,17.282374771479653
20128,-96.1749421262961,17.351434945673933
20529,-98.00589792152735,17.772413450624537
20131,-96.30206734014087,16.78091271220072
20130,-94.74050534883183,16.337533807470955
20152,-98.26331582566573,17.476363637235586
20132,-96.66416858324959,16.749904995870885
20135,-96.88523903779257,17.09288799610099
20136,-96.50711728998844,17.820224411934138
20137,-97.36771734896074,16.85805819547054
20139,-96.74519191209218,17.905563854690065
20142,-96.9361775284007,18.195231618631247
20140,-97.3143509459311,17.41700769985737
20160,-97.86886323534719,17.806723402241875
20143,-94.51304180697892,16.352654809395865
20144,-97.2750727182799,17.34648544325389
20145,-96.5958083517588,17.02634256599391
20531,-96.91192868924433,17.146866642840358
20146,-96.3801199167663,16.37341885359882
20148,-96.20194114783429,16.09335200025165
20151,-97.54351149526369,17.89040144865506
20157,-96.75742362734532,17.095364910402754
20248,-95.04560307700687,16.209305374266815
20158,-97.36594847089907,16.50326570080867
20162,-96.57138570975219,16.70405066339418
20176,-97.26241055743732,17.72060178806263
20165,-97.97216992305962,17.954417319470327
20167,-96.49327944867503,16.28057609364868
20530,-96.63768099384954,16.866566767785887
20187,-96.72866486947095,18.058334234897362
20171,-96.66802163652636,18.160830500049148
20188,-97.91067198051293,16.495136342515394
20173,-96.48837922700062,17.464109170463193
20174,-96.71619634038369,16.98731610546843
20191,-96.50733227504954,17.27921703415841
20196,-96.53931549726572,17.400905491938655
20178,-96.75914887483708,17.237984399649523
20197,-96.54151714640744,16.953903775595187
20180,-98.34378176123504,16.514865420849006
20215,-97.2917825673982,17.448296401395854
20181,-97.64326826141853,18.00000023521682
20480,-97.70129566508557,17.335066270338107
20182,-96.59240848959357,17.87300348710959
20183,-98.32221197406717,17.590701539579523
20189,-95.9565378501474,17.328985308619774
20192,-96.6716476614538,16.82825638015206
20193,-96.77923910117167,17.329434853378554
20194,-96.16134344413257,16.891774712808974
20195,-97.38964469818599,17.277777898980222
20210,-97.75486023964258,17.426129869635826
20200,-95.89101980504869,16.87462949859649
20201,-96.30172125554526,17.32400910822517
20203,-96.54576858826181,16.56842515137077
20208,-97.85586988312146,17.337671708287505
20209,-96.31316913006467,16.2466764814263
20284,-96.56435124529523,16.775626440596987
20219,-96.5977276444559,16.894529480246437
20216,-96.21850278289578,17.31861061168446
20221,-97.4157570165273,17.58724747237905
20222,-96.27994861964083,17.441983223035386
20541,-96.29400238750608,17.384137751336254
20224,-97.26897654087387,17.52342368648392
20225,-97.87785183712886,16.411227391915823
20226,-96.23846490894236,16.891010249391915
20228,-96.91726980515357,18.2163444825812
20231,-95.68976755976489,16.937803416591116
20239,-97.60895101546352,17.39629319958913
20234,-96.91588477824114,18.112340748588363
20240,-97.85577459187546,17.217355831428065
20241,-96.85417389009594,16.61637628622187
20242,-98.2450185848893,17.36167437047009
20243,-96.69191767132699,16.875741757718277
20244,-97.0309038060891,18.107395375560703
20249,-96.86894629229556,18.141182047986092
20245,-98.07094351051835,17.81654194388042
20269,-97.61586633962813,17.078530465447002
20247,-96.42087530123887,17.31804469082046
20250,-97.26290323399365,17.42258550094006
20255,-97.37110093850433,17.003938556229603
20252,-97.49477443358562,17.144991804394273
20257,-96.15075634944814,17.245886828543878
20258,-97.47351863686931,17.30661253860797
20259,-98.33212151900929,17.68288638607889
20260,-96.70426965048794,17.433887823713963
20268,-96.73659923639532,16.596186987412107
20276,-96.79767450389858,17.919867592719797
20281,-97.29104878452696,17.378859335977786
20274,-97.21635175431827,16.98104985040532
20532,-97.78216443299966,17.114417036125733
20280,-96.23183231553125,17.367388051635608
20533,-96.58043292073938,16.241825119697296
20368,-96.61268448686606,16.79146193967406
20282,-95.5478235452105,16.23191829639947
20283,-97.3148888698199,17.824179953763906
20535,-97.03822121873806,16.652407770226407
20286,-98.0106909522145,17.442250579184524
20285,-98.10825681921835,16.440458052411298
20288,-96.35340178966372,17.348111273379292
20289,-96.74465127399374,16.430951250243456
20292,-96.89022847132378,16.9820412714817
20380,-96.58382317625578,16.952501772000293
20294,-96.87360385673503,17.30973894236678
20295,-96.80659829911663,16.818008278680725
20538,-96.53878395822795,16.360237210289633
20296,-96.52161793572654,17.521709319543092
20297,-97.4712716739165,17.00753224715413
20304,-97.10982967082623,17.521166794907447
20299,-96.21715377396372,17.12508441192101
20300,-98.08366399602535,16.67748110103504
20308,-95.14751665680419,16.242856257631658
20301,-96.7340236348086,16.741262577922843
20311,-97.02657441568392,17.686758566568272
20302,-97.96945871504387,16.518804053631715
20303,-96.26205051407887,17.163441567232642
20305,-95.16654112470306,16.463619086036715
20321,-97.57686152127509,17.81049598159949
20332,-97.35742678559814,17.455241228199995
20307,-95.78249677980392,15.974140425677517
20312,-98.04209139081051,16.469497536747834
20313,-97.07149344525098,17.759248340867245
20314,-97.10906367659949,16.319158143160173
20331,-97.39129711370553,17.33734670394776
20315,-96.70424583269973,16.7483072880587
20316,-96.25357993250874,16.442145576411708
20317,-97.6438004636624,17.45008490747361
20360,-96.73192243103517,16.83639676302961
20319,-96.20955113313022,16.218777096978556
20320,-97.55182965396357,17.10391339515061
20322,-96.91127979953094,18.1833612949033
20323,-95.84078229453947,16.971769075661413
20325,-96.0344279331354,16.76723505976912
20326,-96.64088353866939,17.819510882266098
20328,-96.53396156747284,16.643905772306823
20335,-96.38066384494878,17.423124483234318
20336,-96.47947255506674,17.633390094961644
20339,-97.50639518056727,17.50787937887697
20341,-97.48084435394085,17.57722120009969
20342,-96.75473819451912,16.981999860804137
20343,-96.60330972507164,16.984681211337175
20345,-98.14954097723063,16.525927414548693
20346,-97.67437927400135,17.51994976116936
20347,-96.42337440977154,16.20507630514792
20539,-96.82629315529117,17.160665334400154
20211,-96.20879511226902,16.106843234495763
20212,-96.04772587771542,17.489910166314466
20213,-97.3548170501512,16.342074190636424
20348,-98.09364488558272,17.345211887070164
20349,-96.63341778650177,16.95176914957581
20540,-97.58021521446383,17.69028254588474
20350,-96.67970028196372,17.04530142241135
20352,-97.99813670359484,17.835358314601365
20353,-96.73027475980548,16.334265397512343
20354,-96.88846616078297,18.224742162144313
20355,-96.80114686366633,17.989769075436705
20358,-96.86154803155219,16.7430807825525
20362,-96.64820887548629,16.29491166416023
20361,-96.24173001721239,16.329603939432882
20363,-96.57708727761425,17.213772401416502
20373,-97.55661751404706,18.020743688468425
20369,-96.73207131686536,16.883346905437453
20370,-97.55141176977469,17.334684117443228
20381,-98.16436838809622,17.821434152423908
20372,-97.67264373178013,17.00782038144203
20374,-96.88304032845217,18.15749908274691
20293,-96.73374192997838,17.163661547326228
20382,-97.46234770188241,16.918129536011463
20375,-96.68508691556248,17.048590532493357
20376,-98.2153269015452,17.570547599772
20383,-97.56794244609021,17.37669815284
20408,-97.60511358799509,17.343682294997347
20384,-96.6781333457307,16.33729953610638
20387,-96.79317330831361,16.78171511911037
20411,-96.61277085621978,16.992832445924293
20388,-96.85462471810538,16.921738035707158
20106,-97.49558964785028,17.74288548666575
20055,-98.12362659742213,17.82749859472481
20390,-96.69110483892167,17.06497283604847
20391,-96.62065031213766,16.180811053828464
20418,-95.47420959252001,16.515792696696423
20392,-97.7321464457754,16.943196466961467
20393,-96.66865442090062,16.724677929202564
20394,-95.84651477955398,17.07916063298311
20395,-97.08020003453692,17.624701164423215
20396,-96.8172563619136,18.103350176199196
20397,-97.69139255928923,17.23137379996063
20398,-96.89207455065826,16.67745032350433
20399,-96.78643910072847,17.08819832181548
20400,-97.64994481189474,17.86961563191535
20402,-98.31269844686722,16.428922972135716
20154,-96.45372891196467,16.289381786745007
20156,-96.13700345057977,17.373826670978783
20403,-96.710195090817,16.970620450047836
20419,-96.5417286041718,17.362732781208333
20405,-97.63800433367227,17.593831493648597
20409,-96.63429180258059,17.02923754051518
20412,-95.35197167494445,16.73663651601367
20415,-97.99831649944355,16.61487599292187
20287,-97.44600159058976,17.753681883853424
20416,-97.15841348215638,17.850414476306113
20420,-97.04092306624635,16.73756947541902
20421,-95.27545770893128,16.424685264390337
20425,-96.78378370557759,17.807285107856778
20428,-96.05190489115029,16.304530542160773
20432,-96.15809181198505,17.378993955978665
20429,-97.02992062490728,16.560928512982255
20430,-97.39525594948678,17.137516033897143
20431,-97.09895178425623,17.953562087471084
20270,-97.14617128394862,17.75443186807104
20433,-97.18101461474521,16.164775213155032
20442,-96.29628381303222,17.271070579129702
20438,-96.73711827660824,17.921365523050156
20434,-96.97158236604938,18.174198244908286
20444,-97.46030196511761,16.88221406898657
20443,-96.4113480164109,17.20117191568228
20445,-97.49999223596797,17.10743542964381
20448,-97.35909558835917,16.64276399625791
20449,-96.37038030113803,16.55901956596426
20452,-96.72731081809135,16.796190010765237
20453,-95.61215054463278,15.977563166145204
20454,-95.92168111096252,17.096260328012097
20455,-97.97429816369784,17.91949688812709
20458,-96.39467644109354,17.6159251873706
20461,-98.10138298343382,17.430831627720266
20462,-97.6890983095436,17.803443705250974
20464,-97.44827608851303,17.88108519538366
20465,-95.58206122315657,16.927705906057035
20471,-96.25064068639126,17.414521885444977
20472,-95.26113606006078,16.623098126301336
20473,-96.32593964327727,17.20040585265984
20474,-98.26080327136214,16.48535444737847
20475,-96.42275110574607,16.829770249808668
20476,-97.71955665110023,17.9817344804054
20389,-96.75893494848513,16.805818510555667
20478,-96.91201249314248,17.523272290007746
20012,-96.52777354320469,15.897736623086306
20028,-96.73137470706048,16.596548041220785
20039,-97.79984742170853,17.855096581658593
20064,-95.79438307819869,16.668681039656537
20066,-94.58808940165463,16.51981319845796
20067,-96.7241173009303,17.102094163832767
20068,-96.70340745703145,16.76178891646651
20073,-97.8935954369644,16.99823163863026
20085,-96.6208207516216,15.976145024612528
20088,-97.79208449460316,16.84742383903814
20483,-96.91039300476398,17.231316592834236
20486,-97.463747161498,17.66619483948012
20093,-97.5293300795922,17.589460482051404
20113,-96.79618003398028,16.035986236435914
20487,-96.99857449748774,17.28940170033067
20488,-97.39733011152546,17.79207170407298
20496,-96.39379030437765,17.27237632697867
20509,-96.6344051615968,15.83354171183068
20557,-94.82310982706078,16.487372688738702
20560,-96.38019475101464,17.05787989657497
20038,-96.16017516611996,17.181160899577893
20238,-96.72606070190945,16.656051645403373
21053,-98.13472408729335,19.82098808352285
21211,-97.56856595381574,19.747253578657222
21206,-98.05256198243009,18.58007342888907
21152,-97.74608384943177,19.120652629601146
21027,-97.48682709464707,18.142669985419587
21026,-98.47620271465466,19.106443489804818
21015,-98.05499444842876,19.048310169030366
21014,-97.800674270593,20.05581130874794
21010,-97.12562922546375,18.42158616339056
21149,-97.42485811597766,18.555452888925288
21004,-97.76497912257334,19.026098769809106
21005,-98.67908118395573,18.75937813991281
21006,-97.86767691633104,20.026939164786484
21008,-98.13361757467212,20.06115707777913
21146,-98.07913428198522,18.615899092253958
21145,-96.82881467851516,18.379538428193435
21003,-98.10653573450753,18.15878041430936
21117,-97.81651506742297,19.24793570049801
21165,-98.6329319183526,18.739747345973417
21163,-98.00358645774531,19.145205586213073
21113,-98.27074792417834,18.11393814257286
21009,-98.19111223372695,18.231282923586516
21039,-97.79212336383232,19.913562017758466
21040,-98.04510080358251,18.96164572777698
21041,-98.25609195173979,19.116704831087553
21016,-97.93023638867007,19.772279007573196
21087,-98.91566054487362,18.307175769188014
21167,-97.85303830106649,19.949487407028354
21166,-98.43126903966674,18.721762358732104
21018,-97.69008368232089,18.37555326472098
21054,-97.43657014699771,19.7355335801021
21127,-97.92168315779072,18.198486621414013
21129,-97.29006241690142,18.228860020765655
21130,-97.55188379149484,19.047061548203008
21213,-97.79831516339787,20.299094731401322
21124,-97.38396490602386,18.318119603278753
21169,-97.93732661441007,18.49670233680183
21172,-97.78573494469309,19.81819735557484
21179,-97.35210658842136,19.13360350395151
21202,-97.65361335318484,19.938878226985242
21203,-97.77792634689833,18.695791778641148
21042,-98.18898577366333,18.445661797076415
21043,-97.50058020039637,20.02797375624737
21217,-96.97869935528733,18.37710523480847
21101,-97.58898032661568,19.96306801105588
21100,-98.10286330030763,20.245261234190707
21099,-97.42813127887246,18.733142866794246
21098,-97.86978550352988,18.668596802852235
21096,-97.69199321660695,19.15111157509833
21094,-97.6761182892064,19.469151970615044
21093,-97.29373372593385,19.281077206416448
21092,-97.73985272267876,18.532085550395074
21012,-97.51740922512633,19.10259527729973
21013,-97.30035992907216,18.356338419846622
21007,-98.28280622046286,18.57564469156919
21011,-98.54710139179498,18.01069294400437
21022,-98.60776485355268,18.823076499388602
21025,-97.40876612173781,20.0839741774623
21037,-97.81295220874021,18.40131729407838
21035,-97.11721470953965,18.245569727790404
21033,-98.71819920748354,18.74579934486716
21032,-98.7885303286743,18.190470562690674
21031,-98.16491800902315,18.571160286529786
21029,-97.60629397901197,20.073488144005626
21045,-97.42971271816214,18.977329028210104
21046,-97.40364274674472,18.639627825803593
21002,-97.22980309429929,20.109142653250885
21212,-97.6826803627636,19.71428568777457
21199,-97.35992755685584,19.72250871087539
21205,-97.67824511183122,18.767543624626672
21201,-98.33695466782228,18.65809214071603
21197,-97.90265847060903,20.32660863746086
21195,-97.18203768829983,18.530326634313415
21186,-97.49939012068826,19.842057274620046
21185,-98.53618726112354,18.689958075385537
21184,-97.83827769774142,20.129818034035225
21158,-97.40159582651248,20.189199725570177
21104,-97.83329496448654,19.19060256659674
21123,-97.78675592439309,20.1115165320164
21128,-97.72856264787913,19.254672192419772
21126,-98.3937425615205,19.034914687958803
21161,-97.54300919588512,18.553876892357884
21079,-97.85962009376131,18.766922819311073
21194,-97.68722866496806,20.508348120602893
21190,-97.84804230144452,18.29152429293607
21189,-97.82118956240545,18.828434725168464
21188,-98.6121945818048,18.922445466960617
21187,-98.04886613505107,20.399821467806518
21177,-97.62888551015236,18.65569687179004
21156,-97.445119686796,18.461284515030123
21155,-98.31432504868873,18.052874464765296
21154,-97.73121595311456,18.85928997460261
21153,-97.96822087778624,18.8869944079533
21118,-97.82388885895826,18.96242844333693
21119,-98.28974407666769,19.024137298438244
21120,-97.27368279332437,18.49700304201081
21125,-98.34561221382788,19.010487079477805
21105,-97.67380893467683,19.555514392621603
21175,-98.47913308521728,19.0001820006404
21085,-98.44701001291179,18.501865521484657
21164,-97.87616746799569,19.011907216669567
21198,-98.60056641516532,18.095633282138593
21133,-98.35523379249507,18.657719609929853
21174,-97.35856915316128,19.86378353048866
21176,-98.54198842188814,18.61429848696634
21178,-97.99620767288245,20.377736529073555
21134,-98.50281593442006,19.34664499885166
21135,-97.76988515925106,18.01191218832283
21208,-97.998978715558,19.964903918146963
21207,-97.58127782634996,19.85434096572181
21180,-98.58531713223297,19.36225514303179
21137,-97.49752851004807,19.22308438872404
21001,-97.93982269537088,19.103286962291946
21138,-98.5669166051516,19.079419712736858
21139,-98.13892810810313,18.141933460146614
21196,-97.9465170486276,18.2782393252859
21140,-98.34312426793174,19.072961340172807
21116,-97.11339943109296,19.25372578351323
21141,-98.0440229614141,18.040655370789104
21170,-97.46327615567161,19.47955980113052
21052,-98.05934438275027,18.6487945856236
21168,-98.65399080441665,18.646315651985535
21143,-98.56136692762362,19.244577382678358
21142,-97.61391383481833,19.15392019595968
21023,-97.30398328937432,18.93377808777128
21115,-97.63446521905695,18.948154393385806
21114,-98.17620664651642,19.007544349344954
21108,-97.58342660379148,19.326478002013605
21112,-97.91587569964332,18.069104333535005
21147,-98.04926284599841,18.403286254337107
21204,-97.44247686526747,19.919609788491673
21097,-97.89169886735337,18.907721735481104
21148,-98.38531033108605,18.974827396570305
21200,-97.64677976335439,19.847941127137055
21151,-97.86521388000673,18.887512666622513
21159,-98.25058124895679,18.729428131664214
21050,-97.07008677101909,19.204714993636195
21144,-97.77232712842077,18.926512266104982
21051,-98.62588884009253,18.510346276077097
21055,-97.87923038241962,17.960240607145618
21056,-98.46999521154818,18.13953945845678
21057,-98.23887329249341,20.260154666843317
21058,-97.2135630502775,19.258257767963656
21059,-98.27958318321727,18.23292765016413
21063,-97.36461340340624,18.859028793571063
21064,-97.81314294576765,20.710503641077274
21065,-97.6675060208654,19.020713035667754
21066,-98.1511407805362,18.048363755269868
21067,-97.38012930811435,19.316406309001216
21070,-98.0678525944758,18.683789622515224
21071,-98.05173095915168,20.16618547993256
21076,-97.31015386931954,20.030552566490243
21038,-97.82636611190063,18.920182984638245
21078,-97.71329971797901,19.943740409655682
21047,-98.60061495572744,18.276461026798447
21048,-98.51334167574637,19.19560193681338
21049,-97.96597774952077,20.088748966439958
21080,-97.62732733606246,20.014682078093735
21132,-98.4285004768188,19.268948704385416
21216,-97.56688509344086,20.03335949510447
21072,-97.61946339607768,20.101517301939396
21068,-97.7311784963051,20.116757173966302
21171,-97.86667173512095,18.806308555411544
21062,-98.37625270685443,18.61558354088058
21061,-96.92669348202585,18.506778812699086
21060,-98.44113175950773,19.132162542134157
21181,-98.34283455893618,19.156493053150033
21044,-97.57325318724462,19.596644783410675
21036,-96.96596190655377,18.282345228324807
21191,-98.39752869149468,17.975050769658576
21215,-97.76051458943147,19.976538117878427
21192,-97.53059041537,20.103808370299582
21193,-98.04169611652812,18.81618822265855
21173,-97.44935655521564,19.85436819080812
21073,-98.73039036698445,18.37703565399087
21121,-98.33586645226787,18.76739957222613
21083,-97.85837742958883,19.62402974524399
21081,-98.71227965852982,18.03443707175219
21075,-97.40113135781324,19.92181881174514
21074,-98.44878242979745,19.16712819380333
21111,-97.87682441212203,20.554898458460638
21089,-97.77795605384092,20.206394172401478
21210,-97.69260100638928,20.004149519204674
21136,-98.30643779091494,19.17266057904118
21077,-97.68415608277358,20.04314786173102
21088,-97.5265016823548,20.07866651840627
21131,-98.03047418466454,18.74480362160103
21110,-97.53556459404815,18.834998670143822
21183,-97.9098032773945,20.167302600677406
21020,-97.90906686077454,18.80600730851283
21028,-97.75293968351093,20.03082359529796
21109,-98.13736401322836,20.293262544834224
21030,-97.73104357391705,20.055148333640364
21034,-98.29173836651509,19.135230070983898
21090,-98.34545217440586,19.119323578980946
21091,-97.99657936666286,20.22369478996326
21095,-98.10248353190941,18.74181948788202
21102,-98.44710771267694,19.06119870470524
21103,-97.33753184945536,18.627512536786586
21106,-98.31912743416926,18.931652279020145
21107,-97.67182122426362,20.1124175208935
21214,-97.22246605246573,18.32743547315895
21019,-98.4522595120301,18.899065080258428
21017,-97.44090132996784,19.81167017291346
21024,-98.39350181217894,18.184659888022328
21086,-97.87593316213894,20.456155490524573
21084,-97.64143889758488,20.040634969326536
21150,-98.15695389978825,18.757161556593
21082,-97.83348870486547,18.48165189195469
21160,-98.83873833020944,18.450453976157707
21157,-98.30393460717528,18.353177096768988
21162,-97.78431980091946,20.008455718339743
21209,-97.52191951948915,18.277384571811016
21122,-98.52593705850953,19.2315169761404
21182,-97.88531311465937,18.85700710885449
21021,-98.5417092863973,18.54704094779621
21069,-98.51721338635112,18.769280016429004
22006,-100.44106153875119,20.48541576333093
22011,-100.27859898546355,20.720130855172023
22012,-100.17244262147796,20.471941514380912
22001,-100.09857830970536,20.174876411139515
22005,-100.10054149325569,20.75820294231696
22004,-99.657070776064,20.79133165970929
22017,-99.95253147838098,20.5511609668469
22003,-99.63556176498336,21.409224657635168
22013,-99.82991783819425,21.09766214119102
22007,-99.86664967943017,20.649261633871753
22015,-99.52080799895137,20.982660685638923
22018,-99.93441811029993,20.91792700674611
22002,-99.59266296551495,21.141681902506786
22008,-100.3142003945903,20.40380714536158
22016,-100.0003678846154,20.36888667222514
22014,-100.45268703617283,20.72873854946622
22009,-99.33174435924691,21.374436665320893
22010,-99.1918418610183,21.25763576221575
23007,-87.38305021519886,21.057931880776675
23009,-87.66525196804758,20.303602145598166
23010,-88.53122964091078,18.975914047185643
23008,-87.40008938000325,20.58216672536704
23002,-88.0560664091257,19.66909061053603
23006,-88.8161848005849,19.63557711430908
23003,-86.98626539072832,21.36602293460473
23011,-87.12987972562946,20.93758208233509
23005,-86.94092805939972,21.078199463880345
23001,-86.90892695356975,20.44575103361904
23004,-88.46780828902914,18.50881621516369
24016,-98.51416169322546,22.204167279881098
24032,-100.55430130613396,21.76800699177027
24051,-100.67337106023481,22.64050225197424
24029,-98.61951637018173,21.39972959581419
24033,-101.68143059498158,23.349690041260452
24027,-99.89557620333503,21.576141800956975
24025,-101.62940147190294,22.797904305125343
24015,-101.12138278390758,23.21907118756137
24059,-100.82527504331308,22.10087051182242
24013,-99.0630677300643,22.107195692427553
24002,-99.6194510440253,22.09992920574063
24003,-99.11187175090815,21.723497447289002
24004,-100.63784105102859,22.269573240931962
24028,-100.9759540339058,22.2889639050963
24050,-100.98152739479934,21.851757515563524
24057,-98.83735157805361,21.32933179365331
24049,-101.9162579715807,22.93243147882994
24006,-101.05643473842065,23.645452838725905
24018,-98.98317539192077,21.525996173324813
24037,-98.7847081602877,21.241310166110793
24038,-98.74573029376464,21.41763840502676
24020,-100.58724827828513,23.513200737366855
24001,-101.25332899948557,22.450477573379523
24045,-101.09507740160652,22.925183792067678
24026,-98.84153755045314,21.6292112886319
24044,-100.9142697143114,24.110401498684755
24039,-98.77064207355684,21.554570317065266
24048,-100.7568701668883,23.66491586750279
24055,-100.67671139274057,22.00815532266662
24054,-99.02539315455029,21.38586882924095
24053,-98.86920616705406,21.426168772443223
24052,-100.19739058820562,22.289196697628093
24019,-99.60947378970793,21.614914130268005
24014,-98.905821223572,21.514986191334792
24017,-100.30376297141694,22.866286658312244
24008,-100.27737895457085,22.444802539483344
24056,-100.80438838246019,22.659903775558785
24034,-98.59785385656507,21.79976597411131
24010,-99.71736664504473,22.439074685947663
24046,-101.27318203109976,21.968581533405956
24047,-100.71745035728848,23.212517707822396
24024,-100.0345008498725,21.96171130137427
24023,-99.61684481496724,21.824083790163048
24022,-101.17101214288621,22.73337866057593
24009,-100.77798878847261,22.192320860770156
24036,-99.35602442124566,21.932965074992765
24007,-100.67378464558594,23.930269353502414
24043,-100.49743876345515,21.6642272006597
24042,-98.66471127546048,21.607275225407328
24012,-98.95968368023524,21.631644686833553
24035,-100.85516391241526,22.27158771853389
24041,-98.8260926467158,21.72279003081942
24021,-101.15672236465352,22.25902417725748
24058,-99.36587061384171,22.48999079386593
24005,-99.67597819256328,21.99051662134608
24030,-100.45778170712447,22.169475003638002
24040,-98.73530164136466,22.093469521635527
24011,-100.21157380522226,22.015876863781948
24031,-99.40605579139687,21.588517825487894
25016,-106.37040068374785,23.954357078019726
25015,-108.07594172325275,25.418402214041407
25019,-107.40462064248858,24.354351473117013
25020,-108.85562783041338,25.68963290078572
25002,-108.14164117988244,25.145927361558485
25018,-107.7646852837759,24.723127841862006
25010,-108.67857271934945,26.261838529152993
25009,-105.68578266612131,22.7239474746302
25013,-107.77949154801895,25.359589037175496
25011,-108.5491455058248,25.518089635960898
25001,-109.16222443952341,25.93504196512024
25007,-108.27688229775862,26.680190320685092
25008,-106.84214683608892,24.043304862306357
25012,-106.30613224785861,23.46809881828583
25006,-107.25272142859541,24.680722212070407
25005,-106.79929348559094,24.481385209486184
25014,-105.80536605485577,23.056210403814866
25004,-105.99182997863002,23.414044865688833
25017,-108.10893220852705,25.969160387261624
25003,-107.3960345620886,25.590514760989528
26037,-110.20958244442515,28.96007568639238
26036,-111.02123509433694,30.731330946093674
26021,-110.38258456645295,28.724483782653724
26054,-109.758669754626,28.609510389939814
26068,-109.9705574404642,29.08666996707901
26046,-111.65530536086564,30.76153000317767
26045,-110.82054596910953,30.029306373116416
26041,-109.47989949181648,30.487206133342067
26033,-109.40284867421053,26.648666181243957
26034,-110.24510475804387,29.93035785010723
26014,-110.11978311201618,29.624600503783345
26026,-109.68855616366322,27.015106103119617
26016,-111.21143461796568,30.17018942839144
26044,-109.49209069077577,28.457300317421012
26047,-112.09421367728686,29.95143749272612
26043,-111.00242460922074,31.19888361351011
26071,-109.8514596757016,27.10639394448528
26029,-110.62573397606518,28.142632876513186
26069,-108.96523302575314,28.41994348188011
26025,-110.66876809529461,28.00844564562702
26039,-109.95713541180316,31.22956875855545
26055,-114.35083468367954,32.016863856979484
26030,-111.47301461606875,29.024128063164863
26035,-110.74569545965512,30.847347564505945
26022,-110.63059717147469,30.411507646639276
26050,-110.54498916686755,29.753522649171874
26013,-110.27325189545414,30.061053568550786
26012,-110.15898031879102,27.74339008199858
26032,-109.38137381705639,29.975529005680368
26053,-110.32935350977989,29.876440800112352
26048,-113.29253894881593,31.52956967311068
26057,-109.67099064354045,29.26579051061229
26065,-111.40268008436448,30.921271117639815
26066,-110.32911612927205,29.3421075242205
26070,-112.9079575503004,31.72008946705153
26072,-110.33905232019539,27.35982422857278
26058,-111.0588251066777,30.45162096118633
26017,-112.53980687558112,30.824454237130517
26009,-109.38554761524351,28.892882807783895
26020,-111.07224224466451,29.719632007757994
26015,-109.0063815670427,30.61781864716738
26059,-110.54884047505908,31.192028623770867
26060,-111.45395500760175,31.281730379978086
26001,-110.22237614827824,29.796236943062084
26042,-109.40244000269473,27.07793958790612
26067,-109.33442071203886,30.23441012443939
26018,-109.88696905834234,27.792190941614848
26023,-109.80997660242612,30.067385280110486
26007,-111.54487255497776,30.816005220872444
26028,-109.31236860041928,29.761124727055886
26005,-109.05040790981866,28.87283723135452
26003,-108.87700717591152,27.050574555944745
26004,-111.92473072034277,31.175650422667175
26008,-109.08778971415497,29.845282064464325
26027,-109.64789983497494,30.8484941442529
26031,-108.91523173160604,30.12315770881972
26006,-110.18922304101312,30.41086704869474
26064,-111.58163229509479,30.312010151465458
26062,-109.88653512667571,28.391630624846115
26052,-108.99368595700645,29.009742283217655
26051,-109.31823615207682,28.032546663829503
26010,-108.81965034610215,30.310348472979307
26011,-109.97903257610778,30.66969600444383
26019,-110.23536286073676,30.98846574251831
26061,-109.61147923064372,28.78971004033516
26024,-109.37677974322332,29.61541008201228
26049,-109.36484002059896,27.57905479632141
26063,-109.5279146431253,29.472235227346093
26040,-108.85206553389948,29.635190794570676
26038,-109.72384702904452,29.728586895341934
26056,-110.79868663694832,29.463012707646744
26002,-109.1973360935678,31.104492647316146
27006,-93.22062110792939,18.076568381159476
27005,-93.33665571303105,18.286920373737356
27008,-93.69949976874038,17.826191500122704
27004,-92.86035254645257,18.009001178831173
27010,-93.08388939738337,18.21323822837665
27003,-92.58648423864548,18.361688190307365
27015,-92.73258894177411,17.5281921398394
27014,-93.20083474870793,18.38126391456281
27007,-91.67566665716312,17.70495734578903
27011,-92.14322406591467,18.078869798319086
27013,-92.9486271463801,18.187807472285137
27017,-91.29342298327437,17.42635936849516
27002,-93.64667764551726,18.170248875716506
27001,-91.31152369166134,17.804748427811038
27009,-92.78703858643438,17.763557112203365
27016,-92.95233795468083,17.623258446990878
27012,-92.45861649072349,17.844895257940774
28009,-97.82829221008129,22.27947877131993
28003,-98.08244727917125,22.542040985558497
28022,-97.53250403345736,25.61163229663705
28021,-98.83300013391094,22.57179805067632
28013,-99.0865570722613,23.885521557126435
28041,-99.16660088804625,23.696908810280036
28014,-99.48240183343798,26.90385536707089
28040,-97.84477813014585,25.700600845056524
28010,-98.44004326562549,24.628532004619757
28015,-98.64123686792368,26.13634970045442
28039,-99.77622017005636,22.93980045354
28020,-99.56447623839664,24.587927849900947
28027,-99.67374054659365,27.475782459758197
28005,-98.8463913334003,24.928623872192116
28007,-98.8590838616267,26.18360505939327
28038,-97.90124583765684,22.278608913781724
28026,-99.77388261900161,23.619084067495425
28037,-98.03744957982101,23.783040817960995
28019,-98.85719534901446,23.27204461252903
28028,-99.20401664835846,22.507515070101558
28025,-99.06739058180139,26.23858050976427
28002,-98.03558185266172,23.001998865891835
28001,-98.26850439130561,24.133865493121785
28004,-99.07970739340203,22.56224575011485
28029,-99.33580284896976,22.829738216642507
28031,-99.56527260769562,23.27171444210371
28035,-97.95807166140831,24.89083297130081
28034,-98.97567000899883,24.47565835052301
28006,-99.87274969392976,23.326775829339343
28033,-98.03782136017055,25.744192640714125
28043,-98.93148891522051,23.00567153184069
28032,-98.3733028072106,25.810028126360866
28023,-98.44022700678094,25.223736808124173
28017,-99.41251062033608,23.478156801113155
28042,-99.3601053735221,24.560542596405774
28008,-98.616237794232,23.539192945055813
28016,-99.38053171304583,24.195509773616376
28018,-98.52030093289098,24.26220906459339
28011,-99.17843583393578,23.00668097171876
28024,-99.25684869070173,26.415080572448495
28036,-98.76962687742761,24.631923824955255
28030,-98.84605537838857,24.02258295173319
28012,-98.55443292233306,22.786272724905245
29013,-97.93571019460067,19.33262249204926
29051,-98.26413578305431,19.248144689643485
29059,-98.20458376231026,19.21123333693081
29011,-98.23345972347855,19.50607835311481
29060,-98.20657420591846,19.26244530375664
29009,-98.091396297949,19.349337861148307
29030,-97.93446238612557,19.483987758401106
29021,-98.5540322461416,19.49982402015653
29058,-98.21640750163478,19.193418989985556
29046,-97.9259363664407,19.563848392338965
29035,-98.01613931041635,19.388838739328854
29025,-98.14056506981434,19.156220344813043
29052,-98.0454787808301,19.3234485626695
29031,-98.07634948616642,19.482239784550625
29032,-98.28743823817622,19.233884137970723
29024,-98.28414810799852,19.352106891570607
29042,-98.24103833633274,19.170556382003088
29053,-98.25388256319582,19.234673283205314
29034,-98.17726433416198,19.620075384274163
29006,-98.58936784970263,19.56096404039742
29044,-98.26037834802052,19.193844025555176
29049,-98.29849372845901,19.286177274810985
29040,-98.23956026273889,19.430191175550274
29026,-98.13055806843707,19.35293612776516
29055,-98.25555006788431,19.491247475625006
29022,-98.17049396232862,19.216867909936138
29001,-98.18241921118299,19.36201662137958
29037,-97.92673263682576,19.21168000050946
29054,-98.26104136946778,19.217217936537473
29036,-98.24853509669732,19.33609927070084
29010,-98.1308488157844,19.290888806762393
29033,-98.23668862766289,19.309330827633183
29023,-98.33195417323257,19.233305105096893
29050,-98.08347964539722,19.257784504164032
29041,-98.19643165068585,19.17249970511554
29057,-98.31343983821608,19.245922244717967
29048,-98.19141578412042,19.278044636129906
29020,-98.4526174834639,19.53287262535362
29017,-98.1643188413583,19.191745432060152
29056,-98.33321526787556,19.29700702498293
29002,-98.19467528197619,19.35148755492271
29007,-97.6743168337551,19.335699220393842
29004,-97.79299989848545,19.41173379452183
29012,-98.43684424163912,19.444453741926615
29029,-98.22829406835476,19.247104718615557
29028,-98.11614132532453,19.222820036986473
29008,-97.7645590268624,19.3312742876343
29047,-97.99077958062776,19.53328584655301
29039,-98.02914774243847,19.416168629022497
29005,-98.12707835907338,19.423516725248884
29045,-98.40939196041107,19.594987776560536
29016,-97.91134881189224,19.257582384922962
29019,-98.37921167803096,19.281954396914898
29014,-98.34224933024863,19.48818384770129
29015,-98.38329066369499,19.35610765013869
29018,-98.13337745265432,19.31995907340122
29038,-98.08521766525277,19.38071638309751
29043,-98.1777409778752,19.40170573612673
29027,-98.19221178792708,19.14990549217487
29003,-98.18310978021707,19.54489843298329
30051,-97.66564771722324,20.338395410018094
30056,-98.46715320130174,21.253789257936212
30055,-98.33699573738228,21.19659043477781
30054,-95.80712283976249,18.213392186480668
30053,-96.65948795054204,18.77631654138035
30183,-97.17444933395075,20.0235523557105
30182,-96.9830287105176,19.541106585883984
30181,-96.16954988734528,18.754973607904
30110,-96.97676779899047,18.591657499433854
30111,-94.28573662870461,17.98265603967959
30180,-98.18535709525617,20.611523728018188
30178,-95.62293487832474,18.533630078853086
30175,-97.53021467639469,20.66035817643922
30201,-96.92556040943954,18.649416112176542
30208,-95.71864538002815,18.326761774698074
30207,-96.1684952092285,18.302740422134303
30204,-94.16074471161107,18.084837199914567
30202,-98.30310840970976,20.734328230756976
30200,-96.73380715412732,19.067183821936002
30186,-96.99683637833945,19.021851138307657
30197,-96.77341416039407,19.84815985876309
30196,-96.79963192483409,18.826464240324196
30137,-97.04343384110265,18.67397331505805
30184,-97.10485978566281,18.609403035945572
30105,-96.16188574689147,18.988235187683184
30043,-96.68552781223147,19.13918705609981
30042,-96.70517489426015,19.933513106965
30019,-97.10033585525922,18.56175264564517
30163,-96.93920208592692,19.81450224618166
30115,-97.19898585903104,18.82534319185186
30114,-96.7932459281416,20.107001566372677
30113,-96.9570509903915,18.794884290679885
30010,-97.12739035355825,19.776274972094278
30097,-95.50057813958523,18.6566060435505
30087,-96.88833174701516,19.543853934269404
30149,-94.90077256937028,18.236908851124664
30150,-97.63773151070363,21.515269585400418
30148,-96.45315455681273,19.048882576454893
30147,-97.18624292171646,18.706883922573688
30064,-97.58506197751863,20.222804259178197
30074,-97.13309593305644,18.817304401878385
30168,-97.04434137786322,18.736804725059763
30166,-96.7733005109808,19.668602921607764
30165,-96.85320012453118,19.04497118543809
30164,-96.94155666549136,19.37380619303604
30126,-96.45006955857326,19.246361155908993
30050,-97.5502982698188,20.214619981564155
30046,-96.96713290625618,19.331446660327455
30004,-96.5285286139392,19.54626279103168
30128,-97.27889647593136,19.528417614646806
30145,-94.8346447319929,18.0024833219627
30146,-96.92230460694195,19.173203461313264
30098,-97.04617760066533,18.767204198689186
30107,-97.14990123782364,19.703857197054905
30116,-94.89164892152193,17.90320992189436
30131,-97.43846478341409,20.530041871443668
30136,-96.98481873510922,19.59958668820253
30138,-97.15091161681299,18.8444958001105
30140,-97.09301365487495,18.772256653694757
30156,-97.08419316127721,19.711557479574584
30157,-97.6690893473628,20.73192511081793
30158,-97.02520232455323,20.385528271854394
30159,-97.05241984254327,18.5298686053321
30160,-97.71021550377984,20.971099445940784
30161,-98.38164337033768,21.5688504944456
30162,-96.84099252454568,19.260294406939277
30078,-98.02097950954868,21.238578897686107
30167,-97.86304276456427,21.148655327879442
30169,-95.70215988251523,18.114012038333325
30185,-97.07732349282276,18.79439641574645
30190,-95.88013579768851,18.187890194708018
30003,-95.03259632518836,18.03668159494535
30194,-97.20292108917717,19.651945695128934
30199,-94.6386673430218,17.950474808660797
30206,-94.3913543770213,18.0627702420119
30011,-95.85007589768873,18.80000121901157
30012,-95.68970234325518,18.43294789202469
30015,-95.39233249965054,18.60202887794511
30016,-96.30891971184005,19.310151141603967
30017,-96.67003171008764,19.33823503728583
30117,-96.70317208854726,18.712043570715235
30044,-96.93844875801092,18.932350630974497
30047,-97.08947144135497,19.053318431246794
30049,-96.3661916232841,18.862685119854177
30052,-96.82089874388478,18.767560778406384
30099,-97.26566260118895,18.836513304580755
30100,-96.3394352023491,19.104842473112534
30198,-98.34408100353183,20.49542542699484
30139,-95.52136436514532,18.561961166241648
30041,-96.92151322579987,18.775409166441875
30058,-98.04061513308557,21.003219766055842
30135,-97.09559757412002,18.802926050860343
30176,-95.94648136418373,18.19604964791979
30120,-94.67361875174525,17.988792311945275
30020,-97.10792031887938,18.679109839244706
30021,-96.79651824371754,18.92791196217166
30022,-97.07788860415819,18.944317429177513
30023,-97.1157882904308,19.908109686199584
30024,-96.82480479588594,19.28848352331909
30025,-97.1830796589696,19.40238378992008
30026,-96.94293346729869,19.586783803467352
30027,-98.17861639215228,20.819226972735006
30028,-96.12096521957966,19.117444299685474
30029,-97.17828120206795,19.113268617881598
30030,-97.16338600462414,18.790426533108096
30033,-97.28547851851414,20.71444198752808
30034,-97.76921755266282,21.187367362741142
30065,-96.73136367292325,19.439995555910507
30066,-97.49680565495935,20.27592078558767
30067,-97.69906872788259,20.205275424611603
30068,-96.99004990055556,18.90213170628079
30070,-94.62485290313055,17.560863418738045
30072,-98.46763394146197,20.517627634293845
30073,-95.15483569969352,18.197123745702317
30075,-95.96350449987976,18.66542020416853
30112,-96.84096465161277,19.63327097673334
30109,-96.88540207704088,19.962526786061368
30141,-95.22226274146296,18.467095310460348
30142,-95.16201164485534,17.765901693884448
30143,-95.39986920839777,18.39927825847028
30144,-94.9458726242512,17.724624872414
30151,-97.4965287793121,21.323876449373344
30152,-97.77801036670895,21.936079434734854
30153,-97.77893125604994,21.262966314742958
30154,-97.7559685306333,21.426966426654246
30155,-98.17129671742028,21.388855502294106
30187,-96.92139898063998,19.723519652015497
30188,-96.89705510138965,19.226188747801192
30189,-97.41172445771795,20.934722581457624
30191,-96.3875296951896,19.437639592166402
30192,-96.63421428065809,19.97680631218934
30195,-97.16357247194468,18.632671510081362
30210,-94.36131168703807,17.280922056059296
30211,-96.91521005271672,20.217284073322094
30212,-95.66492343929082,17.625087062319206
30048,-94.56813280740599,18.016204504163944
30059,-94.70117626862755,18.059834205322723
30209,-94.78690900207914,18.367858941618614
30173,-96.77614919282348,18.579635240213275
30205,-98.41892272548209,21.74925062944583
30203,-97.55856874321914,20.133931063245623
30031,-96.58191284734622,18.81662072670258
30079,-97.09224504265745,19.365556237947732
30069,-97.1095858911255,20.446365201770078
30101,-97.18383584677305,18.93297253230081
30103,-97.65260535144252,20.208005221302447
30104,-94.81597660947655,18.289107248625758
30106,-96.88143917574828,19.724029980829762
30102,-97.0510049678366,20.133499558386795
30108,-94.38852687254176,17.711162542026624
30193,-96.22121219638271,19.186242589330057
30177,-97.00463218014657,19.701990562907163
30179,-96.781278148031,19.183289341037803
30174,-96.28631980376136,18.549839565272638
30172,-94.79701554996821,17.78539633053717
30171,-97.03205105368161,18.61899364895072
30170,-98.30879505524305,20.624208467534764
30134,-96.5657533235441,19.301321528873874
30001,-97.04419090088875,19.56484606306923
30133,-97.92483124535805,22.158063688300388
30132,-97.09477908650295,19.622277195523314
30122,-94.67750160885812,18.20255033352596
30130,-95.64510639403795,17.76699732177353
30129,-98.37568031161487,21.294769222140427
30125,-96.6629873392348,18.942691879868082
30124,-97.28629314220518,20.41076910772707
30127,-97.1923282957744,18.989700407062674
30123,-98.25637935099329,22.11373631977117
30002,-96.84016989431638,19.691701649242017
30005,-95.803944191721,18.554039834261925
30121,-97.84754107701796,21.721210363107872
30119,-96.034254314119,18.167458425757797
30006,-97.27641753333562,18.716134483957052
30118,-97.10480052016683,18.85585929862975
30096,-96.85383067593575,19.74401867716487
30095,-96.66163386132268,19.818938565108787
30094,-95.3658447284413,17.98144249247553
30093,-96.91646992458072,19.611186982631544
30007,-96.56901312574993,19.010878417163063
30008,-97.13567412850033,19.097725682991626
30009,-96.58296408382553,19.71795056494405
30071,-96.93974236956561,19.136809904360685
30092,-97.05830971295796,19.447814933034422
30091,-94.90432632024044,17.418391430944528
30090,-96.25322855659827,18.999674031766883
30089,-94.71505070926413,17.870351142576094
30088,-96.75578077397434,19.339518301528297
30086,-97.2919139777258,19.764639439990844
30018,-97.32423694717325,18.78888712302978
30035,-97.88873820275091,21.342757462360066
30036,-96.94978666812295,19.676199087682818
30037,-97.70579401742143,20.269115100744795
30085,-97.0289983936108,18.85054682436388
30084,-95.88688862646136,18.47387716747247
30083,-98.00995712397615,20.72299666436668
30082,-94.39512522737378,17.986058359939065
30081,-97.1665778132057,18.88988382193273
30038,-96.93050326268043,19.44754432310729
30039,-94.39734086906572,18.13259243034603
30040,-97.53742048013774,20.427450198592823
30032,-95.02576430132324,18.434733205766946
30080,-96.93081285880376,19.03739291259746
30077,-95.55842657294414,18.08201509043673
30076,-98.4265068395044,20.78127124686354
30063,-97.97829234674538,21.38611939486602
30062,-97.03951913179411,19.000604088746325
30061,-93.95700136432171,17.53554996191168
30013,-97.685380673769,21.313172150508
30014,-96.87617428083637,18.859733439541777
30060,-97.668978336636,21.37645744096453
30045,-95.97239532872455,18.302045587296522
30057,-96.7745815680198,19.754400589599552
31054,-89.32379385518894,21.05103687055392
31051,-89.45419287972766,21.132419797406342
31046,-89.3833378362396,20.502604519796478
31045,-89.89895760451037,20.641554862353996
31014,-88.3480631894121,20.624003044408177
31029,-88.73544520077975,21.331840122109142
31006,-88.64963807129767,21.22176633898467
31093,-89.37602275446008,20.97873434376457
31092,-88.32317027664133,20.39162230862065
31061,-88.08458687754302,21.54705436809069
31008,-88.12444408814623,21.014119214858997
31011,-90.29961706023863,20.889488315161962
31081,-88.39586188730475,20.493014936427866
31017,-88.56931208310957,20.496494111894645
31091,-88.50843785736362,20.726624033311104
31096,-87.8479276113713,21.257024166543353
31018,-89.48606877914047,20.498534011120167
31059,-89.67564773591417,21.65689276219003
31040,-88.98679798639036,20.915682694592412
31085,-88.06451997718779,20.898613061605932
31052,-89.27797234649084,21.143809633981196
31048,-90.06957032733919,20.621884676587126
31047,-89.36898450817516,20.383958561437627
31036,-89.25205499466675,20.681027566228504
31104,-88.76970324086957,20.480512789134256
31101,-89.76460000361325,20.85313514476837
31102,-88.10832955496302,20.63826145502728
31071,-88.88916560311031,20.804824320404354
31069,-88.98804197917225,20.607444063535127
31067,-89.37083897041869,20.840987465764673
31050,-89.63989636649765,20.980395773013797
31065,-88.3145773010866,21.49376601847194
31084,-88.87352569776674,21.167022833006392
31079,-89.3008018608083,19.93194094647556
31064,-89.21018097867652,20.764112959127896
31001,-89.65037108789552,20.655191693839107
31049,-89.18591137214186,20.491151409681933
31032,-88.35704840044133,21.02116951567136
31024,-89.2807334342987,20.471462149547552
31022,-88.52661691429672,20.273818935807768
31094,-89.08696181729695,20.246804495809517
31106,-89.1203838085513,21.28816238565049
31105,-89.44381485104297,21.05725810861488
31103,-89.1238106591804,20.805196935002435
31097,-88.74680675823208,20.886201826162548
31095,-89.46453657342202,20.963466003497924
31090,-89.53564213139315,20.766075735377395
31088,-89.06609071004507,21.065630021553048
31087,-90.05810427589908,20.956211098404477
31086,-89.00247428090651,21.068012882729473
31083,-89.27743197492877,21.312984543526042
31082,-89.25570151866197,21.217473350495478
31080,-89.27298389915144,20.570789183257197
31055,-89.84671039841916,20.551268400029755
31078,-89.10191777053107,21.006155384965425
31077,-88.84828259496827,21.021943584914936
31074,-89.28562406879357,20.89467410156169
31073,-88.90468174663927,20.24776899553609
31072,-89.1512419845458,21.104185993422853
31070,-88.37181883410346,21.20964802945458
31068,-89.19865366350065,21.270379262666914
31063,-89.91776563424963,20.84073788980115
31060,-88.63583353506051,20.84268192491063
31053,-89.73827302812997,20.45327082721651
31044,-90.0508854261051,20.851762307321675
31066,-89.72646721413555,20.268292159883067
31043,-88.43751768144773,20.599618195686777
31020,-89.52673535856876,21.150725747279832
31039,-89.47349079816414,21.23767088487786
31037,-89.1314993960437,20.695793018324466
31035,-89.15920691913728,20.876018592307528
31034,-89.24553024072684,20.807530061818042
31033,-90.21671951292781,20.56532783823357
31031,-88.83978050421257,21.0842130637013
31027,-89.02505424554586,21.291341637737524
31026,-89.34246937060765,21.255914223064636
31089,-89.56127546976094,20.36037206471909
31025,-89.44465637358131,20.402151503455958
31098,-89.04677443820934,19.93792040692617
31042,-88.9835361482646,20.75982088274362
31062,-89.61899236840547,20.528754493548476
31075,-89.22146803477126,20.37731086326476
31023,-89.84871056355028,20.730000261940123
31016,-89.01828168098028,20.193700591924596
31015,-89.34527490003181,20.71913952148376
31013,-89.51376476719967,21.082109459028434
31056,-89.5225687483711,20.147123071603147
31057,-88.3087935187903,21.35378783909205
31012,-88.58078063305179,21.030678140527858
31010,-89.04932119629514,20.425313353417273
31009,-89.07319505437647,21.165734958304085
31007,-89.25128270790604,20.98024962614509
31005,-89.17563362522202,21.000502149572572
31004,-89.39939356381947,21.134437439406167
31003,-89.34837843294697,20.262052825037827
31076,-89.45732425547327,20.66166858485809
31019,-87.82461775748386,20.760164014403447
31028,-88.66860891795996,21.433557522031013
31058,-88.82799417787652,20.07740168064973
31021,-88.1815235328993,20.43701433501794
31030,-88.53362269783194,20.83545376727544
31038,-89.98308720443889,21.07243494125537
31041,-89.5385447641183,20.919449752564176
31099,-88.3623532648343,20.78002063446441
31100,-89.77986698608893,21.062931569522313
31002,-89.44742756723785,20.824467001300604
32029,-103.48838364092299,24.117359203472674
32028,-103.33375860329659,21.194503906839802
32027,-101.99965556532617,24.91541184932753
32026,-101.92193160107965,24.351628940013654
32025,-102.2255306122813,22.434286345524292
32024,-101.95874899700891,22.28459243788759
32008,-102.39022317216825,22.448709555950106
32031,-103.4619814912087,22.374915002251807
32022,-103.30315829091047,24.294216663522825
32018,-102.92782306021797,21.77208988409858
32052,-101.89231975537459,22.12965211811359
32016,-102.11993937582139,22.690119300376594
32054,-101.71431547779176,22.40734173795127
32006,-102.73261691151089,23.577324723800473
32013,-102.7878402202993,23.01550350611791
32007,-101.24121064604236,24.453045848133975
32034,-102.85956653371068,21.417326038074474
32053,-101.95372972015477,22.551852707116733
32055,-102.8515620989168,22.298126949036828
32003,-103.44660433888978,21.786497442700178
32039,-103.03173132940002,23.78298817996941
32038,-101.52892133997494,22.268644070865175
32015,-103.05011879959937,21.999021298338796
32017,-102.40777944942894,22.780125685543666
32020,-102.9919278489491,22.7254429644922
32023,-103.12414067382848,21.376759096075013
32058,-103.34397211288498,21.522625541533706
32036,-102.21636050888534,22.568339659313445
32057,-102.31200017476547,22.755621183349596
32030,-103.24809616546331,21.93903766344675
32032,-102.6728706715231,22.8524632330856
32056,-102.67804617130379,22.73572617773581
32035,-101.91553432166354,22.396701256322086
32005,-102.74686364097457,22.9568829261628
32010,-102.99606275369203,23.23686774900663
32001,-103.07377012379345,21.472353355737788
32011,-103.50321144170817,21.216907966064905
32002,-102.6918600636816,21.466965814160364
32040,-103.23991956144161,23.56319267029218
32041,-100.90470291404071,24.449635968586403
32037,-102.47573240558273,22.99132227402073
32021,-103.9533741151698,23.175213451264273
32047,-103.45332328095006,21.363718209672165
32045,-103.35670254271491,21.624471375681097
32051,-102.17648375077896,23.604772702780586
32050,-102.48265171445557,22.848046470046643
32049,-103.75314584807995,22.77895602909153
32048,-103.22716965515228,21.78477325212903
32019,-102.99829488900845,21.623672571585082
32033,-103.1643038179892,21.198594054552636
32012,-102.55917857096028,22.47791332425661
32046,-103.13681916555632,22.4440763554759
32044,-102.93311443561305,21.93432124102862
32004,-103.58178662034804,21.495623215992264
32043,-103.19396584725469,22.631297883271365
32042,-103.61481512109489,23.639751080534325
32014,-102.8115122812458,24.137467823890525
32009,-103.91039380813808,23.418049103084943
